"../../../Engine/Content/EditorResources/S_Actor.ubulk" 0
"../../../Engine/Content/EditorResources/S_Actor.uasset" 1
"../../../Engine/Content/EditorResources/S_Actor.uexp" 2
"../../../Engine/Content/EditorResources/S_BoxReflectionCapture.uasset" 3
"../../../Engine/Content/EditorResources/S_BoxReflectionCapture.uexp" 4
"../../../Engine/Content/EngineResources/DefaultTextureCube.uasset" 5
"../../../Engine/Content/EngineResources/DefaultTextureCube.uexp" 6
"../../../Engine/Content/EngineResources/DefaultVolumeTexture2D.uasset" 7
"../../../Engine/Content/EngineResources/DefaultVolumeTexture2D.uexp" 8
"../../../Engine/Content/EngineResources/DefaultVolumeTexture.uasset" 9
"../../../Engine/Content/EngineResources/DefaultVolumeTexture.uexp" 10
"../../../Engine/Content/EditorResources/S_Trigger.ubulk" 11
"../../../Engine/Content/EditorResources/S_Trigger.uasset" 12
"../../../Engine/Content/EditorResources/S_Trigger.uexp" 13
"../../../Engine/Content/EditorResources/S_TriggerBox.uasset" 14
"../../../Engine/Content/EditorResources/S_TriggerBox.uexp" 15
"../../../Engine/Content/EditorResources/S_TriggerCapsule.uasset" 16
"../../../Engine/Content/EditorResources/S_TriggerCapsule.uexp" 17
"../../../Engine/Content/EditorResources/S_TriggerSphere.uasset" 18
"../../../Engine/Content/EditorResources/S_TriggerSphere.uexp" 19
"../../../Engine/Content/EngineMeshes/Sphere.ubulk" 20
"../../../Engine/Content/EngineMeshes/Sphere.uasset" 21
"../../../Engine/Content/EngineMeshes/Sphere.uexp" 22
"../../../Engine/Content/EngineResources/GradientTexture0.uasset" 23
"../../../Engine/Content/EngineResources/GradientTexture0.uexp" 24
"../../../Engine/Content/VREditor/LaserPointer/VR_LaserPower_01.ubulk" 25
"../../../Engine/Content/VREditor/LaserPointer/VR_LaserPower_01.uasset" 26
"../../../Engine/Content/VREditor/LaserPointer/VR_LaserPower_01.uexp" 27
"../../../Engine/Content/VREditor/TransformGizmo/TransformGizmoMaterial.uasset" 28
"../../../Engine/Content/VREditor/TransformGizmo/TransformGizmoMaterial.uexp" 29
"../../../Engine/Content/VREditor/TransformGizmo/TranslucentTransformGizmoMaterial.uasset" 30
"../../../Engine/Content/VREditor/TransformGizmo/TranslucentTransformGizmoMaterial.uexp" 31
"../../../Engine/Content/VREditor/TransformGizmo/BoundingBoxCorner.ubulk" 32
"../../../Engine/Content/VREditor/TransformGizmo/BoundingBoxCorner.uasset" 33
"../../../Engine/Content/VREditor/TransformGizmo/BoundingBoxCorner.uexp" 34
"../../../Engine/Content/VREditor/TransformGizmo/BoundingBoxEdge.ubulk" 35
"../../../Engine/Content/VREditor/TransformGizmo/BoundingBoxEdge.uasset" 36
"../../../Engine/Content/VREditor/TransformGizmo/BoundingBoxEdge.uexp" 37
"../../../Engine/Content/VREditor/TransformGizmo/Main.uasset" 38
"../../../Engine/Content/VREditor/TransformGizmo/Main.uexp" 39
"../../../Engine/Content/VREditor/TransformGizmo/Xray.uasset" 40
"../../../Engine/Content/VREditor/TransformGizmo/Xray.uexp" 41
"../../../Engine/Content/VREditor/TransformGizmo/SM_Sequencer_Node.ubulk" 42
"../../../Engine/Content/VREditor/TransformGizmo/SM_Sequencer_Node.uasset" 43
"../../../Engine/Content/VREditor/TransformGizmo/SM_Sequencer_Node.uexp" 44
"../../../Engine/Content/EditorResources/S_Solver.ubulk" 45
"../../../Engine/Content/EditorResources/S_Solver.uasset" 46
"../../../Engine/Content/EditorResources/S_Solver.uexp" 47
"../../../Engine/Content/EditorMaterials/Camera/CineMat.uasset" 48
"../../../Engine/Content/EditorMaterials/Camera/CineMat.uexp" 49
"../../../Engine/Content/EditorMaterials/Camera/MI_CineMat_Rig.uasset" 50
"../../../Engine/Content/EditorMaterials/Camera/MI_CineMat_Rig.uexp" 51
"../../../Engine/Content/EditorMeshes/Camera/SM_CraneRig_Base.ubulk" 52
"../../../Engine/Content/EditorMeshes/Camera/SM_CraneRig_Base.uasset" 53
"../../../Engine/Content/EditorMeshes/Camera/SM_CraneRig_Base.uexp" 54
"../../../Engine/Content/EditorMeshes/Camera/SM_CraneRig_Arm.ubulk" 55
"../../../Engine/Content/EditorMeshes/Camera/SM_CraneRig_Arm.uasset" 56
"../../../Engine/Content/EditorMeshes/Camera/SM_CraneRig_Arm.uexp" 57
"../../../Engine/Content/EditorMeshes/Camera/SM_CraneRig_Mount.ubulk" 58
"../../../Engine/Content/EditorMeshes/Camera/SM_CraneRig_Mount.uasset" 59
"../../../Engine/Content/EditorMeshes/Camera/SM_CraneRig_Mount.uexp" 60
"../../../Engine/Content/EditorMeshes/Camera/SM_CraneRig_Body.ubulk" 61
"../../../Engine/Content/EditorMeshes/Camera/SM_CraneRig_Body.uasset" 62
"../../../Engine/Content/EditorMeshes/Camera/SM_CraneRig_Body.uexp" 63
"../../../Engine/Content/EditorMeshes/Camera/SM_RailRig_Track.ubulk" 64
"../../../Engine/Content/EditorMeshes/Camera/SM_RailRig_Track.uasset" 65
"../../../Engine/Content/EditorMeshes/Camera/SM_RailRig_Track.uexp" 66
"../../../Engine/Content/EditorMeshes/Camera/SM_RailRig_Mount.ubulk" 67
"../../../Engine/Content/EditorMeshes/Camera/SM_RailRig_Mount.uasset" 68
"../../../Engine/Content/EditorMeshes/Camera/SM_RailRig_Mount.uexp" 69
"../../../Engine/Content/EngineMaterials/T_Default_Material_Grid_M.ubulk" 70
"../../../Engine/Content/EngineMaterials/T_Default_Material_Grid_M.uasset" 71
"../../../Engine/Content/EngineMaterials/T_Default_Material_Grid_M.uexp" 72
"../../../Engine/Content/EngineMaterials/T_Default_Material_Grid_N.ubulk" 73
"../../../Engine/Content/EngineMaterials/T_Default_Material_Grid_N.uasset" 74
"../../../Engine/Content/EngineMaterials/T_Default_Material_Grid_N.uexp" 75
"../../../Engine/Content/Functions/Engine_MaterialFunctions01/Opacity/CameraDepthFade.uasset" 76
"../../../Engine/Content/Functions/Engine_MaterialFunctions01/Opacity/CameraDepthFade.uexp" 77
"../../../Engine/Content/EngineMaterials/WorldGridMaterial.uasset" 78
"../../../Engine/Content/EngineMaterials/WorldGridMaterial.uexp" 79
"../../../Engine/Content/ArtTools/RenderToTexture/Meshes/S_1_Unit_Plane.ubulk" 80
"../../../Engine/Content/ArtTools/RenderToTexture/Meshes/S_1_Unit_Plane.uasset" 81
"../../../Engine/Content/ArtTools/RenderToTexture/Meshes/S_1_Unit_Plane.uexp" 82
"../../../Engine/Content/EditorMaterials/ParticleSystems/PSysThumbnail_NoImage.ubulk" 83
"../../../Engine/Content/EditorMaterials/ParticleSystems/PSysThumbnail_NoImage.uasset" 84
"../../../Engine/Content/EditorMaterials/ParticleSystems/PSysThumbnail_NoImage.uexp" 85
"../../../Engine/Content/EditorMaterials/ParticleSystems/PSysThumbnail_OOD.ubulk" 86
"../../../Engine/Content/EditorMaterials/ParticleSystems/PSysThumbnail_OOD.uasset" 87
"../../../Engine/Content/EditorMaterials/ParticleSystems/PSysThumbnail_OOD.uexp" 88
"../../../Engine/Content/EngineMaterials/DefaultMaterial.uasset" 89
"../../../Engine/Content/EngineMaterials/DefaultMaterial.uexp" 90
"../../../Engine/Content/BasicShapes/Sphere.ubulk" 91
"../../../Engine/Content/BasicShapes/Sphere.uasset" 92
"../../../Engine/Content/BasicShapes/Sphere.uexp" 93
"../../../Engine/Plugins/FX/Niagara/Content/Enums/SpriteRenderer/ENiagara_ScaleSpriteSize.uasset" 94
"../../../Engine/Plugins/FX/Niagara/Content/Enums/SpriteRenderer/ENiagara_ScaleSpriteSize.uexp" 95
"../../../Engine/Plugins/FX/Niagara/Content/Enums/ENiagaraExpansionMode.uasset" 96
"../../../Engine/Plugins/FX/Niagara/Content/Enums/ENiagaraExpansionMode.uexp" 97
"../../../Engine/Plugins/FX/Niagara/Content/Enums/ENiagaraSphereDistributionMode.uasset" 98
"../../../Engine/Plugins/FX/Niagara/Content/Enums/ENiagaraSphereDistributionMode.uexp" 99
"../../../Engine/Plugins/FX/Niagara/Content/Enums/ENiagaraRandomnessMode.uasset" 100
"../../../Engine/Plugins/FX/Niagara/Content/Enums/ENiagaraRandomnessMode.uexp" 101
"../../../Engine/Plugins/FX/Niagara/Content/Enums/ENiagara_MassInitializationMode.uasset" 102
"../../../Engine/Plugins/FX/Niagara/Content/Enums/ENiagara_MassInitializationMode.uexp" 103
"../../../Engine/Plugins/FX/Niagara/Content/VectorFields/Assets/TilingCurl32.uasset" 104
"../../../Engine/Plugins/FX/Niagara/Content/VectorFields/Assets/TilingCurl32.uexp" 105
"../../../Engine/Plugins/FX/Niagara/Content/Enums/ENiagaraCurlNoiseQuality.uasset" 106
"../../../Engine/Plugins/FX/Niagara/Content/Enums/ENiagaraCurlNoiseQuality.uexp" 107
"../../../Engine/Plugins/FX/Niagara/Content/VectorFields/Assets/TilingCurl64.uasset" 108
"../../../Engine/Plugins/FX/Niagara/Content/VectorFields/Assets/TilingCurl64.uexp" 109
"../../../Engine/Plugins/FX/Niagara/Content/Enums/ENiagaraVector4_Channels.uasset" 110
"../../../Engine/Plugins/FX/Niagara/Content/Enums/ENiagaraVector4_Channels.uexp" 111
"../../../Engine/Plugins/FX/Niagara/Content/VectorFields/Assets/TilingCurl16.uasset" 112
"../../../Engine/Plugins/FX/Niagara/Content/VectorFields/Assets/TilingCurl16.uexp" 113
"../../../Engine/Plugins/FX/Niagara/Content/Enums/ENiagaraMeshTransforms.uasset" 114
"../../../Engine/Plugins/FX/Niagara/Content/Enums/ENiagaraMeshTransforms.uexp" 115
"../../../Engine/Plugins/FX/Niagara/Content/Enums/ENiagara_PositionInitializationMode.uasset" 116
"../../../Engine/Plugins/FX/Niagara/Content/Enums/ENiagara_PositionInitializationMode.uexp" 117
"../../../Engine/Plugins/FX/Niagara/Content/Icons/Modules/T_Icon_Solver_LimitSpeed.uasset" 118
"../../../Engine/Plugins/FX/Niagara/Content/Icons/Modules/T_Icon_Solver_LimitSpeed.uexp" 119
"../../../Engine/Plugins/FX/Niagara/Content/Icons/Modules/T_Icon_Solver_RotationalSolve.uasset" 120
"../../../Engine/Plugins/FX/Niagara/Content/Icons/Modules/T_Icon_Solver_RotationalSolve.uexp" 121
"../../../Engine/Plugins/FX/Niagara/Content/Icons/Modules/T_Icon_Solver_LimitAccel.uasset" 122
"../../../Engine/Plugins/FX/Niagara/Content/Icons/Modules/T_Icon_Solver_LimitAccel.uexp" 123
"../../../Engine/Plugins/FX/Niagara/Content/Enums/ENiagaraScaleColorMode.uasset" 124
"../../../Engine/Plugins/FX/Niagara/Content/Enums/ENiagaraScaleColorMode.uexp" 125
"../../../Engine/Plugins/FX/Niagara/Content/Enums/ENiagara_SizeScaleMode.uasset" 126
"../../../Engine/Plugins/FX/Niagara/Content/Enums/ENiagara_SizeScaleMode.uexp" 127
"../../../Engine/Plugins/FX/Niagara/Content/Enums/ENiagara_UVFlippingMode.uasset" 128
"../../../Engine/Plugins/FX/Niagara/Content/Enums/ENiagara_UVFlippingMode.uexp" 129
"C:/24CI0412MP/Content/KTP_Effect/Textures/PublicTextures/T_Aura_03.ubulk" 130
"C:/24CI0412MP/Content/KTP_Effect/Textures/PublicTextures/T_Aura_03.uasset" 131
"C:/24CI0412MP/Content/KTP_Effect/Textures/PublicTextures/T_Aura_03.uexp" 132
"C:/24CI0412MP/Content/KTP_Effect/Textures/PublicTextures/T_Aura_01.ubulk" 133
"C:/24CI0412MP/Content/KTP_Effect/Textures/PublicTextures/T_Aura_01.uasset" 134
"C:/24CI0412MP/Content/KTP_Effect/Textures/PublicTextures/T_Aura_01.uexp" 135
"C:/24CI0412MP/Content/KTP_Effect/Materials/PublicMaterials/M_FX_Aura_black_1.uasset" 136
"C:/24CI0412MP/Content/KTP_Effect/Materials/PublicMaterials/M_FX_Aura_black_1.uexp" 137
"../../../Engine/Plugins/FX/Niagara/Content/Enums/ENiagaraRandomnessEvaluation.uasset" 138
"../../../Engine/Plugins/FX/Niagara/Content/Enums/ENiagaraRandomnessEvaluation.uexp" 139
"../../../Engine/Plugins/FX/Niagara/Content/Enums/Ribbons/ENiagara_UnsetDirectSetRandom.uasset" 140
"../../../Engine/Plugins/FX/Niagara/Content/Enums/Ribbons/ENiagara_UnsetDirectSetRandom.uexp" 141
"../../../Engine/Plugins/FX/Niagara/Content/Enums/ENiagara_LifetimeMode.uasset" 142
"../../../Engine/Plugins/FX/Niagara/Content/Enums/ENiagara_LifetimeMode.uexp" 143
"../../../Engine/Plugins/FX/Niagara/Content/Enums/Ribbons/ENiagara_UnsetDirectSet.uasset" 144
"../../../Engine/Plugins/FX/Niagara/Content/Enums/Ribbons/ENiagara_UnsetDirectSet.uexp" 145
"../../../Engine/Plugins/FX/Niagara/Content/Enums/ENiagara_SpriteRotationMode.uasset" 146
"../../../Engine/Plugins/FX/Niagara/Content/Enums/ENiagara_SpriteRotationMode.uexp" 147
"../../../Engine/Plugins/FX/Niagara/Content/Enums/ENiagara_ColorInitializationMode.uasset" 148
"../../../Engine/Plugins/FX/Niagara/Content/Enums/ENiagara_ColorInitializationMode.uexp" 149
"../../../Engine/Plugins/FX/Niagara/Content/Enums/ENiagaraChannelCorrelation.uasset" 150
"../../../Engine/Plugins/FX/Niagara/Content/Enums/ENiagaraChannelCorrelation.uexp" 151
"../../../Engine/Plugins/FX/Niagara/Content/Enums/Angles/ENiagara_AngleInput.uasset" 152
"../../../Engine/Plugins/FX/Niagara/Content/Enums/Angles/ENiagara_AngleInput.uexp" 153
"../../../Engine/Plugins/FX/Niagara/Content/Enums/Utility/ENiagara_VelocityMode.uasset" 154
"../../../Engine/Plugins/FX/Niagara/Content/Enums/Utility/ENiagara_VelocityMode.uexp" 155
"../../../Engine/Plugins/FX/Niagara/Content/Enums/Transforms/ENiagara_RotationMode.uasset" 156
"../../../Engine/Plugins/FX/Niagara/Content/Enums/Transforms/ENiagara_RotationMode.uexp" 157
"../../../Engine/Plugins/FX/Niagara/Content/Enums/ENiagaraEmitterLifeCycleMode.uasset" 158
"../../../Engine/Plugins/FX/Niagara/Content/Enums/ENiagaraEmitterLifeCycleMode.uexp" 159
"../../../Engine/Plugins/FX/Niagara/Content/Enums/ENiagara_InfiniteLoopDuration.uasset" 160
"../../../Engine/Plugins/FX/Niagara/Content/Enums/ENiagara_InfiniteLoopDuration.uexp" 161
"../../../Engine/Plugins/FX/Niagara/Content/Enums/ENiagara_EmitterStateOptions.uasset" 162
"../../../Engine/Plugins/FX/Niagara/Content/Enums/ENiagara_EmitterStateOptions.uexp" 163
"../../../Engine/Plugins/FX/Niagara/Content/Enums/ENiagaraInactiveMode.uasset" 164
"../../../Engine/Plugins/FX/Niagara/Content/Enums/ENiagaraInactiveMode.uexp" 165
"../../../Engine/Plugins/FX/Niagara/Content/Enums/ENiagaraExecutionStateManagement.uasset" 166
"../../../Engine/Plugins/FX/Niagara/Content/Enums/ENiagaraExecutionStateManagement.uexp" 167
"../../../Engine/Plugins/FX/Niagara/Content/Enums/ENiagaraEmitterScalabilityMode_Limited.uasset" 168
"../../../Engine/Plugins/FX/Niagara/Content/Enums/ENiagaraEmitterScalabilityMode_Limited.uexp" 169
"C:/24CI0412MP/Content/KTP_Effect/Textures/PublicTextures/T_Glow.ubulk" 170
"C:/24CI0412MP/Content/KTP_Effect/Textures/PublicTextures/T_Glow.uasset" 171
"C:/24CI0412MP/Content/KTP_Effect/Textures/PublicTextures/T_Glow.uexp" 172
"C:/24CI0412MP/Content/KTP_Effect/Materials/PublicMaterials/M_FX_Glow_fly07.uasset" 173
"C:/24CI0412MP/Content/KTP_Effect/Materials/PublicMaterials/M_FX_Glow_fly07.uexp" 174
"../../../Engine/Content/Functions/Engine_MaterialFunctions02/Utility/VectorToRadialValue.uasset" 175
"../../../Engine/Content/Functions/Engine_MaterialFunctions02/Utility/VectorToRadialValue.uexp" 176
"C:/24CI0412MP/Content/KTP_Effect/Textures/T_fly03_8.ubulk" 177
"C:/24CI0412MP/Content/KTP_Effect/Textures/T_fly03_8.uasset" 178
"C:/24CI0412MP/Content/KTP_Effect/Textures/T_fly03_8.uexp" 179
"C:/24CI0412MP/Content/KTP_Effect/Textures/PublicTextures/T_Aura_07.ubulk" 180
"C:/24CI0412MP/Content/KTP_Effect/Textures/PublicTextures/T_Aura_07.uasset" 181
"C:/24CI0412MP/Content/KTP_Effect/Textures/PublicTextures/T_Aura_07.uexp" 182
"../../../Engine/Content/Functions/Engine_MaterialFunctions01/Density/ExponentialDensity.uasset" 183
"../../../Engine/Content/Functions/Engine_MaterialFunctions01/Density/ExponentialDensity.uexp" 184
"../../../Engine/Content/Functions/Engine_MaterialFunctions01/Gradient/RadialGradientExponential.uasset" 185
"../../../Engine/Content/Functions/Engine_MaterialFunctions01/Gradient/RadialGradientExponential.uexp" 186
"C:/24CI0412MP/Content/KTP_Effect/Materials/M_fly03_8.uasset" 187
"C:/24CI0412MP/Content/KTP_Effect/Materials/M_fly03_8.uexp" 188
"../../../Engine/Content/Functions/Engine_MaterialFunctions01/ImageAdjustment/DeriveHDRfromLDR.uasset" 189
"../../../Engine/Content/Functions/Engine_MaterialFunctions01/ImageAdjustment/DeriveHDRfromLDR.uexp" 190
"C:/24CI0412MP/Content/KTP_Effect/Materials/PublicMaterials/M_FX_Aura_bt01.uasset" 191
"C:/24CI0412MP/Content/KTP_Effect/Materials/PublicMaterials/M_FX_Aura_bt01.uexp" 192
"../../../Engine/Plugins/FX/Niagara/Content/Enums/ENiagaraSystemInactiveMode.uasset" 193
"../../../Engine/Plugins/FX/Niagara/Content/Enums/ENiagaraSystemInactiveMode.uexp" 194
"../../../Engine/Plugins/FX/Niagara/Content/Enums/Transforms/ENiagara_MeshOrientationOptions.uasset" 195
"../../../Engine/Plugins/FX/Niagara/Content/Enums/Transforms/ENiagara_MeshOrientationOptions.uexp" 196
"C:/24CI0412MP/Content/KTP_Effect/Mesh/SM_FX_burst_fly03.ubulk" 197
"C:/24CI0412MP/Content/KTP_Effect/Mesh/SM_FX_burst_fly03.uasset" 198
"C:/24CI0412MP/Content/KTP_Effect/Mesh/SM_FX_burst_fly03.uexp" 199
"../../../Engine/Plugins/FX/Niagara/Content/Icons/Modules/T_Icon_Particle_InfiniteLife.uasset" 200
"../../../Engine/Plugins/FX/Niagara/Content/Icons/Modules/T_Icon_Particle_InfiniteLife.uexp" 201
"C:/24CI0412MP/Content/KTP_Effect/Particles/Fly/Expolison_03_08.uasset" 202
"C:/24CI0412MP/Content/KTP_Effect/Particles/Fly/Expolison_03_08.uexp" 203
"../../../Engine/Plugins/Media/MediaPlate/Content/SM_MediaPlateScreen.ubulk" 204
"../../../Engine/Plugins/Media/MediaPlate/Content/SM_MediaPlateScreen.uasset" 205
"../../../Engine/Plugins/Media/MediaPlate/Content/SM_MediaPlateScreen.uexp" 206
"../../../Engine/Content/EngineMaterials/BaseFlattenNormalMap.uasset" 207
"../../../Engine/Content/EngineMaterials/BaseFlattenNormalMap.uexp" 208
"../../../Engine/Content/EngineResources/Black.uasset" 209
"../../../Engine/Content/EngineResources/Black.uexp" 210
"../../../Engine/Plugins/Runtime/OpenXR/Content/Devices/M_XRController.uasset" 211
"../../../Engine/Plugins/Runtime/OpenXR/Content/Devices/M_XRController.uexp" 212
"../../../Engine/Plugins/Runtime/OpenXR/Content/Devices/HTCVive/BaseTexture.ubulk" 213
"../../../Engine/Plugins/Runtime/OpenXR/Content/Devices/HTCVive/BaseTexture.uasset" 214
"../../../Engine/Plugins/Runtime/OpenXR/Content/Devices/HTCVive/BaseTexture.uexp" 215
"../../../Engine/Plugins/Runtime/OpenXR/Content/Devices/HTCVive/MI_HTCVive.uasset" 216
"../../../Engine/Plugins/Runtime/OpenXR/Content/Devices/HTCVive/MI_HTCVive.uexp" 217
"../../../Engine/Plugins/Runtime/OpenXR/Content/Devices/HTCVive/HTCViveController.ubulk" 218
"../../../Engine/Plugins/Runtime/OpenXR/Content/Devices/HTCVive/HTCViveController.uasset" 219
"../../../Engine/Plugins/Runtime/OpenXR/Content/Devices/HTCVive/HTCViveController.uexp" 220
"../../../Engine/Plugins/Runtime/OpenXR/Content/Devices/MicrosoftMixedReality/NormalTexture.ubulk" 221
"../../../Engine/Plugins/Runtime/OpenXR/Content/Devices/MicrosoftMixedReality/NormalTexture.uasset" 222
"../../../Engine/Plugins/Runtime/OpenXR/Content/Devices/MicrosoftMixedReality/NormalTexture.uexp" 223
"../../../Engine/Plugins/Runtime/OpenXR/Content/Devices/MicrosoftMixedReality/EmissiveTexture.ubulk" 224
"../../../Engine/Plugins/Runtime/OpenXR/Content/Devices/MicrosoftMixedReality/EmissiveTexture.uasset" 225
"../../../Engine/Plugins/Runtime/OpenXR/Content/Devices/MicrosoftMixedReality/EmissiveTexture.uexp" 226
"../../../Engine/Plugins/Runtime/OpenXR/Content/Devices/MicrosoftMixedReality/BaseTexture.ubulk" 227
"../../../Engine/Plugins/Runtime/OpenXR/Content/Devices/MicrosoftMixedReality/BaseTexture.uasset" 228
"../../../Engine/Plugins/Runtime/OpenXR/Content/Devices/MicrosoftMixedReality/BaseTexture.uexp" 229
"../../../Engine/Plugins/Runtime/OpenXR/Content/Devices/MicrosoftMixedReality/MRTexture.ubulk" 230
"../../../Engine/Plugins/Runtime/OpenXR/Content/Devices/MicrosoftMixedReality/MRTexture.uasset" 231
"../../../Engine/Plugins/Runtime/OpenXR/Content/Devices/MicrosoftMixedReality/MRTexture.uexp" 232
"../../../Engine/Plugins/Runtime/OpenXR/Content/Devices/MicrosoftMixedReality/MI_MicrosoftMixedReality.uasset" 233
"../../../Engine/Plugins/Runtime/OpenXR/Content/Devices/MicrosoftMixedReality/MI_MicrosoftMixedReality.uexp" 234
"../../../Engine/Plugins/Runtime/OpenXR/Content/Devices/MicrosoftMixedReality/Left/left_MicrosoftMixedRealityController.ubulk" 235
"../../../Engine/Plugins/Runtime/OpenXR/Content/Devices/MicrosoftMixedReality/Left/left_MicrosoftMixedRealityController.uasset" 236
"../../../Engine/Plugins/Runtime/OpenXR/Content/Devices/MicrosoftMixedReality/Left/left_MicrosoftMixedRealityController.uexp" 237
"../../../Engine/Plugins/Runtime/OpenXR/Content/Devices/MicrosoftMixedReality/Right/right_MicrosoftMixedRealityController.ubulk" 238
"../../../Engine/Plugins/Runtime/OpenXR/Content/Devices/MicrosoftMixedReality/Right/right_MicrosoftMixedRealityController.uasset" 239
"../../../Engine/Plugins/Runtime/OpenXR/Content/Devices/MicrosoftMixedReality/Right/right_MicrosoftMixedRealityController.uexp" 240
"../../../Engine/Plugins/Runtime/OpenXR/Content/Devices/OculusGo/BaseTexture.ubulk" 241
"../../../Engine/Plugins/Runtime/OpenXR/Content/Devices/OculusGo/BaseTexture.uasset" 242
"../../../Engine/Plugins/Runtime/OpenXR/Content/Devices/OculusGo/BaseTexture.uexp" 243
"../../../Engine/Plugins/Runtime/OpenXR/Content/Devices/OculusGo/MI_OculusGo.uasset" 244
"../../../Engine/Plugins/Runtime/OpenXR/Content/Devices/OculusGo/MI_OculusGo.uexp" 245
"../../../Engine/Plugins/Runtime/OpenXR/Content/Devices/OculusGo/OculusGoController.ubulk" 246
"../../../Engine/Plugins/Runtime/OpenXR/Content/Devices/OculusGo/OculusGoController.uasset" 247
"../../../Engine/Plugins/Runtime/OpenXR/Content/Devices/OculusGo/OculusGoController.uexp" 248
"../../../Engine/Plugins/Runtime/OpenXR/Content/Devices/OculusTouch/BaseTexture.ubulk" 249
"../../../Engine/Plugins/Runtime/OpenXR/Content/Devices/OculusTouch/BaseTexture.uasset" 250
"../../../Engine/Plugins/Runtime/OpenXR/Content/Devices/OculusTouch/BaseTexture.uexp" 251
"../../../Engine/Plugins/Runtime/OpenXR/Content/Devices/OculusTouch/MRTexture.ubulk" 252
"../../../Engine/Plugins/Runtime/OpenXR/Content/Devices/OculusTouch/MRTexture.uasset" 253
"../../../Engine/Plugins/Runtime/OpenXR/Content/Devices/OculusTouch/MRTexture.uexp" 254
"../../../Engine/Plugins/Runtime/OpenXR/Content/Devices/OculusTouch/MI_OculusTouch.uasset" 255
"../../../Engine/Plugins/Runtime/OpenXR/Content/Devices/OculusTouch/MI_OculusTouch.uexp" 256
"../../../Engine/Plugins/Runtime/OpenXR/Content/Devices/OculusTouch/Left/left_OculusTouchController.ubulk" 257
"../../../Engine/Plugins/Runtime/OpenXR/Content/Devices/OculusTouch/Left/left_OculusTouchController.uasset" 258
"../../../Engine/Plugins/Runtime/OpenXR/Content/Devices/OculusTouch/Left/left_OculusTouchController.uexp" 259
"../../../Engine/Plugins/Runtime/OpenXR/Content/Devices/OculusTouch/Right/right_OculusTouchController.ubulk" 260
"../../../Engine/Plugins/Runtime/OpenXR/Content/Devices/OculusTouch/Right/right_OculusTouchController.uasset" 261
"../../../Engine/Plugins/Runtime/OpenXR/Content/Devices/OculusTouch/Right/right_OculusTouchController.uexp" 262
"../../../Engine/Plugins/Runtime/OpenXR/Content/Devices/ValveIndex/MRTexture.ubulk" 263
"../../../Engine/Plugins/Runtime/OpenXR/Content/Devices/ValveIndex/MRTexture.uasset" 264
"../../../Engine/Plugins/Runtime/OpenXR/Content/Devices/ValveIndex/MRTexture.uexp" 265
"../../../Engine/Plugins/Runtime/OpenXR/Content/Devices/ValveIndex/BaseTexture.ubulk" 266
"../../../Engine/Plugins/Runtime/OpenXR/Content/Devices/ValveIndex/BaseTexture.uasset" 267
"../../../Engine/Plugins/Runtime/OpenXR/Content/Devices/ValveIndex/BaseTexture.uexp" 268
"../../../Engine/Plugins/Runtime/OpenXR/Content/Devices/ValveIndex/Left/MI_left_ValveIndex.uasset" 269
"../../../Engine/Plugins/Runtime/OpenXR/Content/Devices/ValveIndex/Left/MI_left_ValveIndex.uexp" 270
"../../../Engine/Plugins/Runtime/OpenXR/Content/Devices/ValveIndex/Left/left_ValveIndexController.ubulk" 271
"../../../Engine/Plugins/Runtime/OpenXR/Content/Devices/ValveIndex/Left/left_ValveIndexController.uasset" 272
"../../../Engine/Plugins/Runtime/OpenXR/Content/Devices/ValveIndex/Left/left_ValveIndexController.uexp" 273
"../../../Engine/Plugins/Runtime/OpenXR/Content/Devices/ValveIndex/Right/MI_right_ValveIndex.uasset" 274
"../../../Engine/Plugins/Runtime/OpenXR/Content/Devices/ValveIndex/Right/MI_right_ValveIndex.uexp" 275
"../../../Engine/Plugins/Runtime/OpenXR/Content/Devices/ValveIndex/Right/right_ValveIndexController.ubulk" 276
"../../../Engine/Plugins/Runtime/OpenXR/Content/Devices/ValveIndex/Right/right_ValveIndexController.uasset" 277
"../../../Engine/Plugins/Runtime/OpenXR/Content/Devices/ValveIndex/Right/right_ValveIndexController.uexp" 278
"../../../Engine/Plugins/Runtime/OpenXR/Content/Devices/OculusTouch_v2/BaseTexture.ubulk" 279
"../../../Engine/Plugins/Runtime/OpenXR/Content/Devices/OculusTouch_v2/BaseTexture.uasset" 280
"../../../Engine/Plugins/Runtime/OpenXR/Content/Devices/OculusTouch_v2/BaseTexture.uexp" 281
"../../../Engine/Plugins/Runtime/OpenXR/Content/Devices/OculusTouch_v2/MRTexture.ubulk" 282
"../../../Engine/Plugins/Runtime/OpenXR/Content/Devices/OculusTouch_v2/MRTexture.uasset" 283
"../../../Engine/Plugins/Runtime/OpenXR/Content/Devices/OculusTouch_v2/MRTexture.uexp" 284
"../../../Engine/Plugins/Runtime/OpenXR/Content/Devices/OculusTouch_v2/MI_OculusTouch_v2.uasset" 285
"../../../Engine/Plugins/Runtime/OpenXR/Content/Devices/OculusTouch_v2/MI_OculusTouch_v2.uexp" 286
"../../../Engine/Plugins/Runtime/OpenXR/Content/Devices/OculusTouch_v2/Left/left_OculusTouch_v2Controller.ubulk" 287
"../../../Engine/Plugins/Runtime/OpenXR/Content/Devices/OculusTouch_v2/Left/left_OculusTouch_v2Controller.uasset" 288
"../../../Engine/Plugins/Runtime/OpenXR/Content/Devices/OculusTouch_v2/Left/left_OculusTouch_v2Controller.uexp" 289
"../../../Engine/Plugins/Runtime/OpenXR/Content/Devices/OculusTouch_v2/Right/right_OculusTouch_v2Controller.ubulk" 290
"../../../Engine/Plugins/Runtime/OpenXR/Content/Devices/OculusTouch_v2/Right/right_OculusTouch_v2Controller.uasset" 291
"../../../Engine/Plugins/Runtime/OpenXR/Content/Devices/OculusTouch_v2/Right/right_OculusTouch_v2Controller.uexp" 292
"../../../Engine/Plugins/Runtime/OpenXR/Content/Devices/OculusTouch_v3/MRTexture.ubulk" 293
"../../../Engine/Plugins/Runtime/OpenXR/Content/Devices/OculusTouch_v3/MRTexture.uasset" 294
"../../../Engine/Plugins/Runtime/OpenXR/Content/Devices/OculusTouch_v3/MRTexture.uexp" 295
"../../../Engine/Plugins/Runtime/OpenXR/Content/Devices/OculusTouch_v3/BaseTexture.ubulk" 296
"../../../Engine/Plugins/Runtime/OpenXR/Content/Devices/OculusTouch_v3/BaseTexture.uasset" 297
"../../../Engine/Plugins/Runtime/OpenXR/Content/Devices/OculusTouch_v3/BaseTexture.uexp" 298
"../../../Engine/Plugins/Runtime/OpenXR/Content/Devices/OculusTouch_v3/MI_OculusTouch_v3.uasset" 299
"../../../Engine/Plugins/Runtime/OpenXR/Content/Devices/OculusTouch_v3/MI_OculusTouch_v3.uexp" 300
"../../../Engine/Plugins/Runtime/OpenXR/Content/Devices/OculusTouch_v3/Left/left_OculusTouch_v3Controller.ubulk" 301
"../../../Engine/Plugins/Runtime/OpenXR/Content/Devices/OculusTouch_v3/Left/left_OculusTouch_v3Controller.uasset" 302
"../../../Engine/Plugins/Runtime/OpenXR/Content/Devices/OculusTouch_v3/Left/left_OculusTouch_v3Controller.uexp" 303
"../../../Engine/Plugins/Runtime/OpenXR/Content/Devices/OculusTouch_v3/Right/right_OculusTouch_v3Controller.ubulk" 304
"../../../Engine/Plugins/Runtime/OpenXR/Content/Devices/OculusTouch_v3/Right/right_OculusTouch_v3Controller.uasset" 305
"../../../Engine/Plugins/Runtime/OpenXR/Content/Devices/OculusTouch_v3/Right/right_OculusTouch_v3Controller.uexp" 306
"../../../Engine/Content/EngineMaterials/DefaultBokeh.uasset" 307
"../../../Engine/Content/EngineMaterials/DefaultBokeh.uexp" 308
"../../../Engine/Content/EngineMaterials/MiniFont.uasset" 309
"../../../Engine/Content/EngineMaterials/MiniFont.uexp" 310
"../../../Engine/Content/EngineMaterials/DefaultWhiteGrid.ubulk" 311
"../../../Engine/Content/EngineMaterials/DefaultWhiteGrid.uasset" 312
"../../../Engine/Content/EngineMaterials/DefaultWhiteGrid.uexp" 313
"../../../Engine/Content/EngineMaterials/PreintegratedSkinBRDF.uasset" 314
"../../../Engine/Content/EngineMaterials/PreintegratedSkinBRDF.uexp" 315
"../../../Engine/Plugins/Runtime/MeshModelingToolset/Content/Materials/M_DynamicMeshComponentVtxColor.uasset" 316
"../../../Engine/Plugins/Runtime/MeshModelingToolset/Content/Materials/M_DynamicMeshComponentVtxColor.uexp" 317
"../../../Engine/Plugins/Interchange/Runtime/Content/Pipelines/DefaultTexturePipeline.uasset" 318
"../../../Engine/Plugins/Interchange/Runtime/Content/Pipelines/DefaultTexturePipeline.uexp" 319
"../../../Engine/Plugins/Interchange/Runtime/Content/Pipelines/DefaultSceneLevelPipeline.uasset" 320
"../../../Engine/Plugins/Interchange/Runtime/Content/Pipelines/DefaultSceneLevelPipeline.uexp" 321
"../../../Engine/Plugins/Interchange/Runtime/Content/Pipelines/DefaultSceneAssetsPipeline.uasset" 322
"../../../Engine/Plugins/Interchange/Runtime/Content/Pipelines/DefaultSceneAssetsPipeline.uexp" 323
"../../../Engine/Plugins/Interchange/Runtime/Content/Pipelines/DefaultMaterialXPipeline.uasset" 324
"../../../Engine/Plugins/Interchange/Runtime/Content/Pipelines/DefaultMaterialXPipeline.uexp" 325
"../../../Engine/Plugins/Interchange/Runtime/Content/Pipelines/DefaultMaterialPipeline.uasset" 326
"../../../Engine/Plugins/Interchange/Runtime/Content/Pipelines/DefaultMaterialPipeline.uexp" 327
"../../../Engine/Plugins/Interchange/Runtime/Content/Pipelines/DefaultGLTFSceneAssetsPipeline.uasset" 328
"../../../Engine/Plugins/Interchange/Runtime/Content/Pipelines/DefaultGLTFSceneAssetsPipeline.uexp" 329
"../../../Engine/Plugins/Interchange/Runtime/Content/Pipelines/DefaultGLTFPipeline.uasset" 330
"../../../Engine/Plugins/Interchange/Runtime/Content/Pipelines/DefaultGLTFPipeline.uexp" 331
"../../../Engine/Plugins/Interchange/Runtime/Content/Pipelines/DefaultGLTFAssetsPipeline.uasset" 332
"../../../Engine/Plugins/Interchange/Runtime/Content/Pipelines/DefaultGLTFAssetsPipeline.uexp" 333
"../../../Engine/Plugins/Interchange/Runtime/Content/Pipelines/DefaultAssetsPipeline.uasset" 334
"../../../Engine/Plugins/Interchange/Runtime/Content/Pipelines/DefaultAssetsPipeline.uexp" 335
"../../../Engine/Plugins/Interchange/Runtime/Content/Functions/MX_UsdPreviewSurface.uasset" 336
"../../../Engine/Plugins/Interchange/Runtime/Content/Functions/MX_UsdPreviewSurface.uexp" 337
"../../../Engine/Plugins/Interchange/Runtime/Content/Functions/MX_UniformEDF.uasset" 338
"../../../Engine/Plugins/Interchange/Runtime/Content/Functions/MX_UniformEDF.uexp" 339
"../../../Engine/Plugins/Interchange/Runtime/Content/Functions/MX_TranslucentBSDF.uasset" 340
"../../../Engine/Plugins/Interchange/Runtime/Content/Functions/MX_TranslucentBSDF.uexp" 341
"../../../Engine/Plugins/Interchange/Runtime/Content/Functions/MX_ThinFilmBSDF.uasset" 342
"../../../Engine/Plugins/Interchange/Runtime/Content/Functions/MX_ThinFilmBSDF.uexp" 343
"../../../Engine/Plugins/Interchange/Runtime/Content/Functions/MX_SurfaceUnlit.uasset" 344
"../../../Engine/Plugins/Interchange/Runtime/Content/Functions/MX_SurfaceUnlit.uexp" 345
"../../../Engine/Plugins/Interchange/Runtime/Content/Functions/MX_Surface.uasset" 346
"../../../Engine/Plugins/Interchange/Runtime/Content/Functions/MX_Surface.uexp" 347
"../../../Engine/Plugins/Interchange/Runtime/Content/Functions/MX_SubsurfaceBSDF.uasset" 348
"../../../Engine/Plugins/Interchange/Runtime/Content/Functions/MX_SubsurfaceBSDF.uexp" 349
"../../../Engine/Plugins/Interchange/Runtime/Content/Functions/MX_SheenBSDF.uasset" 350
"../../../Engine/Plugins/Interchange/Runtime/Content/Functions/MX_SheenBSDF.uexp" 351
"../../../Engine/Plugins/Interchange/Runtime/Content/Functions/MX_OrenNayarBSDF.uasset" 352
"../../../Engine/Plugins/Interchange/Runtime/Content/Functions/MX_OrenNayarBSDF.uexp" 353
"../../../Engine/Content/Functions/Engine_MaterialFunctions02/Utility/CameraDirectionVector.uasset" 354
"../../../Engine/Content/Functions/Engine_MaterialFunctions02/Utility/CameraDirectionVector.uexp" 355
"../../../Engine/Content/Functions/Engine_MaterialFunctions01/Volumetrics/BeersLaw.uasset" 356
"../../../Engine/Content/Functions/Engine_MaterialFunctions01/Volumetrics/BeersLaw.uexp" 357
"../../../Engine/Content/EngineMaterials/Good64x64TilingNoiseHighFreq.uasset" 358
"../../../Engine/Content/EngineMaterials/Good64x64TilingNoiseHighFreq.uexp" 359
"../../../Engine/Content/Functions/Engine_MaterialFunctions02/Texturing/ScreenAlignedPixelToPixelUVs.uasset" 360
"../../../Engine/Content/Functions/Engine_MaterialFunctions02/Texturing/ScreenAlignedPixelToPixelUVs.uexp" 361
"../../../Engine/Plugins/Interchange/Runtime/Content/gltf/MaterialFunctions/MF_Temporal_Blur.uasset" 362
"../../../Engine/Plugins/Interchange/Runtime/Content/gltf/MaterialFunctions/MF_Temporal_Blur.uexp" 363
"../../../Engine/Plugins/Interchange/Runtime/Content/gltf/MaterialFunctions/MF_Fresnel_DS.uasset" 364
"../../../Engine/Plugins/Interchange/Runtime/Content/gltf/MaterialFunctions/MF_Fresnel_DS.uexp" 365
"../../../Engine/Content/Functions/Engine_MaterialFunctions02/Utility/BreakOutFloat3Components.uasset" 366
"../../../Engine/Content/Functions/Engine_MaterialFunctions02/Utility/BreakOutFloat3Components.uexp" 367
"../../../Engine/Plugins/Interchange/Runtime/Content/Functions/MX_Transmission.uasset" 368
"../../../Engine/Plugins/Interchange/Runtime/Content/Functions/MX_Transmission.uexp" 369
"../../../Engine/Plugins/Interchange/Runtime/Content/Functions/MF_OrenNayerView.uasset" 370
"../../../Engine/Plugins/Interchange/Runtime/Content/Functions/MF_OrenNayerView.uexp" 371
"../../../Engine/Plugins/Interchange/Runtime/Content/Functions/MF_SchlickApprox.uasset" 372
"../../../Engine/Plugins/Interchange/Runtime/Content/Functions/MF_SchlickApprox.uexp" 373
"../../../Engine/Plugins/Interchange/Runtime/Content/Utilities/New_LUT.uasset" 374
"../../../Engine/Plugins/Interchange/Runtime/Content/Utilities/New_LUT.uexp" 375
"../../../Engine/Content/Functions/Engine_MaterialFunctions03/Math/RemapValueRange.uasset" 376
"../../../Engine/Content/Functions/Engine_MaterialFunctions03/Math/RemapValueRange.uexp" 377
"../../../Engine/Plugins/Interchange/Runtime/Content/Functions/MF_Iridescence.uasset" 378
"../../../Engine/Plugins/Interchange/Runtime/Content/Functions/MF_Iridescence.uexp" 379
"../../../Engine/Plugins/Interchange/Runtime/Content/Functions/MX_StandardSurface.uasset" 380
"../../../Engine/Plugins/Interchange/Runtime/Content/Functions/MX_StandardSurface.uexp" 381
"../../../Engine/Plugins/Interchange/Runtime/Content/Functions/MX_TransmissionSurface.uasset" 382
"../../../Engine/Plugins/Interchange/Runtime/Content/Functions/MX_TransmissionSurface.uexp" 383
"../../../Engine/Plugins/Interchange/Runtime/Content/Functions/MX_OpenPBR_Translucent.uasset" 384
"../../../Engine/Plugins/Interchange/Runtime/Content/Functions/MX_OpenPBR_Translucent.uexp" 385
"../../../Engine/Plugins/Interchange/Runtime/Content/Functions/MX_OpenPBR_Opaque.uasset" 386
"../../../Engine/Plugins/Interchange/Runtime/Content/Functions/MX_OpenPBR_Opaque.uexp" 387
"../../../Engine/Plugins/Interchange/Runtime/Content/Functions/MX_MeasuredEDF.uasset" 388
"../../../Engine/Plugins/Interchange/Runtime/Content/Functions/MX_MeasuredEDF.uexp" 389
"../../../Engine/Plugins/Interchange/Runtime/Content/Functions/MX_GeneralizedSchlickBSDF.uasset" 390
"../../../Engine/Plugins/Interchange/Runtime/Content/Functions/MX_GeneralizedSchlickBSDF.uexp" 391
"../../../Engine/Plugins/Interchange/Runtime/Content/Functions/MX_DielectricBSDF.uasset" 392
"../../../Engine/Plugins/Interchange/Runtime/Content/Functions/MX_DielectricBSDF.uexp" 393
"../../../Engine/Plugins/Interchange/Runtime/Content/Functions/MX_ConicalEDF.uasset" 394
"../../../Engine/Plugins/Interchange/Runtime/Content/Functions/MX_ConicalEDF.uexp" 395
"../../../Engine/Plugins/Interchange/Runtime/Content/Functions/MX_ConductorBSDF.uasset" 396
"../../../Engine/Plugins/Interchange/Runtime/Content/Functions/MX_ConductorBSDF.uexp" 397
"../../../Engine/Plugins/Interchange/Runtime/Content/Functions/MX_BurleyDiffuseBSDF.uasset" 398
"../../../Engine/Plugins/Interchange/Runtime/Content/Functions/MX_BurleyDiffuseBSDF.uexp" 399
"../../../Engine/Plugins/Interchange/Runtime/Content/Functions/MX_AnisotropicVDF.uasset" 400
"../../../Engine/Plugins/Interchange/Runtime/Content/Functions/MX_AnisotropicVDF.uexp" 401
"../../../Engine/Plugins/Interchange/Runtime/Content/Functions/MX_AbsorptionVDF.uasset" 402
"../../../Engine/Plugins/Interchange/Runtime/Content/Functions/MX_AbsorptionVDF.uexp" 403
"../../../Engine/Plugins/Editor/SpeedTreeImporter/Content/SpeedTree9/game_wind_noise.ubulk" 404
"../../../Engine/Plugins/Editor/SpeedTreeImporter/Content/SpeedTree9/game_wind_noise.uasset" 405
"../../../Engine/Plugins/Editor/SpeedTreeImporter/Content/SpeedTree9/game_wind_noise.uexp" 406
"../../../Engine/Plugins/Editor/SpeedTreeImporter/Content/SpeedTree9/UnpackDirection.uasset" 407
"../../../Engine/Plugins/Editor/SpeedTreeImporter/Content/SpeedTree9/UnpackDirection.uexp" 408
"../../../Engine/Content/Functions/Engine_MaterialFunctions02/ObjectLocalBounds.uasset" 409
"../../../Engine/Content/Functions/Engine_MaterialFunctions02/ObjectLocalBounds.uexp" 410
"../../../Engine/Content/Functions/Engine_MaterialFunctions02/UVs/BoundingBoxBased_0-1_UVW.uasset" 411
"../../../Engine/Content/Functions/Engine_MaterialFunctions02/UVs/BoundingBoxBased_0-1_UVW.uexp" 412
"../../../Engine/Content/Functions/Engine_MaterialFunctions02/Utility/VectorLength.uasset" 413
"../../../Engine/Content/Functions/Engine_MaterialFunctions02/Utility/VectorLength.uexp" 414
"../../../Engine/Plugins/Editor/SpeedTreeImporter/Content/SpeedTree9/UnpackInteger3.uasset" 415
"../../../Engine/Plugins/Editor/SpeedTreeImporter/Content/SpeedTree9/UnpackInteger3.uexp" 416
"../../../Engine/Plugins/Editor/SpeedTreeImporter/Content/SpeedTree9/SpeedTreeCameraFacing.uasset" 417
"../../../Engine/Plugins/Editor/SpeedTreeImporter/Content/SpeedTree9/SpeedTreeCameraFacing.uexp" 418
"../../../Engine/Content/Functions/Engine_MaterialFunctions02/WorldPositionOffset/ObjectScale.uasset" 419
"../../../Engine/Content/Functions/Engine_MaterialFunctions02/WorldPositionOffset/ObjectScale.uexp" 420
"../../../Engine/Content/Functions/Engine_MaterialFunctions02/SafeNormalize.uasset" 421
"../../../Engine/Content/Functions/Engine_MaterialFunctions02/SafeNormalize.uexp" 422
"../../../Engine/Plugins/Editor/SpeedTreeImporter/Content/SpeedTree9/SpeedTreeWindMotion.uasset" 423
"../../../Engine/Plugins/Editor/SpeedTreeImporter/Content/SpeedTree9/SpeedTreeWindMotion.uexp" 424
"../../../Engine/Plugins/Editor/SpeedTreeImporter/Content/SpeedTree9/SpeedTreeBranchMotion.uasset" 425
"../../../Engine/Plugins/Editor/SpeedTreeImporter/Content/SpeedTree9/SpeedTreeBranchMotion.uexp" 426
"../../../Engine/Plugins/Editor/SpeedTreeImporter/Content/SpeedTree9/SpeedTreeWind.uasset" 427
"../../../Engine/Plugins/Editor/SpeedTreeImporter/Content/SpeedTree9/SpeedTreeWind.uexp" 428
"../../../Engine/Plugins/Editor/SpeedTreeImporter/Content/SpeedTree9/EmptyNormal.uasset" 429
"../../../Engine/Plugins/Editor/SpeedTreeImporter/Content/SpeedTree9/EmptyNormal.uexp" 430
"../../../Engine/Plugins/Editor/SpeedTreeImporter/Content/SpeedTree9/Empty.uasset" 431
"../../../Engine/Plugins/Editor/SpeedTreeImporter/Content/SpeedTree9/Empty.uexp" 432
"../../../Engine/Plugins/Editor/SpeedTreeImporter/Content/SpeedTree9/SpeedTreeMaster.uasset" 433
"../../../Engine/Plugins/Editor/SpeedTreeImporter/Content/SpeedTree9/SpeedTreeMaster.uexp" 434
"../../../Engine/Plugins/Editor/SpeedTreeImporter/Content/SpeedTree9/SpeedTreeBillboard.uasset" 435
"../../../Engine/Plugins/Editor/SpeedTreeImporter/Content/SpeedTree9/SpeedTreeBillboard.uexp" 436
"../../../Engine/Plugins/Editor/SpeedTreeImporter/Content/SpeedTree9/SpeedTreeBillboardMaster.uasset" 437
"../../../Engine/Plugins/Editor/SpeedTreeImporter/Content/SpeedTree9/SpeedTreeBillboardMaster.uexp" 438
"../../../Engine/Content/Functions/Engine_MaterialFunctions02/WorldPositionOffset/CameraOffset.uasset" 439
"../../../Engine/Content/Functions/Engine_MaterialFunctions02/WorldPositionOffset/CameraOffset.uexp" 440
"../../../Engine/Plugins/Animation/ControlRig/Content/M_Manip.uasset" 441
"../../../Engine/Plugins/Animation/ControlRig/Content/M_Manip.uexp" 442
"../../../Engine/Plugins/Animation/ControlRig/Content/Controls/DefaultGizmoLibraryNormalized.uasset" 443
"../../../Engine/Plugins/Animation/ControlRig/Content/Controls/DefaultGizmoLibraryNormalized.uexp" 444
"../../../Engine/Plugins/Animation/ControlRig/Content/Controls/ControlRig_Wedge_solid.ubulk" 445
"../../../Engine/Plugins/Animation/ControlRig/Content/Controls/ControlRig_Wedge_solid.uasset" 446
"../../../Engine/Plugins/Animation/ControlRig/Content/Controls/ControlRig_Wedge_solid.uexp" 447
"../../../Engine/Plugins/Animation/ControlRig/Content/Controls/ControlRig_Wedge_3mm.ubulk" 448
"../../../Engine/Plugins/Animation/ControlRig/Content/Controls/ControlRig_Wedge_3mm.uasset" 449
"../../../Engine/Plugins/Animation/ControlRig/Content/Controls/ControlRig_Wedge_3mm.uexp" 450
"../../../Engine/Plugins/Animation/ControlRig/Content/Controls/ControlRig_Wedge_1mm.ubulk" 451
"../../../Engine/Plugins/Animation/ControlRig/Content/Controls/ControlRig_Wedge_1mm.uasset" 452
"../../../Engine/Plugins/Animation/ControlRig/Content/Controls/ControlRig_Wedge_1mm.uexp" 453
"../../../Engine/Plugins/Animation/ControlRig/Content/Controls/ControlRig_Triangle_solid.ubulk" 454
"../../../Engine/Plugins/Animation/ControlRig/Content/Controls/ControlRig_Triangle_solid.uasset" 455
"../../../Engine/Plugins/Animation/ControlRig/Content/Controls/ControlRig_Triangle_solid.uexp" 456
"../../../Engine/Plugins/Animation/ControlRig/Content/Controls/ControlRig_Triangle_3mm.ubulk" 457
"../../../Engine/Plugins/Animation/ControlRig/Content/Controls/ControlRig_Triangle_3mm.uasset" 458
"../../../Engine/Plugins/Animation/ControlRig/Content/Controls/ControlRig_Triangle_3mm.uexp" 459
"../../../Engine/Plugins/Animation/ControlRig/Content/Controls/ControlRig_Triangle_1mm.ubulk" 460
"../../../Engine/Plugins/Animation/ControlRig/Content/Controls/ControlRig_Triangle_1mm.uasset" 461
"../../../Engine/Plugins/Animation/ControlRig/Content/Controls/ControlRig_Triangle_1mm.uexp" 462
"../../../Engine/Plugins/Animation/ControlRig/Content/Controls/ControlRig_Star4_solid.ubulk" 463
"../../../Engine/Plugins/Animation/ControlRig/Content/Controls/ControlRig_Star4_solid.uasset" 464
"../../../Engine/Plugins/Animation/ControlRig/Content/Controls/ControlRig_Star4_solid.uexp" 465
"../../../Engine/Plugins/Animation/ControlRig/Content/Controls/ControlRig_Star4_3mm.ubulk" 466
"../../../Engine/Plugins/Animation/ControlRig/Content/Controls/ControlRig_Star4_3mm.uasset" 467
"../../../Engine/Plugins/Animation/ControlRig/Content/Controls/ControlRig_Star4_3mm.uexp" 468
"../../../Engine/Plugins/Animation/ControlRig/Content/Controls/ControlRig_Star4_1mm.ubulk" 469
"../../../Engine/Plugins/Animation/ControlRig/Content/Controls/ControlRig_Star4_1mm.uasset" 470
"../../../Engine/Plugins/Animation/ControlRig/Content/Controls/ControlRig_Star4_1mm.uexp" 471
"../../../Engine/Plugins/Animation/ControlRig/Content/Controls/ControlRig_Square_solid.ubulk" 472
"../../../Engine/Plugins/Animation/ControlRig/Content/Controls/ControlRig_Square_solid.uasset" 473
"../../../Engine/Plugins/Animation/ControlRig/Content/Controls/ControlRig_Square_solid.uexp" 474
"../../../Engine/Plugins/Animation/ControlRig/Content/Controls/ControlRig_Square_3mm.ubulk" 475
"../../../Engine/Plugins/Animation/ControlRig/Content/Controls/ControlRig_Square_3mm.uasset" 476
"../../../Engine/Plugins/Animation/ControlRig/Content/Controls/ControlRig_Square_3mm.uexp" 477
"../../../Engine/Plugins/Animation/ControlRig/Content/Controls/ControlRig_Square_1mm.ubulk" 478
"../../../Engine/Plugins/Animation/ControlRig/Content/Controls/ControlRig_Square_1mm.uasset" 479
"../../../Engine/Plugins/Animation/ControlRig/Content/Controls/ControlRig_Square_1mm.uexp" 480
"../../../Engine/Plugins/Animation/ControlRig/Content/Controls/ControlRig_Sphere_solid.ubulk" 481
"../../../Engine/Plugins/Animation/ControlRig/Content/Controls/ControlRig_Sphere_solid.uasset" 482
"../../../Engine/Plugins/Animation/ControlRig/Content/Controls/ControlRig_Sphere_solid.uexp" 483
"../../../Engine/Plugins/Animation/ControlRig/Content/Controls/ControlRig_Sphere_3mm.ubulk" 484
"../../../Engine/Plugins/Animation/ControlRig/Content/Controls/ControlRig_Sphere_3mm.uasset" 485
"../../../Engine/Plugins/Animation/ControlRig/Content/Controls/ControlRig_Sphere_3mm.uexp" 486
"../../../Engine/Plugins/Animation/ControlRig/Content/Controls/ControlRig_Sphere_1mm.ubulk" 487
"../../../Engine/Plugins/Animation/ControlRig/Content/Controls/ControlRig_Sphere_1mm.uasset" 488
"../../../Engine/Plugins/Animation/ControlRig/Content/Controls/ControlRig_Sphere_1mm.uexp" 489
"../../../Engine/Plugins/Animation/ControlRig/Content/Controls/ControlRig_RoundedTriangle_solid.ubulk" 490
"../../../Engine/Plugins/Animation/ControlRig/Content/Controls/ControlRig_RoundedTriangle_solid.uasset" 491
"../../../Engine/Plugins/Animation/ControlRig/Content/Controls/ControlRig_RoundedTriangle_solid.uexp" 492
"../../../Engine/Plugins/Animation/ControlRig/Content/Controls/ControlRig_RoundedTriangle_3mm.ubulk" 493
"../../../Engine/Plugins/Animation/ControlRig/Content/Controls/ControlRig_RoundedTriangle_3mm.uasset" 494
"../../../Engine/Plugins/Animation/ControlRig/Content/Controls/ControlRig_RoundedTriangle_3mm.uexp" 495
"../../../Engine/Plugins/Animation/ControlRig/Content/Controls/ControlRig_RoundedTriangle_1mm.ubulk" 496
"../../../Engine/Plugins/Animation/ControlRig/Content/Controls/ControlRig_RoundedTriangle_1mm.uasset" 497
"../../../Engine/Plugins/Animation/ControlRig/Content/Controls/ControlRig_RoundedTriangle_1mm.uexp" 498
"../../../Engine/Plugins/Animation/ControlRig/Content/Controls/ControlRig_RoundedSquare_solid.ubulk" 499
"../../../Engine/Plugins/Animation/ControlRig/Content/Controls/ControlRig_RoundedSquare_solid.uasset" 500
"../../../Engine/Plugins/Animation/ControlRig/Content/Controls/ControlRig_RoundedSquare_solid.uexp" 501
"../../../Engine/Plugins/Animation/ControlRig/Content/Controls/ControlRig_RoundedSquare_3mm.ubulk" 502
"../../../Engine/Plugins/Animation/ControlRig/Content/Controls/ControlRig_RoundedSquare_3mm.uasset" 503
"../../../Engine/Plugins/Animation/ControlRig/Content/Controls/ControlRig_RoundedSquare_3mm.uexp" 504
"../../../Engine/Plugins/Animation/ControlRig/Content/Controls/ControlRig_RoundedSquare_1mm.ubulk" 505
"../../../Engine/Plugins/Animation/ControlRig/Content/Controls/ControlRig_RoundedSquare_1mm.uasset" 506
"../../../Engine/Plugins/Animation/ControlRig/Content/Controls/ControlRig_RoundedSquare_1mm.uexp" 507
"../../../Engine/Plugins/Animation/ControlRig/Content/Controls/ControlRig_QuarterCircle_solid.ubulk" 508
"../../../Engine/Plugins/Animation/ControlRig/Content/Controls/ControlRig_QuarterCircle_solid.uasset" 509
"../../../Engine/Plugins/Animation/ControlRig/Content/Controls/ControlRig_QuarterCircle_solid.uexp" 510
"../../../Engine/Plugins/Animation/ControlRig/Content/Controls/ControlRig_QuarterCircle_3mm.ubulk" 511
"../../../Engine/Plugins/Animation/ControlRig/Content/Controls/ControlRig_QuarterCircle_3mm.uasset" 512
"../../../Engine/Plugins/Animation/ControlRig/Content/Controls/ControlRig_QuarterCircle_3mm.uexp" 513
"../../../Engine/Plugins/Animation/ControlRig/Content/Controls/ControlRig_QuarterCircle_1mm.ubulk" 514
"../../../Engine/Plugins/Animation/ControlRig/Content/Controls/ControlRig_QuarterCircle_1mm.uasset" 515
"../../../Engine/Plugins/Animation/ControlRig/Content/Controls/ControlRig_QuarterCircle_1mm.uexp" 516
"../../../Engine/Plugins/Animation/ControlRig/Content/Controls/ControlRig_Pyramid_solid.ubulk" 517
"../../../Engine/Plugins/Animation/ControlRig/Content/Controls/ControlRig_Pyramid_solid.uasset" 518
"../../../Engine/Plugins/Animation/ControlRig/Content/Controls/ControlRig_Pyramid_solid.uexp" 519
"../../../Engine/Plugins/Animation/ControlRig/Content/Controls/ControlRig_Pyramid_3mm.ubulk" 520
"../../../Engine/Plugins/Animation/ControlRig/Content/Controls/ControlRig_Pyramid_3mm.uasset" 521
"../../../Engine/Plugins/Animation/ControlRig/Content/Controls/ControlRig_Pyramid_3mm.uexp" 522
"../../../Engine/Plugins/Animation/ControlRig/Content/Controls/ControlRig_Pyramid_1mm.ubulk" 523
"../../../Engine/Plugins/Animation/ControlRig/Content/Controls/ControlRig_Pyramid_1mm.uasset" 524
"../../../Engine/Plugins/Animation/ControlRig/Content/Controls/ControlRig_Pyramid_1mm.uexp" 525
"../../../Engine/Plugins/Animation/ControlRig/Content/Controls/ControlRig_Octagon_solid.ubulk" 526
"../../../Engine/Plugins/Animation/ControlRig/Content/Controls/ControlRig_Octagon_solid.uasset" 527
"../../../Engine/Plugins/Animation/ControlRig/Content/Controls/ControlRig_Octagon_solid.uexp" 528
"../../../Engine/Plugins/Animation/ControlRig/Content/Controls/ControlRig_Octagon_3mm.ubulk" 529
"../../../Engine/Plugins/Animation/ControlRig/Content/Controls/ControlRig_Octagon_3mm.uasset" 530
"../../../Engine/Plugins/Animation/ControlRig/Content/Controls/ControlRig_Octagon_3mm.uexp" 531
"../../../Engine/Plugins/Animation/ControlRig/Content/Controls/ControlRig_Octagon_1mm.ubulk" 532
"../../../Engine/Plugins/Animation/ControlRig/Content/Controls/ControlRig_Octagon_1mm.uasset" 533
"../../../Engine/Plugins/Animation/ControlRig/Content/Controls/ControlRig_Octagon_1mm.uexp" 534
"../../../Engine/Plugins/Animation/ControlRig/Content/Controls/ControlRig_Hexagon_solid.ubulk" 535
"../../../Engine/Plugins/Animation/ControlRig/Content/Controls/ControlRig_Hexagon_solid.uasset" 536
"../../../Engine/Plugins/Animation/ControlRig/Content/Controls/ControlRig_Hexagon_solid.uexp" 537
"../../../Engine/Plugins/Animation/ControlRig/Content/Controls/ControlRig_Hexagon_3mm.ubulk" 538
"../../../Engine/Plugins/Animation/ControlRig/Content/Controls/ControlRig_Hexagon_3mm.uasset" 539
"../../../Engine/Plugins/Animation/ControlRig/Content/Controls/ControlRig_Hexagon_3mm.uexp" 540
"../../../Engine/Plugins/Animation/ControlRig/Content/Controls/ControlRig_Hexagon_1mm.ubulk" 541
"../../../Engine/Plugins/Animation/ControlRig/Content/Controls/ControlRig_Hexagon_1mm.uasset" 542
"../../../Engine/Plugins/Animation/ControlRig/Content/Controls/ControlRig_Hexagon_1mm.uexp" 543
"../../../Engine/Plugins/Animation/ControlRig/Content/Controls/ControlRig_HalfCircle_solid.ubulk" 544
"../../../Engine/Plugins/Animation/ControlRig/Content/Controls/ControlRig_HalfCircle_solid.uasset" 545
"../../../Engine/Plugins/Animation/ControlRig/Content/Controls/ControlRig_HalfCircle_solid.uexp" 546
"../../../Engine/Plugins/Animation/ControlRig/Content/Controls/ControlRig_HalfCircle_3mm.ubulk" 547
"../../../Engine/Plugins/Animation/ControlRig/Content/Controls/ControlRig_HalfCircle_3mm.uasset" 548
"../../../Engine/Plugins/Animation/ControlRig/Content/Controls/ControlRig_HalfCircle_3mm.uexp" 549
"../../../Engine/Plugins/Animation/ControlRig/Content/Controls/ControlRig_HalfCircle_1mm.ubulk" 550
"../../../Engine/Plugins/Animation/ControlRig/Content/Controls/ControlRig_HalfCircle_1mm.uasset" 551
"../../../Engine/Plugins/Animation/ControlRig/Content/Controls/ControlRig_HalfCircle_1mm.uexp" 552
"../../../Engine/Plugins/Animation/ControlRig/Content/Controls/ControlRig_Diamond_solid.ubulk" 553
"../../../Engine/Plugins/Animation/ControlRig/Content/Controls/ControlRig_Diamond_solid.uasset" 554
"../../../Engine/Plugins/Animation/ControlRig/Content/Controls/ControlRig_Diamond_solid.uexp" 555
"../../../Engine/Plugins/Animation/ControlRig/Content/Controls/ControlRig_Diamond_3mm.ubulk" 556
"../../../Engine/Plugins/Animation/ControlRig/Content/Controls/ControlRig_Diamond_3mm.uasset" 557
"../../../Engine/Plugins/Animation/ControlRig/Content/Controls/ControlRig_Diamond_3mm.uexp" 558
"../../../Engine/Plugins/Animation/ControlRig/Content/Controls/ControlRig_Diamond_1mm.ubulk" 559
"../../../Engine/Plugins/Animation/ControlRig/Content/Controls/ControlRig_Diamond_1mm.uasset" 560
"../../../Engine/Plugins/Animation/ControlRig/Content/Controls/ControlRig_Diamond_1mm.uexp" 561
"../../../Engine/Plugins/Animation/ControlRig/Content/Controls/ControlRig_Circle_solid.ubulk" 562
"../../../Engine/Plugins/Animation/ControlRig/Content/Controls/ControlRig_Circle_solid.uasset" 563
"../../../Engine/Plugins/Animation/ControlRig/Content/Controls/ControlRig_Circle_solid.uexp" 564
"../../../Engine/Plugins/Animation/ControlRig/Content/Controls/ControlRig_Circle_3mm.ubulk" 565
"../../../Engine/Plugins/Animation/ControlRig/Content/Controls/ControlRig_Circle_3mm.uasset" 566
"../../../Engine/Plugins/Animation/ControlRig/Content/Controls/ControlRig_Circle_3mm.uexp" 567
"../../../Engine/Plugins/Animation/ControlRig/Content/Controls/ControlRig_Circle_1mm.ubulk" 568
"../../../Engine/Plugins/Animation/ControlRig/Content/Controls/ControlRig_Circle_1mm.uasset" 569
"../../../Engine/Plugins/Animation/ControlRig/Content/Controls/ControlRig_Circle_1mm.uexp" 570
"../../../Engine/Plugins/Animation/ControlRig/Content/Controls/ControlRig_Box_solid.ubulk" 571
"../../../Engine/Plugins/Animation/ControlRig/Content/Controls/ControlRig_Box_solid.uasset" 572
"../../../Engine/Plugins/Animation/ControlRig/Content/Controls/ControlRig_Box_solid.uexp" 573
"../../../Engine/Plugins/Animation/ControlRig/Content/Controls/ControlRig_Box_3mm.ubulk" 574
"../../../Engine/Plugins/Animation/ControlRig/Content/Controls/ControlRig_Box_3mm.uasset" 575
"../../../Engine/Plugins/Animation/ControlRig/Content/Controls/ControlRig_Box_3mm.uexp" 576
"../../../Engine/Plugins/Animation/ControlRig/Content/Controls/ControlRig_Box_1mm.ubulk" 577
"../../../Engine/Plugins/Animation/ControlRig/Content/Controls/ControlRig_Box_1mm.uasset" 578
"../../../Engine/Plugins/Animation/ControlRig/Content/Controls/ControlRig_Box_1mm.uexp" 579
"../../../Engine/Plugins/Animation/ControlRig/Content/Controls/ControlRig_Arrow_solid.ubulk" 580
"../../../Engine/Plugins/Animation/ControlRig/Content/Controls/ControlRig_Arrow_solid.uasset" 581
"../../../Engine/Plugins/Animation/ControlRig/Content/Controls/ControlRig_Arrow_solid.uexp" 582
"../../../Engine/Plugins/Animation/ControlRig/Content/Controls/ControlRig_Arrow_3mm.ubulk" 583
"../../../Engine/Plugins/Animation/ControlRig/Content/Controls/ControlRig_Arrow_3mm.uasset" 584
"../../../Engine/Plugins/Animation/ControlRig/Content/Controls/ControlRig_Arrow_3mm.uexp" 585
"../../../Engine/Plugins/Animation/ControlRig/Content/Controls/ControlRig_Arrow_1mm.ubulk" 586
"../../../Engine/Plugins/Animation/ControlRig/Content/Controls/ControlRig_Arrow_1mm.uasset" 587
"../../../Engine/Plugins/Animation/ControlRig/Content/Controls/ControlRig_Arrow_1mm.uexp" 588
"../../../Engine/Plugins/Animation/ControlRig/Content/Controls/ControlRig_Arrow4_solid.ubulk" 589
"../../../Engine/Plugins/Animation/ControlRig/Content/Controls/ControlRig_Arrow4_solid.uasset" 590
"../../../Engine/Plugins/Animation/ControlRig/Content/Controls/ControlRig_Arrow4_solid.uexp" 591
"../../../Engine/Plugins/Animation/ControlRig/Content/Controls/ControlRig_Arrow4_3mm.ubulk" 592
"../../../Engine/Plugins/Animation/ControlRig/Content/Controls/ControlRig_Arrow4_3mm.uasset" 593
"../../../Engine/Plugins/Animation/ControlRig/Content/Controls/ControlRig_Arrow4_3mm.uexp" 594
"../../../Engine/Plugins/Animation/ControlRig/Content/Controls/ControlRig_Arrow4_1mm.ubulk" 595
"../../../Engine/Plugins/Animation/ControlRig/Content/Controls/ControlRig_Arrow4_1mm.uasset" 596
"../../../Engine/Plugins/Animation/ControlRig/Content/Controls/ControlRig_Arrow4_1mm.uexp" 597
"../../../Engine/Plugins/Animation/ControlRig/Content/Controls/ControlRig_Arrow2_solid.ubulk" 598
"../../../Engine/Plugins/Animation/ControlRig/Content/Controls/ControlRig_Arrow2_solid.uasset" 599
"../../../Engine/Plugins/Animation/ControlRig/Content/Controls/ControlRig_Arrow2_solid.uexp" 600
"../../../Engine/Plugins/Animation/ControlRig/Content/Controls/ControlRig_Arrow2_3mm.ubulk" 601
"../../../Engine/Plugins/Animation/ControlRig/Content/Controls/ControlRig_Arrow2_3mm.uasset" 602
"../../../Engine/Plugins/Animation/ControlRig/Content/Controls/ControlRig_Arrow2_3mm.uexp" 603
"../../../Engine/Plugins/Animation/ControlRig/Content/Controls/ControlRig_Arrow2_1mm.ubulk" 604
"../../../Engine/Plugins/Animation/ControlRig/Content/Controls/ControlRig_Arrow2_1mm.uasset" 605
"../../../Engine/Plugins/Animation/ControlRig/Content/Controls/ControlRig_Arrow2_1mm.uexp" 606
"../../../Engine/Plugins/Animation/ControlRig/Content/Controls/ControlRigXRayMaterial.uasset" 607
"../../../Engine/Plugins/Animation/ControlRig/Content/Controls/ControlRigXRayMaterial.uexp" 608
"../../../Engine/Plugins/Animation/ControlRig/Content/Controls/ControlRigGizmoMaterial.uasset" 609
"../../../Engine/Plugins/Animation/ControlRig/Content/Controls/ControlRigGizmoMaterial.uexp" 610
"../../../Engine/Plugins/Animation/ACLPlugin/Content/ACLAnimCurveCompressionSettings.uasset" 611
"../../../Engine/Plugins/Animation/ACLPlugin/Content/ACLAnimCurveCompressionSettings.uexp" 612
"../../../Engine/Plugins/Animation/ACLPlugin/Content/ACLAnimBoneCompressionSettings.uasset" 613
"../../../Engine/Plugins/Animation/ACLPlugin/Content/ACLAnimBoneCompressionSettings.uexp" 614
"../../../Engine/Plugins/2D/Paper2D/Content/PlaceholderTextures/DummySpriteTexture.ubulk" 615
"../../../Engine/Plugins/2D/Paper2D/Content/PlaceholderTextures/DummySpriteTexture.uasset" 616
"../../../Engine/Plugins/2D/Paper2D/Content/PlaceholderTextures/DummySpriteTexture.uexp" 617
"../../../Engine/Plugins/2D/Paper2D/Content/DefaultSpriteMaterial.uasset" 618
"../../../Engine/Plugins/2D/Paper2D/Content/DefaultSpriteMaterial.uexp" 619
"../../../Engine/Plugins/2D/Paper2D/Content/OpaqueUnlitSpriteMaterial.uasset" 620
"../../../Engine/Plugins/2D/Paper2D/Content/OpaqueUnlitSpriteMaterial.uexp" 621
"../../../Engine/Plugins/2D/Paper2D/Content/MaskedUnlitSpriteMaterial.uasset" 622
"../../../Engine/Plugins/2D/Paper2D/Content/MaskedUnlitSpriteMaterial.uexp" 623
"../../../Engine/Plugins/2D/Paper2D/Content/DummySprite.uasset" 624
"../../../Engine/Plugins/2D/Paper2D/Content/DummySprite.uexp" 625
"../../../Engine/Plugins/2D/Paper2D/Content/DefaultPaperTerrainMaterial.uasset" 626
"../../../Engine/Plugins/2D/Paper2D/Content/DefaultPaperTerrainMaterial.uexp" 627
"../../../Engine/Content/VREditor/TransformGizmo/StartRotationHandleIndicator.ubulk" 628
"../../../Engine/Content/VREditor/TransformGizmo/StartRotationHandleIndicator.uasset" 629
"../../../Engine/Content/VREditor/TransformGizmo/StartRotationHandleIndicator.uexp" 630
"../../../Engine/Content/VREditor/Sounds/UI/Drop_Item_From_ContentBrowser.ubulk" 631
"../../../Engine/Content/VREditor/Sounds/UI/Drop_Item_From_ContentBrowser.uasset" 632
"../../../Engine/Content/VREditor/Sounds/UI/Drop_Item_From_ContentBrowser.uexp" 633
"../../../Engine/Content/VREditor/TransformGizmo/PlaneTranslationHandle.ubulk" 634
"../../../Engine/Content/VREditor/TransformGizmo/PlaneTranslationHandle.uasset" 635
"../../../Engine/Content/VREditor/TransformGizmo/PlaneTranslationHandle.uexp" 636
"../../../Engine/Content/VREditor/Sounds/UI/Object_Snaps_To_Grid.ubulk" 637
"../../../Engine/Content/VREditor/Sounds/UI/Object_Snaps_To_Grid.uasset" 638
"../../../Engine/Content/VREditor/Sounds/UI/Object_Snaps_To_Grid.uexp" 639
"../../../Engine/Content/VREditor/Sounds/UI/Selection_Changes.ubulk" 640
"../../../Engine/Content/VREditor/Sounds/UI/Selection_Changes.uasset" 641
"../../../Engine/Content/VREditor/Sounds/UI/Selection_Changes.uexp" 642
"../../../Engine/Content/VREditor/Sounds/UI/Object_Snaps_To_Another_Actor.ubulk" 643
"../../../Engine/Content/VREditor/Sounds/UI/Object_Snaps_To_Another_Actor.uasset" 644
"../../../Engine/Content/VREditor/Sounds/UI/Object_Snaps_To_Another_Actor.uexp" 645
"../../../Engine/Content/VREditor/TransformGizmo/TranslucentTransformGizmoMaterial_Inst.uasset" 646
"../../../Engine/Content/VREditor/TransformGizmo/TranslucentTransformGizmoMaterial_Inst.uexp" 647
"../../../Engine/Content/VREditor/TransformGizmo/TransformGizmoFreeRotation.ubulk" 648
"../../../Engine/Content/VREditor/TransformGizmo/TransformGizmoFreeRotation.uasset" 649
"../../../Engine/Content/VREditor/TransformGizmo/TransformGizmoFreeRotation.uexp" 650
"../../../Engine/Content/VREditor/Sounds/UI/Scaling_Down.ubulk" 651
"../../../Engine/Content/VREditor/Sounds/UI/Scaling_Down.uasset" 652
"../../../Engine/Content/VREditor/Sounds/UI/Scaling_Down.uexp" 653
"../../../Engine/Content/Functions/Engine_MaterialFunctions02/Math/Transform3x3Matrix.uasset" 654
"../../../Engine/Content/Functions/Engine_MaterialFunctions02/Math/Transform3x3Matrix.uexp" 655
"../../../Engine/Content/Functions/Engine_MaterialFunctions02/SplitComponents.uasset" 656
"../../../Engine/Content/Functions/Engine_MaterialFunctions02/SplitComponents.uexp" 657
"../../../Engine/Content/Functions/Engine_MaterialFunctions02/Utility/MakeFloat3.uasset" 658
"../../../Engine/Content/Functions/Engine_MaterialFunctions02/Utility/MakeFloat3.uexp" 659
"../../../Engine/Content/VREditor/SnapGrid/SnapGridMaterial.uasset" 660
"../../../Engine/Content/VREditor/SnapGrid/SnapGridMaterial.uexp" 661
"../../../Engine/Content/VREditor/SnapGrid/SnapGridPlaneMesh.ubulk" 662
"../../../Engine/Content/VREditor/SnapGrid/SnapGridPlaneMesh.uasset" 663
"../../../Engine/Content/VREditor/SnapGrid/SnapGridPlaneMesh.uexp" 664
"../../../Engine/Content/VREditor/Sounds/UI/Scaling_Up.ubulk" 665
"../../../Engine/Content/VREditor/Sounds/UI/Scaling_Up.uasset" 666
"../../../Engine/Content/VREditor/Sounds/UI/Scaling_Up.uexp" 667
"../../../Engine/Content/VREditor/TransformGizmo/TransformGizmoMaterial_Inst.uasset" 668
"../../../Engine/Content/VREditor/TransformGizmo/TransformGizmoMaterial_Inst.uexp" 669
"../../../Engine/Content/VREditor/Sounds/UI/Gizmo_Handle_Clicked.ubulk" 670
"../../../Engine/Content/VREditor/Sounds/UI/Gizmo_Handle_Clicked.uasset" 671
"../../../Engine/Content/VREditor/Sounds/UI/Gizmo_Handle_Clicked.uexp" 672
"../../../Engine/Content/VREditor/TransformGizmo/RotationHandleQuarter.ubulk" 673
"../../../Engine/Content/VREditor/TransformGizmo/RotationHandleQuarter.uasset" 674
"../../../Engine/Content/VREditor/TransformGizmo/RotationHandleQuarter.uexp" 675
"../../../Engine/Content/VREditor/TransformGizmo/TranslateArrowHandle.ubulk" 676
"../../../Engine/Content/VREditor/TransformGizmo/TranslateArrowHandle.uasset" 677
"../../../Engine/Content/VREditor/TransformGizmo/TranslateArrowHandle.uexp" 678
"../../../Engine/Content/VREditor/TransformGizmo/RotationHandleIndicator.ubulk" 679
"../../../Engine/Content/VREditor/TransformGizmo/RotationHandleIndicator.uasset" 680
"../../../Engine/Content/VREditor/TransformGizmo/RotationHandleIndicator.uexp" 681
"../../../Engine/Content/VREditor/TransformGizmo/UniformScaleHandle.ubulk" 682
"../../../Engine/Content/VREditor/TransformGizmo/UniformScaleHandle.uasset" 683
"../../../Engine/Content/VREditor/TransformGizmo/UniformScaleHandle.uexp" 684
"../../../Engine/Content/VREditor/TransformGizmo/RotationHandleFull.ubulk" 685
"../../../Engine/Content/VREditor/TransformGizmo/RotationHandleFull.uasset" 686
"../../../Engine/Content/VREditor/TransformGizmo/RotationHandleFull.uexp" 687
"../../../Engine/Content/VREditor/Sounds/UI/Object_PickUp.ubulk" 688
"../../../Engine/Content/VREditor/Sounds/UI/Object_PickUp.uasset" 689
"../../../Engine/Content/VREditor/Sounds/UI/Object_PickUp.uexp" 690
"../../../Engine/Content/EngineResources/WhiteSquareTexture.uasset" 691
"../../../Engine/Content/EngineResources/WhiteSquareTexture.uexp" 692
"../../../Engine/Content/EngineMaterials/Widget3DPassThrough.uasset" 693
"../../../Engine/Content/EngineMaterials/Widget3DPassThrough.uexp" 694
"../../../Engine/Content/EngineMaterials/Widget3DPassThrough_Translucent.uasset" 695
"../../../Engine/Content/EngineMaterials/Widget3DPassThrough_Translucent.uexp" 696
"../../../Engine/Content/EngineMaterials/Widget3DPassThrough_Translucent_OneSided.uasset" 697
"../../../Engine/Content/EngineMaterials/Widget3DPassThrough_Translucent_OneSided.uexp" 698
"../../../Engine/Content/EngineMaterials/Widget3DPassThrough_Opaque.uasset" 699
"../../../Engine/Content/EngineMaterials/Widget3DPassThrough_Opaque.uexp" 700
"../../../Engine/Content/EngineMaterials/Widget3DPassThrough_Opaque_OneSided.uasset" 701
"../../../Engine/Content/EngineMaterials/Widget3DPassThrough_Opaque_OneSided.uexp" 702
"../../../Engine/Content/EngineMaterials/Widget3DPassThrough_Masked_OneSided.uasset" 703
"../../../Engine/Content/EngineMaterials/Widget3DPassThrough_Masked_OneSided.uexp" 704
"../../../Engine/Content/EngineMaterials/Widget3DPassThrough_Masked.uasset" 705
"../../../Engine/Content/EngineMaterials/Widget3DPassThrough_Masked.uexp" 706
"../../../Engine/Content/EngineMaterials/STBlueNoise_vec2_128x128x64.uasset" 707
"../../../Engine/Content/EngineMaterials/STBlueNoise_vec2_128x128x64.uexp" 708
"../../../Engine/Content/EngineMaterials/STBlueNoise_scalar_128x128x64.uasset" 709
"../../../Engine/Content/EngineMaterials/STBlueNoise_scalar_128x128x64.uexp" 710
"../../../Engine/Content/EngineMaterials/RemoveSurfaceMaterial.uasset" 711
"../../../Engine/Content/EngineMaterials/RemoveSurfaceMaterial.uexp" 712
"../../../Engine/Content/EngineMaterials/DefaultCalibrationGrayscale.uasset" 713
"../../../Engine/Content/EngineMaterials/DefaultCalibrationGrayscale.uexp" 714
"../../../Engine/Content/EngineMaterials/PPM_DefaultCalibrationGrayscale.uasset" 715
"../../../Engine/Content/EngineMaterials/PPM_DefaultCalibrationGrayscale.uexp" 716
"../../../Engine/Content/EngineMaterials/DefaultCalibrationColor.uasset" 717
"../../../Engine/Content/EngineMaterials/DefaultCalibrationColor.uexp" 718
"../../../Engine/Content/EngineMaterials/PPM_DefaultCalibrationColor.uasset" 719
"../../../Engine/Content/EngineMaterials/PPM_DefaultCalibrationColor.uexp" 720
"../../../Engine/Content/EngineMaterials/PhAT_JointLimitMaterial.uasset" 721
"../../../Engine/Content/EngineMaterials/PhAT_JointLimitMaterial.uexp" 722
"../../../Engine/Content/EngineMaterials/NaniteHiddenSectionMaterial.uasset" 723
"../../../Engine/Content/EngineMaterials/NaniteHiddenSectionMaterial.uexp" 724
"../../../Engine/Content/EngineMaterials/InvalidLightmapSettings.ubulk" 725
"../../../Engine/Content/EngineMaterials/InvalidLightmapSettings.uasset" 726
"../../../Engine/Content/EngineMaterials/InvalidLightmapSettings.uexp" 727
"../../../Engine/Content/EngineMaterials/M_InvalidLightmapSettings.uasset" 728
"../../../Engine/Content/EngineMaterials/M_InvalidLightmapSettings.uexp" 729
"../../../Engine/Content/EngineMaterials/GizmoMaterial.uasset" 730
"../../../Engine/Content/EngineMaterials/GizmoMaterial.uexp" 731
"../../../Engine/Content/EngineMaterials/BaseFlattenEmissiveMap_VT.uasset" 732
"../../../Engine/Content/EngineMaterials/BaseFlattenEmissiveMap_VT.uexp" 733
"../../../Engine/Content/EngineMaterials/BaseFlattenGrayscaleMap_VT.uasset" 734
"../../../Engine/Content/EngineMaterials/BaseFlattenGrayscaleMap_VT.uexp" 735
"../../../Engine/Content/EngineMaterials/BaseFlattenLinearColor_VT.uasset" 736
"../../../Engine/Content/EngineMaterials/BaseFlattenLinearColor_VT.uexp" 737
"../../../Engine/Content/EngineMaterials/Black_1x1_EXR_Texture_VT.uasset" 738
"../../../Engine/Content/EngineMaterials/Black_1x1_EXR_Texture_VT.uexp" 739
"../../../Engine/Content/EngineMaterials/BaseFlattenDiffuseMap_VT.uasset" 740
"../../../Engine/Content/EngineMaterials/BaseFlattenDiffuseMap_VT.uexp" 741
"../../../Engine/Content/EngineMaterials/BaseFlattenNormalMap_VT.uasset" 742
"../../../Engine/Content/EngineMaterials/BaseFlattenNormalMap_VT.uexp" 743
"../../../Engine/Content/EngineMaterials/FlattenMaterial_WS_Normal_VT.uasset" 744
"../../../Engine/Content/EngineMaterials/FlattenMaterial_WS_Normal_VT.uexp" 745
"../../../Engine/Content/EngineMaterials/FlattenMaterial_VT.uasset" 746
"../../../Engine/Content/EngineMaterials/FlattenMaterial_VT.uexp" 747
"../../../Engine/Content/EngineMaterials/BaseFlattenGrayscaleMap.uasset" 748
"../../../Engine/Content/EngineMaterials/BaseFlattenGrayscaleMap.uexp" 749
"../../../Engine/Content/EngineMaterials/BaseFlattenDiffuseMap.uasset" 750
"../../../Engine/Content/EngineMaterials/BaseFlattenDiffuseMap.uexp" 751
"../../../Engine/Content/Functions/Engine_MaterialFunctions02/PivotPainter2/Black_1x1_EXR_Texture.uasset" 752
"../../../Engine/Content/Functions/Engine_MaterialFunctions02/PivotPainter2/Black_1x1_EXR_Texture.uexp" 753
"../../../Engine/Content/EngineMaterials/BaseFlattenEmissiveMap.uasset" 754
"../../../Engine/Content/EngineMaterials/BaseFlattenEmissiveMap.uexp" 755
"../../../Engine/Content/EngineMaterials/BaseFlattenLinearColor.uasset" 756
"../../../Engine/Content/EngineMaterials/BaseFlattenLinearColor.uexp" 757
"../../../Engine/Content/EngineMaterials/FlattenMaterial.uasset" 758
"../../../Engine/Content/EngineMaterials/FlattenMaterial.uexp" 759
"../../../Engine/Content/EngineMaterials/DefaultWhiteGrid_Low.uasset" 760
"../../../Engine/Content/EngineMaterials/DefaultWhiteGrid_Low.uexp" 761
"../../../Engine/Content/EngineMaterials/EmissiveMeshMaterial.uasset" 762
"../../../Engine/Content/EngineMaterials/EmissiveMeshMaterial.uexp" 763
"../../../Engine/Content/EngineFonts/RobotoDistanceField.uasset" 764
"../../../Engine/Content/EngineFonts/RobotoDistanceField.uexp" 765
"../../../Engine/Content/EngineMaterials/DefaultTextMaterialOpaque.uasset" 766
"../../../Engine/Content/EngineMaterials/DefaultTextMaterialOpaque.uexp" 767
"../../../Engine/Content/EngineMaterials/DefaultDiffuse.ubulk" 768
"../../../Engine/Content/EngineMaterials/DefaultDiffuse.uasset" 769
"../../../Engine/Content/EngineMaterials/DefaultDiffuse.uexp" 770
"../../../Engine/Content/Functions/Engine_MaterialFunctions02/Utility/BreakOutFloat2Components.uasset" 771
"../../../Engine/Content/Functions/Engine_MaterialFunctions02/Utility/BreakOutFloat2Components.uexp" 772
"../../../Engine/Content/EngineMaterials/DefaultPostProcessMaterial.uasset" 773
"../../../Engine/Content/EngineMaterials/DefaultPostProcessMaterial.uexp" 774
"../../../Engine/Content/EngineMaterials/DefaultLightFunctionMaterial.uasset" 775
"../../../Engine/Content/EngineMaterials/DefaultLightFunctionMaterial.uexp" 776
"../../../Engine/Content/EngineMaterials/DefaultDestructiblePhysicalMaterial.uasset" 777
"../../../Engine/Content/EngineMaterials/DefaultDestructiblePhysicalMaterial.uexp" 778
"../../../Engine/Content/EngineMaterials/DefaultDeferredDecalMaterial.uasset" 779
"../../../Engine/Content/EngineMaterials/DefaultDeferredDecalMaterial.uexp" 780
"../../../Engine/Content/EngineMaterials/DefaultBloomKernel.uasset" 781
"../../../Engine/Content/EngineMaterials/DefaultBloomKernel.uexp" 782
"../../../Engine/Content/EngineFonts/Faces/RobotoLight.uexp" 783
"../../../Engine/Content/EngineFonts/Faces/RobotoLight.uasset" 784
"../../../Engine/Content/EngineFonts/Faces/RobotoLight.ufont" 785
"../../../Engine/Content/EngineFonts/Faces/RobotoBold.uexp" 786
"../../../Engine/Content/EngineFonts/Faces/RobotoBold.uasset" 787
"../../../Engine/Content/EngineFonts/Faces/RobotoBold.ufont" 788
"../../../Engine/Content/EngineFonts/Faces/RobotoRegular.uexp" 789
"../../../Engine/Content/EngineFonts/Faces/RobotoRegular.uasset" 790
"../../../Engine/Content/EngineFonts/Faces/RobotoRegular.ufont" 791
"../../../Engine/Content/EngineFonts/Faces/DroidSansFallback.uexp" 792
"../../../Engine/Content/EngineFonts/Faces/DroidSansFallback.uasset" 793
"../../../Engine/Content/EngineFonts/Faces/DroidSansFallback.ufont" 794
"../../../Engine/Content/EngineFonts/Faces/RobotoItalic.uexp" 795
"../../../Engine/Content/EngineFonts/Faces/RobotoItalic.uasset" 796
"../../../Engine/Content/EngineFonts/Faces/RobotoItalic.ufont" 797
"../../../Engine/Content/EngineFonts/Faces/RobotoBoldItalic.uexp" 798
"../../../Engine/Content/EngineFonts/Faces/RobotoBoldItalic.uasset" 799
"../../../Engine/Content/EngineFonts/Faces/RobotoBoldItalic.ufont" 800
"../../../Engine/Content/EngineFonts/Roboto.uasset" 801
"../../../Engine/Content/EngineFonts/Roboto.uexp" 802
"../../../Engine/Content/EngineDebugMaterials/VolumeToRender.uasset" 803
"../../../Engine/Content/EngineDebugMaterials/VolumeToRender.uexp" 804
"../../../Engine/Content/EngineDebugMaterials/M_VolumeRenderSphereTracePP.uasset" 805
"../../../Engine/Content/EngineDebugMaterials/M_VolumeRenderSphereTracePP.uexp" 806
"../../../Engine/Content/EngineDebugMaterials/M_SimpleUnlitTranslucent.uasset" 807
"../../../Engine/Content/EngineDebugMaterials/M_SimpleUnlitTranslucent.uexp" 808
"../../../Engine/Content/EngineDebugMaterials/DebugMeshMaterial.uasset" 809
"../../../Engine/Content/EngineDebugMaterials/DebugMeshMaterial.uexp" 810
"../../../Engine/Content/EngineDebugMaterials/DebugEditorMaterial.uasset" 811
"../../../Engine/Content/EngineDebugMaterials/DebugEditorMaterial.uexp" 812
"../../../Engine/Content/EngineDamageTypes/DmgTypeBP_Environmental.uasset" 813
"../../../Engine/Content/EngineDamageTypes/DmgTypeBP_Environmental.uexp" 814
"../../../Engine/Content/EditorResources/S_Terrain.ubulk" 815
"../../../Engine/Content/EditorResources/S_Terrain.uasset" 816
"../../../Engine/Content/EditorResources/S_Terrain.uexp" 817
"../../../Engine/Content/EditorResources/EmptyActor.uasset" 818
"../../../Engine/Content/EditorResources/EmptyActor.uexp" 819
"../../../Engine/Content/EditorResources/BSPVertex.uasset" 820
"../../../Engine/Content/EditorResources/BSPVertex.uexp" 821
"../../../Engine/Content/EditorMaterials/PreviewShadowIndicator.ubulk" 822
"../../../Engine/Content/EditorMaterials/PreviewShadowIndicator.uasset" 823
"../../../Engine/Content/EditorMaterials/PreviewShadowIndicator.uexp" 824
"../../../Engine/Content/EditorMaterials/PreviewShadowIndicatorMaterial.uasset" 825
"../../../Engine/Content/EditorMaterials/PreviewShadowIndicatorMaterial.uexp" 826
"../../../Engine/Content/EditorMaterials/PhAT_UnselectedMaterial.uasset" 827
"../../../Engine/Content/EditorMaterials/PhAT_UnselectedMaterial.uexp" 828
"../../../Engine/Content/EditorMaterials/PhAT_NoCollisionMaterial.uasset" 829
"../../../Engine/Content/EditorMaterials/PhAT_NoCollisionMaterial.uexp" 830
"../../../Engine/Content/EditorLandscapeResources/DefaultAlphaTexture.uasset" 831
"../../../Engine/Content/EditorLandscapeResources/DefaultAlphaTexture.uexp" 832
"../../../Engine/Content/BasicShapes/Plane.ubulk" 833
"../../../Engine/Content/BasicShapes/Plane.uasset" 834
"../../../Engine/Content/BasicShapes/Plane.uexp" 835
"../../../Engine/Content/BasicShapes/Cylinder.ubulk" 836
"../../../Engine/Content/BasicShapes/Cylinder.uasset" 837
"../../../Engine/Content/BasicShapes/Cylinder.uexp" 838
"../../../Engine/Content/BasicShapes/Cube.ubulk" 839
"../../../Engine/Content/BasicShapes/Cube.uasset" 840
"../../../Engine/Content/BasicShapes/Cube.uexp" 841
"../../../Engine/Content/BasicShapes/Cone.ubulk" 842
"../../../Engine/Content/BasicShapes/Cone.uasset" 843
"../../../Engine/Content/BasicShapes/Cone.uexp" 844
"../../../Engine/Content/BasicShapes/BasicShapeMaterial.uasset" 845
"../../../Engine/Content/BasicShapes/BasicShapeMaterial.uexp" 846
"../../../Engine/Content/Animation/DefaultVariableFrameStrippingSettings.uasset" 847
"../../../Engine/Content/Animation/DefaultVariableFrameStrippingSettings.uexp" 848
"../../../Engine/Content/Animation/DefaultRecorderBoneCompression.uasset" 849
"../../../Engine/Content/Animation/DefaultRecorderBoneCompression.uexp" 850
"../../../Engine/Plugins/Interchange/Runtime/Content/gltf/MaterialFunctions/MF_RotateV2.uasset" 851
"../../../Engine/Plugins/Interchange/Runtime/Content/gltf/MaterialFunctions/MF_RotateV2.uexp" 852
"../../../Engine/Plugins/Interchange/Runtime/Content/gltf/MaterialFunctions/MF_TransformUVs.uasset" 853
"../../../Engine/Plugins/Interchange/Runtime/Content/gltf/MaterialFunctions/MF_TransformUVs.uexp" 854
"../../../Engine/Plugins/Interchange/Runtime/Content/gltf/Textures/T_White_srgb.uasset" 855
"../../../Engine/Plugins/Interchange/Runtime/Content/gltf/Textures/T_White_srgb.uexp" 856
"../../../Engine/Plugins/Interchange/Runtime/Content/gltf/MaterialFunctions/MF_BaseColor.uasset" 857
"../../../Engine/Plugins/Interchange/Runtime/Content/gltf/MaterialFunctions/MF_BaseColor.uexp" 858
"../../../Engine/Plugins/Interchange/Runtime/Content/gltf/MaterialBodies/MF_Unlit_Body.uasset" 859
"../../../Engine/Plugins/Interchange/Runtime/Content/gltf/MaterialBodies/MF_Unlit_Body.uexp" 860
"../../../Engine/Plugins/Interchange/Runtime/Content/gltf/M_Unlit.uasset" 861
"../../../Engine/Plugins/Interchange/Runtime/Content/gltf/M_Unlit.uexp" 862
"../../../Engine/Plugins/Interchange/Runtime/Content/gltf/MaterialInstances/MI_Unlit_Opaque_DS.uasset" 863
"../../../Engine/Plugins/Interchange/Runtime/Content/gltf/MaterialInstances/MI_Unlit_Opaque_DS.uexp" 864
"../../../Engine/Plugins/Interchange/Runtime/Content/gltf/MaterialInstances/MI_Unlit_Opaque.uasset" 865
"../../../Engine/Plugins/Interchange/Runtime/Content/gltf/MaterialInstances/MI_Unlit_Opaque.uexp" 866
"../../../Engine/Plugins/Interchange/Runtime/Content/gltf/MaterialInstances/MI_Unlit_Mask_DS.uasset" 867
"../../../Engine/Plugins/Interchange/Runtime/Content/gltf/MaterialInstances/MI_Unlit_Mask_DS.uexp" 868
"../../../Engine/Plugins/Interchange/Runtime/Content/gltf/MaterialInstances/MI_Unlit_Mask.uasset" 869
"../../../Engine/Plugins/Interchange/Runtime/Content/gltf/MaterialInstances/MI_Unlit_Mask.uexp" 870
"../../../Engine/Plugins/Interchange/Runtime/Content/gltf/MaterialInstances/MI_Unlit_Blend_DS.uasset" 871
"../../../Engine/Plugins/Interchange/Runtime/Content/gltf/MaterialInstances/MI_Unlit_Blend_DS.uexp" 872
"../../../Engine/Plugins/Interchange/Runtime/Content/gltf/MaterialInstances/MI_Unlit_Blend.uasset" 873
"../../../Engine/Plugins/Interchange/Runtime/Content/gltf/MaterialInstances/MI_Unlit_Blend.uexp" 874
"../../../Engine/Plugins/Interchange/Runtime/Content/gltf/MaterialFunctions/MF_Iridescence.uasset" 875
"../../../Engine/Plugins/Interchange/Runtime/Content/gltf/MaterialFunctions/MF_Iridescence.uexp" 876
"../../../Engine/Plugins/Interchange/Runtime/Content/gltf/Textures/T_White_Linear.uasset" 877
"../../../Engine/Plugins/Interchange/Runtime/Content/gltf/Textures/T_White_Linear.uexp" 878
"../../../Engine/Plugins/Interchange/Runtime/Content/gltf/MaterialFunctions/MF_MetallicRoughness.uasset" 879
"../../../Engine/Plugins/Interchange/Runtime/Content/gltf/MaterialFunctions/MF_MetallicRoughness.uexp" 880
"../../../Engine/Plugins/Interchange/Runtime/Content/gltf/MaterialFunctions/MF_Transmission.uasset" 881
"../../../Engine/Plugins/Interchange/Runtime/Content/gltf/MaterialFunctions/MF_Transmission.uexp" 882
"../../../Engine/Plugins/Interchange/Runtime/Content/gltf/MaterialFunctions/MF_Occlusion.uasset" 883
"../../../Engine/Plugins/Interchange/Runtime/Content/gltf/MaterialFunctions/MF_Occlusion.uexp" 884
"../../../Engine/Plugins/Interchange/Runtime/Content/gltf/MaterialFunctions/MF_Specular.uasset" 885
"../../../Engine/Plugins/Interchange/Runtime/Content/gltf/MaterialFunctions/MF_Specular.uexp" 886
"../../../Engine/Plugins/Interchange/Runtime/Content/gltf/MaterialFunctions/MF_IOR.uasset" 887
"../../../Engine/Plugins/Interchange/Runtime/Content/gltf/MaterialFunctions/MF_IOR.uexp" 888
"../../../Engine/Plugins/Interchange/Runtime/Content/gltf/MaterialFunctions/MF_RotateNormals_TS.uasset" 889
"../../../Engine/Plugins/Interchange/Runtime/Content/gltf/MaterialFunctions/MF_RotateNormals_TS.uexp" 890
"../../../Engine/Plugins/Interchange/Runtime/Content/gltf/Textures/T_Generic_N.uasset" 891
"../../../Engine/Plugins/Interchange/Runtime/Content/gltf/Textures/T_Generic_N.uexp" 892
"../../../Engine/Plugins/Interchange/Runtime/Content/gltf/MaterialFunctions/MF_Normals.uasset" 893
"../../../Engine/Plugins/Interchange/Runtime/Content/gltf/MaterialFunctions/MF_Normals.uexp" 894
"../../../Engine/Plugins/Interchange/Runtime/Content/gltf/MaterialBodies/MF_Transmission_Body.uasset" 895
"../../../Engine/Plugins/Interchange/Runtime/Content/gltf/MaterialBodies/MF_Transmission_Body.uexp" 896
"../../../Engine/Plugins/Interchange/Runtime/Content/gltf/M_Transmission.uasset" 897
"../../../Engine/Plugins/Interchange/Runtime/Content/gltf/M_Transmission.uexp" 898
"../../../Engine/Plugins/Interchange/Runtime/Content/gltf/MaterialInstances/MI_Transmission_DS.uasset" 899
"../../../Engine/Plugins/Interchange/Runtime/Content/gltf/MaterialInstances/MI_Transmission_DS.uexp" 900
"../../../Engine/Plugins/Interchange/Runtime/Content/gltf/MaterialInstances/MI_Transmission.uasset" 901
"../../../Engine/Plugins/Interchange/Runtime/Content/gltf/MaterialInstances/MI_Transmission.uexp" 902
"../../../Engine/Plugins/Interchange/Runtime/Content/gltf/MaterialFunctions/MF_DiffuseSpecGloss.uasset" 903
"../../../Engine/Plugins/Interchange/Runtime/Content/gltf/MaterialFunctions/MF_DiffuseSpecGloss.uexp" 904
"../../../Engine/Content/Functions/Engine_MaterialFunctions02/Math/AddComponents.uasset" 905
"../../../Engine/Content/Functions/Engine_MaterialFunctions02/Math/AddComponents.uexp" 906
"../../../Engine/Plugins/Interchange/Runtime/Content/gltf/MaterialFunctions/MF_PerceivedBrightness.uasset" 907
"../../../Engine/Plugins/Interchange/Runtime/Content/gltf/MaterialFunctions/MF_PerceivedBrightness.uexp" 908
"../../../Engine/Plugins/Interchange/Runtime/Content/gltf/MaterialFunctions/MF_Emissive.uasset" 909
"../../../Engine/Plugins/Interchange/Runtime/Content/gltf/MaterialFunctions/MF_Emissive.uexp" 910
"../../../Engine/Plugins/Interchange/Runtime/Content/gltf/MaterialFunctions/MF_SpecGlossToMetalRoughness.uasset" 911
"../../../Engine/Plugins/Interchange/Runtime/Content/gltf/MaterialFunctions/MF_SpecGlossToMetalRoughness.uexp" 912
"../../../Engine/Plugins/Interchange/Runtime/Content/gltf/MaterialBodies/MF_SpecularGlossiness_Body.uasset" 913
"../../../Engine/Plugins/Interchange/Runtime/Content/gltf/MaterialBodies/MF_SpecularGlossiness_Body.uexp" 914
"../../../Engine/Plugins/Interchange/Runtime/Content/gltf/M_SpecularGlossiness.uasset" 915
"../../../Engine/Plugins/Interchange/Runtime/Content/gltf/M_SpecularGlossiness.uexp" 916
"../../../Engine/Plugins/Interchange/Runtime/Content/gltf/MaterialInstances/MI_SpecularGlossiness_Opaque_DS.uasset" 917
"../../../Engine/Plugins/Interchange/Runtime/Content/gltf/MaterialInstances/MI_SpecularGlossiness_Opaque_DS.uexp" 918
"../../../Engine/Plugins/Interchange/Runtime/Content/gltf/MaterialInstances/MI_SpecularGlossiness_Opaque.uasset" 919
"../../../Engine/Plugins/Interchange/Runtime/Content/gltf/MaterialInstances/MI_SpecularGlossiness_Opaque.uexp" 920
"../../../Engine/Plugins/Interchange/Runtime/Content/gltf/MaterialInstances/MI_SpecularGlossiness_Mask_DS.uasset" 921
"../../../Engine/Plugins/Interchange/Runtime/Content/gltf/MaterialInstances/MI_SpecularGlossiness_Mask_DS.uexp" 922
"../../../Engine/Plugins/Interchange/Runtime/Content/gltf/MaterialInstances/MI_SpecularGlossiness_Mask.uasset" 923
"../../../Engine/Plugins/Interchange/Runtime/Content/gltf/MaterialInstances/MI_SpecularGlossiness_Mask.uexp" 924
"../../../Engine/Plugins/Interchange/Runtime/Content/gltf/MaterialInstances/MI_SpecularGlossiness_Blend_DS.uasset" 925
"../../../Engine/Plugins/Interchange/Runtime/Content/gltf/MaterialInstances/MI_SpecularGlossiness_Blend_DS.uexp" 926
"../../../Engine/Plugins/Interchange/Runtime/Content/gltf/MaterialInstances/MI_SpecularGlossiness_Blend.uasset" 927
"../../../Engine/Plugins/Interchange/Runtime/Content/gltf/MaterialInstances/MI_SpecularGlossiness_Blend.uexp" 928
"../../../Engine/Plugins/Interchange/Runtime/Content/gltf/MaterialFunctions/MF_Sheen.uasset" 929
"../../../Engine/Plugins/Interchange/Runtime/Content/gltf/MaterialFunctions/MF_Sheen.uexp" 930
"../../../Engine/Plugins/Interchange/Runtime/Content/gltf/MaterialBodies/MF_Sheen_Body.uasset" 931
"../../../Engine/Plugins/Interchange/Runtime/Content/gltf/MaterialBodies/MF_Sheen_Body.uexp" 932
"../../../Engine/Plugins/Interchange/Runtime/Content/gltf/M_Sheen.uasset" 933
"../../../Engine/Plugins/Interchange/Runtime/Content/gltf/M_Sheen.uexp" 934
"../../../Engine/Plugins/Interchange/Runtime/Content/gltf/MaterialInstances/MI_Sheen_Opaque_DS.uasset" 935
"../../../Engine/Plugins/Interchange/Runtime/Content/gltf/MaterialInstances/MI_Sheen_Opaque_DS.uexp" 936
"../../../Engine/Plugins/Interchange/Runtime/Content/gltf/MaterialInstances/MI_Sheen_Opaque.uasset" 937
"../../../Engine/Plugins/Interchange/Runtime/Content/gltf/MaterialInstances/MI_Sheen_Opaque.uexp" 938
"../../../Engine/Plugins/Interchange/Runtime/Content/gltf/MaterialInstances/MI_Sheen_Mask_DS.uasset" 939
"../../../Engine/Plugins/Interchange/Runtime/Content/gltf/MaterialInstances/MI_Sheen_Mask_DS.uexp" 940
"../../../Engine/Plugins/Interchange/Runtime/Content/gltf/MaterialInstances/MI_Sheen_Mask.uasset" 941
"../../../Engine/Plugins/Interchange/Runtime/Content/gltf/MaterialInstances/MI_Sheen_Mask.uexp" 942
"../../../Engine/Plugins/Interchange/Runtime/Content/gltf/MaterialInstances/MI_Sheen_Blend_DS.uasset" 943
"../../../Engine/Plugins/Interchange/Runtime/Content/gltf/MaterialInstances/MI_Sheen_Blend_DS.uexp" 944
"../../../Engine/Plugins/Interchange/Runtime/Content/gltf/MaterialInstances/MI_Sheen_Blend.uasset" 945
"../../../Engine/Plugins/Interchange/Runtime/Content/gltf/MaterialInstances/MI_Sheen_Blend.uexp" 946
"../../../Engine/Plugins/Interchange/Runtime/Content/gltf/MaterialBodies/MF_Default_Body.uasset" 947
"../../../Engine/Plugins/Interchange/Runtime/Content/gltf/MaterialBodies/MF_Default_Body.uexp" 948
"../../../Engine/Plugins/Interchange/Runtime/Content/gltf/M_Default.uasset" 949
"../../../Engine/Plugins/Interchange/Runtime/Content/gltf/M_Default.uexp" 950
"../../../Engine/Plugins/Interchange/Runtime/Content/gltf/MaterialInstances/MI_Default_Opaque.uasset" 951
"../../../Engine/Plugins/Interchange/Runtime/Content/gltf/MaterialInstances/MI_Default_Opaque.uexp" 952
"../../../Engine/Plugins/Interchange/Runtime/Content/gltf/MaterialInstances/MI_Default_Mask_DS.uasset" 953
"../../../Engine/Plugins/Interchange/Runtime/Content/gltf/MaterialInstances/MI_Default_Mask_DS.uexp" 954
"../../../Engine/Plugins/Interchange/Runtime/Content/gltf/MaterialInstances/MI_Default_Mask.uasset" 955
"../../../Engine/Plugins/Interchange/Runtime/Content/gltf/MaterialInstances/MI_Default_Mask.uexp" 956
"../../../Engine/Plugins/Interchange/Runtime/Content/gltf/MaterialInstances/MI_Default_Blend_DS.uasset" 957
"../../../Engine/Plugins/Interchange/Runtime/Content/gltf/MaterialInstances/MI_Default_Blend_DS.uexp" 958
"../../../Engine/Plugins/Interchange/Runtime/Content/gltf/MaterialInstances/MI_Default_Blend.uasset" 959
"../../../Engine/Plugins/Interchange/Runtime/Content/gltf/MaterialInstances/MI_Default_Blend.uexp" 960
"../../../Engine/Content/Functions/Engine_MaterialFunctions01/Texturing/FlattenNormal.uasset" 961
"../../../Engine/Content/Functions/Engine_MaterialFunctions01/Texturing/FlattenNormal.uexp" 962
"../../../Engine/Plugins/Interchange/Runtime/Content/gltf/MaterialFunctions/MF_Clearcoat.uasset" 963
"../../../Engine/Plugins/Interchange/Runtime/Content/gltf/MaterialFunctions/MF_Clearcoat.uexp" 964
"../../../Engine/Plugins/Interchange/Runtime/Content/gltf/MaterialBodies/MF_ClearCoat_Body.uasset" 965
"../../../Engine/Plugins/Interchange/Runtime/Content/gltf/MaterialBodies/MF_ClearCoat_Body.uexp" 966
"../../../Engine/Plugins/Interchange/Runtime/Content/gltf/M_ClearCoat.uasset" 967
"../../../Engine/Plugins/Interchange/Runtime/Content/gltf/M_ClearCoat.uexp" 968
"../../../Engine/Plugins/Interchange/Runtime/Content/gltf/MaterialInstances/MI_ClearCoat_Opaque_DS.uasset" 969
"../../../Engine/Plugins/Interchange/Runtime/Content/gltf/MaterialInstances/MI_ClearCoat_Opaque_DS.uexp" 970
"../../../Engine/Plugins/Interchange/Runtime/Content/gltf/MaterialInstances/MI_ClearCoat_Opaque.uasset" 971
"../../../Engine/Plugins/Interchange/Runtime/Content/gltf/MaterialInstances/MI_ClearCoat_Opaque.uexp" 972
"../../../Engine/Plugins/Interchange/Runtime/Content/gltf/MaterialInstances/MI_ClearCoat_Mask_DS.uasset" 973
"../../../Engine/Plugins/Interchange/Runtime/Content/gltf/MaterialInstances/MI_ClearCoat_Mask_DS.uexp" 974
"../../../Engine/Plugins/Interchange/Runtime/Content/gltf/MaterialInstances/MI_ClearCoat_Mask.uasset" 975
"../../../Engine/Plugins/Interchange/Runtime/Content/gltf/MaterialInstances/MI_ClearCoat_Mask.uexp" 976
"../../../Engine/Plugins/Interchange/Runtime/Content/gltf/MaterialInstances/MI_ClearCoat_Blend_DS.uasset" 977
"../../../Engine/Plugins/Interchange/Runtime/Content/gltf/MaterialInstances/MI_ClearCoat_Blend_DS.uexp" 978
"../../../Engine/Plugins/Interchange/Runtime/Content/gltf/MaterialInstances/MI_ClearCoat_Blend.uasset" 979
"../../../Engine/Plugins/Interchange/Runtime/Content/gltf/MaterialInstances/MI_ClearCoat_Blend.uexp" 980
"../../../Engine/Content/MobileResources/HUD/VirtualJoystick_Background.uasset" 981
"../../../Engine/Content/MobileResources/HUD/VirtualJoystick_Background.uexp" 982
"../../../Engine/Content/MobileResources/HUD/VirtualJoystick_Thumb.uasset" 983
"../../../Engine/Content/MobileResources/HUD/VirtualJoystick_Thumb.uexp" 984
"../../../Engine/Content/MobileResources/HUD/DefaultVirtualJoysticks.uasset" 985
"../../../Engine/Content/MobileResources/HUD/DefaultVirtualJoysticks.uexp" 986
"../../../Engine/Content/EngineSky/VolumetricClouds/CloudWeatherTexture.uasset" 987
"../../../Engine/Content/EngineSky/VolumetricClouds/CloudWeatherTexture.uexp" 988
"../../../Engine/Content/Functions/Engine_MaterialFunctions02/Utility/MakeFloat2.uasset" 989
"../../../Engine/Content/Functions/Engine_MaterialFunctions02/Utility/MakeFloat2.uexp" 990
"../../../Engine/Content/EngineSky/VolumetricClouds/CloudGradientTexture.uasset" 991
"../../../Engine/Content/EngineSky/VolumetricClouds/CloudGradientTexture.uexp" 992
"../../../Engine/Content/EngineSky/VolumetricClouds/T_NoiseShape64.ubulk" 993
"../../../Engine/Content/EngineSky/VolumetricClouds/T_NoiseShape64.uasset" 994
"../../../Engine/Content/EngineSky/VolumetricClouds/T_NoiseShape64.uexp" 995
"../../../Engine/Content/EngineSky/VolumetricClouds/T_VolumeNoiseShape64.uasset" 996
"../../../Engine/Content/EngineSky/VolumetricClouds/T_VolumeNoiseShape64.uexp" 997
"../../../Engine/Content/EngineSky/VolumetricClouds/T_NoiseErosion.ubulk" 998
"../../../Engine/Content/EngineSky/VolumetricClouds/T_NoiseErosion.uasset" 999
"../../../Engine/Content/EngineSky/VolumetricClouds/T_NoiseErosion.uexp" 1000
"../../../Engine/Content/EngineSky/VolumetricClouds/T_VolumeNoiseErosion32.uasset" 1001
"../../../Engine/Content/EngineSky/VolumetricClouds/T_VolumeNoiseErosion32.uexp" 1002
"../../../Engine/Content/EngineSky/VolumetricClouds/m_SimpleVolumetricCloud.uasset" 1003
"../../../Engine/Content/EngineSky/VolumetricClouds/m_SimpleVolumetricCloud.uexp" 1004
"../../../Engine/Content/EngineSky/VolumetricClouds/m_SimpleVolumetricCloud_Inst.uasset" 1005
"../../../Engine/Content/EngineSky/VolumetricClouds/m_SimpleVolumetricCloud_Inst.uexp" 1006
"../../../Engine/Content/EngineResources/FilmGrains/Marcie_Grain_v3_128_M2_000.uasset" 1007
"../../../Engine/Content/EngineResources/FilmGrains/Marcie_Grain_v3_128_M2_000.uexp" 1008
"../../../Engine/Content/EditorResources/SequenceRecorder/RecordingIndicator.uasset" 1009
"../../../Engine/Content/EditorResources/SequenceRecorder/RecordingIndicator.uexp" 1010
"../../../Engine/Content/EditorResources/SequenceRecorder/Countdown.uasset" 1011
"../../../Engine/Content/EditorResources/SequenceRecorder/Countdown.uexp" 1012
"../../../Engine/Content/EditorMaterials/Dataflow/DataflowVertexMaterial.uasset" 1013
"../../../Engine/Content/EditorMaterials/Dataflow/DataflowVertexMaterial.uexp" 1014
"C:/24CI0412MP/Content/VRTemplate/VFX/NPC_VRTemplate.uasset" 1015
"C:/24CI0412MP/Content/VRTemplate/VFX/NPC_VRTemplate.uexp" 1016
"C:/24CI0412MP/Content/Kanda/Input/IA_Look.uasset" 1017
"C:/24CI0412MP/Content/Kanda/Input/IA_Look.uexp" 1018
"C:/24CI0412MP/Content/Kanda/Input/IA_TestPad.uasset" 1019
"C:/24CI0412MP/Content/Kanda/Input/IA_TestPad.uexp" 1020
"C:/24CI0412MP/Content/Kanda/Input/IA_GoMagic.uasset" 1021
"C:/24CI0412MP/Content/Kanda/Input/IA_GoMagic.uexp" 1022
"C:/24CI0412MP/Content/Kanda/Input/IA_InputMove.uasset" 1023
"C:/24CI0412MP/Content/Kanda/Input/IA_InputMove.uexp" 1024
"C:/24CI0412MP/Content/Kanda/Input/IA_MoveAction.uasset" 1025
"C:/24CI0412MP/Content/Kanda/Input/IA_MoveAction.uexp" 1026
"C:/24CI0412MP/Content/Kanda/Input/IA_ChargeMagic.uasset" 1027
"C:/24CI0412MP/Content/Kanda/Input/IA_ChargeMagic.uexp" 1028
"C:/24CI0412MP/Content/Kanda/Input/IMC_TestPad.uasset" 1029
"C:/24CI0412MP/Content/Kanda/Input/IMC_TestPad.uexp" 1030
"C:/24CI0412MP/Content/Kanda/Input/IA_SelectMagic.uasset" 1031
"C:/24CI0412MP/Content/Kanda/Input/IA_SelectMagic.uexp" 1032
"../../../Engine/Content/EngineMaterials/Substrate/Volume/SubstrateSimpleVolumeLUT3D.uasset" 1033
"../../../Engine/Content/EngineMaterials/Substrate/Volume/SubstrateSimpleVolumeLUT3D.uexp" 1034
"../../../Engine/Content/EngineMaterials/Substrate/Volume/SubstrateSimpleVolumeEnvLUT3D.uasset" 1035
"../../../Engine/Content/EngineMaterials/Substrate/Volume/SubstrateSimpleVolumeEnvLUT3D.uexp" 1036
"../../../Engine/Content/EngineMaterials/Substrate/GLints2/AGlintTex2dArray2.uasset" 1037
"../../../Engine/Content/EngineMaterials/Substrate/GLints2/AGlintTex2dArray2.uexp" 1038
"../../../Engine/Content/EngineMaterials/Substrate/GLints/AGlintTex2dArray.uasset" 1039
"../../../Engine/Content/EngineMaterials/Substrate/GLints/AGlintTex2dArray.uexp" 1040
"../../../Engine/Content/Functions/Engine_MaterialFunctions01/Shading/PowerToRoughness.uasset" 1041
"../../../Engine/Content/Functions/Engine_MaterialFunctions01/Shading/PowerToRoughness.uexp" 1042
"../../../Engine/Content/Functions/Engine_MaterialFunctions01/Shading/ConvertFromDiffSpec.uasset" 1043
"../../../Engine/Content/Functions/Engine_MaterialFunctions01/Shading/ConvertFromDiffSpec.uexp" 1044
"C:/24CI0412MP/Content/AdvancedVillagePack/Textures/T_Pack_02_D.ubulk" 1045
"C:/24CI0412MP/Content/AdvancedVillagePack/Textures/T_Pack_02_D.uasset" 1046
"C:/24CI0412MP/Content/AdvancedVillagePack/Textures/T_Pack_02_D.uexp" 1047
"C:/24CI0412MP/Content/AdvancedVillagePack/Textures/T_Pack_02_RM.ubulk" 1048
"C:/24CI0412MP/Content/AdvancedVillagePack/Textures/T_Pack_02_RM.uasset" 1049
"C:/24CI0412MP/Content/AdvancedVillagePack/Textures/T_Pack_02_RM.uexp" 1050
"C:/24CI0412MP/Content/AdvancedVillagePack/Textures/T_Pack_02_N.ubulk" 1051
"C:/24CI0412MP/Content/AdvancedVillagePack/Textures/T_Pack_02_N.uasset" 1052
"C:/24CI0412MP/Content/AdvancedVillagePack/Textures/T_Pack_02_N.uexp" 1053
"C:/24CI0412MP/Content/AdvancedVillagePack/Textures/T_Detail_N.ubulk" 1054
"C:/24CI0412MP/Content/AdvancedVillagePack/Textures/T_Detail_N.uasset" 1055
"C:/24CI0412MP/Content/AdvancedVillagePack/Textures/T_Detail_N.uexp" 1056
"C:/24CI0412MP/Content/AdvancedVillagePack/Textures/T_Pack_01_N.ubulk" 1057
"C:/24CI0412MP/Content/AdvancedVillagePack/Textures/T_Pack_01_N.uasset" 1058
"C:/24CI0412MP/Content/AdvancedVillagePack/Textures/T_Pack_01_N.uexp" 1059
"C:/24CI0412MP/Content/AdvancedVillagePack/Textures/T_Pack_01_D.ubulk" 1060
"C:/24CI0412MP/Content/AdvancedVillagePack/Textures/T_Pack_01_D.uasset" 1061
"C:/24CI0412MP/Content/AdvancedVillagePack/Textures/T_Pack_01_D.uexp" 1062
"C:/24CI0412MP/Content/AdvancedVillagePack/Textures/T_Pack_03_E.ubulk" 1063
"C:/24CI0412MP/Content/AdvancedVillagePack/Textures/T_Pack_03_E.uasset" 1064
"C:/24CI0412MP/Content/AdvancedVillagePack/Textures/T_Pack_03_E.uexp" 1065
"C:/24CI0412MP/Content/AdvancedVillagePack/Textures/T_Pack_01_RM.ubulk" 1066
"C:/24CI0412MP/Content/AdvancedVillagePack/Textures/T_Pack_01_RM.uasset" 1067
"C:/24CI0412MP/Content/AdvancedVillagePack/Textures/T_Pack_01_RM.uexp" 1068
"C:/24CI0412MP/Content/AdvancedVillagePack/Materials/M_Uber.uasset" 1069
"C:/24CI0412MP/Content/AdvancedVillagePack/Materials/M_Uber.uexp" 1070
"C:/24CI0412MP/Content/AdvancedVillagePack/Materials/M_Inst_Pack_02.uasset" 1071
"C:/24CI0412MP/Content/AdvancedVillagePack/Materials/M_Inst_Pack_02.uexp" 1072
"C:/24CI0412MP/Content/AdvancedVillagePack/Meshes/SM_Fish.ubulk" 1073
"C:/24CI0412MP/Content/AdvancedVillagePack/Meshes/SM_Fish.uasset" 1074
"C:/24CI0412MP/Content/AdvancedVillagePack/Meshes/SM_Fish.uexp" 1075
"C:/24CI0412MP/Content/WindmillValley/Textures/T_Stair_D.ubulk" 1076
"C:/24CI0412MP/Content/WindmillValley/Textures/T_Stair_D.uasset" 1077
"C:/24CI0412MP/Content/WindmillValley/Textures/T_Stair_D.uexp" 1078
"C:/24CI0412MP/Content/WindmillValley/Textures/RVT_Height.uasset" 1079
"C:/24CI0412MP/Content/WindmillValley/Textures/RVT_Height.uexp" 1080
"C:/24CI0412MP/Content/WindmillValley/Textures/T_Helix_N.ubulk" 1081
"C:/24CI0412MP/Content/WindmillValley/Textures/T_Helix_N.uasset" 1082
"C:/24CI0412MP/Content/WindmillValley/Textures/T_Helix_N.uexp" 1083
"C:/24CI0412MP/Content/WindmillValley/Textures/RVT_Env.uasset" 1084
"C:/24CI0412MP/Content/WindmillValley/Textures/RVT_Env.uexp" 1085
"C:/24CI0412MP/Content/WindmillValley/Textures/T_WindowUnderRoof_ORM.ubulk" 1086
"C:/24CI0412MP/Content/WindmillValley/Textures/T_WindowUnderRoof_ORM.uasset" 1087
"C:/24CI0412MP/Content/WindmillValley/Textures/T_WindowUnderRoof_ORM.uexp" 1088
"C:/24CI0412MP/Content/WindmillValley/Textures/T_WhiteColor_B.uasset" 1089
"C:/24CI0412MP/Content/WindmillValley/Textures/T_WhiteColor_B.uexp" 1090
"C:/24CI0412MP/Content/WindmillValley/Materials/MasterMaterials/M_Standard_02.uasset" 1091
"C:/24CI0412MP/Content/WindmillValley/Materials/MasterMaterials/M_Standard_02.uexp" 1092
"C:/24CI0412MP/Content/WindmillValley/Textures/T_Stair_N.ubulk" 1093
"C:/24CI0412MP/Content/WindmillValley/Textures/T_Stair_N.uasset" 1094
"C:/24CI0412MP/Content/WindmillValley/Textures/T_Stair_N.uexp" 1095
"C:/24CI0412MP/Content/WindmillValley/Textures/T_Stair_ORM.ubulk" 1096
"C:/24CI0412MP/Content/WindmillValley/Textures/T_Stair_ORM.uasset" 1097
"C:/24CI0412MP/Content/WindmillValley/Textures/T_Stair_ORM.uexp" 1098
"C:/24CI0412MP/Content/WindmillValley/Materials/MaterialInstances/MI_Stair.uasset" 1099
"C:/24CI0412MP/Content/WindmillValley/Materials/MaterialInstances/MI_Stair.uexp" 1100
"C:/24CI0412MP/Content/WindmillValley/Meshes/SM_Scalino.ubulk" 1101
"C:/24CI0412MP/Content/WindmillValley/Meshes/SM_Scalino.uasset" 1102
"C:/24CI0412MP/Content/WindmillValley/Meshes/SM_Scalino.uexp" 1103
"C:/24CI0412MP/Content/WindmillValley/Textures/T_ColumnBridge_N.ubulk" 1104
"C:/24CI0412MP/Content/WindmillValley/Textures/T_ColumnBridge_N.uasset" 1105
"C:/24CI0412MP/Content/WindmillValley/Textures/T_ColumnBridge_N.uexp" 1106
"C:/24CI0412MP/Content/WindmillValley/Textures/T_ColumnBridge_ORM.ubulk" 1107
"C:/24CI0412MP/Content/WindmillValley/Textures/T_ColumnBridge_ORM.uasset" 1108
"C:/24CI0412MP/Content/WindmillValley/Textures/T_ColumnBridge_ORM.uexp" 1109
"C:/24CI0412MP/Content/WindmillValley/Textures/T_ColumnBridge_D.ubulk" 1110
"C:/24CI0412MP/Content/WindmillValley/Textures/T_ColumnBridge_D.uasset" 1111
"C:/24CI0412MP/Content/WindmillValley/Textures/T_ColumnBridge_D.uexp" 1112
"C:/24CI0412MP/Content/WindmillValley/Materials/MaterialInstances/MI_Bridge_02.uasset" 1113
"C:/24CI0412MP/Content/WindmillValley/Materials/MaterialInstances/MI_Bridge_02.uexp" 1114
"C:/24CI0412MP/Content/WindmillValley/Meshes/SM_ColumnBridge.ubulk" 1115
"C:/24CI0412MP/Content/WindmillValley/Meshes/SM_ColumnBridge.uasset" 1116
"C:/24CI0412MP/Content/WindmillValley/Meshes/SM_ColumnBridge.uexp" 1117
"C:/24CI0412MP/Content/WindmillValley/Meshes/SM_BoardBridge.ubulk" 1118
"C:/24CI0412MP/Content/WindmillValley/Meshes/SM_BoardBridge.uasset" 1119
"C:/24CI0412MP/Content/WindmillValley/Meshes/SM_BoardBridge.uexp" 1120
"C:/24CI0412MP/Content/WindmillValley/Blueprint/BP_Dock_01.uasset" 1121
"C:/24CI0412MP/Content/WindmillValley/Blueprint/BP_Dock_01.uexp" 1122
"C:/24CI0412MP/Content/StylizedProvencal/Textures/T_Wood_B.ubulk" 1123
"C:/24CI0412MP/Content/StylizedProvencal/Textures/T_Wood_B.uasset" 1124
"C:/24CI0412MP/Content/StylizedProvencal/Textures/T_Wood_B.uexp" 1125
"C:/24CI0412MP/Content/StylizedProvencal/Textures/T_Atlas_House_N.ubulk" 1126
"C:/24CI0412MP/Content/StylizedProvencal/Textures/T_Atlas_House_N.uasset" 1127
"C:/24CI0412MP/Content/StylizedProvencal/Textures/T_Atlas_House_N.uexp" 1128
"C:/24CI0412MP/Content/StylizedProvencal/Textures/T_Wood_N.ubulk" 1129
"C:/24CI0412MP/Content/StylizedProvencal/Textures/T_Wood_N.uasset" 1130
"C:/24CI0412MP/Content/StylizedProvencal/Textures/T_Wood_N.uexp" 1131
"C:/24CI0412MP/Content/StylizedProvencal/Textures/T_Wood_A0RM.ubulk" 1132
"C:/24CI0412MP/Content/StylizedProvencal/Textures/T_Wood_A0RM.uasset" 1133
"C:/24CI0412MP/Content/StylizedProvencal/Textures/T_Wood_A0RM.uexp" 1134
"C:/24CI0412MP/Content/StylizedProvencal/Textures/T_Atlas_House_B.ubulk" 1135
"C:/24CI0412MP/Content/StylizedProvencal/Textures/T_Atlas_House_B.uasset" 1136
"C:/24CI0412MP/Content/StylizedProvencal/Textures/T_Atlas_House_B.uexp" 1137
"C:/24CI0412MP/Content/StylizedProvencal/Textures/T_Atlas_House_AORM.ubulk" 1138
"C:/24CI0412MP/Content/StylizedProvencal/Textures/T_Atlas_House_AORM.uasset" 1139
"C:/24CI0412MP/Content/StylizedProvencal/Textures/T_Atlas_House_AORM.uexp" 1140
"../../../Engine/Content/Functions/Engine_MaterialFunctions02/Texturing/CustomRotator.uasset" 1141
"../../../Engine/Content/Functions/Engine_MaterialFunctions02/Texturing/CustomRotator.uexp" 1142
"C:/24CI0412MP/Content/StylizedProvencal/Textures/T_Default_White.uasset" 1143
"C:/24CI0412MP/Content/StylizedProvencal/Textures/T_Default_White.uexp" 1144
"C:/24CI0412MP/Content/StylizedProvencal/Materials/MM_Master_Default.uasset" 1145
"C:/24CI0412MP/Content/StylizedProvencal/Materials/MM_Master_Default.uexp" 1146
"C:/24CI0412MP/Content/StylizedProvencal/Materials/MI_Atlas.uasset" 1147
"C:/24CI0412MP/Content/StylizedProvencal/Materials/MI_Atlas.uexp" 1148
"C:/24CI0412MP/Content/StylizedProvencal/Textures/T_WoodenMeshes_N.ubulk" 1149
"C:/24CI0412MP/Content/StylizedProvencal/Textures/T_WoodenMeshes_N.uasset" 1150
"C:/24CI0412MP/Content/StylizedProvencal/Textures/T_WoodenMeshes_N.uexp" 1151
"C:/24CI0412MP/Content/StylizedProvencal/Textures/T_WoodenMeshes_AORM.ubulk" 1152
"C:/24CI0412MP/Content/StylizedProvencal/Textures/T_WoodenMeshes_AORM.uasset" 1153
"C:/24CI0412MP/Content/StylizedProvencal/Textures/T_WoodenMeshes_AORM.uexp" 1154
"C:/24CI0412MP/Content/StylizedProvencal/Textures/T_WoodenMeshes_B.ubulk" 1155
"C:/24CI0412MP/Content/StylizedProvencal/Textures/T_WoodenMeshes_B.uasset" 1156
"C:/24CI0412MP/Content/StylizedProvencal/Textures/T_WoodenMeshes_B.uexp" 1157
"C:/24CI0412MP/Content/StylizedProvencal/Materials/MI_WoodenMeshes.uasset" 1158
"C:/24CI0412MP/Content/StylizedProvencal/Materials/MI_WoodenMeshes.uexp" 1159
"C:/24CI0412MP/Content/StylizedProvencal/Meshes/SM_Fence_01.ubulk" 1160
"C:/24CI0412MP/Content/StylizedProvencal/Meshes/SM_Fence_01.uasset" 1161
"C:/24CI0412MP/Content/StylizedProvencal/Meshes/SM_Fence_01.uexp" 1162
"C:/24CI0412MP/Content/Satou/Stylized_PBR_Nature/Foliage/Textures/T_Pine_Tree_Trunk_N.ubulk" 1163
"C:/24CI0412MP/Content/Satou/Stylized_PBR_Nature/Foliage/Textures/T_Pine_Tree_Trunk_N.uasset" 1164
"C:/24CI0412MP/Content/Satou/Stylized_PBR_Nature/Foliage/Textures/T_Pine_Tree_Trunk_N.uexp" 1165
"C:/24CI0412MP/Content/Satou/Stylized_PBR_Nature/Foliage/Textures/T_Pine_Tree_Trunk_ORM.ubulk" 1166
"C:/24CI0412MP/Content/Satou/Stylized_PBR_Nature/Foliage/Textures/T_Pine_Tree_Trunk_ORM.uasset" 1167
"C:/24CI0412MP/Content/Satou/Stylized_PBR_Nature/Foliage/Textures/T_Pine_Tree_Trunk_ORM.uexp" 1168
"C:/24CI0412MP/Content/Satou/Stylized_PBR_Nature/Foliage/Textures/T_Pine_Tree_Trunk_D.ubulk" 1169
"C:/24CI0412MP/Content/Satou/Stylized_PBR_Nature/Foliage/Textures/T_Pine_Tree_Trunk_D.uasset" 1170
"C:/24CI0412MP/Content/Satou/Stylized_PBR_Nature/Foliage/Textures/T_Pine_Tree_Trunk_D.uexp" 1171
"C:/24CI0412MP/Content/Satou/Stylized_PBR_Nature/Foliage/Materials/M_Tree_Trunk_Master.uasset" 1172
"C:/24CI0412MP/Content/Satou/Stylized_PBR_Nature/Foliage/Materials/M_Tree_Trunk_Master.uexp" 1173
"C:/24CI0412MP/Content/Satou/Stylized_PBR_Nature/Foliage/Textures/T_Common_Tree_07_ORM.ubulk" 1174
"C:/24CI0412MP/Content/Satou/Stylized_PBR_Nature/Foliage/Textures/T_Common_Tree_07_ORM.uasset" 1175
"C:/24CI0412MP/Content/Satou/Stylized_PBR_Nature/Foliage/Textures/T_Common_Tree_07_ORM.uexp" 1176
"C:/24CI0412MP/Content/Satou/Stylized_PBR_Nature/Foliage/Textures/T_Common_Tree_07_D.ubulk" 1177
"C:/24CI0412MP/Content/Satou/Stylized_PBR_Nature/Foliage/Textures/T_Common_Tree_07_D.uasset" 1178
"C:/24CI0412MP/Content/Satou/Stylized_PBR_Nature/Foliage/Textures/T_Common_Tree_07_D.uexp" 1179
"C:/24CI0412MP/Content/Satou/Stylized_PBR_Nature/Foliage/Textures/T_Common_Tree_07_N.ubulk" 1180
"C:/24CI0412MP/Content/Satou/Stylized_PBR_Nature/Foliage/Textures/T_Common_Tree_07_N.uasset" 1181
"C:/24CI0412MP/Content/Satou/Stylized_PBR_Nature/Foliage/Textures/T_Common_Tree_07_N.uexp" 1182
"C:/24CI0412MP/Content/Satou/Stylized_PBR_Nature/Foliage/Materials/MI_Common_Tree_07.uasset" 1183
"C:/24CI0412MP/Content/Satou/Stylized_PBR_Nature/Foliage/Materials/MI_Common_Tree_07.uexp" 1184
"C:/24CI0412MP/Content/Satou/Stylized_PBR_Nature/Foliage/Textures/T_Common_Tree_Leaves_D.ubulk" 1185
"C:/24CI0412MP/Content/Satou/Stylized_PBR_Nature/Foliage/Textures/T_Common_Tree_Leaves_D.uasset" 1186
"C:/24CI0412MP/Content/Satou/Stylized_PBR_Nature/Foliage/Textures/T_Common_Tree_Leaves_D.uexp" 1187
"C:/24CI0412MP/Content/Satou/Stylized_PBR_Nature/Foliage/Textures/T_Grass_D.ubulk" 1188
"C:/24CI0412MP/Content/Satou/Stylized_PBR_Nature/Foliage/Textures/T_Grass_D.uasset" 1189
"C:/24CI0412MP/Content/Satou/Stylized_PBR_Nature/Foliage/Textures/T_Grass_D.uexp" 1190
"../../../Engine/Content/Functions/Engine_MaterialFunctions01/WorldPositionOffset/SimpleGrassWind.uasset" 1191
"../../../Engine/Content/Functions/Engine_MaterialFunctions01/WorldPositionOffset/SimpleGrassWind.uexp" 1192
"C:/24CI0412MP/Content/Satou/Stylized_PBR_Nature/Foliage/Materials/M_Foliage_Master.uasset" 1193
"C:/24CI0412MP/Content/Satou/Stylized_PBR_Nature/Foliage/Materials/M_Foliage_Master.uexp" 1194
"C:/24CI0412MP/Content/Satou/Stylized_PBR_Nature/Foliage/Materials/MI_Common_Tree_Leaves.uasset" 1195
"C:/24CI0412MP/Content/Satou/Stylized_PBR_Nature/Foliage/Materials/MI_Common_Tree_Leaves.uexp" 1196
"C:/24CI0412MP/Content/Satou/Stylized_PBR_Nature/Foliage/Assets/SM_Common_Tree_07.ubulk" 1197
"C:/24CI0412MP/Content/Satou/Stylized_PBR_Nature/Foliage/Assets/SM_Common_Tree_07.uasset" 1198
"C:/24CI0412MP/Content/Satou/Stylized_PBR_Nature/Foliage/Assets/SM_Common_Tree_07.uexp" 1199
"C:/24CI0412MP/Content/Satou/Stylized_PBR_Nature/Foliage/FoliageTypes/SM_Common_Tree_07_FoliageType.uasset" 1200
"C:/24CI0412MP/Content/Satou/Stylized_PBR_Nature/Foliage/FoliageTypes/SM_Common_Tree_07_FoliageType.uexp" 1201
"C:/24CI0412MP/Content/Satou/Stylized_PBR_Nature/Foliage/Materials/MI_Grass.uasset" 1202
"C:/24CI0412MP/Content/Satou/Stylized_PBR_Nature/Foliage/Materials/MI_Grass.uexp" 1203
"C:/24CI0412MP/Content/Satou/Stylized_PBR_Nature/Foliage/Assets/SM_Grass.ubulk" 1204
"C:/24CI0412MP/Content/Satou/Stylized_PBR_Nature/Foliage/Assets/SM_Grass.uasset" 1205
"C:/24CI0412MP/Content/Satou/Stylized_PBR_Nature/Foliage/Assets/SM_Grass.uexp" 1206
"C:/24CI0412MP/Content/Satou/Stylized_PBR_Nature/Foliage/Assets/SM_Grass_FoliageType.uasset" 1207
"C:/24CI0412MP/Content/Satou/Stylized_PBR_Nature/Foliage/Assets/SM_Grass_FoliageType.uexp" 1208
"C:/24CI0412MP/Content/Satou/Stylized_PBR_Nature/Foliage/Materials/MI_Bush.uasset" 1209
"C:/24CI0412MP/Content/Satou/Stylized_PBR_Nature/Foliage/Materials/MI_Bush.uexp" 1210
"C:/24CI0412MP/Content/Satou/Stylized_PBR_Nature/Foliage/Assets/SM_Bush.ubulk" 1211
"C:/24CI0412MP/Content/Satou/Stylized_PBR_Nature/Foliage/Assets/SM_Bush.uasset" 1212
"C:/24CI0412MP/Content/Satou/Stylized_PBR_Nature/Foliage/Assets/SM_Bush.uexp" 1213
"C:/24CI0412MP/Content/Satou/Stylized_PBR_Nature/Foliage/Assets/SM_Bush_FoliageType.uasset" 1214
"C:/24CI0412MP/Content/Satou/Stylized_PBR_Nature/Foliage/Assets/SM_Bush_FoliageType.uexp" 1215
"C:/24CI0412MP/Content/Satou/Stylized_PBR_Nature/Foliage/Textures/T_Pine_Tree_Leaves_D.ubulk" 1216
"C:/24CI0412MP/Content/Satou/Stylized_PBR_Nature/Foliage/Textures/T_Pine_Tree_Leaves_D.uasset" 1217
"C:/24CI0412MP/Content/Satou/Stylized_PBR_Nature/Foliage/Textures/T_Pine_Tree_Leaves_D.uexp" 1218
"C:/24CI0412MP/Content/Satou/Stylized_PBR_Nature/Foliage/Materials/MI_Pine_Tree_Leaves.uasset" 1219
"C:/24CI0412MP/Content/Satou/Stylized_PBR_Nature/Foliage/Materials/MI_Pine_Tree_Leaves.uexp" 1220
"C:/24CI0412MP/Content/Satou/Stylized_PBR_Nature/Foliage/Materials/MI_Pine_Trunk.uasset" 1221
"C:/24CI0412MP/Content/Satou/Stylized_PBR_Nature/Foliage/Materials/MI_Pine_Trunk.uexp" 1222
"C:/24CI0412MP/Content/Satou/Stylized_PBR_Nature/Foliage/Assets/SM_Pine_Tree_3.ubulk" 1223
"C:/24CI0412MP/Content/Satou/Stylized_PBR_Nature/Foliage/Assets/SM_Pine_Tree_3.uasset" 1224
"C:/24CI0412MP/Content/Satou/Stylized_PBR_Nature/Foliage/Assets/SM_Pine_Tree_3.uexp" 1225
"C:/24CI0412MP/Content/Satou/Stylized_PBR_Nature/Foliage/FoliageTypes/SM_Pine_Tree_3_FoliageType.uasset" 1226
"C:/24CI0412MP/Content/Satou/Stylized_PBR_Nature/Foliage/FoliageTypes/SM_Pine_Tree_3_FoliageType.uexp" 1227
"C:/24CI0412MP/Content/Satou/Stylized_PBR_Nature/Foliage/Textures/T_Common_Tree_10_N.ubulk" 1228
"C:/24CI0412MP/Content/Satou/Stylized_PBR_Nature/Foliage/Textures/T_Common_Tree_10_N.uasset" 1229
"C:/24CI0412MP/Content/Satou/Stylized_PBR_Nature/Foliage/Textures/T_Common_Tree_10_N.uexp" 1230
"C:/24CI0412MP/Content/Satou/Stylized_PBR_Nature/Foliage/Textures/T_Common_Tree_10_D.ubulk" 1231
"C:/24CI0412MP/Content/Satou/Stylized_PBR_Nature/Foliage/Textures/T_Common_Tree_10_D.uasset" 1232
"C:/24CI0412MP/Content/Satou/Stylized_PBR_Nature/Foliage/Textures/T_Common_Tree_10_D.uexp" 1233
"C:/24CI0412MP/Content/Satou/Stylized_PBR_Nature/Foliage/Materials/MI_Common_Tree_10.uasset" 1234
"C:/24CI0412MP/Content/Satou/Stylized_PBR_Nature/Foliage/Materials/MI_Common_Tree_10.uexp" 1235
"C:/24CI0412MP/Content/Satou/Stylized_PBR_Nature/Foliage/Assets/SM_Common_Tree_10.ubulk" 1236
"C:/24CI0412MP/Content/Satou/Stylized_PBR_Nature/Foliage/Assets/SM_Common_Tree_10.uasset" 1237
"C:/24CI0412MP/Content/Satou/Stylized_PBR_Nature/Foliage/Assets/SM_Common_Tree_10.uexp" 1238
"C:/24CI0412MP/Content/Satou/Stylized_PBR_Nature/Foliage/FoliageTypes/SM_Common_Tree_10_FoliageType.uasset" 1239
"C:/24CI0412MP/Content/Satou/Stylized_PBR_Nature/Foliage/FoliageTypes/SM_Common_Tree_10_FoliageType.uexp" 1240
"C:/24CI0412MP/Content/Satou/Stylized_PBR_Nature/Foliage/Assets/SM_Pine_Tree_1.ubulk" 1241
"C:/24CI0412MP/Content/Satou/Stylized_PBR_Nature/Foliage/Assets/SM_Pine_Tree_1.uasset" 1242
"C:/24CI0412MP/Content/Satou/Stylized_PBR_Nature/Foliage/Assets/SM_Pine_Tree_1.uexp" 1243
"C:/24CI0412MP/Content/Satou/Stylized_PBR_Nature/Foliage/Assets/SM_Pine_Tree_2.ubulk" 1244
"C:/24CI0412MP/Content/Satou/Stylized_PBR_Nature/Foliage/Assets/SM_Pine_Tree_2.uasset" 1245
"C:/24CI0412MP/Content/Satou/Stylized_PBR_Nature/Foliage/Assets/SM_Pine_Tree_2.uexp" 1246
"C:/24CI0412MP/Content/Satou/Stylized_PBR_Nature/Foliage/FoliageTypes/SM_Pine_Tree_2_FoliageType.uasset" 1247
"C:/24CI0412MP/Content/Satou/Stylized_PBR_Nature/Foliage/FoliageTypes/SM_Pine_Tree_2_FoliageType.uexp" 1248
"C:/24CI0412MP/Content/Satou/Stylized_PBR_Nature/Foliage/Textures/T_Fern_D.ubulk" 1249
"C:/24CI0412MP/Content/Satou/Stylized_PBR_Nature/Foliage/Textures/T_Fern_D.uasset" 1250
"C:/24CI0412MP/Content/Satou/Stylized_PBR_Nature/Foliage/Textures/T_Fern_D.uexp" 1251
"C:/24CI0412MP/Content/Satou/Stylized_PBR_Nature/Foliage/Materials/MI_Fern.uasset" 1252
"C:/24CI0412MP/Content/Satou/Stylized_PBR_Nature/Foliage/Materials/MI_Fern.uexp" 1253
"C:/24CI0412MP/Content/Satou/Stylized_PBR_Nature/Foliage/Assets/SM_Fern.ubulk" 1254
"C:/24CI0412MP/Content/Satou/Stylized_PBR_Nature/Foliage/Assets/SM_Fern.uasset" 1255
"C:/24CI0412MP/Content/Satou/Stylized_PBR_Nature/Foliage/Assets/SM_Fern.uexp" 1256
"C:/24CI0412MP/Content/Satou/Stylized_PBR_Nature/Foliage/FoliageTypes/SM_Pine_Tree_1_FoliageType.uasset" 1257
"C:/24CI0412MP/Content/Satou/Stylized_PBR_Nature/Foliage/FoliageTypes/SM_Pine_Tree_1_FoliageType.uexp" 1258
"C:/24CI0412MP/Content/Satou/Stylized_PBR_Nature/Foliage/Assets/SM_Fern_FoliageType.uasset" 1259
"C:/24CI0412MP/Content/Satou/Stylized_PBR_Nature/Foliage/Assets/SM_Fern_FoliageType.uexp" 1260
"C:/24CI0412MP/Content/Satou/Stylized_PBR_Nature/Foliage/Textures/T_Common_Tree_03_ORM.ubulk" 1261
"C:/24CI0412MP/Content/Satou/Stylized_PBR_Nature/Foliage/Textures/T_Common_Tree_03_ORM.uasset" 1262
"C:/24CI0412MP/Content/Satou/Stylized_PBR_Nature/Foliage/Textures/T_Common_Tree_03_ORM.uexp" 1263
"C:/24CI0412MP/Content/Satou/Stylized_PBR_Nature/Foliage/Textures/T_Common_Tree_03_D.ubulk" 1264
"C:/24CI0412MP/Content/Satou/Stylized_PBR_Nature/Foliage/Textures/T_Common_Tree_03_D.uasset" 1265
"C:/24CI0412MP/Content/Satou/Stylized_PBR_Nature/Foliage/Textures/T_Common_Tree_03_D.uexp" 1266
"C:/24CI0412MP/Content/Satou/Stylized_PBR_Nature/Foliage/Textures/T_Common_Tree_03_N.ubulk" 1267
"C:/24CI0412MP/Content/Satou/Stylized_PBR_Nature/Foliage/Textures/T_Common_Tree_03_N.uasset" 1268
"C:/24CI0412MP/Content/Satou/Stylized_PBR_Nature/Foliage/Textures/T_Common_Tree_03_N.uexp" 1269
"C:/24CI0412MP/Content/Satou/Stylized_PBR_Nature/Foliage/Materials/MI_Common_Tree_03.uasset" 1270
"C:/24CI0412MP/Content/Satou/Stylized_PBR_Nature/Foliage/Materials/MI_Common_Tree_03.uexp" 1271
"C:/24CI0412MP/Content/Satou/Stylized_PBR_Nature/Foliage/Assets/SM_Common_Tree_03.ubulk" 1272
"C:/24CI0412MP/Content/Satou/Stylized_PBR_Nature/Foliage/Assets/SM_Common_Tree_03.uasset" 1273
"C:/24CI0412MP/Content/Satou/Stylized_PBR_Nature/Foliage/Assets/SM_Common_Tree_03.uexp" 1274
"C:/24CI0412MP/Content/Satou/Stylized_PBR_Nature/Foliage/FoliageTypes/SM_Common_Tree_03_FoliageType.uasset" 1275
"C:/24CI0412MP/Content/Satou/Stylized_PBR_Nature/Foliage/FoliageTypes/SM_Common_Tree_03_FoliageType.uexp" 1276
"C:/24CI0412MP/Content/WindmillValley/Textures/T_Board_01_ORM.ubulk" 1277
"C:/24CI0412MP/Content/WindmillValley/Textures/T_Board_01_ORM.uasset" 1278
"C:/24CI0412MP/Content/WindmillValley/Textures/T_Board_01_ORM.uexp" 1279
"C:/24CI0412MP/Content/WindmillValley/Textures/T_Board_01_D.ubulk" 1280
"C:/24CI0412MP/Content/WindmillValley/Textures/T_Board_01_D.uasset" 1281
"C:/24CI0412MP/Content/WindmillValley/Textures/T_Board_01_D.uexp" 1282
"C:/24CI0412MP/Content/WindmillValley/Textures/T_Board_01_N.ubulk" 1283
"C:/24CI0412MP/Content/WindmillValley/Textures/T_Board_01_N.uasset" 1284
"C:/24CI0412MP/Content/WindmillValley/Textures/T_Board_01_N.uexp" 1285
"C:/24CI0412MP/Content/WindmillValley/Materials/MaterialInstances/MI_Board.uasset" 1286
"C:/24CI0412MP/Content/WindmillValley/Materials/MaterialInstances/MI_Board.uexp" 1287
"C:/24CI0412MP/Content/WindmillValley/Textures/T_Fence_02_D.ubulk" 1288
"C:/24CI0412MP/Content/WindmillValley/Textures/T_Fence_02_D.uasset" 1289
"C:/24CI0412MP/Content/WindmillValley/Textures/T_Fence_02_D.uexp" 1290
"C:/24CI0412MP/Content/WindmillValley/Textures/T_Fence_02_ORM.ubulk" 1291
"C:/24CI0412MP/Content/WindmillValley/Textures/T_Fence_02_ORM.uasset" 1292
"C:/24CI0412MP/Content/WindmillValley/Textures/T_Fence_02_ORM.uexp" 1293
"C:/24CI0412MP/Content/WindmillValley/Textures/T_Fence_02_N.ubulk" 1294
"C:/24CI0412MP/Content/WindmillValley/Textures/T_Fence_02_N.uasset" 1295
"C:/24CI0412MP/Content/WindmillValley/Textures/T_Fence_02_N.uexp" 1296
"C:/24CI0412MP/Content/WindmillValley/Materials/MaterialInstances/MI_Fence_01.uasset" 1297
"C:/24CI0412MP/Content/WindmillValley/Materials/MaterialInstances/MI_Fence_01.uexp" 1298
"C:/24CI0412MP/Content/WindmillValley/Meshes/SM_Fence_01.ubulk" 1299
"C:/24CI0412MP/Content/WindmillValley/Meshes/SM_Fence_01.uasset" 1300
"C:/24CI0412MP/Content/WindmillValley/Meshes/SM_Fence_01.uexp" 1301
"C:/24CI0412MP/Content/WindmillValley/Meshes/SM_Board.ubulk" 1302
"C:/24CI0412MP/Content/WindmillValley/Meshes/SM_Board.uasset" 1303
"C:/24CI0412MP/Content/WindmillValley/Meshes/SM_Board.uexp" 1304
"C:/24CI0412MP/Content/WindmillValley/Blueprint/BP_Fence_01.uasset" 1305
"C:/24CI0412MP/Content/WindmillValley/Blueprint/BP_Fence_01.uexp" 1306
"../../../Engine/Plugins/Interchange/Runtime/Content/gltf/MaterialInstances/MI_Default_Opaque_DS.uasset" 1307
"../../../Engine/Plugins/Interchange/Runtime/Content/gltf/MaterialInstances/MI_Default_Opaque_DS.uexp" 1308
"C:/24CI0412MP/Content/Li/BridgeMesh/olddry_bamboo_bridge_texture_3.ubulk" 1309
"C:/24CI0412MP/Content/Li/BridgeMesh/olddry_bamboo_bridge_texture_3.uasset" 1310
"C:/24CI0412MP/Content/Li/BridgeMesh/olddry_bamboo_bridge_texture_3.uexp" 1311
"C:/24CI0412MP/Content/Li/BridgeMesh/olddry_bamboo_bridge_texture_4.ubulk" 1312
"C:/24CI0412MP/Content/Li/BridgeMesh/olddry_bamboo_bridge_texture_4.uasset" 1313
"C:/24CI0412MP/Content/Li/BridgeMesh/olddry_bamboo_bridge_texture_4.uexp" 1314
"C:/24CI0412MP/Content/Li/BridgeMesh/olddry_bamboo_bridge_texture_5.ubulk" 1315
"C:/24CI0412MP/Content/Li/BridgeMesh/olddry_bamboo_bridge_texture_5.uasset" 1316
"C:/24CI0412MP/Content/Li/BridgeMesh/olddry_bamboo_bridge_texture_5.uexp" 1317
"C:/24CI0412MP/Content/Li/BridgeMesh/olddry_bamboo_bridge_texture_6.ubulk" 1318
"C:/24CI0412MP/Content/Li/BridgeMesh/olddry_bamboo_bridge_texture_6.uasset" 1319
"C:/24CI0412MP/Content/Li/BridgeMesh/olddry_bamboo_bridge_texture_6.uexp" 1320
"C:/24CI0412MP/Content/Li/BridgeMesh/Big_Bamboo.uasset" 1321
"C:/24CI0412MP/Content/Li/BridgeMesh/Big_Bamboo.uexp" 1322
"C:/24CI0412MP/Content/Li/BridgeMesh/Bamboo_Bridge_Big_Bamboo_0.ubulk" 1323
"C:/24CI0412MP/Content/Li/BridgeMesh/Bamboo_Bridge_Big_Bamboo_0.uasset" 1324
"C:/24CI0412MP/Content/Li/BridgeMesh/Bamboo_Bridge_Big_Bamboo_0.uexp" 1325
"C:/24CI0412MP/Content/Li/BridgeMesh/olddry_bamboo_bridge_texture_7.ubulk" 1326
"C:/24CI0412MP/Content/Li/BridgeMesh/olddry_bamboo_bridge_texture_7.uasset" 1327
"C:/24CI0412MP/Content/Li/BridgeMesh/olddry_bamboo_bridge_texture_7.uexp" 1328
"C:/24CI0412MP/Content/Li/BridgeMesh/olddry_bamboo_bridge_texture_8.ubulk" 1329
"C:/24CI0412MP/Content/Li/BridgeMesh/olddry_bamboo_bridge_texture_8.uasset" 1330
"C:/24CI0412MP/Content/Li/BridgeMesh/olddry_bamboo_bridge_texture_8.uexp" 1331
"C:/24CI0412MP/Content/Li/BridgeMesh/olddry_bamboo_bridge_texture_9.ubulk" 1332
"C:/24CI0412MP/Content/Li/BridgeMesh/olddry_bamboo_bridge_texture_9.uasset" 1333
"C:/24CI0412MP/Content/Li/BridgeMesh/olddry_bamboo_bridge_texture_9.uexp" 1334
"C:/24CI0412MP/Content/Li/BridgeMesh/Ropes.uasset" 1335
"C:/24CI0412MP/Content/Li/BridgeMesh/Ropes.uexp" 1336
"C:/24CI0412MP/Content/Li/BridgeMesh/Bamboo_Bridge_Ropes_0.ubulk" 1337
"C:/24CI0412MP/Content/Li/BridgeMesh/Bamboo_Bridge_Ropes_0.uasset" 1338
"C:/24CI0412MP/Content/Li/BridgeMesh/Bamboo_Bridge_Ropes_0.uexp" 1339
"C:/24CI0412MP/Content/Li/BridgeMesh/olddry_bamboo_bridge_texture_0.ubulk" 1340
"C:/24CI0412MP/Content/Li/BridgeMesh/olddry_bamboo_bridge_texture_0.uasset" 1341
"C:/24CI0412MP/Content/Li/BridgeMesh/olddry_bamboo_bridge_texture_0.uexp" 1342
"C:/24CI0412MP/Content/Li/BridgeMesh/olddry_bamboo_bridge_texture_1.ubulk" 1343
"C:/24CI0412MP/Content/Li/BridgeMesh/olddry_bamboo_bridge_texture_1.uasset" 1344
"C:/24CI0412MP/Content/Li/BridgeMesh/olddry_bamboo_bridge_texture_1.uexp" 1345
"C:/24CI0412MP/Content/Li/BridgeMesh/olddry_bamboo_bridge_texture_2.ubulk" 1346
"C:/24CI0412MP/Content/Li/BridgeMesh/olddry_bamboo_bridge_texture_2.uasset" 1347
"C:/24CI0412MP/Content/Li/BridgeMesh/olddry_bamboo_bridge_texture_2.uexp" 1348
"C:/24CI0412MP/Content/Li/BridgeMesh/Bamboo.uasset" 1349
"C:/24CI0412MP/Content/Li/BridgeMesh/Bamboo.uexp" 1350
"C:/24CI0412MP/Content/Li/BridgeMesh/Bamboo_Bridge_Bamboo_0.ubulk" 1351
"C:/24CI0412MP/Content/Li/BridgeMesh/Bamboo_Bridge_Bamboo_0.uasset" 1352
"C:/24CI0412MP/Content/Li/BridgeMesh/Bamboo_Bridge_Bamboo_0.uexp" 1353
"C:/24CI0412MP/Content/Li/BridgeMesh/BP_Bridge.uasset" 1354
"C:/24CI0412MP/Content/Li/BridgeMesh/BP_Bridge.uexp" 1355
"C:/24CI0412MP/Content/WindmillValley/Textures/T_Rock_D.ubulk" 1356
"C:/24CI0412MP/Content/WindmillValley/Textures/T_Rock_D.uasset" 1357
"C:/24CI0412MP/Content/WindmillValley/Textures/T_Rock_D.uexp" 1358
"C:/24CI0412MP/Content/WindmillValley/Textures/T_Rock_N.ubulk" 1359
"C:/24CI0412MP/Content/WindmillValley/Textures/T_Rock_N.uasset" 1360
"C:/24CI0412MP/Content/WindmillValley/Textures/T_Rock_N.uexp" 1361
"C:/24CI0412MP/Content/WindmillValley/Textures/T_Rock_ORM.ubulk" 1362
"C:/24CI0412MP/Content/WindmillValley/Textures/T_Rock_ORM.uasset" 1363
"C:/24CI0412MP/Content/WindmillValley/Textures/T_Rock_ORM.uexp" 1364
"C:/24CI0412MP/Content/WindmillValley/Materials/MaterialInstances/MI_Rock.uasset" 1365
"C:/24CI0412MP/Content/WindmillValley/Materials/MaterialInstances/MI_Rock.uexp" 1366
"C:/24CI0412MP/Content/WindmillValley/Textures/T_Rock_01_ORM.ubulk" 1367
"C:/24CI0412MP/Content/WindmillValley/Textures/T_Rock_01_ORM.uasset" 1368
"C:/24CI0412MP/Content/WindmillValley/Textures/T_Rock_01_ORM.uexp" 1369
"C:/24CI0412MP/Content/WindmillValley/Textures/T_Rock_01_D.ubulk" 1370
"C:/24CI0412MP/Content/WindmillValley/Textures/T_Rock_01_D.uasset" 1371
"C:/24CI0412MP/Content/WindmillValley/Textures/T_Rock_01_D.uexp" 1372
"C:/24CI0412MP/Content/WindmillValley/Textures/T_Rock_01_N.ubulk" 1373
"C:/24CI0412MP/Content/WindmillValley/Textures/T_Rock_01_N.uasset" 1374
"C:/24CI0412MP/Content/WindmillValley/Textures/T_Rock_01_N.uexp" 1375
"C:/24CI0412MP/Content/WindmillValley/Materials/MaterialInstances/MI_Sasso_02.uasset" 1376
"C:/24CI0412MP/Content/WindmillValley/Materials/MaterialInstances/MI_Sasso_02.uexp" 1377
"C:/24CI0412MP/Content/WindmillValley/Meshes/SM_Rock_02.ubulk" 1378
"C:/24CI0412MP/Content/WindmillValley/Meshes/SM_Rock_02.uasset" 1379
"C:/24CI0412MP/Content/WindmillValley/Meshes/SM_Rock_02.uexp" 1380
"C:/24CI0412MP/Content/WindmillValley/Materials/MaterialInstances/MI_Sasso_03.uasset" 1381
"C:/24CI0412MP/Content/WindmillValley/Materials/MaterialInstances/MI_Sasso_03.uexp" 1382
"C:/24CI0412MP/Content/WindmillValley/Meshes/SM_Rock_01.ubulk" 1383
"C:/24CI0412MP/Content/WindmillValley/Meshes/SM_Rock_01.uasset" 1384
"C:/24CI0412MP/Content/WindmillValley/Meshes/SM_Rock_01.uexp" 1385
"C:/24CI0412MP/Content/WindmillValley/Blueprint/BP_Rocks_03.uasset" 1386
"C:/24CI0412MP/Content/WindmillValley/Blueprint/BP_Rocks_03.uexp" 1387
"C:/24CI0412MP/Content/Satou/Stylized_PBR_Nature/Terrain/T_rock.ubulk" 1388
"C:/24CI0412MP/Content/Satou/Stylized_PBR_Nature/Terrain/T_rock.uasset" 1389
"C:/24CI0412MP/Content/Satou/Stylized_PBR_Nature/Terrain/T_rock.uexp" 1390
"C:/24CI0412MP/Content/Satou/Stylized_PBR_Nature/Terrain/T_Dirt.ubulk" 1391
"C:/24CI0412MP/Content/Satou/Stylized_PBR_Nature/Terrain/T_Dirt.uasset" 1392
"C:/24CI0412MP/Content/Satou/Stylized_PBR_Nature/Terrain/T_Dirt.uexp" 1393
"../../../Engine/Content/EngineMaterials/WeightMapPlaceholderTexture.uasset" 1394
"../../../Engine/Content/EngineMaterials/WeightMapPlaceholderTexture.uexp" 1395
"../../../Engine/Content/EngineMaterials/WeightMapArrayPlaceholderTexture.uasset" 1396
"../../../Engine/Content/EngineMaterials/WeightMapArrayPlaceholderTexture.uexp" 1397
"C:/24CI0412MP/Content/Satou/Stylized_PBR_Nature/Terrain/T_Grass_1.ubulk" 1398
"C:/24CI0412MP/Content/Satou/Stylized_PBR_Nature/Terrain/T_Grass_1.uasset" 1399
"C:/24CI0412MP/Content/Satou/Stylized_PBR_Nature/Terrain/T_Grass_1.uexp" 1400
"C:/24CI0412MP/Content/Satou/Stylized_PBR_Nature/Terrain/T_Grass_2.ubulk" 1401
"C:/24CI0412MP/Content/Satou/Stylized_PBR_Nature/Terrain/T_Grass_2.uasset" 1402
"C:/24CI0412MP/Content/Satou/Stylized_PBR_Nature/Terrain/T_Grass_2.uexp" 1403
"C:/24CI0412MP/Content/Satou/Stylized_PBR_Nature/Terrain/M_Landscape.uasset" 1404
"C:/24CI0412MP/Content/Satou/Stylized_PBR_Nature/Terrain/M_Landscape.uexp" 1405
"../../../Engine/Content/EngineMaterials/DefaultPhysicalMaterial.uasset" 1406
"../../../Engine/Content/EngineMaterials/DefaultPhysicalMaterial.uexp" 1407
"C:/24CI0412MP/Content/Satou/Satou_sharedassets/dirt_LayerInfo.uasset" 1408
"C:/24CI0412MP/Content/Satou/Satou_sharedassets/dirt_LayerInfo.uexp" 1409
"C:/24CI0412MP/Content/Satou/Satou_sharedassets/Grass_01_LayerInfo.uasset" 1410
"C:/24CI0412MP/Content/Satou/Satou_sharedassets/Grass_01_LayerInfo.uexp" 1411
"C:/24CI0412MP/Content/StylizedProvencal/Textures/T_Cart_AORM.ubulk" 1412
"C:/24CI0412MP/Content/StylizedProvencal/Textures/T_Cart_AORM.uasset" 1413
"C:/24CI0412MP/Content/StylizedProvencal/Textures/T_Cart_AORM.uexp" 1414
"C:/24CI0412MP/Content/StylizedProvencal/Textures/T_Cart_N.ubulk" 1415
"C:/24CI0412MP/Content/StylizedProvencal/Textures/T_Cart_N.uasset" 1416
"C:/24CI0412MP/Content/StylizedProvencal/Textures/T_Cart_N.uexp" 1417
"C:/24CI0412MP/Content/StylizedProvencal/Textures/T_Cart_B.ubulk" 1418
"C:/24CI0412MP/Content/StylizedProvencal/Textures/T_Cart_B.uasset" 1419
"C:/24CI0412MP/Content/StylizedProvencal/Textures/T_Cart_B.uexp" 1420
"C:/24CI0412MP/Content/StylizedProvencal/Materials/MI_Cart.uasset" 1421
"C:/24CI0412MP/Content/StylizedProvencal/Materials/MI_Cart.uexp" 1422
"C:/24CI0412MP/Content/StylizedProvencal/Meshes/SM_Bench.ubulk" 1423
"C:/24CI0412MP/Content/StylizedProvencal/Meshes/SM_Bench.uasset" 1424
"C:/24CI0412MP/Content/StylizedProvencal/Meshes/SM_Bench.uexp" 1425
"C:/24CI0412MP/Content/AdvancedVillagePack/Materials/M_Inst_Pack_01.uasset" 1426
"C:/24CI0412MP/Content/AdvancedVillagePack/Materials/M_Inst_Pack_01.uexp" 1427
"C:/24CI0412MP/Content/AdvancedVillagePack/Meshes/SM_Barrel.ubulk" 1428
"C:/24CI0412MP/Content/AdvancedVillagePack/Meshes/SM_Barrel.uasset" 1429
"C:/24CI0412MP/Content/AdvancedVillagePack/Meshes/SM_Barrel.uexp" 1430
"C:/24CI0412MP/Content/WindmillValley/Textures/T_Wheat_01_H.ubulk" 1431
"C:/24CI0412MP/Content/WindmillValley/Textures/T_Wheat_01_H.uasset" 1432
"C:/24CI0412MP/Content/WindmillValley/Textures/T_Wheat_01_H.uexp" 1433
"C:/24CI0412MP/Content/WindmillValley/Textures/T_Wheat_02_D.ubulk" 1434
"C:/24CI0412MP/Content/WindmillValley/Textures/T_Wheat_02_D.uasset" 1435
"C:/24CI0412MP/Content/WindmillValley/Textures/T_Wheat_02_D.uexp" 1436
"C:/24CI0412MP/Content/WindmillValley/Textures/T_Wheat_02_N.ubulk" 1437
"C:/24CI0412MP/Content/WindmillValley/Textures/T_Wheat_02_N.uasset" 1438
"C:/24CI0412MP/Content/WindmillValley/Textures/T_Wheat_02_N.uexp" 1439
"C:/24CI0412MP/Content/WindmillValley/Textures/T_Wheat_01_AO.ubulk" 1440
"C:/24CI0412MP/Content/WindmillValley/Textures/T_Wheat_01_AO.uasset" 1441
"C:/24CI0412MP/Content/WindmillValley/Textures/T_Wheat_01_AO.uexp" 1442
"C:/24CI0412MP/Content/WindmillValley/Textures/T_Wall_H.ubulk" 1443
"C:/24CI0412MP/Content/WindmillValley/Textures/T_Wall_H.uasset" 1444
"C:/24CI0412MP/Content/WindmillValley/Textures/T_Wall_H.uexp" 1445
"../../../Engine/Content/Functions/Engine_MaterialFunctions01/Gradient/LinearGradient.uasset" 1446
"../../../Engine/Content/Functions/Engine_MaterialFunctions01/Gradient/LinearGradient.uexp" 1447
"../../../Engine/Content/Functions/Engine_MaterialFunctions01/ImageAdjustment/CheapContrast.uasset" 1448
"../../../Engine/Content/Functions/Engine_MaterialFunctions01/ImageAdjustment/CheapContrast.uexp" 1449
"../../../Engine/Content/Functions/Engine_MaterialFunctions02/Texturing/HeightLerp.uasset" 1450
"../../../Engine/Content/Functions/Engine_MaterialFunctions02/Texturing/HeightLerp.uexp" 1451
"C:/24CI0412MP/Content/WindmillValley/Materials/MasterMaterials/M_Default.uasset" 1452
"C:/24CI0412MP/Content/WindmillValley/Materials/MasterMaterials/M_Default.uexp" 1453
"C:/24CI0412MP/Content/WindmillValley/Materials/MasterMaterials/M_Wall.uasset" 1454
"C:/24CI0412MP/Content/WindmillValley/Materials/MasterMaterials/M_Wall.uexp" 1455
"C:/24CI0412MP/Content/WindmillValley/Materials/MaterialInstances/MI_PlaneWheat.uasset" 1456
"C:/24CI0412MP/Content/WindmillValley/Materials/MaterialInstances/MI_PlaneWheat.uexp" 1457
"C:/24CI0412MP/Content/WindmillValley/Textures/T_Wheat_01_N.ubulk" 1458
"C:/24CI0412MP/Content/WindmillValley/Textures/T_Wheat_01_N.uasset" 1459
"C:/24CI0412MP/Content/WindmillValley/Textures/T_Wheat_01_N.uexp" 1460
"C:/24CI0412MP/Content/WindmillValley/Textures/T_Wheat_01_D.ubulk" 1461
"C:/24CI0412MP/Content/WindmillValley/Textures/T_Wheat_01_D.uasset" 1462
"C:/24CI0412MP/Content/WindmillValley/Textures/T_Wheat_01_D.uexp" 1463
"C:/24CI0412MP/Content/WindmillValley/Textures/T_Wheat_01_ORM.ubulk" 1464
"C:/24CI0412MP/Content/WindmillValley/Textures/T_Wheat_01_ORM.uasset" 1465
"C:/24CI0412MP/Content/WindmillValley/Textures/T_Wheat_01_ORM.uexp" 1466
"C:/24CI0412MP/Content/WindmillValley/Materials/MaterialInstances/MI_Whaet.uasset" 1467
"C:/24CI0412MP/Content/WindmillValley/Materials/MaterialInstances/MI_Whaet.uexp" 1468
"C:/24CI0412MP/Content/WindmillValley/Meshes/SM_Wheat_02.ubulk" 1469
"C:/24CI0412MP/Content/WindmillValley/Meshes/SM_Wheat_02.uasset" 1470
"C:/24CI0412MP/Content/WindmillValley/Meshes/SM_Wheat_02.uexp" 1471
"C:/24CI0412MP/Content/WindmillValley/Textures/T_WheatAlpha_N.ubulk" 1472
"C:/24CI0412MP/Content/WindmillValley/Textures/T_WheatAlpha_N.uasset" 1473
"C:/24CI0412MP/Content/WindmillValley/Textures/T_WheatAlpha_N.uexp" 1474
"C:/24CI0412MP/Content/WindmillValley/Textures/T_WheatAlpha_D.ubulk" 1475
"C:/24CI0412MP/Content/WindmillValley/Textures/T_WheatAlpha_D.uasset" 1476
"C:/24CI0412MP/Content/WindmillValley/Textures/T_WheatAlpha_D.uexp" 1477
"C:/24CI0412MP/Content/WindmillValley/Textures/T_Erba_01_Mask.uasset" 1478
"C:/24CI0412MP/Content/WindmillValley/Textures/T_Erba_01_Mask.uexp" 1479
"../../../Engine/Content/EngineDebugMaterials/HeatmapGradient.ubulk" 1480
"../../../Engine/Content/EngineDebugMaterials/HeatmapGradient.uasset" 1481
"../../../Engine/Content/EngineDebugMaterials/HeatmapGradient.uexp" 1482
"../../../Engine/Content/Functions/Engine_MaterialFunctions01/ImageAdjustment/CheapContrast_RGB.uasset" 1483
"../../../Engine/Content/Functions/Engine_MaterialFunctions01/ImageAdjustment/CheapContrast_RGB.uexp" 1484
"C:/24CI0412MP/Content/WindmillValley/Materials/MasterMaterials/M_Standard_01.uasset" 1485
"C:/24CI0412MP/Content/WindmillValley/Materials/MasterMaterials/M_Standard_01.uexp" 1486
"C:/24CI0412MP/Content/WindmillValley/Textures/T_WheatAlpha_ORM.ubulk" 1487
"C:/24CI0412MP/Content/WindmillValley/Textures/T_WheatAlpha_ORM.uasset" 1488
"C:/24CI0412MP/Content/WindmillValley/Textures/T_WheatAlpha_ORM.uexp" 1489
"C:/24CI0412MP/Content/WindmillValley/Textures/T_Whaet_01_Mask.ubulk" 1490
"C:/24CI0412MP/Content/WindmillValley/Textures/T_Whaet_01_Mask.uasset" 1491
"C:/24CI0412MP/Content/WindmillValley/Textures/T_Whaet_01_Mask.uexp" 1492
"C:/24CI0412MP/Content/WindmillValley/Materials/MaterialInstances/MI_Fieno.uasset" 1493
"C:/24CI0412MP/Content/WindmillValley/Materials/MaterialInstances/MI_Fieno.uexp" 1494
"C:/24CI0412MP/Content/WindmillValley/Meshes/SM_Wheat_01.ubulk" 1495
"C:/24CI0412MP/Content/WindmillValley/Meshes/SM_Wheat_01.uasset" 1496
"C:/24CI0412MP/Content/WindmillValley/Meshes/SM_Wheat_01.uexp" 1497
"C:/24CI0412MP/Content/WindmillValley/Blueprint/BP_Wheat.uasset" 1498
"C:/24CI0412MP/Content/WindmillValley/Blueprint/BP_Wheat.uexp" 1499
"C:/24CI0412MP/Content/AdvancedVillagePack/Textures/T_Pack_06_N.ubulk" 1500
"C:/24CI0412MP/Content/AdvancedVillagePack/Textures/T_Pack_06_N.uasset" 1501
"C:/24CI0412MP/Content/AdvancedVillagePack/Textures/T_Pack_06_N.uexp" 1502
"C:/24CI0412MP/Content/AdvancedVillagePack/Textures/T_Pack_06_RM.ubulk" 1503
"C:/24CI0412MP/Content/AdvancedVillagePack/Textures/T_Pack_06_RM.uasset" 1504
"C:/24CI0412MP/Content/AdvancedVillagePack/Textures/T_Pack_06_RM.uexp" 1505
"C:/24CI0412MP/Content/AdvancedVillagePack/Textures/T_Pack_06_D.ubulk" 1506
"C:/24CI0412MP/Content/AdvancedVillagePack/Textures/T_Pack_06_D.uasset" 1507
"C:/24CI0412MP/Content/AdvancedVillagePack/Textures/T_Pack_06_D.uexp" 1508
"C:/24CI0412MP/Content/AdvancedVillagePack/Materials/M_Inst_Pack_06.uasset" 1509
"C:/24CI0412MP/Content/AdvancedVillagePack/Materials/M_Inst_Pack_06.uexp" 1510
"C:/24CI0412MP/Content/AdvancedVillagePack/Meshes/SM_Axe.ubulk" 1511
"C:/24CI0412MP/Content/AdvancedVillagePack/Meshes/SM_Axe.uasset" 1512
"C:/24CI0412MP/Content/AdvancedVillagePack/Meshes/SM_Axe.uexp" 1513
"C:/24CI0412MP/Content/AdvancedVillagePack/Meshes/SM_Sack_Var01.ubulk" 1514
"C:/24CI0412MP/Content/AdvancedVillagePack/Meshes/SM_Sack_Var01.uasset" 1515
"C:/24CI0412MP/Content/AdvancedVillagePack/Meshes/SM_Sack_Var01.uexp" 1516
"C:/24CI0412MP/Content/StylizedProvencal/Textures/T_WindMill_B.ubulk" 1517
"C:/24CI0412MP/Content/StylizedProvencal/Textures/T_WindMill_B.uasset" 1518
"C:/24CI0412MP/Content/StylizedProvencal/Textures/T_WindMill_B.uexp" 1519
"C:/24CI0412MP/Content/StylizedProvencal/Textures/T_WindMill_AORM.ubulk" 1520
"C:/24CI0412MP/Content/StylizedProvencal/Textures/T_WindMill_AORM.uasset" 1521
"C:/24CI0412MP/Content/StylizedProvencal/Textures/T_WindMill_AORM.uexp" 1522
"C:/24CI0412MP/Content/StylizedProvencal/Textures/T_WindMill_N.ubulk" 1523
"C:/24CI0412MP/Content/StylizedProvencal/Textures/T_WindMill_N.uasset" 1524
"C:/24CI0412MP/Content/StylizedProvencal/Textures/T_WindMill_N.uexp" 1525
"C:/24CI0412MP/Content/StylizedProvencal/Materials/MI_WindMill_Palms.uasset" 1526
"C:/24CI0412MP/Content/StylizedProvencal/Materials/MI_WindMill_Palms.uexp" 1527
"C:/24CI0412MP/Content/StylizedProvencal/Meshes/SM_WindMill_Palms.ubulk" 1528
"C:/24CI0412MP/Content/StylizedProvencal/Meshes/SM_WindMill_Palms.uasset" 1529
"C:/24CI0412MP/Content/StylizedProvencal/Meshes/SM_WindMill_Palms.uexp" 1530
"C:/24CI0412MP/Content/StylizedProvencal/Textures/T_StoneWall03_B.ubulk" 1531
"C:/24CI0412MP/Content/StylizedProvencal/Textures/T_StoneWall03_B.uasset" 1532
"C:/24CI0412MP/Content/StylizedProvencal/Textures/T_StoneWall03_B.uexp" 1533
"C:/24CI0412MP/Content/StylizedProvencal/Textures/T_StoneWall03_H.ubulk" 1534
"C:/24CI0412MP/Content/StylizedProvencal/Textures/T_StoneWall03_H.uasset" 1535
"C:/24CI0412MP/Content/StylizedProvencal/Textures/T_StoneWall03_H.uexp" 1536
"C:/24CI0412MP/Content/StylizedProvencal/Textures/T_Noise_02_M.ubulk" 1537
"C:/24CI0412MP/Content/StylizedProvencal/Textures/T_Noise_02_M.uasset" 1538
"C:/24CI0412MP/Content/StylizedProvencal/Textures/T_Noise_02_M.uexp" 1539
"../../../Engine/Content/Functions/Engine_MaterialFunctions03/Procedurals/PerturbNormalHQ.uasset" 1540
"../../../Engine/Content/Functions/Engine_MaterialFunctions03/Procedurals/PerturbNormalHQ.uexp" 1541
"../../../Engine/Content/EngineVolumetrics/Fogsheet/Materials/T_EV_BlankWhite_01.uasset" 1542
"../../../Engine/Content/EngineVolumetrics/Fogsheet/Materials/T_EV_BlankWhite_01.uexp" 1543
"C:/24CI0412MP/Content/StylizedProvencal/Materials/MF_Plaster.uasset" 1544
"C:/24CI0412MP/Content/StylizedProvencal/Materials/MF_Plaster.uexp" 1545
"../../../Engine/Content/Functions/Engine_MaterialFunctions02/Utility/BlendAngleCorrectedNormals.uasset" 1546
"../../../Engine/Content/Functions/Engine_MaterialFunctions02/Utility/BlendAngleCorrectedNormals.uexp" 1547
"../../../Engine/Content/Functions/Engine_MaterialFunctions03/Procedurals/PreparePerturbNormalHQ.uasset" 1548
"../../../Engine/Content/Functions/Engine_MaterialFunctions03/Procedurals/PreparePerturbNormalHQ.uexp" 1549
"C:/24CI0412MP/Content/StylizedProvencal/Materials/MF_StoneBricks.uasset" 1550
"C:/24CI0412MP/Content/StylizedProvencal/Materials/MF_StoneBricks.uexp" 1551
"C:/24CI0412MP/Content/StylizedProvencal/Materials/MM_Master_VertexPaint_Wall.uasset" 1552
"C:/24CI0412MP/Content/StylizedProvencal/Materials/MM_Master_VertexPaint_Wall.uexp" 1553
"C:/24CI0412MP/Content/StylizedProvencal/Textures/T_Plaster_N.ubulk" 1554
"C:/24CI0412MP/Content/StylizedProvencal/Textures/T_Plaster_N.uasset" 1555
"C:/24CI0412MP/Content/StylizedProvencal/Textures/T_Plaster_N.uexp" 1556
"C:/24CI0412MP/Content/StylizedProvencal/Textures/T_Plaster_AORM.ubulk" 1557
"C:/24CI0412MP/Content/StylizedProvencal/Textures/T_Plaster_AORM.uasset" 1558
"C:/24CI0412MP/Content/StylizedProvencal/Textures/T_Plaster_AORM.uexp" 1559
"C:/24CI0412MP/Content/StylizedProvencal/Textures/T_Plaster_B.ubulk" 1560
"C:/24CI0412MP/Content/StylizedProvencal/Textures/T_Plaster_B.uasset" 1561
"C:/24CI0412MP/Content/StylizedProvencal/Textures/T_Plaster_B.uexp" 1562
"C:/24CI0412MP/Content/StylizedProvencal/Textures/T_StoneWall03_A0RM.ubulk" 1563
"C:/24CI0412MP/Content/StylizedProvencal/Textures/T_StoneWall03_A0RM.uasset" 1564
"C:/24CI0412MP/Content/StylizedProvencal/Textures/T_StoneWall03_A0RM.uexp" 1565
"C:/24CI0412MP/Content/StylizedProvencal/Textures/T_StoneWall03_N.ubulk" 1566
"C:/24CI0412MP/Content/StylizedProvencal/Textures/T_StoneWall03_N.uasset" 1567
"C:/24CI0412MP/Content/StylizedProvencal/Textures/T_StoneWall03_N.uexp" 1568
"C:/24CI0412MP/Content/StylizedProvencal/Materials/MI_House_Walls_VertexPaint.uasset" 1569
"C:/24CI0412MP/Content/StylizedProvencal/Materials/MI_House_Walls_VertexPaint.uexp" 1570
"C:/24CI0412MP/Content/StylizedProvencal/Textures/T_Decals_B.ubulk" 1571
"C:/24CI0412MP/Content/StylizedProvencal/Textures/T_Decals_B.uasset" 1572
"C:/24CI0412MP/Content/StylizedProvencal/Textures/T_Decals_B.uexp" 1573
"C:/24CI0412MP/Content/StylizedProvencal/Materials/MM_Decals_Basecolor.uasset" 1574
"C:/24CI0412MP/Content/StylizedProvencal/Materials/MM_Decals_Basecolor.uexp" 1575
"C:/24CI0412MP/Content/StylizedProvencal/Textures/T_RoofTiles_02_B.ubulk" 1576
"C:/24CI0412MP/Content/StylizedProvencal/Textures/T_RoofTiles_02_B.uasset" 1577
"C:/24CI0412MP/Content/StylizedProvencal/Textures/T_RoofTiles_02_B.uexp" 1578
"C:/24CI0412MP/Content/StylizedProvencal/Textures/T_RoofTiles_Normal.ubulk" 1579
"C:/24CI0412MP/Content/StylizedProvencal/Textures/T_RoofTiles_Normal.uasset" 1580
"C:/24CI0412MP/Content/StylizedProvencal/Textures/T_RoofTiles_Normal.uexp" 1581
"C:/24CI0412MP/Content/StylizedProvencal/Materials/MF_Master.uasset" 1582
"C:/24CI0412MP/Content/StylizedProvencal/Materials/MF_Master.uexp" 1583
"C:/24CI0412MP/Content/StylizedProvencal/Materials/MM_Master_VertexPaint_Rooftiles.uasset" 1584
"C:/24CI0412MP/Content/StylizedProvencal/Materials/MM_Master_VertexPaint_Rooftiles.uexp" 1585
"C:/24CI0412MP/Content/StylizedProvencal/Textures/T_RoofTiles_03_B.ubulk" 1586
"C:/24CI0412MP/Content/StylizedProvencal/Textures/T_RoofTiles_03_B.uasset" 1587
"C:/24CI0412MP/Content/StylizedProvencal/Textures/T_RoofTiles_03_B.uexp" 1588
"C:/24CI0412MP/Content/StylizedProvencal/Textures/T_RoofTiles_01_B.ubulk" 1589
"C:/24CI0412MP/Content/StylizedProvencal/Textures/T_RoofTiles_01_B.uasset" 1590
"C:/24CI0412MP/Content/StylizedProvencal/Textures/T_RoofTiles_01_B.uexp" 1591
"C:/24CI0412MP/Content/StylizedProvencal/Textures/T_RoofTiles_H.ubulk" 1592
"C:/24CI0412MP/Content/StylizedProvencal/Textures/T_RoofTiles_H.uasset" 1593
"C:/24CI0412MP/Content/StylizedProvencal/Textures/T_RoofTiles_H.uexp" 1594
"C:/24CI0412MP/Content/StylizedProvencal/Textures/T_RoofTiles_AORM.ubulk" 1595
"C:/24CI0412MP/Content/StylizedProvencal/Textures/T_RoofTiles_AORM.uasset" 1596
"C:/24CI0412MP/Content/StylizedProvencal/Textures/T_RoofTiles_AORM.uexp" 1597
"C:/24CI0412MP/Content/StylizedProvencal/Materials/MI_RoofTile_VertexPaint.uasset" 1598
"C:/24CI0412MP/Content/StylizedProvencal/Materials/MI_RoofTile_VertexPaint.uexp" 1599
"C:/24CI0412MP/Content/StylizedProvencal/Textures/T_Windows_B.ubulk" 1600
"C:/24CI0412MP/Content/StylizedProvencal/Textures/T_Windows_B.uasset" 1601
"C:/24CI0412MP/Content/StylizedProvencal/Textures/T_Windows_B.uexp" 1602
"C:/24CI0412MP/Content/StylizedProvencal/Textures/T_Windows_N.ubulk" 1603
"C:/24CI0412MP/Content/StylizedProvencal/Textures/T_Windows_N.uasset" 1604
"C:/24CI0412MP/Content/StylizedProvencal/Textures/T_Windows_N.uexp" 1605
"C:/24CI0412MP/Content/StylizedProvencal/Textures/T_Windows_E.ubulk" 1606
"C:/24CI0412MP/Content/StylizedProvencal/Textures/T_Windows_E.uasset" 1607
"C:/24CI0412MP/Content/StylizedProvencal/Textures/T_Windows_E.uexp" 1608
"C:/24CI0412MP/Content/StylizedProvencal/Textures/T_Windows_AORM.ubulk" 1609
"C:/24CI0412MP/Content/StylizedProvencal/Textures/T_Windows_AORM.uasset" 1610
"C:/24CI0412MP/Content/StylizedProvencal/Textures/T_Windows_AORM.uexp" 1611
"C:/24CI0412MP/Content/StylizedProvencal/Materials/MI_Windows.uasset" 1612
"C:/24CI0412MP/Content/StylizedProvencal/Materials/MI_Windows.uexp" 1613
"C:/24CI0412MP/Content/StylizedProvencal/Textures/T_Grass_B.ubulk" 1614
"C:/24CI0412MP/Content/StylizedProvencal/Textures/T_Grass_B.uasset" 1615
"C:/24CI0412MP/Content/StylizedProvencal/Textures/T_Grass_B.uexp" 1616
"C:/24CI0412MP/Content/StylizedProvencal/Materials/Landscape/RVT_Landscape_Height.uasset" 1617
"C:/24CI0412MP/Content/StylizedProvencal/Materials/Landscape/RVT_Landscape_Height.uexp" 1618
"../../../Engine/Content/Functions/Engine_MaterialFunctions01/AlphaBlend/WorldAlignedBlend.uasset" 1619
"../../../Engine/Content/Functions/Engine_MaterialFunctions01/AlphaBlend/WorldAlignedBlend.uexp" 1620
"C:/24CI0412MP/Content/StylizedProvencal/Materials/Landscape/RVT_Landscape_Color_2.uasset" 1621
"C:/24CI0412MP/Content/StylizedProvencal/Materials/Landscape/RVT_Landscape_Color_2.uexp" 1622
"C:/24CI0412MP/Content/StylizedProvencal/Textures/T_Rocks_Bricks_B.ubulk" 1623
"C:/24CI0412MP/Content/StylizedProvencal/Textures/T_Rocks_Bricks_B.uasset" 1624
"C:/24CI0412MP/Content/StylizedProvencal/Textures/T_Rocks_Bricks_B.uexp" 1625
"C:/24CI0412MP/Content/StylizedProvencal/Materials/MM_Master_RVT_Top.uasset" 1626
"C:/24CI0412MP/Content/StylizedProvencal/Materials/MM_Master_RVT_Top.uexp" 1627
"C:/24CI0412MP/Content/StylizedProvencal/Textures/T_Rocks_Bricks_N.ubulk" 1628
"C:/24CI0412MP/Content/StylizedProvencal/Textures/T_Rocks_Bricks_N.uasset" 1629
"C:/24CI0412MP/Content/StylizedProvencal/Textures/T_Rocks_Bricks_N.uexp" 1630
"C:/24CI0412MP/Content/StylizedProvencal/Textures/T_Rocks_Bricks_AORM.ubulk" 1631
"C:/24CI0412MP/Content/StylizedProvencal/Textures/T_Rocks_Bricks_AORM.uasset" 1632
"C:/24CI0412MP/Content/StylizedProvencal/Textures/T_Rocks_Bricks_AORM.uexp" 1633
"C:/24CI0412MP/Content/StylizedProvencal/Materials/MI_Rocks_Bricks.uasset" 1634
"C:/24CI0412MP/Content/StylizedProvencal/Materials/MI_Rocks_Bricks.uexp" 1635
"C:/24CI0412MP/Content/StylizedProvencal/Textures/T_RoofTileMeshes_01_B.ubulk" 1636
"C:/24CI0412MP/Content/StylizedProvencal/Textures/T_RoofTileMeshes_01_B.uasset" 1637
"C:/24CI0412MP/Content/StylizedProvencal/Textures/T_RoofTileMeshes_01_B.uexp" 1638
"C:/24CI0412MP/Content/StylizedProvencal/Textures/T_RoofTileMeshes_03_B.ubulk" 1639
"C:/24CI0412MP/Content/StylizedProvencal/Textures/T_RoofTileMeshes_03_B.uasset" 1640
"C:/24CI0412MP/Content/StylizedProvencal/Textures/T_RoofTileMeshes_03_B.uexp" 1641
"C:/24CI0412MP/Content/StylizedProvencal/Textures/T_RoofTileMeshes_N.ubulk" 1642
"C:/24CI0412MP/Content/StylizedProvencal/Textures/T_RoofTileMeshes_N.uasset" 1643
"C:/24CI0412MP/Content/StylizedProvencal/Textures/T_RoofTileMeshes_N.uexp" 1644
"C:/24CI0412MP/Content/StylizedProvencal/Textures/T_RoofTileMeshes_AORM.ubulk" 1645
"C:/24CI0412MP/Content/StylizedProvencal/Textures/T_RoofTileMeshes_AORM.uasset" 1646
"C:/24CI0412MP/Content/StylizedProvencal/Textures/T_RoofTileMeshes_AORM.uexp" 1647
"C:/24CI0412MP/Content/StylizedProvencal/Textures/T_RoofTileMeshes_02_B.ubulk" 1648
"C:/24CI0412MP/Content/StylizedProvencal/Textures/T_RoofTileMeshes_02_B.uasset" 1649
"C:/24CI0412MP/Content/StylizedProvencal/Textures/T_RoofTileMeshes_02_B.uexp" 1650
"C:/24CI0412MP/Content/StylizedProvencal/Materials/MI_RoofTile_Meshes_VertexPaint.uasset" 1651
"C:/24CI0412MP/Content/StylizedProvencal/Materials/MI_RoofTile_Meshes_VertexPaint.uexp" 1652
"C:/24CI0412MP/Content/StylizedProvencal/Materials/MI_Rocks_Bricks_02.uasset" 1653
"C:/24CI0412MP/Content/StylizedProvencal/Materials/MI_Rocks_Bricks_02.uexp" 1654
"C:/24CI0412MP/Content/StylizedProvencal/Meshes/SM_WindMill_SM_WindMill.ubulk" 1655
"C:/24CI0412MP/Content/StylizedProvencal/Meshes/SM_WindMill_SM_WindMill.uasset" 1656
"C:/24CI0412MP/Content/StylizedProvencal/Meshes/SM_WindMill_SM_WindMill.uexp" 1657
"C:/24CI0412MP/Content/StylizedProvencal/Blueprints/BP_Windmill.uasset" 1658
"C:/24CI0412MP/Content/StylizedProvencal/Blueprints/BP_Windmill.uexp" 1659
"../../../Engine/Content/EngineSky/T_Sky_Stars.ubulk" 1660
"../../../Engine/Content/EngineSky/T_Sky_Stars.uasset" 1661
"../../../Engine/Content/EngineSky/T_Sky_Stars.uexp" 1662
"../../../Engine/Content/EngineSky/T_Sky_Clouds_M.ubulk" 1663
"../../../Engine/Content/EngineSky/T_Sky_Clouds_M.uasset" 1664
"../../../Engine/Content/EngineSky/T_Sky_Clouds_M.uexp" 1665
"../../../Engine/Content/EngineSky/T_Sky_Blue.ubulk" 1666
"../../../Engine/Content/EngineSky/T_Sky_Blue.uasset" 1667
"../../../Engine/Content/EngineSky/T_Sky_Blue.uexp" 1668
"../../../Engine/Content/EngineSky/M_Sky_Panning_Clouds2.uasset" 1669
"../../../Engine/Content/EngineSky/M_Sky_Panning_Clouds2.uexp" 1670
"../../../Engine/Content/EngineSky/SM_SkySphere.ubulk" 1671
"../../../Engine/Content/EngineSky/SM_SkySphere.uasset" 1672
"../../../Engine/Content/EngineSky/SM_SkySphere.uexp" 1673
"../../../Engine/Content/EngineSky/M_SimpleSkyDome.uasset" 1674
"../../../Engine/Content/EngineSky/M_SimpleSkyDome.uexp" 1675
"C:/24CI0412MP/Content/WindmillValley/Textures/T_BarrellWindow_D.ubulk" 1676
"C:/24CI0412MP/Content/WindmillValley/Textures/T_BarrellWindow_D.uasset" 1677
"C:/24CI0412MP/Content/WindmillValley/Textures/T_BarrellWindow_D.uexp" 1678
"C:/24CI0412MP/Content/WindmillValley/Textures/T_BarrellWindow_N.ubulk" 1679
"C:/24CI0412MP/Content/WindmillValley/Textures/T_BarrellWindow_N.uasset" 1680
"C:/24CI0412MP/Content/WindmillValley/Textures/T_BarrellWindow_N.uexp" 1681
"C:/24CI0412MP/Content/WindmillValley/Textures/T_BarrellWindow_ORM.ubulk" 1682
"C:/24CI0412MP/Content/WindmillValley/Textures/T_BarrellWindow_ORM.uasset" 1683
"C:/24CI0412MP/Content/WindmillValley/Textures/T_BarrellWindow_ORM.uexp" 1684
"C:/24CI0412MP/Content/WindmillValley/Materials/MaterialInstances/MI_Barrel.uasset" 1685
"C:/24CI0412MP/Content/WindmillValley/Materials/MaterialInstances/MI_Barrel.uexp" 1686
"C:/24CI0412MP/Content/WindmillValley/Meshes/SM_Barrel.ubulk" 1687
"C:/24CI0412MP/Content/WindmillValley/Meshes/SM_Barrel.uasset" 1688
"C:/24CI0412MP/Content/WindmillValley/Meshes/SM_Barrel.uexp" 1689
"C:/24CI0412MP/Content/WindmillValley/Blueprint/BP_Barrels_02.uasset" 1690
"C:/24CI0412MP/Content/WindmillValley/Blueprint/BP_Barrels_02.uexp" 1691
"C:/24CI0412MP/Content/Stylized_Village/Assets/VFX/Water/Texture/T_TilingNoise03_M.ubulk" 1692
"C:/24CI0412MP/Content/Stylized_Village/Assets/VFX/Water/Texture/T_TilingNoise03_M.uasset" 1693
"C:/24CI0412MP/Content/Stylized_Village/Assets/VFX/Water/Texture/T_TilingNoise03_M.uexp" 1694
"C:/24CI0412MP/Content/Stylized_Village/Assets/VFX/Water/Texture/T_Caustic_01a_M.ubulk" 1695
"C:/24CI0412MP/Content/Stylized_Village/Assets/VFX/Water/Texture/T_Caustic_01a_M.uasset" 1696
"C:/24CI0412MP/Content/Stylized_Village/Assets/VFX/Water/Texture/T_Caustic_01a_M.uexp" 1697
"../../../Engine/Content/Engine_MI_Shaders/T_Base_Tile_Normal.ubulk" 1698
"../../../Engine/Content/Engine_MI_Shaders/T_Base_Tile_Normal.uasset" 1699
"../../../Engine/Content/Engine_MI_Shaders/T_Base_Tile_Normal.uexp" 1700
"../../../Engine/Content/Functions/Engine_MaterialFunctions03/ComplexMotion/Motion_4WayChaos_Normal.uasset" 1701
"../../../Engine/Content/Functions/Engine_MaterialFunctions03/ComplexMotion/Motion_4WayChaos_Normal.uexp" 1702
"C:/24CI0412MP/Content/Stylized_Village/Assets/VFX/Water/Texture/T_StylizedWater_03_N.ubulk" 1703
"C:/24CI0412MP/Content/Stylized_Village/Assets/VFX/Water/Texture/T_StylizedWater_03_N.uasset" 1704
"C:/24CI0412MP/Content/Stylized_Village/Assets/VFX/Water/Texture/T_StylizedWater_03_N.uexp" 1705
"C:/24CI0412MP/Content/Stylized_Village/Assets/VFX/Water/Material/MM_Water.uasset" 1706
"C:/24CI0412MP/Content/Stylized_Village/Assets/VFX/Water/Material/MM_Water.uexp" 1707
"C:/24CI0412MP/Content/Stylized_Village/Assets/VFX/Water/Material/MI_Water.uasset" 1708
"C:/24CI0412MP/Content/Stylized_Village/Assets/VFX/Water/Material/MI_Water.uexp" 1709
"C:/24CI0412MP/Content/Stylized_Village/Assets/VFX/Water/Mesh/SM_WaterMesh.ubulk" 1710
"C:/24CI0412MP/Content/Stylized_Village/Assets/VFX/Water/Mesh/SM_WaterMesh.uasset" 1711
"C:/24CI0412MP/Content/Stylized_Village/Assets/VFX/Water/Mesh/SM_WaterMesh.uexp" 1712
"C:/24CI0412MP/Content/WindmillValley/Blueprint/BP_WheatStack_02.uasset" 1713
"C:/24CI0412MP/Content/WindmillValley/Blueprint/BP_WheatStack_02.uexp" 1714
"C:/24CI0412MP/Content/Stylized_Village/Assets/_Global/Materials/_UtilityTextures/T_Moisture_Grunge_BC.ubulk" 1715
"C:/24CI0412MP/Content/Stylized_Village/Assets/_Global/Materials/_UtilityTextures/T_Moisture_Grunge_BC.uasset" 1716
"C:/24CI0412MP/Content/Stylized_Village/Assets/_Global/Materials/_UtilityTextures/T_Moisture_Grunge_BC.uexp" 1717
"C:/24CI0412MP/Content/Stylized_Village/Assets/Foliage/Flowers/RosesAndDandelions/_Textures/T_DandelionAndRoses_MRO.ubulk" 1718
"C:/24CI0412MP/Content/Stylized_Village/Assets/Foliage/Flowers/RosesAndDandelions/_Textures/T_DandelionAndRoses_MRO.uasset" 1719
"C:/24CI0412MP/Content/Stylized_Village/Assets/Foliage/Flowers/RosesAndDandelions/_Textures/T_DandelionAndRoses_MRO.uexp" 1720
"C:/24CI0412MP/Content/Stylized_Village/Assets/Foliage/Flowers/RosesAndDandelions/_Textures/T_DandelionAndRoses_N.ubulk" 1721
"C:/24CI0412MP/Content/Stylized_Village/Assets/Foliage/Flowers/RosesAndDandelions/_Textures/T_DandelionAndRoses_N.uasset" 1722
"C:/24CI0412MP/Content/Stylized_Village/Assets/Foliage/Flowers/RosesAndDandelions/_Textures/T_DandelionAndRoses_N.uexp" 1723
"C:/24CI0412MP/Content/Stylized_Village/Assets/Foliage/Flowers/RosesAndDandelions/_Textures/T_DandelionAndRoses_BC.ubulk" 1724
"C:/24CI0412MP/Content/Stylized_Village/Assets/Foliage/Flowers/RosesAndDandelions/_Textures/T_DandelionAndRoses_BC.uasset" 1725
"C:/24CI0412MP/Content/Stylized_Village/Assets/Foliage/Flowers/RosesAndDandelions/_Textures/T_DandelionAndRoses_BC.uexp" 1726
"../../../Engine/Content/EngineMaterials/BlendFunc_DefBlend.uasset" 1727
"../../../Engine/Content/EngineMaterials/BlendFunc_DefBlend.uexp" 1728
"../../../Engine/Content/Functions/Engine_MaterialFunctions01/ImageAdjustment/3ColorBlend.uasset" 1729
"../../../Engine/Content/Functions/Engine_MaterialFunctions01/ImageAdjustment/3ColorBlend.uexp" 1730
"C:/24CI0412MP/Content/Stylized_Village/Assets/Foliage/Grass/_Textures/T_SimpleGrass_01_A_BC.ubulk" 1731
"C:/24CI0412MP/Content/Stylized_Village/Assets/Foliage/Grass/_Textures/T_SimpleGrass_01_A_BC.uasset" 1732
"C:/24CI0412MP/Content/Stylized_Village/Assets/Foliage/Grass/_Textures/T_SimpleGrass_01_A_BC.uexp" 1733
"../../../Engine/Content/EngineMaterials/BlendFunc_DefBase.uasset" 1734
"../../../Engine/Content/EngineMaterials/BlendFunc_DefBase.uexp" 1735
"../../../Engine/Content/Functions/Engine_MaterialFunctions03/Blends/Blend_Overlay.uasset" 1736
"../../../Engine/Content/Functions/Engine_MaterialFunctions03/Blends/Blend_Overlay.uexp" 1737
"C:/24CI0412MP/Content/Stylized_Village/Assets/Foliage/Grass/_Textures/T_SimpleGrass_01_A_MROH.ubulk" 1738
"C:/24CI0412MP/Content/Stylized_Village/Assets/Foliage/Grass/_Textures/T_SimpleGrass_01_A_MROH.uasset" 1739
"C:/24CI0412MP/Content/Stylized_Village/Assets/Foliage/Grass/_Textures/T_SimpleGrass_01_A_MROH.uexp" 1740
"C:/24CI0412MP/Content/Stylized_Village/Assets/_Global/Materials/_UtilityTextures/T_Wave_Utility.ubulk" 1741
"C:/24CI0412MP/Content/Stylized_Village/Assets/_Global/Materials/_UtilityTextures/T_Wave_Utility.uasset" 1742
"C:/24CI0412MP/Content/Stylized_Village/Assets/_Global/Materials/_UtilityTextures/T_Wave_Utility.uexp" 1743
"C:/24CI0412MP/Content/Stylized_Village/MasterMaterials/MM_Props/Texture/T_SnowRough_01a_H.ubulk" 1744
"C:/24CI0412MP/Content/Stylized_Village/MasterMaterials/MM_Props/Texture/T_SnowRough_01a_H.uasset" 1745
"C:/24CI0412MP/Content/Stylized_Village/MasterMaterials/MM_Props/Texture/T_SnowRough_01a_H.uexp" 1746
"C:/24CI0412MP/Content/Stylized_Village/Assets/Foliage/Grass/_Textures/T_SimpleGrass_01_A_N.ubulk" 1747
"C:/24CI0412MP/Content/Stylized_Village/Assets/Foliage/Grass/_Textures/T_SimpleGrass_01_A_N.uasset" 1748
"C:/24CI0412MP/Content/Stylized_Village/Assets/Foliage/Grass/_Textures/T_SimpleGrass_01_A_N.uexp" 1749
"../../../Engine/Content/Functions/Engine_MaterialFunctions02/Utility/DitherTemporalAA.uasset" 1750
"../../../Engine/Content/Functions/Engine_MaterialFunctions02/Utility/DitherTemporalAA.uexp" 1751
"../../../Engine/Content/Functions/Engine_MaterialFunctions02/Math/InverseTransformMatrix.uasset" 1752
"../../../Engine/Content/Functions/Engine_MaterialFunctions02/Math/InverseTransformMatrix.uexp" 1753
"C:/24CI0412MP/Content/Stylized_Village/Assets/Foliage/Grass/_Materials/MaterialFunction/MPC_ImposterCapture.uasset" 1754
"C:/24CI0412MP/Content/Stylized_Village/Assets/Foliage/Grass/_Materials/MaterialFunction/MPC_ImposterCapture.uexp" 1755
"C:/24CI0412MP/Content/Stylized_Village/Assets/Foliage/Grass/_Materials/MaterialFunction/ImposterCaptureSwitch.uasset" 1756
"C:/24CI0412MP/Content/Stylized_Village/Assets/Foliage/Grass/_Materials/MaterialFunction/ImposterCaptureSwitch.uexp" 1757
"../../../Engine/Content/Functions/Engine_MaterialFunctions02/3PointLevels.uasset" 1758
"../../../Engine/Content/Functions/Engine_MaterialFunctions02/3PointLevels.uexp" 1759
"C:/24CI0412MP/Content/Stylized_Village/Assets/_Global/Materials/_UtilityTextures/T_Wave_Utility_02.ubulk" 1760
"C:/24CI0412MP/Content/Stylized_Village/Assets/_Global/Materials/_UtilityTextures/T_Wave_Utility_02.uasset" 1761
"C:/24CI0412MP/Content/Stylized_Village/Assets/_Global/Materials/_UtilityTextures/T_Wave_Utility_02.uexp" 1762
"C:/24CI0412MP/Content/Stylized_Village/Assets/Foliage/Grass/_Materials/M_StylizedFoliage.uasset" 1763
"C:/24CI0412MP/Content/Stylized_Village/Assets/Foliage/Grass/_Materials/M_StylizedFoliage.uexp" 1764
"C:/24CI0412MP/Content/Stylized_Village/Assets/Foliage/Flowers/RosesAndDandelions/_Materials/MI_Roses.uasset" 1765
"C:/24CI0412MP/Content/Stylized_Village/Assets/Foliage/Flowers/RosesAndDandelions/_Materials/MI_Roses.uexp" 1766
"C:/24CI0412MP/Content/Stylized_Village/Assets/Foliage/Flowers/RosesAndDandelions/_Materials/MI_Dandelions.uasset" 1767
"C:/24CI0412MP/Content/Stylized_Village/Assets/Foliage/Flowers/RosesAndDandelions/_Materials/MI_Dandelions.uexp" 1768
"C:/24CI0412MP/Content/Stylized_Village/Assets/Foliage/Flowers/RosesAndDandelions/SM_Dandelion_03.ubulk" 1769
"C:/24CI0412MP/Content/Stylized_Village/Assets/Foliage/Flowers/RosesAndDandelions/SM_Dandelion_03.uasset" 1770
"C:/24CI0412MP/Content/Stylized_Village/Assets/Foliage/Flowers/RosesAndDandelions/SM_Dandelion_03.uexp" 1771
"C:/24CI0412MP/Content/Stylized_Village/Assets/Foliage/Flowers/BabyBlueEyesAndPoppies/_Textures/T_BabyBlueEyesAndPoppies_BC.ubulk" 1772
"C:/24CI0412MP/Content/Stylized_Village/Assets/Foliage/Flowers/BabyBlueEyesAndPoppies/_Textures/T_BabyBlueEyesAndPoppies_BC.uasset" 1773
"C:/24CI0412MP/Content/Stylized_Village/Assets/Foliage/Flowers/BabyBlueEyesAndPoppies/_Textures/T_BabyBlueEyesAndPoppies_BC.uexp" 1774
"C:/24CI0412MP/Content/Stylized_Village/Assets/Foliage/Flowers/BabyBlueEyesAndPoppies/_Textures/T_BabyBlueEyesAndPoppies_MRO.ubulk" 1775
"C:/24CI0412MP/Content/Stylized_Village/Assets/Foliage/Flowers/BabyBlueEyesAndPoppies/_Textures/T_BabyBlueEyesAndPoppies_MRO.uasset" 1776
"C:/24CI0412MP/Content/Stylized_Village/Assets/Foliage/Flowers/BabyBlueEyesAndPoppies/_Textures/T_BabyBlueEyesAndPoppies_MRO.uexp" 1777
"C:/24CI0412MP/Content/Stylized_Village/Assets/Foliage/Flowers/BabyBlueEyesAndPoppies/_Textures/T_BabyBlueEyesAndPoppies_N.ubulk" 1778
"C:/24CI0412MP/Content/Stylized_Village/Assets/Foliage/Flowers/BabyBlueEyesAndPoppies/_Textures/T_BabyBlueEyesAndPoppies_N.uasset" 1779
"C:/24CI0412MP/Content/Stylized_Village/Assets/Foliage/Flowers/BabyBlueEyesAndPoppies/_Textures/T_BabyBlueEyesAndPoppies_N.uexp" 1780
"C:/24CI0412MP/Content/Stylized_Village/Assets/Foliage/Flowers/BabyBlueEyesAndPoppies/_Materials/MI_Poppies.uasset" 1781
"C:/24CI0412MP/Content/Stylized_Village/Assets/Foliage/Flowers/BabyBlueEyesAndPoppies/_Materials/MI_Poppies.uexp" 1782
"C:/24CI0412MP/Content/Stylized_Village/Assets/Foliage/Flowers/BabyBlueEyesAndPoppies/SM_Poppy_Small_01.ubulk" 1783
"C:/24CI0412MP/Content/Stylized_Village/Assets/Foliage/Flowers/BabyBlueEyesAndPoppies/SM_Poppy_Small_01.uasset" 1784
"C:/24CI0412MP/Content/Stylized_Village/Assets/Foliage/Flowers/BabyBlueEyesAndPoppies/SM_Poppy_Small_01.uexp" 1785
"C:/24CI0412MP/Content/Stylized_Village/Assets/Foliage/Flowers/BabyBlueEyesAndPoppies/SM_Poppy_Small_01_FoliageType.uasset" 1786
"C:/24CI0412MP/Content/Stylized_Village/Assets/Foliage/Flowers/BabyBlueEyesAndPoppies/SM_Poppy_Small_01_FoliageType.uexp" 1787
"C:/24CI0412MP/Content/Stylized_Village/Assets/Foliage/Flowers/RosesAndDandelions/SM_Dandelion_01.ubulk" 1788
"C:/24CI0412MP/Content/Stylized_Village/Assets/Foliage/Flowers/RosesAndDandelions/SM_Dandelion_01.uasset" 1789
"C:/24CI0412MP/Content/Stylized_Village/Assets/Foliage/Flowers/RosesAndDandelions/SM_Dandelion_01.uexp" 1790
"C:/24CI0412MP/Content/Stylized_Village/Assets/Foliage/Flowers/RosesAndDandelions/SM_Dandelion_01_FoliageType.uasset" 1791
"C:/24CI0412MP/Content/Stylized_Village/Assets/Foliage/Flowers/RosesAndDandelions/SM_Dandelion_01_FoliageType.uexp" 1792
"C:/24CI0412MP/Content/Stylized_Village/Assets/Foliage/Flowers/BabyBlueEyesAndPoppies/_Materials/MI_BabyBlueEyes.uasset" 1793
"C:/24CI0412MP/Content/Stylized_Village/Assets/Foliage/Flowers/BabyBlueEyesAndPoppies/_Materials/MI_BabyBlueEyes.uexp" 1794
"C:/24CI0412MP/Content/Stylized_Village/Assets/Foliage/Flowers/BabyBlueEyesAndPoppies/SM_BabyBlueEyes_Small_01.ubulk" 1795
"C:/24CI0412MP/Content/Stylized_Village/Assets/Foliage/Flowers/BabyBlueEyesAndPoppies/SM_BabyBlueEyes_Small_01.uasset" 1796
"C:/24CI0412MP/Content/Stylized_Village/Assets/Foliage/Flowers/BabyBlueEyesAndPoppies/SM_BabyBlueEyes_Small_01.uexp" 1797
"C:/24CI0412MP/Content/Stylized_Village/Assets/Foliage/Flowers/BabyBlueEyesAndPoppies/SM_BabyBlueEyes_Small_01_FoliageType.uasset" 1798
"C:/24CI0412MP/Content/Stylized_Village/Assets/Foliage/Flowers/BabyBlueEyesAndPoppies/SM_BabyBlueEyes_Small_01_FoliageType.uexp" 1799
"C:/24CI0412MP/Content/Stylized_Village/Assets/Foliage/Flowers/BabyBlueEyesAndPoppies/SM_BabyBlueEyes_Large_01.ubulk" 1800
"C:/24CI0412MP/Content/Stylized_Village/Assets/Foliage/Flowers/BabyBlueEyesAndPoppies/SM_BabyBlueEyes_Large_01.uasset" 1801
"C:/24CI0412MP/Content/Stylized_Village/Assets/Foliage/Flowers/BabyBlueEyesAndPoppies/SM_BabyBlueEyes_Large_01.uexp" 1802
"C:/24CI0412MP/Content/Stylized_Village/Assets/Foliage/Grass/_Materials/M_BaseColorUtility.uasset" 1803
"C:/24CI0412MP/Content/Stylized_Village/Assets/Foliage/Grass/_Materials/M_BaseColorUtility.uexp" 1804
"C:/24CI0412MP/Content/Stylized_Village/Assets/Foliage/Flowers/RosesAndDandelions/_Materials/MI_RoseStems.uasset" 1805
"C:/24CI0412MP/Content/Stylized_Village/Assets/Foliage/Flowers/RosesAndDandelions/_Materials/MI_RoseStems.uexp" 1806
"C:/24CI0412MP/Content/Stylized_Village/Assets/Foliage/Flowers/RosesAndDandelions/SM_Rose_Bush_Flat_01.ubulk" 1807
"C:/24CI0412MP/Content/Stylized_Village/Assets/Foliage/Flowers/RosesAndDandelions/SM_Rose_Bush_Flat_01.uasset" 1808
"C:/24CI0412MP/Content/Stylized_Village/Assets/Foliage/Flowers/RosesAndDandelions/SM_Rose_Bush_Flat_01.uexp" 1809
"C:/24CI0412MP/Content/Stylized_Village/Assets/Foliage/Flowers/RosesAndDandelions/SM_Dandelion_03_FoliageType.uasset" 1810
"C:/24CI0412MP/Content/Stylized_Village/Assets/Foliage/Flowers/RosesAndDandelions/SM_Dandelion_03_FoliageType.uexp" 1811
"C:/24CI0412MP/Content/Stylized_Village/Assets/Foliage/Flowers/BabyBlueEyesAndPoppies/SM_BabyBlueEyes_Medium_01.ubulk" 1812
"C:/24CI0412MP/Content/Stylized_Village/Assets/Foliage/Flowers/BabyBlueEyesAndPoppies/SM_BabyBlueEyes_Medium_01.uasset" 1813
"C:/24CI0412MP/Content/Stylized_Village/Assets/Foliage/Flowers/BabyBlueEyesAndPoppies/SM_BabyBlueEyes_Medium_01.uexp" 1814
"C:/24CI0412MP/Content/Stylized_Village/Assets/Foliage/Flowers/BabyBlueEyesAndPoppies/SM_BabyBlueEyes_Large_01_FoliageType.uasset" 1815
"C:/24CI0412MP/Content/Stylized_Village/Assets/Foliage/Flowers/BabyBlueEyesAndPoppies/SM_BabyBlueEyes_Large_01_FoliageType.uexp" 1816
"C:/24CI0412MP/Content/Stylized_Village/Assets/Foliage/Flowers/RosesAndDandelions/SM_Dandelion_02.ubulk" 1817
"C:/24CI0412MP/Content/Stylized_Village/Assets/Foliage/Flowers/RosesAndDandelions/SM_Dandelion_02.uasset" 1818
"C:/24CI0412MP/Content/Stylized_Village/Assets/Foliage/Flowers/RosesAndDandelions/SM_Dandelion_02.uexp" 1819
"C:/24CI0412MP/Content/Stylized_Village/Assets/Foliage/Flowers/RosesAndDandelions/SM_Dandelion_02_FoliageType.uasset" 1820
"C:/24CI0412MP/Content/Stylized_Village/Assets/Foliage/Flowers/RosesAndDandelions/SM_Dandelion_02_FoliageType.uexp" 1821
"C:/24CI0412MP/Content/Stylized_Village/Assets/Foliage/Flowers/RosesAndDandelions/SM_Rose_Bush_Flat_01_FoliageType.uasset" 1822
"C:/24CI0412MP/Content/Stylized_Village/Assets/Foliage/Flowers/RosesAndDandelions/SM_Rose_Bush_Flat_01_FoliageType.uexp" 1823
"C:/24CI0412MP/Content/Stylized_Village/Assets/Foliage/Flowers/BabyBlueEyesAndPoppies/SM_BabyBlueEyes_Medium_01_FoliageType.uasset" 1824
"C:/24CI0412MP/Content/Stylized_Village/Assets/Foliage/Flowers/BabyBlueEyesAndPoppies/SM_BabyBlueEyes_Medium_01_FoliageType.uexp" 1825
"C:/24CI0412MP/Content/WindmillValley/Textures/T_RoofTiles_02_N.ubulk" 1826
"C:/24CI0412MP/Content/WindmillValley/Textures/T_RoofTiles_02_N.uasset" 1827
"C:/24CI0412MP/Content/WindmillValley/Textures/T_RoofTiles_02_N.uexp" 1828
"C:/24CI0412MP/Content/WindmillValley/Textures/T_RoofTiles_02_ORM.ubulk" 1829
"C:/24CI0412MP/Content/WindmillValley/Textures/T_RoofTiles_02_ORM.uasset" 1830
"C:/24CI0412MP/Content/WindmillValley/Textures/T_RoofTiles_02_ORM.uexp" 1831
"C:/24CI0412MP/Content/WindmillValley/Textures/T_RoofTiles_02_D_.ubulk" 1832
"C:/24CI0412MP/Content/WindmillValley/Textures/T_RoofTiles_02_D_.uasset" 1833
"C:/24CI0412MP/Content/WindmillValley/Textures/T_RoofTiles_02_D_.uexp" 1834
"C:/24CI0412MP/Content/WindmillValley/Materials/MasterMaterials/M_RoofTiles.uasset" 1835
"C:/24CI0412MP/Content/WindmillValley/Materials/MasterMaterials/M_RoofTiles.uexp" 1836
"C:/24CI0412MP/Content/WindmillValley/Materials/MaterialInstances/MI_RoofTiles_02.uasset" 1837
"C:/24CI0412MP/Content/WindmillValley/Materials/MaterialInstances/MI_RoofTiles_02.uexp" 1838
"C:/24CI0412MP/Content/WindmillValley/Textures/T_RoofTiles_01_N.ubulk" 1839
"C:/24CI0412MP/Content/WindmillValley/Textures/T_RoofTiles_01_N.uasset" 1840
"C:/24CI0412MP/Content/WindmillValley/Textures/T_RoofTiles_01_N.uexp" 1841
"C:/24CI0412MP/Content/WindmillValley/Textures/T_RoofTiles_01_D.ubulk" 1842
"C:/24CI0412MP/Content/WindmillValley/Textures/T_RoofTiles_01_D.uasset" 1843
"C:/24CI0412MP/Content/WindmillValley/Textures/T_RoofTiles_01_D.uexp" 1844
"C:/24CI0412MP/Content/WindmillValley/Textures/T_RoofTiles_01_ORM.ubulk" 1845
"C:/24CI0412MP/Content/WindmillValley/Textures/T_RoofTiles_01_ORM.uasset" 1846
"C:/24CI0412MP/Content/WindmillValley/Textures/T_RoofTiles_01_ORM.uexp" 1847
"C:/24CI0412MP/Content/WindmillValley/Materials/MaterialInstances/MI_RoofTiles_01.uasset" 1848
"C:/24CI0412MP/Content/WindmillValley/Materials/MaterialInstances/MI_RoofTiles_01.uexp" 1849
"C:/24CI0412MP/Content/WindmillValley/Textures/T_BoardWindmill_01_D.ubulk" 1850
"C:/24CI0412MP/Content/WindmillValley/Textures/T_BoardWindmill_01_D.uasset" 1851
"C:/24CI0412MP/Content/WindmillValley/Textures/T_BoardWindmill_01_D.uexp" 1852
"C:/24CI0412MP/Content/WindmillValley/Textures/T_BoardWindmill_01_N.ubulk" 1853
"C:/24CI0412MP/Content/WindmillValley/Textures/T_BoardWindmill_01_N.uasset" 1854
"C:/24CI0412MP/Content/WindmillValley/Textures/T_BoardWindmill_01_N.uexp" 1855
"C:/24CI0412MP/Content/WindmillValley/Textures/T_BoardWindmill_01_ORM.ubulk" 1856
"C:/24CI0412MP/Content/WindmillValley/Textures/T_BoardWindmill_01_ORM.uasset" 1857
"C:/24CI0412MP/Content/WindmillValley/Textures/T_BoardWindmill_01_ORM.uexp" 1858
"C:/24CI0412MP/Content/WindmillValley/Materials/MaterialInstances/MI_LittleHouse_02.uasset" 1859
"C:/24CI0412MP/Content/WindmillValley/Materials/MaterialInstances/MI_LittleHouse_02.uexp" 1860
"C:/24CI0412MP/Content/WindmillValley/Textures/T_HouseWindmill_N.ubulk" 1861
"C:/24CI0412MP/Content/WindmillValley/Textures/T_HouseWindmill_N.uasset" 1862
"C:/24CI0412MP/Content/WindmillValley/Textures/T_HouseWindmill_N.uexp" 1863
"C:/24CI0412MP/Content/WindmillValley/Textures/T_HouseWindmill_ORM.ubulk" 1864
"C:/24CI0412MP/Content/WindmillValley/Textures/T_HouseWindmill_ORM.uasset" 1865
"C:/24CI0412MP/Content/WindmillValley/Textures/T_HouseWindmill_ORM.uexp" 1866
"C:/24CI0412MP/Content/WindmillValley/Textures/T_HouseWindmill_D.ubulk" 1867
"C:/24CI0412MP/Content/WindmillValley/Textures/T_HouseWindmill_D.uasset" 1868
"C:/24CI0412MP/Content/WindmillValley/Textures/T_HouseWindmill_D.uexp" 1869
"C:/24CI0412MP/Content/WindmillValley/Materials/MaterialInstances/MI_LittleHouse_01.uasset" 1870
"C:/24CI0412MP/Content/WindmillValley/Materials/MaterialInstances/MI_LittleHouse_01.uexp" 1871
"C:/24CI0412MP/Content/WindmillValley/Textures/T_Wall_N.ubulk" 1872
"C:/24CI0412MP/Content/WindmillValley/Textures/T_Wall_N.uasset" 1873
"C:/24CI0412MP/Content/WindmillValley/Textures/T_Wall_N.uexp" 1874
"C:/24CI0412MP/Content/WindmillValley/Textures/T_Stucco_01_N.ubulk" 1875
"C:/24CI0412MP/Content/WindmillValley/Textures/T_Stucco_01_N.uasset" 1876
"C:/24CI0412MP/Content/WindmillValley/Textures/T_Stucco_01_N.uexp" 1877
"C:/24CI0412MP/Content/WindmillValley/Textures/T_Wall_AO.ubulk" 1878
"C:/24CI0412MP/Content/WindmillValley/Textures/T_Wall_AO.uasset" 1879
"C:/24CI0412MP/Content/WindmillValley/Textures/T_Wall_AO.uexp" 1880
"C:/24CI0412MP/Content/WindmillValley/Textures/T_Stucco_02_AO.ubulk" 1881
"C:/24CI0412MP/Content/WindmillValley/Textures/T_Stucco_02_AO.uasset" 1882
"C:/24CI0412MP/Content/WindmillValley/Textures/T_Stucco_02_AO.uexp" 1883
"C:/24CI0412MP/Content/WindmillValley/Textures/T_Stucco_02_D.ubulk" 1884
"C:/24CI0412MP/Content/WindmillValley/Textures/T_Stucco_02_D.uasset" 1885
"C:/24CI0412MP/Content/WindmillValley/Textures/T_Stucco_02_D.uexp" 1886
"C:/24CI0412MP/Content/WindmillValley/Textures/T_Stucco_01_H.ubulk" 1887
"C:/24CI0412MP/Content/WindmillValley/Textures/T_Stucco_01_H.uasset" 1888
"C:/24CI0412MP/Content/WindmillValley/Textures/T_Stucco_01_H.uexp" 1889
"C:/24CI0412MP/Content/WindmillValley/Textures/T_Brick_D.ubulk" 1890
"C:/24CI0412MP/Content/WindmillValley/Textures/T_Brick_D.uasset" 1891
"C:/24CI0412MP/Content/WindmillValley/Textures/T_Brick_D.uexp" 1892
"C:/24CI0412MP/Content/WindmillValley/Materials/MaterialInstances/MI_Wall_03.uasset" 1893
"C:/24CI0412MP/Content/WindmillValley/Materials/MaterialInstances/MI_Wall_03.uexp" 1894
"C:/24CI0412MP/Content/WindmillValley/Textures/T_LittleHouse_N.ubulk" 1895
"C:/24CI0412MP/Content/WindmillValley/Textures/T_LittleHouse_N.uasset" 1896
"C:/24CI0412MP/Content/WindmillValley/Textures/T_LittleHouse_N.uexp" 1897
"C:/24CI0412MP/Content/WindmillValley/Textures/T_LittleHouse_ORM.ubulk" 1898
"C:/24CI0412MP/Content/WindmillValley/Textures/T_LittleHouse_ORM.uasset" 1899
"C:/24CI0412MP/Content/WindmillValley/Textures/T_LittleHouse_ORM.uexp" 1900
"C:/24CI0412MP/Content/WindmillValley/Textures/T_LittleHouse_D.ubulk" 1901
"C:/24CI0412MP/Content/WindmillValley/Textures/T_LittleHouse_D.uasset" 1902
"C:/24CI0412MP/Content/WindmillValley/Textures/T_LittleHouse_D.uexp" 1903
"C:/24CI0412MP/Content/WindmillValley/Materials/MaterialInstances/MI_LittleHouse_03.uasset" 1904
"C:/24CI0412MP/Content/WindmillValley/Materials/MaterialInstances/MI_LittleHouse_03.uexp" 1905
"C:/24CI0412MP/Content/WindmillValley/Meshes/SM_LittleHouse.ubulk" 1906
"C:/24CI0412MP/Content/WindmillValley/Meshes/SM_LittleHouse.uasset" 1907
"C:/24CI0412MP/Content/WindmillValley/Meshes/SM_LittleHouse.uexp" 1908
"C:/24CI0412MP/Content/WindmillValley/Meshes/SM_Finestra.ubulk" 1909
"C:/24CI0412MP/Content/WindmillValley/Meshes/SM_Finestra.uasset" 1910
"C:/24CI0412MP/Content/WindmillValley/Meshes/SM_Finestra.uexp" 1911
"C:/24CI0412MP/Content/WindmillValley/Meshes/SM_Tegola.ubulk" 1912
"C:/24CI0412MP/Content/WindmillValley/Meshes/SM_Tegola.uasset" 1913
"C:/24CI0412MP/Content/WindmillValley/Meshes/SM_Tegola.uexp" 1914
"C:/24CI0412MP/Content/WindmillValley/Textures/T_RoofTiles_03_ORM.ubulk" 1915
"C:/24CI0412MP/Content/WindmillValley/Textures/T_RoofTiles_03_ORM.uasset" 1916
"C:/24CI0412MP/Content/WindmillValley/Textures/T_RoofTiles_03_ORM.uexp" 1917
"C:/24CI0412MP/Content/WindmillValley/Textures/T_RoofTiles_03_D.ubulk" 1918
"C:/24CI0412MP/Content/WindmillValley/Textures/T_RoofTiles_03_D.uasset" 1919
"C:/24CI0412MP/Content/WindmillValley/Textures/T_RoofTiles_03_D.uexp" 1920
"C:/24CI0412MP/Content/WindmillValley/Textures/T_RoofTiles_03_N.ubulk" 1921
"C:/24CI0412MP/Content/WindmillValley/Textures/T_RoofTiles_03_N.uasset" 1922
"C:/24CI0412MP/Content/WindmillValley/Textures/T_RoofTiles_03_N.uexp" 1923
"C:/24CI0412MP/Content/WindmillValley/Materials/MaterialInstances/MI_RoofTiles_03.uasset" 1924
"C:/24CI0412MP/Content/WindmillValley/Materials/MaterialInstances/MI_RoofTiles_03.uexp" 1925
"C:/24CI0412MP/Content/WindmillValley/Textures/T_Door_ORM.ubulk" 1926
"C:/24CI0412MP/Content/WindmillValley/Textures/T_Door_ORM.uasset" 1927
"C:/24CI0412MP/Content/WindmillValley/Textures/T_Door_ORM.uexp" 1928
"C:/24CI0412MP/Content/WindmillValley/Textures/T_Door_N.ubulk" 1929
"C:/24CI0412MP/Content/WindmillValley/Textures/T_Door_N.uasset" 1930
"C:/24CI0412MP/Content/WindmillValley/Textures/T_Door_N.uexp" 1931
"C:/24CI0412MP/Content/WindmillValley/Textures/T_Door_D.ubulk" 1932
"C:/24CI0412MP/Content/WindmillValley/Textures/T_Door_D.uasset" 1933
"C:/24CI0412MP/Content/WindmillValley/Textures/T_Door_D.uexp" 1934
"C:/24CI0412MP/Content/WindmillValley/Materials/MaterialInstances/MI_Door.uasset" 1935
"C:/24CI0412MP/Content/WindmillValley/Materials/MaterialInstances/MI_Door.uexp" 1936
"C:/24CI0412MP/Content/WindmillValley/Meshes/SM_Door.ubulk" 1937
"C:/24CI0412MP/Content/WindmillValley/Meshes/SM_Door.uasset" 1938
"C:/24CI0412MP/Content/WindmillValley/Meshes/SM_Door.uexp" 1939
"C:/24CI0412MP/Content/WindmillValley/Blueprint/BP_LittleHouse_02.uasset" 1940
"C:/24CI0412MP/Content/WindmillValley/Blueprint/BP_LittleHouse_02.uexp" 1941
"C:/24CI0412MP/Content/AdvancedVillagePack/Textures/T_Pack_03_RM.ubulk" 1942
"C:/24CI0412MP/Content/AdvancedVillagePack/Textures/T_Pack_03_RM.uasset" 1943
"C:/24CI0412MP/Content/AdvancedVillagePack/Textures/T_Pack_03_RM.uexp" 1944
"C:/24CI0412MP/Content/AdvancedVillagePack/Textures/T_Pack_03_N.ubulk" 1945
"C:/24CI0412MP/Content/AdvancedVillagePack/Textures/T_Pack_03_N.uasset" 1946
"C:/24CI0412MP/Content/AdvancedVillagePack/Textures/T_Pack_03_N.uexp" 1947
"C:/24CI0412MP/Content/AdvancedVillagePack/Textures/T_Pack_03_D.ubulk" 1948
"C:/24CI0412MP/Content/AdvancedVillagePack/Textures/T_Pack_03_D.uasset" 1949
"C:/24CI0412MP/Content/AdvancedVillagePack/Textures/T_Pack_03_D.uexp" 1950
"C:/24CI0412MP/Content/AdvancedVillagePack/Materials/M_Inst_Pack_03.uasset" 1951
"C:/24CI0412MP/Content/AdvancedVillagePack/Materials/M_Inst_Pack_03.uexp" 1952
"C:/24CI0412MP/Content/AdvancedVillagePack/Meshes/SM_Well.ubulk" 1953
"C:/24CI0412MP/Content/AdvancedVillagePack/Meshes/SM_Well.uasset" 1954
"C:/24CI0412MP/Content/AdvancedVillagePack/Meshes/SM_Well.uexp" 1955
"C:/24CI0412MP/Content/AdvancedVillagePack/Meshes/SM_Well_Extra04.ubulk" 1956
"C:/24CI0412MP/Content/AdvancedVillagePack/Meshes/SM_Well_Extra04.uasset" 1957
"C:/24CI0412MP/Content/AdvancedVillagePack/Meshes/SM_Well_Extra04.uexp" 1958
"C:/24CI0412MP/Content/AdvancedVillagePack/Meshes/SM_Well_Extra02.ubulk" 1959
"C:/24CI0412MP/Content/AdvancedVillagePack/Meshes/SM_Well_Extra02.uasset" 1960
"C:/24CI0412MP/Content/AdvancedVillagePack/Meshes/SM_Well_Extra02.uexp" 1961
"C:/24CI0412MP/Content/AdvancedVillagePack/Meshes/SM_Well_Extra03.ubulk" 1962
"C:/24CI0412MP/Content/AdvancedVillagePack/Meshes/SM_Well_Extra03.uasset" 1963
"C:/24CI0412MP/Content/AdvancedVillagePack/Meshes/SM_Well_Extra03.uexp" 1964
"C:/24CI0412MP/Content/AdvancedVillagePack/Meshes/SM_Well_Extra01.ubulk" 1965
"C:/24CI0412MP/Content/AdvancedVillagePack/Meshes/SM_Well_Extra01.uasset" 1966
"C:/24CI0412MP/Content/AdvancedVillagePack/Meshes/SM_Well_Extra01.uexp" 1967
"C:/24CI0412MP/Content/AdvancedVillagePack/Blueprints/BP_Well.uasset" 1968
"C:/24CI0412MP/Content/AdvancedVillagePack/Blueprints/BP_Well.uexp" 1969
"C:/24CI0412MP/Content/WindmillValley/Blueprint/BP_Rocks_01.uasset" 1970
"C:/24CI0412MP/Content/WindmillValley/Blueprint/BP_Rocks_01.uexp" 1971
"C:/24CI0412MP/Content/WindmillValley/Blueprint/BP_Rocks_02.uasset" 1972
"C:/24CI0412MP/Content/WindmillValley/Blueprint/BP_Rocks_02.uexp" 1973
"C:/24CI0412MP/Content/StylizedProvencal/Textures/T_Water_02_N.ubulk" 1974
"C:/24CI0412MP/Content/StylizedProvencal/Textures/T_Water_02_N.uasset" 1975
"C:/24CI0412MP/Content/StylizedProvencal/Textures/T_Water_02_N.uexp" 1976
"C:/24CI0412MP/Content/StylizedProvencal/Textures/T_Fire_Distortion_M.ubulk" 1977
"C:/24CI0412MP/Content/StylizedProvencal/Textures/T_Fire_Distortion_M.uasset" 1978
"C:/24CI0412MP/Content/StylizedProvencal/Textures/T_Fire_Distortion_M.uexp" 1979
"../../../Engine/Content/Functions/Engine_MaterialFunctions02/Math/DeriveNormalZ_Function.uasset" 1980
"../../../Engine/Content/Functions/Engine_MaterialFunctions02/Math/DeriveNormalZ_Function.uexp" 1981
"C:/24CI0412MP/Content/StylizedProvencal/Materials/MM_Water_Master.uasset" 1982
"C:/24CI0412MP/Content/StylizedProvencal/Materials/MM_Water_Master.uexp" 1983
"../../../Engine/Content/Functions/Engine_MaterialFunctions02/ExampleContent/DebugNumberStrip.uasset" 1984
"../../../Engine/Content/Functions/Engine_MaterialFunctions02/ExampleContent/DebugNumberStrip.uexp" 1985
"../../../Engine/Content/Functions/Engine_MaterialFunctions02/ExampleContent/Textures/DebugNumberPeriod.uasset" 1986
"../../../Engine/Content/Functions/Engine_MaterialFunctions02/ExampleContent/Textures/DebugNumberPeriod.uexp" 1987
"C:/24CI0412MP/Content/StylizedProvencal/Materials/MI_Water_01.uasset" 1988
"C:/24CI0412MP/Content/StylizedProvencal/Materials/MI_Water_01.uexp" 1989
"C:/24CI0412MP/Content/StylizedProvencal/Meshes/SM_RiverPlane.ubulk" 1990
"C:/24CI0412MP/Content/StylizedProvencal/Meshes/SM_RiverPlane.uasset" 1991
"C:/24CI0412MP/Content/StylizedProvencal/Meshes/SM_RiverPlane.uexp" 1992
"C:/24CI0412MP/Content/StylizedProvencal/Blueprints/BP_RiverSpline.uasset" 1993
"C:/24CI0412MP/Content/StylizedProvencal/Blueprints/BP_RiverSpline.uexp" 1994
"C:/24CI0412MP/Content/StylizedProvencal/Materials/MI_Rocks_Bricks_2.uasset" 1995
"C:/24CI0412MP/Content/StylizedProvencal/Materials/MI_Rocks_Bricks_2.uexp" 1996
"C:/24CI0412MP/Content/StylizedProvencal/Meshes/SM_House_Tower.ubulk" 1997
"C:/24CI0412MP/Content/StylizedProvencal/Meshes/SM_House_Tower.uasset" 1998
"C:/24CI0412MP/Content/StylizedProvencal/Meshes/SM_House_Tower.uexp" 1999
"C:/24CI0412MP/Content/StylizedProvencal/Meshes/SM_Fence_02.ubulk" 2000
"C:/24CI0412MP/Content/StylizedProvencal/Meshes/SM_Fence_02.uasset" 2001
"C:/24CI0412MP/Content/StylizedProvencal/Meshes/SM_Fence_02.uexp" 2002
"C:/24CI0412MP/Content/StylizedProvencal/Meshes/SM_House_Main.ubulk" 2003
"C:/24CI0412MP/Content/StylizedProvencal/Meshes/SM_House_Main.uasset" 2004
"C:/24CI0412MP/Content/StylizedProvencal/Meshes/SM_House_Main.uexp" 2005
"C:/24CI0412MP/Content/StylizedProvencal/Meshes/SM_Bridge.ubulk" 2006
"C:/24CI0412MP/Content/StylizedProvencal/Meshes/SM_Bridge.uasset" 2007
"C:/24CI0412MP/Content/StylizedProvencal/Meshes/SM_Bridge.uexp" 2008
"C:/24CI0412MP/Content/WindmillValley/Textures/T_Cart_N.ubulk" 2009
"C:/24CI0412MP/Content/WindmillValley/Textures/T_Cart_N.uasset" 2010
"C:/24CI0412MP/Content/WindmillValley/Textures/T_Cart_N.uexp" 2011
"C:/24CI0412MP/Content/WindmillValley/Textures/T_Cart_ORM.ubulk" 2012
"C:/24CI0412MP/Content/WindmillValley/Textures/T_Cart_ORM.uasset" 2013
"C:/24CI0412MP/Content/WindmillValley/Textures/T_Cart_ORM.uexp" 2014
"C:/24CI0412MP/Content/WindmillValley/Textures/T_Cart_D.ubulk" 2015
"C:/24CI0412MP/Content/WindmillValley/Textures/T_Cart_D.uasset" 2016
"C:/24CI0412MP/Content/WindmillValley/Textures/T_Cart_D.uexp" 2017
"C:/24CI0412MP/Content/WindmillValley/Materials/MaterialInstances/MI_Cart.uasset" 2018
"C:/24CI0412MP/Content/WindmillValley/Materials/MaterialInstances/MI_Cart.uexp" 2019
"C:/24CI0412MP/Content/WindmillValley/Meshes/SM_Cart.ubulk" 2020
"C:/24CI0412MP/Content/WindmillValley/Meshes/SM_Cart.uasset" 2021
"C:/24CI0412MP/Content/WindmillValley/Meshes/SM_Cart.uexp" 2022
"C:/24CI0412MP/Content/WindmillValley/Textures/T_Lantern_ORM.ubulk" 2023
"C:/24CI0412MP/Content/WindmillValley/Textures/T_Lantern_ORM.uasset" 2024
"C:/24CI0412MP/Content/WindmillValley/Textures/T_Lantern_ORM.uexp" 2025
"C:/24CI0412MP/Content/WindmillValley/Textures/T_Lantern_N.ubulk" 2026
"C:/24CI0412MP/Content/WindmillValley/Textures/T_Lantern_N.uasset" 2027
"C:/24CI0412MP/Content/WindmillValley/Textures/T_Lantern_N.uexp" 2028
"C:/24CI0412MP/Content/WindmillValley/Textures/T_Lantern_D.ubulk" 2029
"C:/24CI0412MP/Content/WindmillValley/Textures/T_Lantern_D.uasset" 2030
"C:/24CI0412MP/Content/WindmillValley/Textures/T_Lantern_D.uexp" 2031
"C:/24CI0412MP/Content/WindmillValley/Materials/MaterialInstances/MI_Object.uasset" 2032
"C:/24CI0412MP/Content/WindmillValley/Materials/MaterialInstances/MI_Object.uexp" 2033
"C:/24CI0412MP/Content/WindmillValley/Meshes/SM_Pumpkin.ubulk" 2034
"C:/24CI0412MP/Content/WindmillValley/Meshes/SM_Pumpkin.uasset" 2035
"C:/24CI0412MP/Content/WindmillValley/Meshes/SM_Pumpkin.uexp" 2036
"C:/24CI0412MP/Content/WindmillValley/Blueprint/BP_Cart_Pumpkin.uasset" 2037
"C:/24CI0412MP/Content/WindmillValley/Blueprint/BP_Cart_Pumpkin.uexp" 2038
"C:/24CI0412MP/Content/Stylized_Village/Assets/VFX/WaterFall/Textures/T_WaterRipples_02_M.ubulk" 2039
"C:/24CI0412MP/Content/Stylized_Village/Assets/VFX/WaterFall/Textures/T_WaterRipples_02_M.uasset" 2040
"C:/24CI0412MP/Content/Stylized_Village/Assets/VFX/WaterFall/Textures/T_WaterRipples_02_M.uexp" 2041
"C:/24CI0412MP/Content/Stylized_Village/Assets/VFX/WaterFall/Textures/T_Foam_06_M.ubulk" 2042
"C:/24CI0412MP/Content/Stylized_Village/Assets/VFX/WaterFall/Textures/T_Foam_06_M.uasset" 2043
"C:/24CI0412MP/Content/Stylized_Village/Assets/VFX/WaterFall/Textures/T_Foam_06_M.uexp" 2044
"C:/24CI0412MP/Content/Stylized_Village/Assets/VFX/WaterFall/Textures/T_Foam_04_M.ubulk" 2045
"C:/24CI0412MP/Content/Stylized_Village/Assets/VFX/WaterFall/Textures/T_Foam_04_M.uasset" 2046
"C:/24CI0412MP/Content/Stylized_Village/Assets/VFX/WaterFall/Textures/T_Foam_04_M.uexp" 2047
"C:/24CI0412MP/Content/Stylized_Village/Assets/VFX/WaterFall/Materials/MaterialFunctions/MF_NormalBlend.uasset" 2048
"C:/24CI0412MP/Content/Stylized_Village/Assets/VFX/WaterFall/Materials/MaterialFunctions/MF_NormalBlend.uexp" 2049
"C:/24CI0412MP/Content/Stylized_Village/Assets/VFX/WaterFall/Textures/HDRI_Sky.uasset" 2050
"C:/24CI0412MP/Content/Stylized_Village/Assets/VFX/WaterFall/Textures/HDRI_Sky.uexp" 2051
"C:/24CI0412MP/Content/Stylized_Village/Assets/VFX/WaterFall/Textures/T_TilingNoise03_M.ubulk" 2052
"C:/24CI0412MP/Content/Stylized_Village/Assets/VFX/WaterFall/Textures/T_TilingNoise03_M.uasset" 2053
"C:/24CI0412MP/Content/Stylized_Village/Assets/VFX/WaterFall/Textures/T_TilingNoise03_M.uexp" 2054
"C:/24CI0412MP/Content/Stylized_Village/Assets/VFX/WaterFall/Textures/T_Waterfall_01_N.ubulk" 2055
"C:/24CI0412MP/Content/Stylized_Village/Assets/VFX/WaterFall/Textures/T_Waterfall_01_N.uasset" 2056
"C:/24CI0412MP/Content/Stylized_Village/Assets/VFX/WaterFall/Textures/T_Waterfall_01_N.uexp" 2057
"C:/24CI0412MP/Content/Stylized_Village/Assets/VFX/WaterFall/Materials/MaterialFunctions/MF_WaterfallProceduralNoise.uasset" 2058
"C:/24CI0412MP/Content/Stylized_Village/Assets/VFX/WaterFall/Materials/MaterialFunctions/MF_WaterfallProceduralNoise.uexp" 2059
"C:/24CI0412MP/Content/Stylized_Village/Assets/VFX/WaterFall/Textures/T_Water_N.ubulk" 2060
"C:/24CI0412MP/Content/Stylized_Village/Assets/VFX/WaterFall/Textures/T_Water_N.uasset" 2061
"C:/24CI0412MP/Content/Stylized_Village/Assets/VFX/WaterFall/Textures/T_Water_N.uexp" 2062
"C:/24CI0412MP/Content/Stylized_Village/Assets/VFX/WaterFall/Materials/MaterialFunctions/MF_RiverMotionNormal.uasset" 2063
"C:/24CI0412MP/Content/Stylized_Village/Assets/VFX/WaterFall/Materials/MaterialFunctions/MF_RiverMotionNormal.uexp" 2064
"C:/24CI0412MP/Content/Stylized_Village/Assets/VFX/WaterFall/Materials/MaterialFunctions/MF_RiverMotionColor.uasset" 2065
"C:/24CI0412MP/Content/Stylized_Village/Assets/VFX/WaterFall/Materials/MaterialFunctions/MF_RiverMotionColor.uexp" 2066
"C:/24CI0412MP/Content/Stylized_Village/Assets/VFX/WaterFall/Materials/MM_Waterfall.uasset" 2067
"C:/24CI0412MP/Content/Stylized_Village/Assets/VFX/WaterFall/Materials/MM_Waterfall.uexp" 2068
"C:/24CI0412MP/Content/Stylized_Village/Assets/VFX/WaterFall/Materials/MI_Waterfall_01.uasset" 2069
"C:/24CI0412MP/Content/Stylized_Village/Assets/VFX/WaterFall/Materials/MI_Waterfall_01.uexp" 2070
"C:/24CI0412MP/Content/Stylized_Village/Assets/VFX/WaterFall/SM_SM_Waterfall.ubulk" 2071
"C:/24CI0412MP/Content/Stylized_Village/Assets/VFX/WaterFall/SM_SM_Waterfall.uasset" 2072
"C:/24CI0412MP/Content/Stylized_Village/Assets/VFX/WaterFall/SM_SM_Waterfall.uexp" 2073
"C:/24CI0412MP/Content/StylizedProvencal/Textures/T_Decals_Normal_O.ubulk" 2074
"C:/24CI0412MP/Content/StylizedProvencal/Textures/T_Decals_Normal_O.uasset" 2075
"C:/24CI0412MP/Content/StylizedProvencal/Textures/T_Decals_Normal_O.uexp" 2076
"C:/24CI0412MP/Content/StylizedProvencal/Textures/T_Decals_N.ubulk" 2077
"C:/24CI0412MP/Content/StylizedProvencal/Textures/T_Decals_N.uasset" 2078
"C:/24CI0412MP/Content/StylizedProvencal/Textures/T_Decals_N.uexp" 2079
"C:/24CI0412MP/Content/StylizedProvencal/Materials/MM_Decals_Normal.uasset" 2080
"C:/24CI0412MP/Content/StylizedProvencal/Materials/MM_Decals_Normal.uexp" 2081
"C:/24CI0412MP/Content/StylizedProvencal/Materials/MI_House_Decals_Normal.uasset" 2082
"C:/24CI0412MP/Content/StylizedProvencal/Materials/MI_House_Decals_Normal.uexp" 2083
"C:/24CI0412MP/Content/StylizedProvencal/Textures/T_TunnelProps_AORM.ubulk" 2084
"C:/24CI0412MP/Content/StylizedProvencal/Textures/T_TunnelProps_AORM.uasset" 2085
"C:/24CI0412MP/Content/StylizedProvencal/Textures/T_TunnelProps_AORM.uexp" 2086
"C:/24CI0412MP/Content/StylizedProvencal/Textures/T_TunnelProps_B.ubulk" 2087
"C:/24CI0412MP/Content/StylizedProvencal/Textures/T_TunnelProps_B.uasset" 2088
"C:/24CI0412MP/Content/StylizedProvencal/Textures/T_TunnelProps_B.uexp" 2089
"C:/24CI0412MP/Content/StylizedProvencal/Textures/T_TunnelProps_N.ubulk" 2090
"C:/24CI0412MP/Content/StylizedProvencal/Textures/T_TunnelProps_N.uasset" 2091
"C:/24CI0412MP/Content/StylizedProvencal/Textures/T_TunnelProps_N.uexp" 2092
"C:/24CI0412MP/Content/StylizedProvencal/Materials/MI_TunnelProps.uasset" 2093
"C:/24CI0412MP/Content/StylizedProvencal/Materials/MI_TunnelProps.uexp" 2094
"C:/24CI0412MP/Content/StylizedProvencal/Meshes/SM_House_Passage.ubulk" 2095
"C:/24CI0412MP/Content/StylizedProvencal/Meshes/SM_House_Passage.uasset" 2096
"C:/24CI0412MP/Content/StylizedProvencal/Meshes/SM_House_Passage.uexp" 2097
"C:/24CI0412MP/Content/WindmillValley/Blueprint/BP_Rocks_04.uasset" 2098
"C:/24CI0412MP/Content/WindmillValley/Blueprint/BP_Rocks_04.uexp" 2099
"C:/24CI0412MP/Content/StylizedProvencal/Materials/Landscape/RVT_Landscape_Color.uasset" 2100
"C:/24CI0412MP/Content/StylizedProvencal/Materials/Landscape/RVT_Landscape_Color.uexp" 2101
"C:/24CI0412MP/Content/StylizedProvencal/Textures/T_Flora_Atlas_01_B.ubulk" 2102
"C:/24CI0412MP/Content/StylizedProvencal/Textures/T_Flora_Atlas_01_B.uasset" 2103
"C:/24CI0412MP/Content/StylizedProvencal/Textures/T_Flora_Atlas_01_B.uexp" 2104
"C:/24CI0412MP/Content/StylizedProvencal/Materials/MM_Master_Flora.uasset" 2105
"C:/24CI0412MP/Content/StylizedProvencal/Materials/MM_Master_Flora.uexp" 2106
"C:/24CI0412MP/Content/StylizedProvencal/Materials/MI_Flora.uasset" 2107
"C:/24CI0412MP/Content/StylizedProvencal/Materials/MI_Flora.uexp" 2108
"C:/24CI0412MP/Content/StylizedProvencal/Meshes/SM_Vines_Group_03_b.ubulk" 2109
"C:/24CI0412MP/Content/StylizedProvencal/Meshes/SM_Vines_Group_03_b.uasset" 2110
"C:/24CI0412MP/Content/StylizedProvencal/Meshes/SM_Vines_Group_03_b.uexp" 2111
"C:/24CI0412MP/Content/StylizedProvencal/Textures/T_Crates_AORM.ubulk" 2112
"C:/24CI0412MP/Content/StylizedProvencal/Textures/T_Crates_AORM.uasset" 2113
"C:/24CI0412MP/Content/StylizedProvencal/Textures/T_Crates_AORM.uexp" 2114
"C:/24CI0412MP/Content/StylizedProvencal/Textures/T_Crates_N.ubulk" 2115
"C:/24CI0412MP/Content/StylizedProvencal/Textures/T_Crates_N.uasset" 2116
"C:/24CI0412MP/Content/StylizedProvencal/Textures/T_Crates_N.uexp" 2117
"C:/24CI0412MP/Content/StylizedProvencal/Textures/T_Crates_B.ubulk" 2118
"C:/24CI0412MP/Content/StylizedProvencal/Textures/T_Crates_B.uasset" 2119
"C:/24CI0412MP/Content/StylizedProvencal/Textures/T_Crates_B.uexp" 2120
"C:/24CI0412MP/Content/StylizedProvencal/Materials/MI_Crates.uasset" 2121
"C:/24CI0412MP/Content/StylizedProvencal/Materials/MI_Crates.uexp" 2122
"C:/24CI0412MP/Content/StylizedProvencal/Meshes/SM_Crate_03.ubulk" 2123
"C:/24CI0412MP/Content/StylizedProvencal/Meshes/SM_Crate_03.uasset" 2124
"C:/24CI0412MP/Content/StylizedProvencal/Meshes/SM_Crate_03.uexp" 2125
"C:/24CI0412MP/Content/StylizedProvencal/Meshes/SM_Crate_01.ubulk" 2126
"C:/24CI0412MP/Content/StylizedProvencal/Meshes/SM_Crate_01.uasset" 2127
"C:/24CI0412MP/Content/StylizedProvencal/Meshes/SM_Crate_01.uexp" 2128
"C:/24CI0412MP/Content/AdvancedVillagePack/Meshes/SM_StoneFlat_Var03.ubulk" 2129
"C:/24CI0412MP/Content/AdvancedVillagePack/Meshes/SM_StoneFlat_Var03.uasset" 2130
"C:/24CI0412MP/Content/AdvancedVillagePack/Meshes/SM_StoneFlat_Var03.uexp" 2131
"C:/24CI0412MP/Content/StylizedProvencal/Meshes/SM_House_02.ubulk" 2132
"C:/24CI0412MP/Content/StylizedProvencal/Meshes/SM_House_02.uasset" 2133
"C:/24CI0412MP/Content/StylizedProvencal/Meshes/SM_House_02.uexp" 2134
"C:/24CI0412MP/Content/WindmillValley/Blueprint/BP_Rocks_05.uasset" 2135
"C:/24CI0412MP/Content/WindmillValley/Blueprint/BP_Rocks_05.uexp" 2136
"C:/24CI0412MP/Content/Li/Crystal/enchanted_crystal_texture_0.ubulk" 2137
"C:/24CI0412MP/Content/Li/Crystal/enchanted_crystal_texture_0.uasset" 2138
"C:/24CI0412MP/Content/Li/Crystal/enchanted_crystal_texture_0.uexp" 2139
"C:/24CI0412MP/Content/Li/Crystal/enchanted_crystal_texture_1.ubulk" 2140
"C:/24CI0412MP/Content/Li/Crystal/enchanted_crystal_texture_1.uasset" 2141
"C:/24CI0412MP/Content/Li/Crystal/enchanted_crystal_texture_1.uexp" 2142
"C:/24CI0412MP/Content/Li/Crystal/enchanted_crystal_texture_2.ubulk" 2143
"C:/24CI0412MP/Content/Li/Crystal/enchanted_crystal_texture_2.uasset" 2144
"C:/24CI0412MP/Content/Li/Crystal/enchanted_crystal_texture_2.uexp" 2145
"C:/24CI0412MP/Content/Li/Crystal/enchanted_crystal_texture_3.ubulk" 2146
"C:/24CI0412MP/Content/Li/Crystal/enchanted_crystal_texture_3.uasset" 2147
"C:/24CI0412MP/Content/Li/Crystal/enchanted_crystal_texture_3.uexp" 2148
"C:/24CI0412MP/Content/Li/Crystal/Crystal.uasset" 2149
"C:/24CI0412MP/Content/Li/Crystal/Crystal.uexp" 2150
"C:/24CI0412MP/Content/Li/Crystal/enchanted_crystal.ubulk" 2151
"C:/24CI0412MP/Content/Li/Crystal/enchanted_crystal.uasset" 2152
"C:/24CI0412MP/Content/Li/Crystal/enchanted_crystal.uexp" 2153
"C:/24CI0412MP/Content/Li/BP_Crystal.uasset" 2154
"C:/24CI0412MP/Content/Li/BP_Crystal.uexp" 2155
"C:/24CI0412MP/Content/WindmillValley/Blueprint/BP_Dock_02.uasset" 2156
"C:/24CI0412MP/Content/WindmillValley/Blueprint/BP_Dock_02.uexp" 2157
"C:/24CI0412MP/Content/StylizedProvencal/Meshes/SM_WaterMill_House.ubulk" 2158
"C:/24CI0412MP/Content/StylizedProvencal/Meshes/SM_WaterMill_House.uasset" 2159
"C:/24CI0412MP/Content/StylizedProvencal/Meshes/SM_WaterMill_House.uexp" 2160
"C:/24CI0412MP/Content/WindmillValley/Textures/T_Fence_01_D.ubulk" 2161
"C:/24CI0412MP/Content/WindmillValley/Textures/T_Fence_01_D.uasset" 2162
"C:/24CI0412MP/Content/WindmillValley/Textures/T_Fence_01_D.uexp" 2163
"C:/24CI0412MP/Content/WindmillValley/Textures/T_Fence_01_ORM.ubulk" 2164
"C:/24CI0412MP/Content/WindmillValley/Textures/T_Fence_01_ORM.uasset" 2165
"C:/24CI0412MP/Content/WindmillValley/Textures/T_Fence_01_ORM.uexp" 2166
"C:/24CI0412MP/Content/WindmillValley/Textures/T_Fence_01_N.ubulk" 2167
"C:/24CI0412MP/Content/WindmillValley/Textures/T_Fence_01_N.uasset" 2168
"C:/24CI0412MP/Content/WindmillValley/Textures/T_Fence_01_N.uexp" 2169
"C:/24CI0412MP/Content/WindmillValley/Materials/MaterialInstances/MI_Fence_02.uasset" 2170
"C:/24CI0412MP/Content/WindmillValley/Materials/MaterialInstances/MI_Fence_02.uexp" 2171
"C:/24CI0412MP/Content/WindmillValley/Meshes/SM_Fence_02.ubulk" 2172
"C:/24CI0412MP/Content/WindmillValley/Meshes/SM_Fence_02.uasset" 2173
"C:/24CI0412MP/Content/WindmillValley/Meshes/SM_Fence_02.uexp" 2174
"C:/24CI0412MP/Content/WindmillValley/Blueprint/BP_Fence_02.uasset" 2175
"C:/24CI0412MP/Content/WindmillValley/Blueprint/BP_Fence_02.uexp" 2176
"C:/24CI0412MP/Content/Stylized_Village/Assets/Architecture/Wood/_Textures/T_Floors_BC.ubulk" 2177
"C:/24CI0412MP/Content/Stylized_Village/Assets/Architecture/Wood/_Textures/T_Floors_BC.uasset" 2178
"C:/24CI0412MP/Content/Stylized_Village/Assets/Architecture/Wood/_Textures/T_Floors_BC.uexp" 2179
"C:/24CI0412MP/Content/Stylized_Village/Assets/Architecture/Wood/_Textures/T_Floors_N.ubulk" 2180
"C:/24CI0412MP/Content/Stylized_Village/Assets/Architecture/Wood/_Textures/T_Floors_N.uasset" 2181
"C:/24CI0412MP/Content/Stylized_Village/Assets/Architecture/Wood/_Textures/T_Floors_N.uexp" 2182
"C:/24CI0412MP/Content/Stylized_Village/Assets/Architecture/Wood/_Textures/T_Floors_MROH.ubulk" 2183
"C:/24CI0412MP/Content/Stylized_Village/Assets/Architecture/Wood/_Textures/T_Floors_MROH.uasset" 2184
"C:/24CI0412MP/Content/Stylized_Village/Assets/Architecture/Wood/_Textures/T_Floors_MROH.uexp" 2185
"C:/24CI0412MP/Content/Stylized_Village/MasterMaterials/Texture/T_Grunge/T_Grunge_04a.ubulk" 2186
"C:/24CI0412MP/Content/Stylized_Village/MasterMaterials/Texture/T_Grunge/T_Grunge_04a.uasset" 2187
"C:/24CI0412MP/Content/Stylized_Village/MasterMaterials/Texture/T_Grunge/T_Grunge_04a.uexp" 2188
"C:/24CI0412MP/Content/Stylized_Village/MasterMaterials/MM_Props/Texture/T_MT.ubulk" 2189
"C:/24CI0412MP/Content/Stylized_Village/MasterMaterials/MM_Props/Texture/T_MT.uasset" 2190
"C:/24CI0412MP/Content/Stylized_Village/MasterMaterials/MM_Props/Texture/T_MT.uexp" 2191
"C:/24CI0412MP/Content/Stylized_Village/MasterMaterials/MM_Props/Material_Function/MF_Upvector.uasset" 2192
"C:/24CI0412MP/Content/Stylized_Village/MasterMaterials/MM_Props/Material_Function/MF_Upvector.uexp" 2193
"C:/24CI0412MP/Content/Stylized_Village/MasterMaterials/MM_Props/Texture/T_Mask_MRO.uasset" 2194
"C:/24CI0412MP/Content/Stylized_Village/MasterMaterials/MM_Props/Texture/T_Mask_MRO.uexp" 2195
"../../../Engine/Content/EngineResources/Gray.uasset" 2196
"../../../Engine/Content/EngineResources/Gray.uexp" 2197
"C:/24CI0412MP/Content/Stylized_Village/MasterMaterials/MM_Props/Material_Function/MF_Vertexpaint.uasset" 2198
"C:/24CI0412MP/Content/Stylized_Village/MasterMaterials/MM_Props/Material_Function/MF_Vertexpaint.uexp" 2199
"C:/24CI0412MP/Content/Stylized_Village/MasterMaterials/MM_Props/Material_Function/MF_ColorVar.uasset" 2200
"C:/24CI0412MP/Content/Stylized_Village/MasterMaterials/MM_Props/Material_Function/MF_ColorVar.uexp" 2201
"../../../Engine/Content/EngineResources/AICON-Green_Low.uasset" 2202
"../../../Engine/Content/EngineResources/AICON-Green_Low.uexp" 2203
"C:/24CI0412MP/Content/Stylized_Village/MasterMaterials/MM_Props/Material_Function/MF_ScaleBaseTile.uasset" 2204
"C:/24CI0412MP/Content/Stylized_Village/MasterMaterials/MM_Props/Material_Function/MF_ScaleBaseTile.uexp" 2205
"../../../Engine/Content/Functions/Engine_MaterialFunctions01/Texturing/WorldAlignedTexture.uasset" 2206
"../../../Engine/Content/Functions/Engine_MaterialFunctions01/Texturing/WorldAlignedTexture.uexp" 2207
"C:/24CI0412MP/Content/Stylized_Village/MasterMaterials/MM_Props/Material_Function/MF_AODirt.uasset" 2208
"C:/24CI0412MP/Content/Stylized_Village/MasterMaterials/MM_Props/Material_Function/MF_AODirt.uexp" 2209
"C:/24CI0412MP/Content/Stylized_Village/A_WeatherControl/MC_WorldSeason.uasset" 2210
"C:/24CI0412MP/Content/Stylized_Village/A_WeatherControl/MC_WorldSeason.uexp" 2211
"C:/24CI0412MP/Content/Stylized_Village/MasterMaterials/MM_Props/Material_Function/MF_MatLayerBlend.uasset" 2212
"C:/24CI0412MP/Content/Stylized_Village/MasterMaterials/MM_Props/Material_Function/MF_MatLayerBlend.uexp" 2213
"../../../Engine/Content/EngineResources/DefaultTexture.ubulk" 2214
"../../../Engine/Content/EngineResources/DefaultTexture.uasset" 2215
"../../../Engine/Content/EngineResources/DefaultTexture.uexp" 2216
"C:/24CI0412MP/Content/Stylized_Village/MasterMaterials/Texture/T_Grunge/T_Grunge_02a.ubulk" 2217
"C:/24CI0412MP/Content/Stylized_Village/MasterMaterials/Texture/T_Grunge/T_Grunge_02a.uasset" 2218
"C:/24CI0412MP/Content/Stylized_Village/MasterMaterials/Texture/T_Grunge/T_Grunge_02a.uexp" 2219
"C:/24CI0412MP/Content/Stylized_Village/MasterMaterials/MM_Props/Material_Function/MF_Masterlayer.uasset" 2220
"C:/24CI0412MP/Content/Stylized_Village/MasterMaterials/MM_Props/Material_Function/MF_Masterlayer.uexp" 2221
"C:/24CI0412MP/Content/Stylized_Village/MasterMaterials/MM_Props/Texture/T_SnowSof01a_N.ubulk" 2222
"C:/24CI0412MP/Content/Stylized_Village/MasterMaterials/MM_Props/Texture/T_SnowSof01a_N.uasset" 2223
"C:/24CI0412MP/Content/Stylized_Village/MasterMaterials/MM_Props/Texture/T_SnowSof01a_N.uexp" 2224
"C:/24CI0412MP/Content/Stylized_Village/MasterMaterials/MM_Props/Material_Function/MF_MacroAlbedo.uasset" 2225
"C:/24CI0412MP/Content/Stylized_Village/MasterMaterials/MM_Props/Material_Function/MF_MacroAlbedo.uexp" 2226
"C:/24CI0412MP/Content/Stylized_Village/MasterMaterials/Texture/Snow/T_Splatter_Mask.ubulk" 2227
"C:/24CI0412MP/Content/Stylized_Village/MasterMaterials/Texture/Snow/T_Splatter_Mask.uasset" 2228
"C:/24CI0412MP/Content/Stylized_Village/MasterMaterials/Texture/Snow/T_Splatter_Mask.uexp" 2229
"../../../Engine/Content/Functions/Engine_MaterialFunctions01/Shading/FuzzyShading.uasset" 2230
"../../../Engine/Content/Functions/Engine_MaterialFunctions01/Shading/FuzzyShading.uexp" 2231
"C:/24CI0412MP/Content/Stylized_Village/MasterMaterials/MM_Props/Material_Function/MF_FuzzyMasterlayer.uasset" 2232
"C:/24CI0412MP/Content/Stylized_Village/MasterMaterials/MM_Props/Material_Function/MF_FuzzyMasterlayer.uexp" 2233
"C:/24CI0412MP/Content/Stylized_Village/MasterMaterials/MM_Props/Texture/T_Water_N.ubulk" 2234
"C:/24CI0412MP/Content/Stylized_Village/MasterMaterials/MM_Props/Texture/T_Water_N.uasset" 2235
"C:/24CI0412MP/Content/Stylized_Village/MasterMaterials/MM_Props/Texture/T_Water_N.uexp" 2236
"C:/24CI0412MP/Content/Stylized_Village/MasterMaterials/MM_Props/Material_Function/MF_HeightExtracted.uasset" 2237
"C:/24CI0412MP/Content/Stylized_Village/MasterMaterials/MM_Props/Material_Function/MF_HeightExtracted.uexp" 2238
"C:/24CI0412MP/Content/Stylized_Village/MasterMaterials/MM_Props/Material_Function/MF_Wetness.uasset" 2239
"C:/24CI0412MP/Content/Stylized_Village/MasterMaterials/MM_Props/Material_Function/MF_Wetness.uexp" 2240
"../../../Engine/Content/Functions/Engine_MaterialFunctions02/Math/Pi.uasset" 2241
"../../../Engine/Content/Functions/Engine_MaterialFunctions02/Math/Pi.uexp" 2242
"C:/24CI0412MP/Content/Stylized_Village/MasterMaterials/MM_Props/Material_Function/MF_Snowlayer.uasset" 2243
"C:/24CI0412MP/Content/Stylized_Village/MasterMaterials/MM_Props/Material_Function/MF_Snowlayer.uexp" 2244
"C:/24CI0412MP/Content/Stylized_Village/MasterMaterials/MM_Props/Material/MM_MasterMaterial.uasset" 2245
"C:/24CI0412MP/Content/Stylized_Village/MasterMaterials/MM_Props/Material/MM_MasterMaterial.uexp" 2246
"C:/24CI0412MP/Content/Stylized_Village/MasterMaterials/MM_Props/Texture/T_SnowRough_01a_N.ubulk" 2247
"C:/24CI0412MP/Content/Stylized_Village/MasterMaterials/MM_Props/Texture/T_SnowRough_01a_N.uasset" 2248
"C:/24CI0412MP/Content/Stylized_Village/MasterMaterials/MM_Props/Texture/T_SnowRough_01a_N.uexp" 2249
"C:/24CI0412MP/Content/Stylized_Village/MasterMaterials/MM_Props/Texture/T_SnowSof01a_H.ubulk" 2250
"C:/24CI0412MP/Content/Stylized_Village/MasterMaterials/MM_Props/Texture/T_SnowSof01a_H.uasset" 2251
"C:/24CI0412MP/Content/Stylized_Village/MasterMaterials/MM_Props/Texture/T_SnowSof01a_H.uexp" 2252
"C:/24CI0412MP/Content/Stylized_Village/MasterMaterials/MM_Props/Material/MIM_Props_Snow.uasset" 2253
"C:/24CI0412MP/Content/Stylized_Village/MasterMaterials/MM_Props/Material/MIM_Props_Snow.uexp" 2254
"C:/24CI0412MP/Content/Stylized_Village/Assets/Architecture/Wood/_Materials/MIM_Wood.uasset" 2255
"C:/24CI0412MP/Content/Stylized_Village/Assets/Architecture/Wood/_Materials/MIM_Wood.uexp" 2256
"C:/24CI0412MP/Content/Stylized_Village/Assets/Architecture/Wood/_Materials/MI_Wood_Floors.uasset" 2257
"C:/24CI0412MP/Content/Stylized_Village/Assets/Architecture/Wood/_Materials/MI_Wood_Floors.uexp" 2258
"C:/24CI0412MP/Content/Stylized_Village/Assets/Architecture/Wood/Curved/SM_Wood_Floor_Wall_FullxHalf_30.ubulk" 2259
"C:/24CI0412MP/Content/Stylized_Village/Assets/Architecture/Wood/Curved/SM_Wood_Floor_Wall_FullxHalf_30.uasset" 2260
"C:/24CI0412MP/Content/Stylized_Village/Assets/Architecture/Wood/Curved/SM_Wood_Floor_Wall_FullxHalf_30.uexp" 2261
"C:/24CI0412MP/Content/Stylized_Village/Assets/Architecture/Windows/_Materials/MIM_Window.uasset" 2262
"C:/24CI0412MP/Content/Stylized_Village/Assets/Architecture/Windows/_Materials/MIM_Window.uexp" 2263
"C:/24CI0412MP/Content/Stylized_Village/Assets/Architecture/Windows/_Textures/T_Windows_01_MRO.ubulk" 2264
"C:/24CI0412MP/Content/Stylized_Village/Assets/Architecture/Windows/_Textures/T_Windows_01_MRO.uasset" 2265
"C:/24CI0412MP/Content/Stylized_Village/Assets/Architecture/Windows/_Textures/T_Windows_01_MRO.uexp" 2266
"C:/24CI0412MP/Content/Stylized_Village/Assets/Architecture/Windows/_Textures/T_Windows_01_N.ubulk" 2267
"C:/24CI0412MP/Content/Stylized_Village/Assets/Architecture/Windows/_Textures/T_Windows_01_N.uasset" 2268
"C:/24CI0412MP/Content/Stylized_Village/Assets/Architecture/Windows/_Textures/T_Windows_01_N.uexp" 2269
"C:/24CI0412MP/Content/Stylized_Village/Assets/Architecture/Windows/_Textures/T_Windows_01_BC.ubulk" 2270
"C:/24CI0412MP/Content/Stylized_Village/Assets/Architecture/Windows/_Textures/T_Windows_01_BC.uasset" 2271
"C:/24CI0412MP/Content/Stylized_Village/Assets/Architecture/Windows/_Textures/T_Windows_01_BC.uexp" 2272
"C:/24CI0412MP/Content/Stylized_Village/Assets/Architecture/Windows/_Materials/MI_Windows_Brown.uasset" 2273
"C:/24CI0412MP/Content/Stylized_Village/Assets/Architecture/Windows/_Materials/MI_Windows_Brown.uexp" 2274
"C:/24CI0412MP/Content/Stylized_Village/Assets/Architecture/Windows/SM_Window_DiamondPanes_Full.ubulk" 2275
"C:/24CI0412MP/Content/Stylized_Village/Assets/Architecture/Windows/SM_Window_DiamondPanes_Full.uasset" 2276
"C:/24CI0412MP/Content/Stylized_Village/Assets/Architecture/Windows/SM_Window_DiamondPanes_Full.uexp" 2277
"C:/24CI0412MP/Content/Stylized_Village/Assets/Architecture/Wood/_Textures/T_Wall_Full_MROH.ubulk" 2278
"C:/24CI0412MP/Content/Stylized_Village/Assets/Architecture/Wood/_Textures/T_Wall_Full_MROH.uasset" 2279
"C:/24CI0412MP/Content/Stylized_Village/Assets/Architecture/Wood/_Textures/T_Wall_Full_MROH.uexp" 2280
"C:/24CI0412MP/Content/Stylized_Village/Assets/Architecture/Wood/_Textures/T_Wall_Full_N.ubulk" 2281
"C:/24CI0412MP/Content/Stylized_Village/Assets/Architecture/Wood/_Textures/T_Wall_Full_N.uasset" 2282
"C:/24CI0412MP/Content/Stylized_Village/Assets/Architecture/Wood/_Textures/T_Wall_Full_N.uexp" 2283
"C:/24CI0412MP/Content/Stylized_Village/Assets/Architecture/Wood/_Textures/T_Wall_Full_BC.ubulk" 2284
"C:/24CI0412MP/Content/Stylized_Village/Assets/Architecture/Wood/_Textures/T_Wall_Full_BC.uasset" 2285
"C:/24CI0412MP/Content/Stylized_Village/Assets/Architecture/Wood/_Textures/T_Wall_Full_BC.uexp" 2286
"C:/24CI0412MP/Content/Stylized_Village/Assets/Architecture/Wood/_Materials/MI_Wood_WallsFull.uasset" 2287
"C:/24CI0412MP/Content/Stylized_Village/Assets/Architecture/Wood/_Materials/MI_Wood_WallsFull.uexp" 2288
"C:/24CI0412MP/Content/Stylized_Village/Assets/Architecture/Wood/Curved/SM_Wood_Wall_FullXHalf_30.ubulk" 2289
"C:/24CI0412MP/Content/Stylized_Village/Assets/Architecture/Wood/Curved/SM_Wood_Wall_FullXHalf_30.uasset" 2290
"C:/24CI0412MP/Content/Stylized_Village/Assets/Architecture/Wood/Curved/SM_Wood_Wall_FullXHalf_30.uexp" 2291
"C:/24CI0412MP/Content/Stylized_Village/Assets/Architecture/Wood/_Textures/T_Wall_Slats_BC.ubulk" 2292
"C:/24CI0412MP/Content/Stylized_Village/Assets/Architecture/Wood/_Textures/T_Wall_Slats_BC.uasset" 2293
"C:/24CI0412MP/Content/Stylized_Village/Assets/Architecture/Wood/_Textures/T_Wall_Slats_BC.uexp" 2294
"C:/24CI0412MP/Content/Stylized_Village/Assets/Architecture/Wood/_Textures/T_Wall_Slats_MROH.ubulk" 2295
"C:/24CI0412MP/Content/Stylized_Village/Assets/Architecture/Wood/_Textures/T_Wall_Slats_MROH.uasset" 2296
"C:/24CI0412MP/Content/Stylized_Village/Assets/Architecture/Wood/_Textures/T_Wall_Slats_MROH.uexp" 2297
"C:/24CI0412MP/Content/Stylized_Village/Assets/Architecture/Wood/_Textures/T_Wall_Slats_N.ubulk" 2298
"C:/24CI0412MP/Content/Stylized_Village/Assets/Architecture/Wood/_Textures/T_Wall_Slats_N.uasset" 2299
"C:/24CI0412MP/Content/Stylized_Village/Assets/Architecture/Wood/_Textures/T_Wall_Slats_N.uexp" 2300
"C:/24CI0412MP/Content/Stylized_Village/Assets/Architecture/Wood/_Materials/MI_Wood_WallsSlats.uasset" 2301
"C:/24CI0412MP/Content/Stylized_Village/Assets/Architecture/Wood/_Materials/MI_Wood_WallsSlats.uexp" 2302
"C:/24CI0412MP/Content/Stylized_Village/Assets/Architecture/Wood/Walls/SM_Wood_Wall_QuarterXHalf_LP.ubulk" 2303
"C:/24CI0412MP/Content/Stylized_Village/Assets/Architecture/Wood/Walls/SM_Wood_Wall_QuarterXHalf_LP.uasset" 2304
"C:/24CI0412MP/Content/Stylized_Village/Assets/Architecture/Wood/Walls/SM_Wood_Wall_QuarterXHalf_LP.uexp" 2305
"C:/24CI0412MP/Content/Stylized_Village/Assets/Architecture/Flagstone/_Textures/T_Flagstoneiles_BC.ubulk" 2306
"C:/24CI0412MP/Content/Stylized_Village/Assets/Architecture/Flagstone/_Textures/T_Flagstoneiles_BC.uasset" 2307
"C:/24CI0412MP/Content/Stylized_Village/Assets/Architecture/Flagstone/_Textures/T_Flagstoneiles_BC.uexp" 2308
"C:/24CI0412MP/Content/Stylized_Village/Assets/Architecture/Flagstone/_Textures/T_Flagstoneiles_N.ubulk" 2309
"C:/24CI0412MP/Content/Stylized_Village/Assets/Architecture/Flagstone/_Textures/T_Flagstoneiles_N.uasset" 2310
"C:/24CI0412MP/Content/Stylized_Village/Assets/Architecture/Flagstone/_Textures/T_Flagstoneiles_N.uexp" 2311
"C:/24CI0412MP/Content/Stylized_Village/Assets/Architecture/Flagstone/_Materials/MIM_Flagstone.uasset" 2312
"C:/24CI0412MP/Content/Stylized_Village/Assets/Architecture/Flagstone/_Materials/MIM_Flagstone.uexp" 2313
"C:/24CI0412MP/Content/Stylized_Village/Assets/Architecture/Flagstone/_Textures/T_Flagstone_Flabasecolor.ubulk" 2314
"C:/24CI0412MP/Content/Stylized_Village/Assets/Architecture/Flagstone/_Textures/T_Flagstone_Flabasecolor.uasset" 2315
"C:/24CI0412MP/Content/Stylized_Village/Assets/Architecture/Flagstone/_Textures/T_Flagstone_Flabasecolor.uexp" 2316
"C:/24CI0412MP/Content/Stylized_Village/Assets/Architecture/Flagstone/_Textures/T_Flagstoneiles_MRO.ubulk" 2317
"C:/24CI0412MP/Content/Stylized_Village/Assets/Architecture/Flagstone/_Textures/T_Flagstoneiles_MRO.uasset" 2318
"C:/24CI0412MP/Content/Stylized_Village/Assets/Architecture/Flagstone/_Textures/T_Flagstoneiles_MRO.uexp" 2319
"C:/24CI0412MP/Content/Stylized_Village/Assets/Architecture/Flagstone/_Materials/MI_Flagstone_Wall_Tiles.uasset" 2320
"C:/24CI0412MP/Content/Stylized_Village/Assets/Architecture/Flagstone/_Materials/MI_Flagstone_Wall_Tiles.uexp" 2321
"C:/24CI0412MP/Content/Stylized_Village/Assets/Architecture/Flagstone/Trims/SM_Flagstone_Tiles_Diamonds.ubulk" 2322
"C:/24CI0412MP/Content/Stylized_Village/Assets/Architecture/Flagstone/Trims/SM_Flagstone_Tiles_Diamonds.uasset" 2323
"C:/24CI0412MP/Content/Stylized_Village/Assets/Architecture/Flagstone/Trims/SM_Flagstone_Tiles_Diamonds.uexp" 2324
"C:/24CI0412MP/Content/Stylized_Village/Assets/Architecture/Flagstone/_Textures/T_Flagstonerims_N.ubulk" 2325
"C:/24CI0412MP/Content/Stylized_Village/Assets/Architecture/Flagstone/_Textures/T_Flagstonerims_N.uasset" 2326
"C:/24CI0412MP/Content/Stylized_Village/Assets/Architecture/Flagstone/_Textures/T_Flagstonerims_N.uexp" 2327
"C:/24CI0412MP/Content/Stylized_Village/Assets/Architecture/Flagstone/_Textures/T_Flagstonerims_MRO.ubulk" 2328
"C:/24CI0412MP/Content/Stylized_Village/Assets/Architecture/Flagstone/_Textures/T_Flagstonerims_MRO.uasset" 2329
"C:/24CI0412MP/Content/Stylized_Village/Assets/Architecture/Flagstone/_Textures/T_Flagstonerims_MRO.uexp" 2330
"C:/24CI0412MP/Content/Stylized_Village/Assets/Architecture/Flagstone/_Textures/T_Flagstonerims_BC.ubulk" 2331
"C:/24CI0412MP/Content/Stylized_Village/Assets/Architecture/Flagstone/_Textures/T_Flagstonerims_BC.uasset" 2332
"C:/24CI0412MP/Content/Stylized_Village/Assets/Architecture/Flagstone/_Textures/T_Flagstonerims_BC.uexp" 2333
"C:/24CI0412MP/Content/Stylized_Village/Assets/Architecture/Flagstone/_Materials/MI_Flagstone_Wall_Trims.uasset" 2334
"C:/24CI0412MP/Content/Stylized_Village/Assets/Architecture/Flagstone/_Materials/MI_Flagstone_Wall_Trims.uexp" 2335
"C:/24CI0412MP/Content/Stylized_Village/Assets/Architecture/Flagstone/Curved/SM_FlagStone_TrimThick_Full_30.ubulk" 2336
"C:/24CI0412MP/Content/Stylized_Village/Assets/Architecture/Flagstone/Curved/SM_FlagStone_TrimThick_Full_30.uasset" 2337
"C:/24CI0412MP/Content/Stylized_Village/Assets/Architecture/Flagstone/Curved/SM_FlagStone_TrimThick_Full_30.uexp" 2338
"C:/24CI0412MP/Content/Stylized_Village/Assets/Architecture/Wood/Walls/SM_Wood_Wall_BeamCross_FullXFull_LP.ubulk" 2339
"C:/24CI0412MP/Content/Stylized_Village/Assets/Architecture/Wood/Walls/SM_Wood_Wall_BeamCross_FullXFull_LP.uasset" 2340
"C:/24CI0412MP/Content/Stylized_Village/Assets/Architecture/Wood/Walls/SM_Wood_Wall_BeamCross_FullXFull_LP.uexp" 2341
"C:/24CI0412MP/Content/Stylized_Village/Assets/Architecture/Wood/Walls/SM_Wood_Wall_QuarterXFull_LP.ubulk" 2342
"C:/24CI0412MP/Content/Stylized_Village/Assets/Architecture/Wood/Walls/SM_Wood_Wall_QuarterXFull_LP.uasset" 2343
"C:/24CI0412MP/Content/Stylized_Village/Assets/Architecture/Wood/Walls/SM_Wood_Wall_QuarterXFull_LP.uexp" 2344
"C:/24CI0412MP/Content/Stylized_Village/Assets/Architecture/Wood/_Textures/T_Pieces_Logs_BC.ubulk" 2345
"C:/24CI0412MP/Content/Stylized_Village/Assets/Architecture/Wood/_Textures/T_Pieces_Logs_BC.uasset" 2346
"C:/24CI0412MP/Content/Stylized_Village/Assets/Architecture/Wood/_Textures/T_Pieces_Logs_BC.uexp" 2347
"C:/24CI0412MP/Content/Stylized_Village/Assets/Architecture/Wood/_Textures/T_Pieces_Logs_N.ubulk" 2348
"C:/24CI0412MP/Content/Stylized_Village/Assets/Architecture/Wood/_Textures/T_Pieces_Logs_N.uasset" 2349
"C:/24CI0412MP/Content/Stylized_Village/Assets/Architecture/Wood/_Textures/T_Pieces_Logs_N.uexp" 2350
"C:/24CI0412MP/Content/Stylized_Village/Assets/Architecture/Wood/_Textures/T_Pieces_Logs_MROH.ubulk" 2351
"C:/24CI0412MP/Content/Stylized_Village/Assets/Architecture/Wood/_Textures/T_Pieces_Logs_MROH.uasset" 2352
"C:/24CI0412MP/Content/Stylized_Village/Assets/Architecture/Wood/_Textures/T_Pieces_Logs_MROH.uexp" 2353
"C:/24CI0412MP/Content/Stylized_Village/Assets/Architecture/Wood/_Materials/MI_Wood_PiecesBeams_Logs.uasset" 2354
"C:/24CI0412MP/Content/Stylized_Village/Assets/Architecture/Wood/_Materials/MI_Wood_PiecesBeams_Logs.uexp" 2355
"C:/24CI0412MP/Content/Stylized_Village/Assets/Architecture/Wood/Pieces/SM_Log_Large.ubulk" 2356
"C:/24CI0412MP/Content/Stylized_Village/Assets/Architecture/Wood/Pieces/SM_Log_Large.uasset" 2357
"C:/24CI0412MP/Content/Stylized_Village/Assets/Architecture/Wood/Pieces/SM_Log_Large.uexp" 2358
"C:/24CI0412MP/Content/Stylized_Village/Assets/Architecture/Wood/Walls/SM_Wood_Wall_HorizontalSlats_Half_LP.ubulk" 2359
"C:/24CI0412MP/Content/Stylized_Village/Assets/Architecture/Wood/Walls/SM_Wood_Wall_HorizontalSlats_Half_LP.uasset" 2360
"C:/24CI0412MP/Content/Stylized_Village/Assets/Architecture/Wood/Walls/SM_Wood_Wall_HorizontalSlats_Half_LP.uexp" 2361
"C:/24CI0412MP/Content/Stylized_Village/Assets/Architecture/Flagstone/_Textures/T_Flagstone_Stairs_BC.ubulk" 2362
"C:/24CI0412MP/Content/Stylized_Village/Assets/Architecture/Flagstone/_Textures/T_Flagstone_Stairs_BC.uasset" 2363
"C:/24CI0412MP/Content/Stylized_Village/Assets/Architecture/Flagstone/_Textures/T_Flagstone_Stairs_BC.uexp" 2364
"C:/24CI0412MP/Content/Stylized_Village/Assets/Architecture/Flagstone/_Textures/T_Flagstone_Stairs_MRO.ubulk" 2365
"C:/24CI0412MP/Content/Stylized_Village/Assets/Architecture/Flagstone/_Textures/T_Flagstone_Stairs_MRO.uasset" 2366
"C:/24CI0412MP/Content/Stylized_Village/Assets/Architecture/Flagstone/_Textures/T_Flagstone_Stairs_MRO.uexp" 2367
"C:/24CI0412MP/Content/Stylized_Village/Assets/Architecture/Flagstone/_Textures/T_Flagstone_Stairs_N.ubulk" 2368
"C:/24CI0412MP/Content/Stylized_Village/Assets/Architecture/Flagstone/_Textures/T_Flagstone_Stairs_N.uasset" 2369
"C:/24CI0412MP/Content/Stylized_Village/Assets/Architecture/Flagstone/_Textures/T_Flagstone_Stairs_N.uexp" 2370
"C:/24CI0412MP/Content/Stylized_Village/Assets/Architecture/Flagstone/_Materials/MI_Flagstone_Wall_Stairs.uasset" 2371
"C:/24CI0412MP/Content/Stylized_Village/Assets/Architecture/Flagstone/_Materials/MI_Flagstone_Wall_Stairs.uexp" 2372
"C:/24CI0412MP/Content/Stylized_Village/Assets/Architecture/Flagstone/Curved/SM_FlagStone_Steps_01_30.ubulk" 2373
"C:/24CI0412MP/Content/Stylized_Village/Assets/Architecture/Flagstone/Curved/SM_FlagStone_Steps_01_30.uasset" 2374
"C:/24CI0412MP/Content/Stylized_Village/Assets/Architecture/Flagstone/Curved/SM_FlagStone_Steps_01_30.uexp" 2375
"C:/24CI0412MP/Content/Stylized_Village/Assets/Architecture/RoofTiles/Round/_Textures/T_RoofTiles_Round_HalfXHalf_N.ubulk" 2376
"C:/24CI0412MP/Content/Stylized_Village/Assets/Architecture/RoofTiles/Round/_Textures/T_RoofTiles_Round_HalfXHalf_N.uasset" 2377
"C:/24CI0412MP/Content/Stylized_Village/Assets/Architecture/RoofTiles/Round/_Textures/T_RoofTiles_Round_HalfXHalf_N.uexp" 2378
"C:/24CI0412MP/Content/Stylized_Village/Assets/Architecture/RoofTiles/Round/_Textures/T_Moss_MRO.ubulk" 2379
"C:/24CI0412MP/Content/Stylized_Village/Assets/Architecture/RoofTiles/Round/_Textures/T_Moss_MRO.uasset" 2380
"C:/24CI0412MP/Content/Stylized_Village/Assets/Architecture/RoofTiles/Round/_Textures/T_Moss_MRO.uexp" 2381
"C:/24CI0412MP/Content/Stylized_Village/Assets/Architecture/RoofTiles/Round/_Textures/T_Moss_BC.ubulk" 2382
"C:/24CI0412MP/Content/Stylized_Village/Assets/Architecture/RoofTiles/Round/_Textures/T_Moss_BC.uasset" 2383
"C:/24CI0412MP/Content/Stylized_Village/Assets/Architecture/RoofTiles/Round/_Textures/T_Moss_BC.uexp" 2384
"C:/24CI0412MP/Content/Stylized_Village/Assets/Architecture/RoofTiles/Round/_Textures/T_Moss_N.ubulk" 2385
"C:/24CI0412MP/Content/Stylized_Village/Assets/Architecture/RoofTiles/Round/_Textures/T_Moss_N.uasset" 2386
"C:/24CI0412MP/Content/Stylized_Village/Assets/Architecture/RoofTiles/Round/_Textures/T_Moss_N.uexp" 2387
"C:/24CI0412MP/Content/Stylized_Village/Assets/Architecture/RoofTiles/Round/_Materials/MIM_RoofTiles.uasset" 2388
"C:/24CI0412MP/Content/Stylized_Village/Assets/Architecture/RoofTiles/Round/_Materials/MIM_RoofTiles.uexp" 2389
"C:/24CI0412MP/Content/Stylized_Village/Assets/Architecture/RoofTiles/Round/_Textures/T_RoofTiles_Round_HalfXHalf_MROH.ubulk" 2390
"C:/24CI0412MP/Content/Stylized_Village/Assets/Architecture/RoofTiles/Round/_Textures/T_RoofTiles_Round_HalfXHalf_MROH.uasset" 2391
"C:/24CI0412MP/Content/Stylized_Village/Assets/Architecture/RoofTiles/Round/_Textures/T_RoofTiles_Round_HalfXHalf_MROH.uexp" 2392
"C:/24CI0412MP/Content/Stylized_Village/Assets/Architecture/RoofTiles/Round/_Textures/T_RoofTiles_Round_HalfXHalf_BC.ubulk" 2393
"C:/24CI0412MP/Content/Stylized_Village/Assets/Architecture/RoofTiles/Round/_Textures/T_RoofTiles_Round_HalfXHalf_BC.uasset" 2394
"C:/24CI0412MP/Content/Stylized_Village/Assets/Architecture/RoofTiles/Round/_Textures/T_RoofTiles_Round_HalfXHalf_BC.uexp" 2395
"C:/24CI0412MP/Content/Stylized_Village/Assets/Architecture/RoofTiles/Round/_Materials/MI_RoofTiles_Round_Half.uasset" 2396
"C:/24CI0412MP/Content/Stylized_Village/Assets/Architecture/RoofTiles/Round/_Materials/MI_RoofTiles_Round_Half.uexp" 2397
"C:/24CI0412MP/Content/Stylized_Village/Assets/Architecture/RoofTiles/Round/SM_RoofTiles_Round_HalfXHalf.ubulk" 2398
"C:/24CI0412MP/Content/Stylized_Village/Assets/Architecture/RoofTiles/Round/SM_RoofTiles_Round_HalfXHalf.uasset" 2399
"C:/24CI0412MP/Content/Stylized_Village/Assets/Architecture/RoofTiles/Round/SM_RoofTiles_Round_HalfXHalf.uexp" 2400
"C:/24CI0412MP/Content/Stylized_Village/Assets/Architecture/Flagstone/_Textures/T_Flagstone_FullXFull_BC.ubulk" 2401
"C:/24CI0412MP/Content/Stylized_Village/Assets/Architecture/Flagstone/_Textures/T_Flagstone_FullXFull_BC.uasset" 2402
"C:/24CI0412MP/Content/Stylized_Village/Assets/Architecture/Flagstone/_Textures/T_Flagstone_FullXFull_BC.uexp" 2403
"C:/24CI0412MP/Content/Stylized_Village/Assets/Architecture/Flagstone/_Textures/T_Flagstone_FullXFull_N.ubulk" 2404
"C:/24CI0412MP/Content/Stylized_Village/Assets/Architecture/Flagstone/_Textures/T_Flagstone_FullXFull_N.uasset" 2405
"C:/24CI0412MP/Content/Stylized_Village/Assets/Architecture/Flagstone/_Textures/T_Flagstone_FullXFull_N.uexp" 2406
"C:/24CI0412MP/Content/Stylized_Village/Assets/Architecture/Flagstone/_Textures/T_Flagstone_FullXFull_MROH.ubulk" 2407
"C:/24CI0412MP/Content/Stylized_Village/Assets/Architecture/Flagstone/_Textures/T_Flagstone_FullXFull_MROH.uasset" 2408
"C:/24CI0412MP/Content/Stylized_Village/Assets/Architecture/Flagstone/_Textures/T_Flagstone_FullXFull_MROH.uexp" 2409
"C:/24CI0412MP/Content/Stylized_Village/Assets/Architecture/Flagstone/_Materials/MI_Flagstone_Wall_FullxFull.uasset" 2410
"C:/24CI0412MP/Content/Stylized_Village/Assets/Architecture/Flagstone/_Materials/MI_Flagstone_Wall_FullxFull.uexp" 2411
"C:/24CI0412MP/Content/Stylized_Village/Assets/Architecture/Flagstone/Curved/SM_Flagstone_FullXFull_30.ubulk" 2412
"C:/24CI0412MP/Content/Stylized_Village/Assets/Architecture/Flagstone/Curved/SM_Flagstone_FullXFull_30.uasset" 2413
"C:/24CI0412MP/Content/Stylized_Village/Assets/Architecture/Flagstone/Curved/SM_Flagstone_FullXFull_30.uexp" 2414
"C:/24CI0412MP/Content/Stylized_Village/Assets/Architecture/Doors/_Textures/T_Doorseal_01_MRO.ubulk" 2415
"C:/24CI0412MP/Content/Stylized_Village/Assets/Architecture/Doors/_Textures/T_Doorseal_01_MRO.uasset" 2416
"C:/24CI0412MP/Content/Stylized_Village/Assets/Architecture/Doors/_Textures/T_Doorseal_01_MRO.uexp" 2417
"C:/24CI0412MP/Content/Stylized_Village/Assets/Architecture/Doors/_Textures/T_Doorseal_01_BC.ubulk" 2418
"C:/24CI0412MP/Content/Stylized_Village/Assets/Architecture/Doors/_Textures/T_Doorseal_01_BC.uasset" 2419
"C:/24CI0412MP/Content/Stylized_Village/Assets/Architecture/Doors/_Textures/T_Doorseal_01_BC.uexp" 2420
"C:/24CI0412MP/Content/Stylized_Village/Assets/Architecture/Doors/_Textures/T_Doors_01_BC.ubulk" 2421
"C:/24CI0412MP/Content/Stylized_Village/Assets/Architecture/Doors/_Textures/T_Doors_01_BC.uasset" 2422
"C:/24CI0412MP/Content/Stylized_Village/Assets/Architecture/Doors/_Textures/T_Doors_01_BC.uexp" 2423
"C:/24CI0412MP/Content/Stylized_Village/Assets/Architecture/Doors/_Textures/T_Doors_01_MRO.ubulk" 2424
"C:/24CI0412MP/Content/Stylized_Village/Assets/Architecture/Doors/_Textures/T_Doors_01_MRO.uasset" 2425
"C:/24CI0412MP/Content/Stylized_Village/Assets/Architecture/Doors/_Textures/T_Doors_01_MRO.uexp" 2426
"C:/24CI0412MP/Content/Stylized_Village/Assets/Architecture/Doors/_Textures/T_Doors_01_N.ubulk" 2427
"C:/24CI0412MP/Content/Stylized_Village/Assets/Architecture/Doors/_Textures/T_Doors_01_N.uasset" 2428
"C:/24CI0412MP/Content/Stylized_Village/Assets/Architecture/Doors/_Textures/T_Doors_01_N.uexp" 2429
"C:/24CI0412MP/Content/Stylized_Village/Assets/Architecture/Doors/_Textures/T_Doorseal_01_N.ubulk" 2430
"C:/24CI0412MP/Content/Stylized_Village/Assets/Architecture/Doors/_Textures/T_Doorseal_01_N.uasset" 2431
"C:/24CI0412MP/Content/Stylized_Village/Assets/Architecture/Doors/_Textures/T_Doorseal_01_N.uexp" 2432
"C:/24CI0412MP/Content/Stylized_Village/Assets/Architecture/Doors/_Materials/MI_Door.uasset" 2433
"C:/24CI0412MP/Content/Stylized_Village/Assets/Architecture/Doors/_Materials/MI_Door.uexp" 2434
"C:/24CI0412MP/Content/Stylized_Village/Assets/Architecture/Doors/SM_Door_02.ubulk" 2435
"C:/24CI0412MP/Content/Stylized_Village/Assets/Architecture/Doors/SM_Door_02.uasset" 2436
"C:/24CI0412MP/Content/Stylized_Village/Assets/Architecture/Doors/SM_Door_02.uexp" 2437
"C:/24CI0412MP/Content/Stylized_Village/Assets/Architecture/Wood/_Textures/T_RoofWall_Large_WallHalf_N.ubulk" 2438
"C:/24CI0412MP/Content/Stylized_Village/Assets/Architecture/Wood/_Textures/T_RoofWall_Large_WallHalf_N.uasset" 2439
"C:/24CI0412MP/Content/Stylized_Village/Assets/Architecture/Wood/_Textures/T_RoofWall_Large_WallHalf_N.uexp" 2440
"C:/24CI0412MP/Content/Stylized_Village/Assets/Architecture/Wood/_Textures/T_RoofWall_Large_WallHalf_BC.ubulk" 2441
"C:/24CI0412MP/Content/Stylized_Village/Assets/Architecture/Wood/_Textures/T_RoofWall_Large_WallHalf_BC.uasset" 2442
"C:/24CI0412MP/Content/Stylized_Village/Assets/Architecture/Wood/_Textures/T_RoofWall_Large_WallHalf_BC.uexp" 2443
"C:/24CI0412MP/Content/Stylized_Village/Assets/Architecture/Wood/_Textures/T_RoofWall_Large_WallHalf_MROH.ubulk" 2444
"C:/24CI0412MP/Content/Stylized_Village/Assets/Architecture/Wood/_Textures/T_RoofWall_Large_WallHalf_MROH.uasset" 2445
"C:/24CI0412MP/Content/Stylized_Village/Assets/Architecture/Wood/_Textures/T_RoofWall_Large_WallHalf_MROH.uexp" 2446
"C:/24CI0412MP/Content/Stylized_Village/Assets/Architecture/Wood/_Materials/MI_Wood_Roof.uasset" 2447
"C:/24CI0412MP/Content/Stylized_Village/Assets/Architecture/Wood/_Materials/MI_Wood_Roof.uexp" 2448
"C:/24CI0412MP/Content/Stylized_Village/Assets/Architecture/Wood/Curved/SM_Wood_Wall_HalfXHalf_45.ubulk" 2449
"C:/24CI0412MP/Content/Stylized_Village/Assets/Architecture/Wood/Curved/SM_Wood_Wall_HalfXHalf_45.uasset" 2450
"C:/24CI0412MP/Content/Stylized_Village/Assets/Architecture/Wood/Curved/SM_Wood_Wall_HalfXHalf_45.uexp" 2451
"C:/24CI0412MP/Content/Stylized_Village/Assets/Architecture/Doors/SM_DoorFrame_01.ubulk" 2452
"C:/24CI0412MP/Content/Stylized_Village/Assets/Architecture/Doors/SM_DoorFrame_01.uasset" 2453
"C:/24CI0412MP/Content/Stylized_Village/Assets/Architecture/Doors/SM_DoorFrame_01.uexp" 2454
"C:/24CI0412MP/Content/Stylized_Village/Assets/Architecture/Wood/_Textures/T_ArchesRoofWall_Small_N.ubulk" 2455
"C:/24CI0412MP/Content/Stylized_Village/Assets/Architecture/Wood/_Textures/T_ArchesRoofWall_Small_N.uasset" 2456
"C:/24CI0412MP/Content/Stylized_Village/Assets/Architecture/Wood/_Textures/T_ArchesRoofWall_Small_N.uexp" 2457
"C:/24CI0412MP/Content/Stylized_Village/Assets/Architecture/Wood/_Textures/T_ArchesRoofWall_Small_BC.ubulk" 2458
"C:/24CI0412MP/Content/Stylized_Village/Assets/Architecture/Wood/_Textures/T_ArchesRoofWall_Small_BC.uasset" 2459
"C:/24CI0412MP/Content/Stylized_Village/Assets/Architecture/Wood/_Textures/T_ArchesRoofWall_Small_BC.uexp" 2460
"C:/24CI0412MP/Content/Stylized_Village/Assets/Architecture/Wood/_Textures/T_ArchesRoofWall_Small_MROH.ubulk" 2461
"C:/24CI0412MP/Content/Stylized_Village/Assets/Architecture/Wood/_Textures/T_ArchesRoofWall_Small_MROH.uasset" 2462
"C:/24CI0412MP/Content/Stylized_Village/Assets/Architecture/Wood/_Textures/T_ArchesRoofWall_Small_MROH.uexp" 2463
"C:/24CI0412MP/Content/Stylized_Village/Assets/Architecture/Wood/_Materials/MI_Wood_Arches.uasset" 2464
"C:/24CI0412MP/Content/Stylized_Village/Assets/Architecture/Wood/_Materials/MI_Wood_Arches.uexp" 2465
"C:/24CI0412MP/Content/Stylized_Village/Assets/Architecture/Wood/Walls/SM_Wood_Wall_HalfArch_LP.ubulk" 2466
"C:/24CI0412MP/Content/Stylized_Village/Assets/Architecture/Wood/Walls/SM_Wood_Wall_HalfArch_LP.uasset" 2467
"C:/24CI0412MP/Content/Stylized_Village/Assets/Architecture/Wood/Walls/SM_Wood_Wall_HalfArch_LP.uexp" 2468
"C:/24CI0412MP/Content/Stylized_Village/Assets/BP_Assets/BP_WindMill_Body.uasset" 2469
"C:/24CI0412MP/Content/Stylized_Village/Assets/BP_Assets/BP_WindMill_Body.uexp" 2470
"C:/24CI0412MP/Content/Stylized_Village/Assets/Architecture/Wood/_Textures/T_Pieces_Beams_Large_MROH.ubulk" 2471
"C:/24CI0412MP/Content/Stylized_Village/Assets/Architecture/Wood/_Textures/T_Pieces_Beams_Large_MROH.uasset" 2472
"C:/24CI0412MP/Content/Stylized_Village/Assets/Architecture/Wood/_Textures/T_Pieces_Beams_Large_MROH.uexp" 2473
"C:/24CI0412MP/Content/Stylized_Village/Assets/Architecture/Wood/_Textures/T_Pieces_Beams_Large_BC.ubulk" 2474
"C:/24CI0412MP/Content/Stylized_Village/Assets/Architecture/Wood/_Textures/T_Pieces_Beams_Large_BC.uasset" 2475
"C:/24CI0412MP/Content/Stylized_Village/Assets/Architecture/Wood/_Textures/T_Pieces_Beams_Large_BC.uexp" 2476
"C:/24CI0412MP/Content/Stylized_Village/Assets/Architecture/Wood/_Textures/T_Pieces_Beams_Large_N.ubulk" 2477
"C:/24CI0412MP/Content/Stylized_Village/Assets/Architecture/Wood/_Textures/T_Pieces_Beams_Large_N.uasset" 2478
"C:/24CI0412MP/Content/Stylized_Village/Assets/Architecture/Wood/_Textures/T_Pieces_Beams_Large_N.uexp" 2479
"C:/24CI0412MP/Content/Stylized_Village/Assets/Architecture/Wood/_Materials/MI_Wood_PiecesBeams_Large.uasset" 2480
"C:/24CI0412MP/Content/Stylized_Village/Assets/Architecture/Wood/_Materials/MI_Wood_PiecesBeams_Large.uexp" 2481
"C:/24CI0412MP/Content/Stylized_Village/Assets/Props/Tarps/_Textures/T_Tarps_01_BC.ubulk" 2482
"C:/24CI0412MP/Content/Stylized_Village/Assets/Props/Tarps/_Textures/T_Tarps_01_BC.uasset" 2483
"C:/24CI0412MP/Content/Stylized_Village/Assets/Props/Tarps/_Textures/T_Tarps_01_BC.uexp" 2484
"C:/24CI0412MP/Content/Stylized_Village/Assets/Props/Tarps/_Textures/T_Tarps_01_MRO.ubulk" 2485
"C:/24CI0412MP/Content/Stylized_Village/Assets/Props/Tarps/_Textures/T_Tarps_01_MRO.uasset" 2486
"C:/24CI0412MP/Content/Stylized_Village/Assets/Props/Tarps/_Textures/T_Tarps_01_MRO.uexp" 2487
"C:/24CI0412MP/Content/Stylized_Village/Assets/Props/Tarps/_Textures/T_Tarps_01_N.ubulk" 2488
"C:/24CI0412MP/Content/Stylized_Village/Assets/Props/Tarps/_Textures/T_Tarps_01_N.uasset" 2489
"C:/24CI0412MP/Content/Stylized_Village/Assets/Props/Tarps/_Textures/T_Tarps_01_N.uexp" 2490
"C:/24CI0412MP/Content/Stylized_Village/Assets/Props/Tarps/_Materials/MI_Tarps_02.uasset" 2491
"C:/24CI0412MP/Content/Stylized_Village/Assets/Props/Tarps/_Materials/MI_Tarps_02.uexp" 2492
"C:/24CI0412MP/Content/Stylized_Village/Assets/Architecture/Wood/_Textures/T_Pieces_Beams_Small_BC.ubulk" 2493
"C:/24CI0412MP/Content/Stylized_Village/Assets/Architecture/Wood/_Textures/T_Pieces_Beams_Small_BC.uasset" 2494
"C:/24CI0412MP/Content/Stylized_Village/Assets/Architecture/Wood/_Textures/T_Pieces_Beams_Small_BC.uexp" 2495
"C:/24CI0412MP/Content/Stylized_Village/Assets/Architecture/Wood/_Textures/T_Pieces_Beams_Small_MROH.ubulk" 2496
"C:/24CI0412MP/Content/Stylized_Village/Assets/Architecture/Wood/_Textures/T_Pieces_Beams_Small_MROH.uasset" 2497
"C:/24CI0412MP/Content/Stylized_Village/Assets/Architecture/Wood/_Textures/T_Pieces_Beams_Small_MROH.uexp" 2498
"C:/24CI0412MP/Content/Stylized_Village/Assets/Architecture/Wood/_Textures/T_Pieces_Beams_Small_N.ubulk" 2499
"C:/24CI0412MP/Content/Stylized_Village/Assets/Architecture/Wood/_Textures/T_Pieces_Beams_Small_N.uasset" 2500
"C:/24CI0412MP/Content/Stylized_Village/Assets/Architecture/Wood/_Textures/T_Pieces_Beams_Small_N.uexp" 2501
"C:/24CI0412MP/Content/Stylized_Village/Assets/Architecture/Wood/_Materials/MI_Wood_PiecesBeams_Small.uasset" 2502
"C:/24CI0412MP/Content/Stylized_Village/Assets/Architecture/Wood/_Materials/MI_Wood_PiecesBeams_Small.uexp" 2503
"C:/24CI0412MP/Content/Stylized_Village/Assets/Props/Tarps/SM_Windmill_Sail_01.ubulk" 2504
"C:/24CI0412MP/Content/Stylized_Village/Assets/Props/Tarps/SM_Windmill_Sail_01.uasset" 2505
"C:/24CI0412MP/Content/Stylized_Village/Assets/Props/Tarps/SM_Windmill_Sail_01.uexp" 2506
"C:/24CI0412MP/Content/Stylized_Village/Assets/BP_Assets/BP_WindMill.uasset" 2507
"C:/24CI0412MP/Content/Stylized_Village/Assets/BP_Assets/BP_WindMill.uexp" 2508
"C:/24CI0412MP/Content/StylizedProvencal/Meshes/SM_Shrine.ubulk" 2509
"C:/24CI0412MP/Content/StylizedProvencal/Meshes/SM_Shrine.uasset" 2510
"C:/24CI0412MP/Content/StylizedProvencal/Meshes/SM_Shrine.uexp" 2511
"C:/24CI0412MP/Content/WindmillValley/Blueprint/BP_Barrels_01.uasset" 2512
"C:/24CI0412MP/Content/WindmillValley/Blueprint/BP_Barrels_01.uexp" 2513
"C:/24CI0412MP/Content/StylizedProvencal/Textures/T_Dirt_B.ubulk" 2514
"C:/24CI0412MP/Content/StylizedProvencal/Textures/T_Dirt_B.uasset" 2515
"C:/24CI0412MP/Content/StylizedProvencal/Textures/T_Dirt_B.uexp" 2516
"C:/24CI0412MP/Content/StylizedProvencal/Textures/T_Dirt_A0RM.ubulk" 2517
"C:/24CI0412MP/Content/StylizedProvencal/Textures/T_Dirt_A0RM.uasset" 2518
"C:/24CI0412MP/Content/StylizedProvencal/Textures/T_Dirt_A0RM.uexp" 2519
"C:/24CI0412MP/Content/StylizedProvencal/Textures/T_Plaster_02_B.ubulk" 2520
"C:/24CI0412MP/Content/StylizedProvencal/Textures/T_Plaster_02_B.uasset" 2521
"C:/24CI0412MP/Content/StylizedProvencal/Textures/T_Plaster_02_B.uexp" 2522
"C:/24CI0412MP/Content/StylizedProvencal/Textures/T_Default_AORM.ubulk" 2523
"C:/24CI0412MP/Content/StylizedProvencal/Textures/T_Default_AORM.uasset" 2524
"C:/24CI0412MP/Content/StylizedProvencal/Textures/T_Default_AORM.uexp" 2525
"C:/24CI0412MP/Content/StylizedProvencal/Textures/T_Dirt_M.ubulk" 2526
"C:/24CI0412MP/Content/StylizedProvencal/Textures/T_Dirt_M.uasset" 2527
"C:/24CI0412MP/Content/StylizedProvencal/Textures/T_Dirt_M.uexp" 2528
"C:/24CI0412MP/Content/StylizedProvencal/Textures/T_Default_N.ubulk" 2529
"C:/24CI0412MP/Content/StylizedProvencal/Textures/T_Default_N.uasset" 2530
"C:/24CI0412MP/Content/StylizedProvencal/Textures/T_Default_N.uexp" 2531
"C:/24CI0412MP/Content/StylizedProvencal/Materials/MI_Ground_VertexPaint.uasset" 2532
"C:/24CI0412MP/Content/StylizedProvencal/Materials/MI_Ground_VertexPaint.uexp" 2533
"C:/24CI0412MP/Content/StylizedProvencal/Meshes/SM_Tunnel.ubulk" 2534
"C:/24CI0412MP/Content/StylizedProvencal/Meshes/SM_Tunnel.uasset" 2535
"C:/24CI0412MP/Content/StylizedProvencal/Meshes/SM_Tunnel.uexp" 2536
"C:/24CI0412MP/Content/StylizedProvencal/Meshes/SM_House_Barn.ubulk" 2537
"C:/24CI0412MP/Content/StylizedProvencal/Meshes/SM_House_Barn.uasset" 2538
"C:/24CI0412MP/Content/StylizedProvencal/Meshes/SM_House_Barn.uexp" 2539
"C:/24CI0412MP/Content/StylizedProvencal/Meshes/SM_Vines_Group_02_b.ubulk" 2540
"C:/24CI0412MP/Content/StylizedProvencal/Meshes/SM_Vines_Group_02_b.uasset" 2541
"C:/24CI0412MP/Content/StylizedProvencal/Meshes/SM_Vines_Group_02_b.uexp" 2542
"C:/24CI0412MP/Content/AdvancedVillagePack/Meshes/SM_Treestump_Var02.ubulk" 2543
"C:/24CI0412MP/Content/AdvancedVillagePack/Meshes/SM_Treestump_Var02.uasset" 2544
"C:/24CI0412MP/Content/AdvancedVillagePack/Meshes/SM_Treestump_Var02.uexp" 2545
"C:/24CI0412MP/Content/StylizedProvencal/Meshes/SM_Cart.ubulk" 2546
"C:/24CI0412MP/Content/StylizedProvencal/Meshes/SM_Cart.uasset" 2547
"C:/24CI0412MP/Content/StylizedProvencal/Meshes/SM_Cart.uexp" 2548
"C:/24CI0412MP/Content/Satou/KTP_Effect/Textures/PublicTextures/T_Aura_01.ubulk" 2549
"C:/24CI0412MP/Content/Satou/KTP_Effect/Textures/PublicTextures/T_Aura_01.uasset" 2550
"C:/24CI0412MP/Content/Satou/KTP_Effect/Textures/PublicTextures/T_Aura_01.uexp" 2551
"C:/24CI0412MP/Content/Satou/KTP_Effect/Materials/PublicMaterials/M_FX_Aura_bt01.uasset" 2552
"C:/24CI0412MP/Content/Satou/KTP_Effect/Materials/PublicMaterials/M_FX_Aura_bt01.uexp" 2553
"C:/24CI0412MP/Content/Satou/KTP_Effect/Mesh/SM_FX_wave.ubulk" 2554
"C:/24CI0412MP/Content/Satou/KTP_Effect/Mesh/SM_FX_wave.uasset" 2555
"C:/24CI0412MP/Content/Satou/KTP_Effect/Mesh/SM_FX_wave.uexp" 2556
"C:/24CI0412MP/Content/Satou/KTP_Effect/Textures/PublicTextures/T_Aura_07.ubulk" 2557
"C:/24CI0412MP/Content/Satou/KTP_Effect/Textures/PublicTextures/T_Aura_07.uasset" 2558
"C:/24CI0412MP/Content/Satou/KTP_Effect/Textures/PublicTextures/T_Aura_07.uexp" 2559
"C:/24CI0412MP/Content/Satou/KTP_Effect/Textures/PublicTextures/T_Aura_06.ubulk" 2560
"C:/24CI0412MP/Content/Satou/KTP_Effect/Textures/PublicTextures/T_Aura_06.uasset" 2561
"C:/24CI0412MP/Content/Satou/KTP_Effect/Textures/PublicTextures/T_Aura_06.uexp" 2562
"C:/24CI0412MP/Content/Satou/KTP_Effect/Materials/PublicMaterials/M_FX_Aura_10.uasset" 2563
"C:/24CI0412MP/Content/Satou/KTP_Effect/Materials/PublicMaterials/M_FX_Aura_10.uexp" 2564
"C:/24CI0412MP/Content/Satou/KTP_Effect/Materials/PublicMaterials/M_wave_fly10.uasset" 2565
"C:/24CI0412MP/Content/Satou/KTP_Effect/Materials/PublicMaterials/M_wave_fly10.uexp" 2566
"C:/24CI0412MP/Content/Satou/KTP_Effect/Textures/T_fly09_6.ubulk" 2567
"C:/24CI0412MP/Content/Satou/KTP_Effect/Textures/T_fly09_6.uasset" 2568
"C:/24CI0412MP/Content/Satou/KTP_Effect/Textures/T_fly09_6.uexp" 2569
"C:/24CI0412MP/Content/Satou/KTP_Effect/Materials/M_fly09_6.uasset" 2570
"C:/24CI0412MP/Content/Satou/KTP_Effect/Materials/M_fly09_6.uexp" 2571
"C:/24CI0412MP/Content/Satou/KTP_Effect/Textures/PublicTextures/T_Star_01.ubulk" 2572
"C:/24CI0412MP/Content/Satou/KTP_Effect/Textures/PublicTextures/T_Star_01.uasset" 2573
"C:/24CI0412MP/Content/Satou/KTP_Effect/Textures/PublicTextures/T_Star_01.uexp" 2574
"C:/24CI0412MP/Content/Satou/KTP_Effect/Materials/PublicMaterials/M_FX_Glow_AS_fly05_09.uasset" 2575
"C:/24CI0412MP/Content/Satou/KTP_Effect/Materials/PublicMaterials/M_FX_Glow_AS_fly05_09.uexp" 2576
"C:/24CI0412MP/Content/Satou/KTP_Effect/Textures/PublicTextures/T_Glow.ubulk" 2577
"C:/24CI0412MP/Content/Satou/KTP_Effect/Textures/PublicTextures/T_Glow.uasset" 2578
"C:/24CI0412MP/Content/Satou/KTP_Effect/Textures/PublicTextures/T_Glow.uexp" 2579
"C:/24CI0412MP/Content/Satou/KTP_Effect/Materials/PublicMaterials/M_FX_Glow_fly07.uasset" 2580
"C:/24CI0412MP/Content/Satou/KTP_Effect/Materials/PublicMaterials/M_FX_Glow_fly07.uexp" 2581
"C:/24CI0412MP/Content/Satou/KTP_Effect/Particles/Fly/Expolison_09_06.uasset" 2582
"C:/24CI0412MP/Content/Satou/KTP_Effect/Particles/Fly/Expolison_09_06.uexp" 2583
"../../../Engine/Plugins/FX/Niagara/Content/DefaultAssets/DefaultSpriteMaterial.uasset" 2584
"../../../Engine/Plugins/FX/Niagara/Content/DefaultAssets/DefaultSpriteMaterial.uexp" 2585
"../../../Engine/Plugins/FX/Niagara/Content/DefaultAssets/Templates/Systems/AttributeReaderTrails.uasset" 2586
"../../../Engine/Plugins/FX/Niagara/Content/DefaultAssets/Templates/Systems/AttributeReaderTrails.uexp" 2587
"C:/24CI0412MP/Content/KTP_Effect/Textures/T_fly01_1.ubulk" 2588
"C:/24CI0412MP/Content/KTP_Effect/Textures/T_fly01_1.uasset" 2589
"C:/24CI0412MP/Content/KTP_Effect/Textures/T_fly01_1.uexp" 2590
"C:/24CI0412MP/Content/KTP_Effect/Materials/M_fire01_1.uasset" 2591
"C:/24CI0412MP/Content/KTP_Effect/Materials/M_fire01_1.uexp" 2592
"C:/24CI0412MP/Content/KTP_Effect/Particles/Fly/Explosion_01_01.uasset" 2593
"C:/24CI0412MP/Content/KTP_Effect/Particles/Fly/Explosion_01_01.uexp" 2594
"C:/24CI0412MP/Content/Satou/KTP_Effect/Textures/T_bottom02_5.ubulk" 2595
"C:/24CI0412MP/Content/Satou/KTP_Effect/Textures/T_bottom02_5.uasset" 2596
"C:/24CI0412MP/Content/Satou/KTP_Effect/Textures/T_bottom02_5.uexp" 2597
"C:/24CI0412MP/Content/Satou/KTP_Effect/Textures/PublicTextures/T_Aura_02.ubulk" 2598
"C:/24CI0412MP/Content/Satou/KTP_Effect/Textures/PublicTextures/T_Aura_02.uasset" 2599
"C:/24CI0412MP/Content/Satou/KTP_Effect/Textures/PublicTextures/T_Aura_02.uexp" 2600
"C:/24CI0412MP/Content/Satou/KTP_Effect/Materials/M_botton02_7.uasset" 2601
"C:/24CI0412MP/Content/Satou/KTP_Effect/Materials/M_botton02_7.uexp" 2602
"C:/24CI0412MP/Content/Satou/KTP_Effect/Textures/PublicTextures/T_Mask.ubulk" 2603
"C:/24CI0412MP/Content/Satou/KTP_Effect/Textures/PublicTextures/T_Mask.uasset" 2604
"C:/24CI0412MP/Content/Satou/KTP_Effect/Textures/PublicTextures/T_Mask.uexp" 2605
"C:/24CI0412MP/Content/Satou/KTP_Effect/Materials/PublicMaterials/M_fire01_bt02.uasset" 2606
"C:/24CI0412MP/Content/Satou/KTP_Effect/Materials/PublicMaterials/M_fire01_bt02.uexp" 2607
"C:/24CI0412MP/Content/Satou/KTP_Effect/Mesh/SM_FX_Potton01.ubulk" 2608
"C:/24CI0412MP/Content/Satou/KTP_Effect/Mesh/SM_FX_Potton01.uasset" 2609
"C:/24CI0412MP/Content/Satou/KTP_Effect/Mesh/SM_FX_Potton01.uexp" 2610
"C:/24CI0412MP/Content/Satou/KTP_Effect/Textures/PublicTextures/T_Aura_04.ubulk" 2611
"C:/24CI0412MP/Content/Satou/KTP_Effect/Textures/PublicTextures/T_Aura_04.uasset" 2612
"C:/24CI0412MP/Content/Satou/KTP_Effect/Textures/PublicTextures/T_Aura_04.uexp" 2613
"C:/24CI0412MP/Content/Satou/KTP_Effect/Textures/PublicTextures/T_Noise.ubulk" 2614
"C:/24CI0412MP/Content/Satou/KTP_Effect/Textures/PublicTextures/T_Noise.uasset" 2615
"C:/24CI0412MP/Content/Satou/KTP_Effect/Textures/PublicTextures/T_Noise.uexp" 2616
"C:/24CI0412MP/Content/Satou/KTP_Effect/Materials/PublicMaterials/M_FX_Aura.uasset" 2617
"C:/24CI0412MP/Content/Satou/KTP_Effect/Materials/PublicMaterials/M_FX_Aura.uexp" 2618
"C:/24CI0412MP/Content/Satou/KTP_Effect/Particles/Bottom/Bottom02-07.uasset" 2619
"C:/24CI0412MP/Content/Satou/KTP_Effect/Particles/Bottom/Bottom02-07.uexp" 2620
"C:/24CI0412MP/Content/Oonishi/TestMagicCircle.uasset" 2621
"C:/24CI0412MP/Content/Oonishi/TestMagicCircle.uexp" 2622
"C:/24CI0412MP/Content/AdvancedVillagePack/Meshes/SM_SackWithApples.ubulk" 2623
"C:/24CI0412MP/Content/AdvancedVillagePack/Meshes/SM_SackWithApples.uasset" 2624
"C:/24CI0412MP/Content/AdvancedVillagePack/Meshes/SM_SackWithApples.uexp" 2625
"C:/24CI0412MP/Content/AdvancedVillagePack/Meshes/SM_Logs_Var01.ubulk" 2626
"C:/24CI0412MP/Content/AdvancedVillagePack/Meshes/SM_Logs_Var01.uasset" 2627
"C:/24CI0412MP/Content/AdvancedVillagePack/Meshes/SM_Logs_Var01.uexp" 2628
"C:/24CI0412MP/Content/WindmillValley/Textures/T_Postmail_ORM.ubulk" 2629
"C:/24CI0412MP/Content/WindmillValley/Textures/T_Postmail_ORM.uasset" 2630
"C:/24CI0412MP/Content/WindmillValley/Textures/T_Postmail_ORM.uexp" 2631
"C:/24CI0412MP/Content/WindmillValley/Textures/T_Postmail_D.ubulk" 2632
"C:/24CI0412MP/Content/WindmillValley/Textures/T_Postmail_D.uasset" 2633
"C:/24CI0412MP/Content/WindmillValley/Textures/T_Postmail_D.uexp" 2634
"C:/24CI0412MP/Content/WindmillValley/Textures/T_Postmail_N.ubulk" 2635
"C:/24CI0412MP/Content/WindmillValley/Textures/T_Postmail_N.uasset" 2636
"C:/24CI0412MP/Content/WindmillValley/Textures/T_Postmail_N.uexp" 2637
"C:/24CI0412MP/Content/WindmillValley/Materials/MaterialInstances/MI_Postemail.uasset" 2638
"C:/24CI0412MP/Content/WindmillValley/Materials/MaterialInstances/MI_Postemail.uexp" 2639
"C:/24CI0412MP/Content/WindmillValley/Meshes/SM_Postemail.ubulk" 2640
"C:/24CI0412MP/Content/WindmillValley/Meshes/SM_Postemail.uasset" 2641
"C:/24CI0412MP/Content/WindmillValley/Meshes/SM_Postemail.uexp" 2642
"C:/24CI0412MP/Content/WindmillValley/Blueprint/BP_Mailbox.uasset" 2643
"C:/24CI0412MP/Content/WindmillValley/Blueprint/BP_Mailbox.uexp" 2644
"C:/24CI0412MP/Content/Li/BP_Spline_Toturial.uasset" 2645
"C:/24CI0412MP/Content/Li/BP_Spline_Toturial.uexp" 2646
"C:/24CI0412MP/Content/WindmillValley/Blueprint/BP_Fence_04.uasset" 2647
"C:/24CI0412MP/Content/WindmillValley/Blueprint/BP_Fence_04.uexp" 2648
"C:/24CI0412MP/Content/AdvancedVillagePack/Meshes/SM_Crate_Closed.ubulk" 2649
"C:/24CI0412MP/Content/AdvancedVillagePack/Meshes/SM_Crate_Closed.uasset" 2650
"C:/24CI0412MP/Content/AdvancedVillagePack/Meshes/SM_Crate_Closed.uexp" 2651
"C:/24CI0412MP/Content/StylizedProvencal/Textures/T_WaterMill_Wheel_N.ubulk" 2652
"C:/24CI0412MP/Content/StylizedProvencal/Textures/T_WaterMill_Wheel_N.uasset" 2653
"C:/24CI0412MP/Content/StylizedProvencal/Textures/T_WaterMill_Wheel_N.uexp" 2654
"C:/24CI0412MP/Content/StylizedProvencal/Textures/T_WaterMill_Wheel_AORM.ubulk" 2655
"C:/24CI0412MP/Content/StylizedProvencal/Textures/T_WaterMill_Wheel_AORM.uasset" 2656
"C:/24CI0412MP/Content/StylizedProvencal/Textures/T_WaterMill_Wheel_AORM.uexp" 2657
"C:/24CI0412MP/Content/StylizedProvencal/Textures/T_WaterMill_Wheel_B.ubulk" 2658
"C:/24CI0412MP/Content/StylizedProvencal/Textures/T_WaterMill_Wheel_B.uasset" 2659
"C:/24CI0412MP/Content/StylizedProvencal/Textures/T_WaterMill_Wheel_B.uexp" 2660
"C:/24CI0412MP/Content/StylizedProvencal/Materials/MI_WaterMill_Wheel.uasset" 2661
"C:/24CI0412MP/Content/StylizedProvencal/Materials/MI_WaterMill_Wheel.uexp" 2662
"C:/24CI0412MP/Content/StylizedProvencal/Meshes/SM_WaterMill_Wheel.ubulk" 2663
"C:/24CI0412MP/Content/StylizedProvencal/Meshes/SM_WaterMill_Wheel.uasset" 2664
"C:/24CI0412MP/Content/StylizedProvencal/Meshes/SM_WaterMill_Wheel.uexp" 2665
"C:/24CI0412MP/Content/StylizedProvencal/Blueprints/BP_WaterMill_Wheel.uasset" 2666
"C:/24CI0412MP/Content/StylizedProvencal/Blueprints/BP_WaterMill_Wheel.uexp" 2667
"C:/24CI0412MP/Content/AdvancedVillagePack/Meshes/SM_Log_Var03.ubulk" 2668
"C:/24CI0412MP/Content/AdvancedVillagePack/Meshes/SM_Log_Var03.uasset" 2669
"C:/24CI0412MP/Content/AdvancedVillagePack/Meshes/SM_Log_Var03.uexp" 2670
"C:/24CI0412MP/Content/AdvancedVillagePack/Textures/T_Pack_08_N.ubulk" 2671
"C:/24CI0412MP/Content/AdvancedVillagePack/Textures/T_Pack_08_N.uasset" 2672
"C:/24CI0412MP/Content/AdvancedVillagePack/Textures/T_Pack_08_N.uexp" 2673
"C:/24CI0412MP/Content/AdvancedVillagePack/Textures/T_Pack_08_RM.ubulk" 2674
"C:/24CI0412MP/Content/AdvancedVillagePack/Textures/T_Pack_08_RM.uasset" 2675
"C:/24CI0412MP/Content/AdvancedVillagePack/Textures/T_Pack_08_RM.uexp" 2676
"C:/24CI0412MP/Content/AdvancedVillagePack/Textures/T_Pack_08_D.ubulk" 2677
"C:/24CI0412MP/Content/AdvancedVillagePack/Textures/T_Pack_08_D.uasset" 2678
"C:/24CI0412MP/Content/AdvancedVillagePack/Textures/T_Pack_08_D.uexp" 2679
"C:/24CI0412MP/Content/AdvancedVillagePack/Materials/M_Inst_Pack_08.uasset" 2680
"C:/24CI0412MP/Content/AdvancedVillagePack/Materials/M_Inst_Pack_08.uexp" 2681
"C:/24CI0412MP/Content/AdvancedVillagePack/Meshes/SM_Stone_Small_Var04.ubulk" 2682
"C:/24CI0412MP/Content/AdvancedVillagePack/Meshes/SM_Stone_Small_Var04.uasset" 2683
"C:/24CI0412MP/Content/AdvancedVillagePack/Meshes/SM_Stone_Small_Var04.uexp" 2684
"C:/24CI0412MP/Content/AdvancedVillagePack/Textures/T_Pack_11_Leafs_DO.uasset" 2685
"C:/24CI0412MP/Content/AdvancedVillagePack/Textures/T_Pack_11_Leafs_DO.uexp" 2686
"C:/24CI0412MP/Content/AdvancedVillagePack/Materials/M_Pfx_Additive.uasset" 2687
"C:/24CI0412MP/Content/AdvancedVillagePack/Materials/M_Pfx_Additive.uexp" 2688
"C:/24CI0412MP/Content/AdvancedVillagePack/Textures/Effects/T_Pfx_Spark.uasset" 2689
"C:/24CI0412MP/Content/AdvancedVillagePack/Textures/Effects/T_Pfx_Spark.uexp" 2690
"C:/24CI0412MP/Content/AdvancedVillagePack/Materials/M_Inst_Pfx_Sparks.uasset" 2691
"C:/24CI0412MP/Content/AdvancedVillagePack/Materials/M_Inst_Pfx_Sparks.uexp" 2692
"C:/24CI0412MP/Content/AdvancedVillagePack/Textures/Effects/T_Pfx_FlamesAtlas.ubulk" 2693
"C:/24CI0412MP/Content/AdvancedVillagePack/Textures/Effects/T_Pfx_FlamesAtlas.uasset" 2694
"C:/24CI0412MP/Content/AdvancedVillagePack/Textures/Effects/T_Pfx_FlamesAtlas.uexp" 2695
"C:/24CI0412MP/Content/AdvancedVillagePack/Materials/M_Inst_Pfx_Flames.uasset" 2696
"C:/24CI0412MP/Content/AdvancedVillagePack/Materials/M_Inst_Pfx_Flames.uexp" 2697
"C:/24CI0412MP/Content/AdvancedVillagePack/Effects/Pfx_FireCamp.uasset" 2698
"C:/24CI0412MP/Content/AdvancedVillagePack/Effects/Pfx_FireCamp.uexp" 2699
"C:/24CI0412MP/Content/AdvancedVillagePack/Meshes/SM_Stone_Small_Var03.ubulk" 2700
"C:/24CI0412MP/Content/AdvancedVillagePack/Meshes/SM_Stone_Small_Var03.uasset" 2701
"C:/24CI0412MP/Content/AdvancedVillagePack/Meshes/SM_Stone_Small_Var03.uexp" 2702
"C:/24CI0412MP/Content/AdvancedVillagePack/Meshes/SM_Spike.ubulk" 2703
"C:/24CI0412MP/Content/AdvancedVillagePack/Meshes/SM_Spike.uasset" 2704
"C:/24CI0412MP/Content/AdvancedVillagePack/Meshes/SM_Spike.uexp" 2705
"C:/24CI0412MP/Content/AdvancedVillagePack/Meshes/SM_Log_Var01.ubulk" 2706
"C:/24CI0412MP/Content/AdvancedVillagePack/Meshes/SM_Log_Var01.uasset" 2707
"C:/24CI0412MP/Content/AdvancedVillagePack/Meshes/SM_Log_Var01.uexp" 2708
"C:/24CI0412MP/Content/AdvancedVillagePack/Materials/M_Pfx_TranslucentLit.uasset" 2709
"C:/24CI0412MP/Content/AdvancedVillagePack/Materials/M_Pfx_TranslucentLit.uexp" 2710
"C:/24CI0412MP/Content/AdvancedVillagePack/Textures/Effects/T_Pfx_Smoke.ubulk" 2711
"C:/24CI0412MP/Content/AdvancedVillagePack/Textures/Effects/T_Pfx_Smoke.uasset" 2712
"C:/24CI0412MP/Content/AdvancedVillagePack/Textures/Effects/T_Pfx_Smoke.uexp" 2713
"C:/24CI0412MP/Content/AdvancedVillagePack/Materials/M_Inst_Pfx_SmokeChimney.uasset" 2714
"C:/24CI0412MP/Content/AdvancedVillagePack/Materials/M_Inst_Pfx_SmokeChimney.uexp" 2715
"C:/24CI0412MP/Content/AdvancedVillagePack/Effects/Pfx_SmokeFireCamp.uasset" 2716
"C:/24CI0412MP/Content/AdvancedVillagePack/Effects/Pfx_SmokeFireCamp.uexp" 2717
"C:/24CI0412MP/Content/AdvancedVillagePack/Meshes/SM_Log_Var02.ubulk" 2718
"C:/24CI0412MP/Content/AdvancedVillagePack/Meshes/SM_Log_Var02.uasset" 2719
"C:/24CI0412MP/Content/AdvancedVillagePack/Meshes/SM_Log_Var02.uexp" 2720
"C:/24CI0412MP/Content/AdvancedVillagePack/Meshes/SM_Stone_Small_Var02.ubulk" 2721
"C:/24CI0412MP/Content/AdvancedVillagePack/Meshes/SM_Stone_Small_Var02.uasset" 2722
"C:/24CI0412MP/Content/AdvancedVillagePack/Meshes/SM_Stone_Small_Var02.uexp" 2723
"C:/24CI0412MP/Content/AdvancedVillagePack/Meshes/SM_Stone_Small_Var01.ubulk" 2724
"C:/24CI0412MP/Content/AdvancedVillagePack/Meshes/SM_Stone_Small_Var01.uasset" 2725
"C:/24CI0412MP/Content/AdvancedVillagePack/Meshes/SM_Stone_Small_Var01.uexp" 2726
"C:/24CI0412MP/Content/AdvancedVillagePack/Effects/Pfx_LightInsectsCampFire.uasset" 2727
"C:/24CI0412MP/Content/AdvancedVillagePack/Effects/Pfx_LightInsectsCampFire.uexp" 2728
"C:/24CI0412MP/Content/AdvancedVillagePack/Meshes/SM_Stone_Small_Var05.ubulk" 2729
"C:/24CI0412MP/Content/AdvancedVillagePack/Meshes/SM_Stone_Small_Var05.uasset" 2730
"C:/24CI0412MP/Content/AdvancedVillagePack/Meshes/SM_Stone_Small_Var05.uexp" 2731
"C:/24CI0412MP/Content/AdvancedVillagePack/Blueprints/BP_CampFire.uasset" 2732
"C:/24CI0412MP/Content/AdvancedVillagePack/Blueprints/BP_CampFire.uexp" 2733
"C:/24CI0412MP/Content/Satou/Satou_sharedassets/Grass_02_LayerInfo.uasset" 2734
"C:/24CI0412MP/Content/Satou/Satou_sharedassets/Grass_02_LayerInfo.uexp" 2735
"C:/24CI0412MP/Content/Satou/Satou_sharedassets/Rock_LayerInfo.uasset" 2736
"C:/24CI0412MP/Content/Satou/Satou_sharedassets/Rock_LayerInfo.uexp" 2737
"../../../Engine/Content/EditorLandscapeResources/SplineEditorMeshMat.uasset" 2738
"../../../Engine/Content/EditorLandscapeResources/SplineEditorMeshMat.uexp" 2739
"../../../Engine/Content/EditorLandscapeResources/SplineEditorMesh.ubulk" 2740
"../../../Engine/Content/EditorLandscapeResources/SplineEditorMesh.uasset" 2741
"../../../Engine/Content/EditorLandscapeResources/SplineEditorMesh.uexp" 2742
"C:/24CI0412MP/Content/WindmillValley/Blueprint/BP_Fence_03.uasset" 2743
"C:/24CI0412MP/Content/WindmillValley/Blueprint/BP_Fence_03.uexp" 2744
"C:/24CI0412MP/Content/Li/WG_RestCountDown.uasset" 2745
"C:/24CI0412MP/Content/Li/WG_RestCountDown.uexp" 2746
"C:/24CI0412MP/Content/Li/BP_Actor_Tutorial.uasset" 2747
"C:/24CI0412MP/Content/Li/BP_Actor_Tutorial.uexp" 2748
"C:/24CI0412MP/Content/Li/WG_MagicCountDown.uasset" 2749
"C:/24CI0412MP/Content/Li/WG_MagicCountDown.uexp" 2750
"C:/24CI0412MP/Content/Li/BP_MagicCountDownPlate.uasset" 2751
"C:/24CI0412MP/Content/Li/BP_MagicCountDownPlate.uexp" 2752
"C:/24CI0412MP/Content/Li/TargetMesh/wooden_target1v2_texture_0.ubulk" 2753
"C:/24CI0412MP/Content/Li/TargetMesh/wooden_target1v2_texture_0.uasset" 2754
"C:/24CI0412MP/Content/Li/TargetMesh/wooden_target1v2_texture_0.uexp" 2755
"C:/24CI0412MP/Content/Li/TargetMesh/wooden_target1v2_texture_1.ubulk" 2756
"C:/24CI0412MP/Content/Li/TargetMesh/wooden_target1v2_texture_1.uasset" 2757
"C:/24CI0412MP/Content/Li/TargetMesh/wooden_target1v2_texture_1.uexp" 2758
"C:/24CI0412MP/Content/Li/TargetMesh/wooden_target1v2_texture_2.ubulk" 2759
"C:/24CI0412MP/Content/Li/TargetMesh/wooden_target1v2_texture_2.uasset" 2760
"C:/24CI0412MP/Content/Li/TargetMesh/wooden_target1v2_texture_2.uexp" 2761
"C:/24CI0412MP/Content/Li/TargetMesh/target1v2.uasset" 2762
"C:/24CI0412MP/Content/Li/TargetMesh/target1v2.uexp" 2763
"C:/24CI0412MP/Content/Li/TargetMesh/wooden_target1v2.ubulk" 2764
"C:/24CI0412MP/Content/Li/TargetMesh/wooden_target1v2.uasset" 2765
"C:/24CI0412MP/Content/Li/TargetMesh/wooden_target1v2.uexp" 2766
"C:/24CI0412MP/Content/Li/BP_HitTarget.uasset" 2767
"C:/24CI0412MP/Content/Li/BP_HitTarget.uexp" 2768
"C:/24CI0412MP/Content/WindmillValley/Materials/MasterMaterials/M_Standard_03.uasset" 2769
"C:/24CI0412MP/Content/WindmillValley/Materials/MasterMaterials/M_Standard_03.uexp" 2770
"C:/24CI0412MP/Content/WindmillValley/Textures/T_Lantern_E.ubulk" 2771
"C:/24CI0412MP/Content/WindmillValley/Textures/T_Lantern_E.uasset" 2772
"C:/24CI0412MP/Content/WindmillValley/Textures/T_Lantern_E.uexp" 2773
"C:/24CI0412MP/Content/WindmillValley/Materials/MaterialInstances/MI_Standard.uasset" 2774
"C:/24CI0412MP/Content/WindmillValley/Materials/MaterialInstances/MI_Standard.uexp" 2775
"C:/24CI0412MP/Content/WindmillValley/Meshes/SM_LanternaSwing.ubulk" 2776
"C:/24CI0412MP/Content/WindmillValley/Meshes/SM_LanternaSwing.uasset" 2777
"C:/24CI0412MP/Content/WindmillValley/Meshes/SM_LanternaSwing.uexp" 2778
"C:/24CI0412MP/Content/WindmillValley/Textures/T_Entrata_D.ubulk" 2779
"C:/24CI0412MP/Content/WindmillValley/Textures/T_Entrata_D.uasset" 2780
"C:/24CI0412MP/Content/WindmillValley/Textures/T_Entrata_D.uexp" 2781
"C:/24CI0412MP/Content/WindmillValley/Textures/T_Entrata_ORM.ubulk" 2782
"C:/24CI0412MP/Content/WindmillValley/Textures/T_Entrata_ORM.uasset" 2783
"C:/24CI0412MP/Content/WindmillValley/Textures/T_Entrata_ORM.uexp" 2784
"C:/24CI0412MP/Content/WindmillValley/Textures/T_Entrata_N.ubulk" 2785
"C:/24CI0412MP/Content/WindmillValley/Textures/T_Entrata_N.uasset" 2786
"C:/24CI0412MP/Content/WindmillValley/Textures/T_Entrata_N.uexp" 2787
"C:/24CI0412MP/Content/WindmillValley/Materials/MaterialInstances/MI_Entrata_01.uasset" 2788
"C:/24CI0412MP/Content/WindmillValley/Materials/MaterialInstances/MI_Entrata_01.uexp" 2789
"C:/24CI0412MP/Content/WindmillValley/Meshes/SM_AssetLanterna.ubulk" 2790
"C:/24CI0412MP/Content/WindmillValley/Meshes/SM_AssetLanterna.uasset" 2791
"C:/24CI0412MP/Content/WindmillValley/Meshes/SM_AssetLanterna.uexp" 2792
"C:/24CI0412MP/Content/WindmillValley/Blueprint/BP_Lantern.uasset" 2793
"C:/24CI0412MP/Content/WindmillValley/Blueprint/BP_Lantern.uexp" 2794
"C:/24CI0412MP/Content/Satou/Stylized_PBR_Nature/Foliage/FoliageTypes/SM_Bush_FoliageType.uasset" 2795
"C:/24CI0412MP/Content/Satou/Stylized_PBR_Nature/Foliage/FoliageTypes/SM_Bush_FoliageType.uexp" 2796
"C:/24CI0412MP/Content/Stylized_Village/Assets/Foliage/Flowers/RosesAndDandelions/FT_Rose_Bush_Flat_01.uasset" 2797
"C:/24CI0412MP/Content/Stylized_Village/Assets/Foliage/Flowers/RosesAndDandelions/FT_Rose_Bush_Flat_01.uexp" 2798
"C:/24CI0412MP/Content/Satou/Stylized_PBR_Nature/Foliage/Assets/SM_Pine_Tree_4.ubulk" 2799
"C:/24CI0412MP/Content/Satou/Stylized_PBR_Nature/Foliage/Assets/SM_Pine_Tree_4.uasset" 2800
"C:/24CI0412MP/Content/Satou/Stylized_PBR_Nature/Foliage/Assets/SM_Pine_Tree_4.uexp" 2801
"C:/24CI0412MP/Content/Satou/Stylized_PBR_Nature/Foliage/FoliageTypes/SM_Grass_FoliageType.uasset" 2802
"C:/24CI0412MP/Content/Satou/Stylized_PBR_Nature/Foliage/FoliageTypes/SM_Grass_FoliageType.uexp" 2803
"C:/24CI0412MP/Content/Satou/Stylized_PBR_Nature/Foliage/FoliageTypes/SM_Pine_Tree_4_FoliageType.uasset" 2804
"C:/24CI0412MP/Content/Satou/Stylized_PBR_Nature/Foliage/FoliageTypes/SM_Pine_Tree_4_FoliageType.uexp" 2805
"C:/24CI0412MP/Content/Satou/Stylized_PBR_Nature/Foliage/FoliageTypes/SM_Fern_FoliageType.uasset" 2806
"C:/24CI0412MP/Content/Satou/Stylized_PBR_Nature/Foliage/FoliageTypes/SM_Fern_FoliageType.uexp" 2807
"C:/24CI0412MP/Content/Satou/Stylized_PBR_Nature/Foliage/Textures/T_Clover_D.ubulk" 2808
"C:/24CI0412MP/Content/Satou/Stylized_PBR_Nature/Foliage/Textures/T_Clover_D.uasset" 2809
"C:/24CI0412MP/Content/Satou/Stylized_PBR_Nature/Foliage/Textures/T_Clover_D.uexp" 2810
"C:/24CI0412MP/Content/Satou/Stylized_PBR_Nature/Foliage/Materials/MI_Clover.uasset" 2811
"C:/24CI0412MP/Content/Satou/Stylized_PBR_Nature/Foliage/Materials/MI_Clover.uexp" 2812
"C:/24CI0412MP/Content/Satou/Stylized_PBR_Nature/Foliage/Assets/SM_Clover.ubulk" 2813
"C:/24CI0412MP/Content/Satou/Stylized_PBR_Nature/Foliage/Assets/SM_Clover.uasset" 2814
"C:/24CI0412MP/Content/Satou/Stylized_PBR_Nature/Foliage/Assets/SM_Clover.uexp" 2815
"C:/24CI0412MP/Content/Satou/Stylized_PBR_Nature/Foliage/FoliageTypes/SM_Clover_FoliageType.uasset" 2816
"C:/24CI0412MP/Content/Satou/Stylized_PBR_Nature/Foliage/FoliageTypes/SM_Clover_FoliageType.uexp" 2817
"C:/24CI0412MP/Content/WindmillValley/Meshes/SM_Rock_02_FoliageType.uasset" 2818
"C:/24CI0412MP/Content/WindmillValley/Meshes/SM_Rock_02_FoliageType.uexp" 2819
"C:/24CI0412MP/Content/WindmillValley/Meshes/SM_Rock_01_FoliageType.uasset" 2820
"C:/24CI0412MP/Content/WindmillValley/Meshes/SM_Rock_01_FoliageType.uexp" 2821
"../../../Engine/Content/ArtTools/RenderToTexture/MaterialFunctions/CheckerPattern.uasset" 2822
"../../../Engine/Content/ArtTools/RenderToTexture/MaterialFunctions/CheckerPattern.uexp" 2823
"../../../Engine/Content/Functions/Engine_MaterialFunctions01/Texturing/ScaleUVsByCenter.uasset" 2824
"../../../Engine/Content/Functions/Engine_MaterialFunctions01/Texturing/ScaleUVsByCenter.uexp" 2825
"../../../Engine/Content/Functions/Engine_MaterialFunctions02/ScreenResolution.uasset" 2826
"../../../Engine/Content/Functions/Engine_MaterialFunctions02/ScreenResolution.uexp" 2827
"../../../Engine/Content/Functions/Engine_MaterialFunctions02/Texturing/ScreenAlignedUVs.uasset" 2828
"../../../Engine/Content/Functions/Engine_MaterialFunctions02/Texturing/ScreenAlignedUVs.uexp" 2829
"../../../Engine/Content/EditorMaterials/Thumbnails/SkySphereMaterial.uasset" 2830
"../../../Engine/Content/EditorMaterials/Thumbnails/SkySphereMaterial.uexp" 2831
"../../../Engine/Content/EditorMeshes/EditorSkySphere.ubulk" 2832
"../../../Engine/Content/EditorMeshes/EditorSkySphere.uasset" 2833
"../../../Engine/Content/EditorMeshes/EditorSkySphere.uexp" 2834
"C:/24CI0412MP/Content/WindmillValley/Blueprint/BP_Pumpkins.uasset" 2835
"C:/24CI0412MP/Content/WindmillValley/Blueprint/BP_Pumpkins.uexp" 2836
"C:/24CI0412MP/Content/Stylized_Village/Assets/Sky/Texture/T_Clouds_BC.ubulk" 2837
"C:/24CI0412MP/Content/Stylized_Village/Assets/Sky/Texture/T_Clouds_BC.uasset" 2838
"C:/24CI0412MP/Content/Stylized_Village/Assets/Sky/Texture/T_Clouds_BC.uexp" 2839
"C:/24CI0412MP/Content/Stylized_Village/Assets/Sky/Material/MM_Clouds.uasset" 2840
"C:/24CI0412MP/Content/Stylized_Village/Assets/Sky/Material/MM_Clouds.uexp" 2841
"C:/24CI0412MP/Content/Stylized_Village/Assets/Sky/Material/MI_Clouds_Day.uasset" 2842
"C:/24CI0412MP/Content/Stylized_Village/Assets/Sky/Material/MI_Clouds_Day.uexp" 2843
"C:/24CI0412MP/Content/Stylized_Village/Assets/Sky/Mesh/SM_SM_Cloud_Medium_04.ubulk" 2844
"C:/24CI0412MP/Content/Stylized_Village/Assets/Sky/Mesh/SM_SM_Cloud_Medium_04.uasset" 2845
"C:/24CI0412MP/Content/Stylized_Village/Assets/Sky/Mesh/SM_SM_Cloud_Medium_04.uexp" 2846
"C:/24CI0412MP/Content/WindmillValley/Textures/T_WindowUnderRoof_N.ubulk" 2847
"C:/24CI0412MP/Content/WindmillValley/Textures/T_WindowUnderRoof_N.uasset" 2848
"C:/24CI0412MP/Content/WindmillValley/Textures/T_WindowUnderRoof_N.uexp" 2849
"C:/24CI0412MP/Content/WindmillValley/Textures/T_WindowUnderRoof_D.ubulk" 2850
"C:/24CI0412MP/Content/WindmillValley/Textures/T_WindowUnderRoof_D.uasset" 2851
"C:/24CI0412MP/Content/WindmillValley/Textures/T_WindowUnderRoof_D.uexp" 2852
"C:/24CI0412MP/Content/WindmillValley/Textures/T_WindowUnderRoof_E.ubulk" 2853
"C:/24CI0412MP/Content/WindmillValley/Textures/T_WindowUnderRoof_E.uasset" 2854
"C:/24CI0412MP/Content/WindmillValley/Textures/T_WindowUnderRoof_E.uexp" 2855
"C:/24CI0412MP/Content/WindmillValley/Materials/MaterialInstances/MI_WindowUnderRoof_01.uasset" 2856
"C:/24CI0412MP/Content/WindmillValley/Materials/MaterialInstances/MI_WindowUnderRoof_01.uexp" 2857
"C:/24CI0412MP/Content/WindmillValley/Textures/T_Cornice_02_B.ubulk" 2858
"C:/24CI0412MP/Content/WindmillValley/Textures/T_Cornice_02_B.uasset" 2859
"C:/24CI0412MP/Content/WindmillValley/Textures/T_Cornice_02_B.uexp" 2860
"C:/24CI0412MP/Content/WindmillValley/Textures/T_Cornice_02_N.ubulk" 2861
"C:/24CI0412MP/Content/WindmillValley/Textures/T_Cornice_02_N.uasset" 2862
"C:/24CI0412MP/Content/WindmillValley/Textures/T_Cornice_02_N.uexp" 2863
"C:/24CI0412MP/Content/WindmillValley/Textures/T_Cornice_02_ORM.ubulk" 2864
"C:/24CI0412MP/Content/WindmillValley/Textures/T_Cornice_02_ORM.uasset" 2865
"C:/24CI0412MP/Content/WindmillValley/Textures/T_Cornice_02_ORM.uexp" 2866
"C:/24CI0412MP/Content/WindmillValley/Materials/MaterialInstances/MI_Cornice_01.uasset" 2867
"C:/24CI0412MP/Content/WindmillValley/Materials/MaterialInstances/MI_Cornice_01.uexp" 2868
"C:/24CI0412MP/Content/WindmillValley/Materials/MaterialInstances/MI_WindowUnderRoof_02.uasset" 2869
"C:/24CI0412MP/Content/WindmillValley/Materials/MaterialInstances/MI_WindowUnderRoof_02.uexp" 2870
"C:/24CI0412MP/Content/WindmillValley/Textures/T_Floorwindow_N.ubulk" 2871
"C:/24CI0412MP/Content/WindmillValley/Textures/T_Floorwindow_N.uasset" 2872
"C:/24CI0412MP/Content/WindmillValley/Textures/T_Floorwindow_N.uexp" 2873
"C:/24CI0412MP/Content/WindmillValley/Textures/T_FloorWindow_E.ubulk" 2874
"C:/24CI0412MP/Content/WindmillValley/Textures/T_FloorWindow_E.uasset" 2875
"C:/24CI0412MP/Content/WindmillValley/Textures/T_FloorWindow_E.uexp" 2876
"C:/24CI0412MP/Content/WindmillValley/Textures/T_FloorWindow_ORM.ubulk" 2877
"C:/24CI0412MP/Content/WindmillValley/Textures/T_FloorWindow_ORM.uasset" 2878
"C:/24CI0412MP/Content/WindmillValley/Textures/T_FloorWindow_ORM.uexp" 2879
"C:/24CI0412MP/Content/WindmillValley/Textures/T_FloorWindow_D.ubulk" 2880
"C:/24CI0412MP/Content/WindmillValley/Textures/T_FloorWindow_D.uasset" 2881
"C:/24CI0412MP/Content/WindmillValley/Textures/T_FloorWindow_D.uexp" 2882
"C:/24CI0412MP/Content/WindmillValley/Materials/MaterialInstances/MI_FloorWindow_01.uasset" 2883
"C:/24CI0412MP/Content/WindmillValley/Materials/MaterialInstances/MI_FloorWindow_01.uexp" 2884
"C:/24CI0412MP/Content/WindmillValley/Materials/MaterialInstances/MI_WheatMezzanino.uasset" 2885
"C:/24CI0412MP/Content/WindmillValley/Materials/MaterialInstances/MI_WheatMezzanino.uexp" 2886
"C:/24CI0412MP/Content/WindmillValley/Materials/MaterialInstances/MI_Wall_04.uasset" 2887
"C:/24CI0412MP/Content/WindmillValley/Materials/MaterialInstances/MI_Wall_04.uexp" 2888
"C:/24CI0412MP/Content/WindmillValley/Textures/T_Tenda_D.ubulk" 2889
"C:/24CI0412MP/Content/WindmillValley/Textures/T_Tenda_D.uasset" 2890
"C:/24CI0412MP/Content/WindmillValley/Textures/T_Tenda_D.uexp" 2891
"C:/24CI0412MP/Content/WindmillValley/Textures/T_Tenda_N.ubulk" 2892
"C:/24CI0412MP/Content/WindmillValley/Textures/T_Tenda_N.uasset" 2893
"C:/24CI0412MP/Content/WindmillValley/Textures/T_Tenda_N.uexp" 2894
"C:/24CI0412MP/Content/WindmillValley/Textures/T_Tenda_ORM.ubulk" 2895
"C:/24CI0412MP/Content/WindmillValley/Textures/T_Tenda_ORM.uasset" 2896
"C:/24CI0412MP/Content/WindmillValley/Textures/T_Tenda_ORM.uexp" 2897
"C:/24CI0412MP/Content/WindmillValley/Materials/MaterialInstances/MI_Tendaggi.uasset" 2898
"C:/24CI0412MP/Content/WindmillValley/Materials/MaterialInstances/MI_Tendaggi.uexp" 2899
"C:/24CI0412MP/Content/WindmillValley/Textures/T_Stucco_01_AO.ubulk" 2900
"C:/24CI0412MP/Content/WindmillValley/Textures/T_Stucco_01_AO.uasset" 2901
"C:/24CI0412MP/Content/WindmillValley/Textures/T_Stucco_01_AO.uexp" 2902
"C:/24CI0412MP/Content/WindmillValley/Textures/T_Stucco_02_H.ubulk" 2903
"C:/24CI0412MP/Content/WindmillValley/Textures/T_Stucco_02_H.uasset" 2904
"C:/24CI0412MP/Content/WindmillValley/Textures/T_Stucco_02_H.uexp" 2905
"C:/24CI0412MP/Content/WindmillValley/Textures/T_Stucco_01_D.ubulk" 2906
"C:/24CI0412MP/Content/WindmillValley/Textures/T_Stucco_01_D.uasset" 2907
"C:/24CI0412MP/Content/WindmillValley/Textures/T_Stucco_01_D.uexp" 2908
"C:/24CI0412MP/Content/WindmillValley/Textures/T_Stucco_02_N.ubulk" 2909
"C:/24CI0412MP/Content/WindmillValley/Textures/T_Stucco_02_N.uasset" 2910
"C:/24CI0412MP/Content/WindmillValley/Textures/T_Stucco_02_N.uexp" 2911
"C:/24CI0412MP/Content/WindmillValley/Materials/MaterialInstances/MI_FloorWindow_02.uasset" 2912
"C:/24CI0412MP/Content/WindmillValley/Materials/MaterialInstances/MI_FloorWindow_02.uexp" 2913
"C:/24CI0412MP/Content/WindmillValley/Textures/T_Chimney_ORM.ubulk" 2914
"C:/24CI0412MP/Content/WindmillValley/Textures/T_Chimney_ORM.uasset" 2915
"C:/24CI0412MP/Content/WindmillValley/Textures/T_Chimney_ORM.uexp" 2916
"C:/24CI0412MP/Content/WindmillValley/Textures/T_Chimney_D.ubulk" 2917
"C:/24CI0412MP/Content/WindmillValley/Textures/T_Chimney_D.uasset" 2918
"C:/24CI0412MP/Content/WindmillValley/Textures/T_Chimney_D.uexp" 2919
"C:/24CI0412MP/Content/WindmillValley/Textures/T_Chimney_N.ubulk" 2920
"C:/24CI0412MP/Content/WindmillValley/Textures/T_Chimney_N.uasset" 2921
"C:/24CI0412MP/Content/WindmillValley/Textures/T_Chimney_N.uexp" 2922
"C:/24CI0412MP/Content/WindmillValley/Materials/MaterialInstances/MI_Chimney.uasset" 2923
"C:/24CI0412MP/Content/WindmillValley/Materials/MaterialInstances/MI_Chimney.uexp" 2924
"C:/24CI0412MP/Content/WindmillValley/Textures/T_Trave_ORM.ubulk" 2925
"C:/24CI0412MP/Content/WindmillValley/Textures/T_Trave_ORM.uasset" 2926
"C:/24CI0412MP/Content/WindmillValley/Textures/T_Trave_ORM.uexp" 2927
"C:/24CI0412MP/Content/WindmillValley/Textures/T_Trave_D.ubulk" 2928
"C:/24CI0412MP/Content/WindmillValley/Textures/T_Trave_D.uasset" 2929
"C:/24CI0412MP/Content/WindmillValley/Textures/T_Trave_D.uexp" 2930
"C:/24CI0412MP/Content/WindmillValley/Textures/T_Trave_N.ubulk" 2931
"C:/24CI0412MP/Content/WindmillValley/Textures/T_Trave_N.uasset" 2932
"C:/24CI0412MP/Content/WindmillValley/Textures/T_Trave_N.uexp" 2933
"C:/24CI0412MP/Content/WindmillValley/Materials/MaterialInstances/MI_Trave.uasset" 2934
"C:/24CI0412MP/Content/WindmillValley/Materials/MaterialInstances/MI_Trave.uexp" 2935
"C:/24CI0412MP/Content/WindmillValley/Materials/MaterialInstances/MI_WheatRoof.uasset" 2936
"C:/24CI0412MP/Content/WindmillValley/Materials/MaterialInstances/MI_WheatRoof.uexp" 2937
"C:/24CI0412MP/Content/WindmillValley/Meshes/SM_LargeHouse_Roof.ubulk" 2938
"C:/24CI0412MP/Content/WindmillValley/Meshes/SM_LargeHouse_Roof.uasset" 2939
"C:/24CI0412MP/Content/WindmillValley/Meshes/SM_LargeHouse_Roof.uexp" 2940
"C:/24CI0412MP/Content/WindmillValley/Textures/T_Insigna_ORM.ubulk" 2941
"C:/24CI0412MP/Content/WindmillValley/Textures/T_Insigna_ORM.uasset" 2942
"C:/24CI0412MP/Content/WindmillValley/Textures/T_Insigna_ORM.uexp" 2943
"C:/24CI0412MP/Content/WindmillValley/Textures/T_Insigna_D.ubulk" 2944
"C:/24CI0412MP/Content/WindmillValley/Textures/T_Insigna_D.uasset" 2945
"C:/24CI0412MP/Content/WindmillValley/Textures/T_Insigna_D.uexp" 2946
"C:/24CI0412MP/Content/WindmillValley/Textures/T_Insigna_N.ubulk" 2947
"C:/24CI0412MP/Content/WindmillValley/Textures/T_Insigna_N.uasset" 2948
"C:/24CI0412MP/Content/WindmillValley/Textures/T_Insigna_N.uexp" 2949
"C:/24CI0412MP/Content/WindmillValley/Materials/MaterialInstances/MI_Insigna.uasset" 2950
"C:/24CI0412MP/Content/WindmillValley/Materials/MaterialInstances/MI_Insigna.uexp" 2951
"C:/24CI0412MP/Content/WindmillValley/Textures/T_WallWindow_N.ubulk" 2952
"C:/24CI0412MP/Content/WindmillValley/Textures/T_WallWindow_N.uasset" 2953
"C:/24CI0412MP/Content/WindmillValley/Textures/T_WallWindow_N.uexp" 2954
"C:/24CI0412MP/Content/WindmillValley/Textures/T_WallWindow_D.ubulk" 2955
"C:/24CI0412MP/Content/WindmillValley/Textures/T_WallWindow_D.uasset" 2956
"C:/24CI0412MP/Content/WindmillValley/Textures/T_WallWindow_D.uexp" 2957
"C:/24CI0412MP/Content/WindmillValley/Textures/T_WallWindow_E.ubulk" 2958
"C:/24CI0412MP/Content/WindmillValley/Textures/T_WallWindow_E.uasset" 2959
"C:/24CI0412MP/Content/WindmillValley/Textures/T_WallWindow_E.uexp" 2960
"C:/24CI0412MP/Content/WindmillValley/Textures/T_WallWindow_ORM.ubulk" 2961
"C:/24CI0412MP/Content/WindmillValley/Textures/T_WallWindow_ORM.uasset" 2962
"C:/24CI0412MP/Content/WindmillValley/Textures/T_WallWindow_ORM.uexp" 2963
"C:/24CI0412MP/Content/WindmillValley/Materials/MaterialInstances/MI_WallWindow.uasset" 2964
"C:/24CI0412MP/Content/WindmillValley/Materials/MaterialInstances/MI_WallWindow.uexp" 2965
"C:/24CI0412MP/Content/WindmillValley/Textures/T_Portico_D.ubulk" 2966
"C:/24CI0412MP/Content/WindmillValley/Textures/T_Portico_D.uasset" 2967
"C:/24CI0412MP/Content/WindmillValley/Textures/T_Portico_D.uexp" 2968
"C:/24CI0412MP/Content/WindmillValley/Textures/T_Portico_ORM.ubulk" 2969
"C:/24CI0412MP/Content/WindmillValley/Textures/T_Portico_ORM.uasset" 2970
"C:/24CI0412MP/Content/WindmillValley/Textures/T_Portico_ORM.uexp" 2971
"C:/24CI0412MP/Content/WindmillValley/Textures/T_Portico_N.ubulk" 2972
"C:/24CI0412MP/Content/WindmillValley/Textures/T_Portico_N.uasset" 2973
"C:/24CI0412MP/Content/WindmillValley/Textures/T_Portico_N.uexp" 2974
"C:/24CI0412MP/Content/WindmillValley/Materials/MaterialInstances/MI_Portico.uasset" 2975
"C:/24CI0412MP/Content/WindmillValley/Materials/MaterialInstances/MI_Portico.uexp" 2976
"C:/24CI0412MP/Content/WindmillValley/Meshes/SM_LargeHouse_Portico.ubulk" 2977
"C:/24CI0412MP/Content/WindmillValley/Meshes/SM_LargeHouse_Portico.uasset" 2978
"C:/24CI0412MP/Content/WindmillValley/Meshes/SM_LargeHouse_Portico.uexp" 2979
"C:/24CI0412MP/Content/WindmillValley/Textures/T_Cornice_01_N.ubulk" 2980
"C:/24CI0412MP/Content/WindmillValley/Textures/T_Cornice_01_N.uasset" 2981
"C:/24CI0412MP/Content/WindmillValley/Textures/T_Cornice_01_N.uexp" 2982
"C:/24CI0412MP/Content/WindmillValley/Textures/T_Cornice_01_ORM.ubulk" 2983
"C:/24CI0412MP/Content/WindmillValley/Textures/T_Cornice_01_ORM.uasset" 2984
"C:/24CI0412MP/Content/WindmillValley/Textures/T_Cornice_01_ORM.uexp" 2985
"C:/24CI0412MP/Content/WindmillValley/Textures/T_Cornice_01_B.ubulk" 2986
"C:/24CI0412MP/Content/WindmillValley/Textures/T_Cornice_01_B.uasset" 2987
"C:/24CI0412MP/Content/WindmillValley/Textures/T_Cornice_01_B.uexp" 2988
"C:/24CI0412MP/Content/WindmillValley/Materials/MaterialInstances/MI_Cornice_02.uasset" 2989
"C:/24CI0412MP/Content/WindmillValley/Materials/MaterialInstances/MI_Cornice_02.uexp" 2990
"C:/24CI0412MP/Content/WindmillValley/Textures/T_Bord_N.ubulk" 2991
"C:/24CI0412MP/Content/WindmillValley/Textures/T_Bord_N.uasset" 2992
"C:/24CI0412MP/Content/WindmillValley/Textures/T_Bord_N.uexp" 2993
"C:/24CI0412MP/Content/WindmillValley/Textures/T_Bord_D.ubulk" 2994
"C:/24CI0412MP/Content/WindmillValley/Textures/T_Bord_D.uasset" 2995
"C:/24CI0412MP/Content/WindmillValley/Textures/T_Bord_D.uexp" 2996
"C:/24CI0412MP/Content/WindmillValley/Textures/T_Bord_ORM.ubulk" 2997
"C:/24CI0412MP/Content/WindmillValley/Textures/T_Bord_ORM.uasset" 2998
"C:/24CI0412MP/Content/WindmillValley/Textures/T_Bord_ORM.uexp" 2999
"C:/24CI0412MP/Content/WindmillValley/Materials/MaterialInstances/MI_Bord.uasset" 3000
"C:/24CI0412MP/Content/WindmillValley/Materials/MaterialInstances/MI_Bord.uexp" 3001
"C:/24CI0412MP/Content/WindmillValley/Materials/MaterialInstances/MI_Wall_01.uasset" 3002
"C:/24CI0412MP/Content/WindmillValley/Materials/MaterialInstances/MI_Wall_01.uexp" 3003
"C:/24CI0412MP/Content/WindmillValley/Materials/MaterialInstances/MI_WallCurved_01.uasset" 3004
"C:/24CI0412MP/Content/WindmillValley/Materials/MaterialInstances/MI_WallCurved_01.uexp" 3005
"C:/24CI0412MP/Content/WindmillValley/Textures/T_WindowCurved_ORM.ubulk" 3006
"C:/24CI0412MP/Content/WindmillValley/Textures/T_WindowCurved_ORM.uasset" 3007
"C:/24CI0412MP/Content/WindmillValley/Textures/T_WindowCurved_ORM.uexp" 3008
"C:/24CI0412MP/Content/WindmillValley/Textures/T_WindowCurved_D.ubulk" 3009
"C:/24CI0412MP/Content/WindmillValley/Textures/T_WindowCurved_D.uasset" 3010
"C:/24CI0412MP/Content/WindmillValley/Textures/T_WindowCurved_D.uexp" 3011
"C:/24CI0412MP/Content/WindmillValley/Textures/T_WindowCurved_N.ubulk" 3012
"C:/24CI0412MP/Content/WindmillValley/Textures/T_WindowCurved_N.uasset" 3013
"C:/24CI0412MP/Content/WindmillValley/Textures/T_WindowCurved_N.uexp" 3014
"C:/24CI0412MP/Content/WindmillValley/Materials/MaterialInstances/MI_WindowCurved.uasset" 3015
"C:/24CI0412MP/Content/WindmillValley/Materials/MaterialInstances/MI_WindowCurved.uexp" 3016
"C:/24CI0412MP/Content/WindmillValley/Meshes/SM_LargeHouse_Side.ubulk" 3017
"C:/24CI0412MP/Content/WindmillValley/Meshes/SM_LargeHouse_Side.uasset" 3018
"C:/24CI0412MP/Content/WindmillValley/Meshes/SM_LargeHouse_Side.uexp" 3019
"C:/24CI0412MP/Content/WindmillValley/Textures/T_Column_N.ubulk" 3020
"C:/24CI0412MP/Content/WindmillValley/Textures/T_Column_N.uasset" 3021
"C:/24CI0412MP/Content/WindmillValley/Textures/T_Column_N.uexp" 3022
"C:/24CI0412MP/Content/WindmillValley/Textures/T_Column_ORM.ubulk" 3023
"C:/24CI0412MP/Content/WindmillValley/Textures/T_Column_ORM.uasset" 3024
"C:/24CI0412MP/Content/WindmillValley/Textures/T_Column_ORM.uexp" 3025
"C:/24CI0412MP/Content/WindmillValley/Textures/T_Column_D.ubulk" 3026
"C:/24CI0412MP/Content/WindmillValley/Textures/T_Column_D.uasset" 3027
"C:/24CI0412MP/Content/WindmillValley/Textures/T_Column_D.uexp" 3028
"C:/24CI0412MP/Content/WindmillValley/Materials/MaterialInstances/MI_Colonna.uasset" 3029
"C:/24CI0412MP/Content/WindmillValley/Materials/MaterialInstances/MI_Colonna.uexp" 3030
"C:/24CI0412MP/Content/WindmillValley/Textures/T_TraveCurved_D.ubulk" 3031
"C:/24CI0412MP/Content/WindmillValley/Textures/T_TraveCurved_D.uasset" 3032
"C:/24CI0412MP/Content/WindmillValley/Textures/T_TraveCurved_D.uexp" 3033
"C:/24CI0412MP/Content/WindmillValley/Textures/T_TraveCurved_ORM.ubulk" 3034
"C:/24CI0412MP/Content/WindmillValley/Textures/T_TraveCurved_ORM.uasset" 3035
"C:/24CI0412MP/Content/WindmillValley/Textures/T_TraveCurved_ORM.uexp" 3036
"C:/24CI0412MP/Content/WindmillValley/Textures/T_TraveCurved_N.ubulk" 3037
"C:/24CI0412MP/Content/WindmillValley/Textures/T_TraveCurved_N.uasset" 3038
"C:/24CI0412MP/Content/WindmillValley/Textures/T_TraveCurved_N.uexp" 3039
"C:/24CI0412MP/Content/WindmillValley/Materials/MaterialInstances/MI_TraveCurved.uasset" 3040
"C:/24CI0412MP/Content/WindmillValley/Materials/MaterialInstances/MI_TraveCurved.uexp" 3041
"C:/24CI0412MP/Content/WindmillValley/Meshes/SM_LargeHouse_Walls.ubulk" 3042
"C:/24CI0412MP/Content/WindmillValley/Meshes/SM_LargeHouse_Walls.uasset" 3043
"C:/24CI0412MP/Content/WindmillValley/Meshes/SM_LargeHouse_Walls.uexp" 3044
"C:/24CI0412MP/Content/WindmillValley/Blueprint/BP_LargeHouse.uasset" 3045
"C:/24CI0412MP/Content/WindmillValley/Blueprint/BP_LargeHouse.uexp" 3046
"C:/24CI0412MP/Content/WindmillValley/Textures/T_WindowGlass_E.ubulk" 3047
"C:/24CI0412MP/Content/WindmillValley/Textures/T_WindowGlass_E.uasset" 3048
"C:/24CI0412MP/Content/WindmillValley/Textures/T_WindowGlass_E.uexp" 3049
"C:/24CI0412MP/Content/WindmillValley/Textures/T_WindowGlass_N.ubulk" 3050
"C:/24CI0412MP/Content/WindmillValley/Textures/T_WindowGlass_N.uasset" 3051
"C:/24CI0412MP/Content/WindmillValley/Textures/T_WindowGlass_N.uexp" 3052
"C:/24CI0412MP/Content/WindmillValley/Textures/T_WindowGlass_D.ubulk" 3053
"C:/24CI0412MP/Content/WindmillValley/Textures/T_WindowGlass_D.uasset" 3054
"C:/24CI0412MP/Content/WindmillValley/Textures/T_WindowGlass_D.uexp" 3055
"C:/24CI0412MP/Content/WindmillValley/Textures/T_WindowGlass_ORM.ubulk" 3056
"C:/24CI0412MP/Content/WindmillValley/Textures/T_WindowGlass_ORM.uasset" 3057
"C:/24CI0412MP/Content/WindmillValley/Textures/T_WindowGlass_ORM.uexp" 3058
"C:/24CI0412MP/Content/WindmillValley/Materials/MaterialInstances/MI_WindowGlass.uasset" 3059
"C:/24CI0412MP/Content/WindmillValley/Materials/MaterialInstances/MI_WindowGlass.uexp" 3060
"C:/24CI0412MP/Content/WindmillValley/Textures/T_WindimillWindow_N.ubulk" 3061
"C:/24CI0412MP/Content/WindmillValley/Textures/T_WindimillWindow_N.uasset" 3062
"C:/24CI0412MP/Content/WindmillValley/Textures/T_WindimillWindow_N.uexp" 3063
"C:/24CI0412MP/Content/WindmillValley/Textures/T_WindimillWindow_ORM.ubulk" 3064
"C:/24CI0412MP/Content/WindmillValley/Textures/T_WindimillWindow_ORM.uasset" 3065
"C:/24CI0412MP/Content/WindmillValley/Textures/T_WindimillWindow_ORM.uexp" 3066
"C:/24CI0412MP/Content/WindmillValley/Textures/T_WindimillWindow_D.ubulk" 3067
"C:/24CI0412MP/Content/WindmillValley/Textures/T_WindimillWindow_D.uasset" 3068
"C:/24CI0412MP/Content/WindmillValley/Textures/T_WindimillWindow_D.uexp" 3069
"C:/24CI0412MP/Content/WindmillValley/Materials/MaterialInstances/MI_WindmillWindow.uasset" 3070
"C:/24CI0412MP/Content/WindmillValley/Materials/MaterialInstances/MI_WindmillWindow.uexp" 3071
"C:/24CI0412MP/Content/WindmillValley/Meshes/SM_Windmill.ubulk" 3072
"C:/24CI0412MP/Content/WindmillValley/Meshes/SM_Windmill.uasset" 3073
"C:/24CI0412MP/Content/WindmillValley/Meshes/SM_Windmill.uexp" 3074
"C:/24CI0412MP/Content/WindmillValley/Textures/T_Helix_D.ubulk" 3075
"C:/24CI0412MP/Content/WindmillValley/Textures/T_Helix_D.uasset" 3076
"C:/24CI0412MP/Content/WindmillValley/Textures/T_Helix_D.uexp" 3077
"C:/24CI0412MP/Content/WindmillValley/Textures/T_Helix_ORM.ubulk" 3078
"C:/24CI0412MP/Content/WindmillValley/Textures/T_Helix_ORM.uasset" 3079
"C:/24CI0412MP/Content/WindmillValley/Textures/T_Helix_ORM.uexp" 3080
"C:/24CI0412MP/Content/WindmillValley/Materials/MaterialInstances/MI_Helix_01.uasset" 3081
"C:/24CI0412MP/Content/WindmillValley/Materials/MaterialInstances/MI_Helix_01.uexp" 3082
"C:/24CI0412MP/Content/WindmillValley/Materials/MaterialInstances/MI_Helix_02.uasset" 3083
"C:/24CI0412MP/Content/WindmillValley/Materials/MaterialInstances/MI_Helix_02.uexp" 3084
"C:/24CI0412MP/Content/WindmillValley/Meshes/SM_Helix.ubulk" 3085
"C:/24CI0412MP/Content/WindmillValley/Meshes/SM_Helix.uasset" 3086
"C:/24CI0412MP/Content/WindmillValley/Meshes/SM_Helix.uexp" 3087
"C:/24CI0412MP/Content/WindmillValley/Blueprint/BP_Windmill.uasset" 3088
"C:/24CI0412MP/Content/WindmillValley/Blueprint/BP_Windmill.uexp" 3089
"C:/24CI0412MP/Content/WindmillValley/Textures/T_Watermill_N.ubulk" 3090
"C:/24CI0412MP/Content/WindmillValley/Textures/T_Watermill_N.uasset" 3091
"C:/24CI0412MP/Content/WindmillValley/Textures/T_Watermill_N.uexp" 3092
"C:/24CI0412MP/Content/WindmillValley/Textures/T_Watermill_D.ubulk" 3093
"C:/24CI0412MP/Content/WindmillValley/Textures/T_Watermill_D.uasset" 3094
"C:/24CI0412MP/Content/WindmillValley/Textures/T_Watermill_D.uexp" 3095
"C:/24CI0412MP/Content/WindmillValley/Textures/T_Watermill_ORM.ubulk" 3096
"C:/24CI0412MP/Content/WindmillValley/Textures/T_Watermill_ORM.uasset" 3097
"C:/24CI0412MP/Content/WindmillValley/Textures/T_Watermill_ORM.uexp" 3098
"C:/24CI0412MP/Content/WindmillValley/Materials/MaterialInstances/MI_Watermill.uasset" 3099
"C:/24CI0412MP/Content/WindmillValley/Materials/MaterialInstances/MI_Watermill.uexp" 3100
"C:/24CI0412MP/Content/WindmillValley/Meshes/SM_Watermill.ubulk" 3101
"C:/24CI0412MP/Content/WindmillValley/Meshes/SM_Watermill.uasset" 3102
"C:/24CI0412MP/Content/WindmillValley/Meshes/SM_Watermill.uexp" 3103
"C:/24CI0412MP/Content/WindmillValley/Blueprint/BP_Watermill.uasset" 3104
"C:/24CI0412MP/Content/WindmillValley/Blueprint/BP_Watermill.uexp" 3105
"C:/24CI0412MP/Content/Stylized_Village/Assets/Sky/Mesh/SM_SM_Cloud_Medium_01.ubulk" 3106
"C:/24CI0412MP/Content/Stylized_Village/Assets/Sky/Mesh/SM_SM_Cloud_Medium_01.uasset" 3107
"C:/24CI0412MP/Content/Stylized_Village/Assets/Sky/Mesh/SM_SM_Cloud_Medium_01.uexp" 3108
"C:/24CI0412MP/Content/Satou/KTP_Effect/Materials/PublicMaterials/M_FX_TRAIL011.uasset" 3109
"C:/24CI0412MP/Content/Satou/KTP_Effect/Materials/PublicMaterials/M_FX_TRAIL011.uexp" 3110
"C:/24CI0412MP/Content/Satou/KTP_Effect/Textures/PublicTextures/T_Half_Light.ubulk" 3111
"C:/24CI0412MP/Content/Satou/KTP_Effect/Textures/PublicTextures/T_Half_Light.uasset" 3112
"C:/24CI0412MP/Content/Satou/KTP_Effect/Textures/PublicTextures/T_Half_Light.uexp" 3113
"C:/24CI0412MP/Content/Satou/KTP_Effect/Materials/PublicMaterials/M_FX_Glow_AS_fly08.uasset" 3114
"C:/24CI0412MP/Content/Satou/KTP_Effect/Materials/PublicMaterials/M_FX_Glow_AS_fly08.uexp" 3115
"C:/24CI0412MP/Content/Satou/KTP_Effect/Particles/Fly/Others/Trail_08_09.uasset" 3116
"C:/24CI0412MP/Content/Satou/KTP_Effect/Particles/Fly/Others/Trail_08_09.uexp" 3117
"C:/24CI0412MP/Content/WindmillValley/Textures/T_Bridge_02_B.ubulk" 3118
"C:/24CI0412MP/Content/WindmillValley/Textures/T_Bridge_02_B.uasset" 3119
"C:/24CI0412MP/Content/WindmillValley/Textures/T_Bridge_02_B.uexp" 3120
"C:/24CI0412MP/Content/WindmillValley/Textures/T_Bridge_02_N.ubulk" 3121
"C:/24CI0412MP/Content/WindmillValley/Textures/T_Bridge_02_N.uasset" 3122
"C:/24CI0412MP/Content/WindmillValley/Textures/T_Bridge_02_N.uexp" 3123
"C:/24CI0412MP/Content/WindmillValley/Textures/T_Bridge_02_ORM.ubulk" 3124
"C:/24CI0412MP/Content/WindmillValley/Textures/T_Bridge_02_ORM.uasset" 3125
"C:/24CI0412MP/Content/WindmillValley/Textures/T_Bridge_02_ORM.uexp" 3126
"C:/24CI0412MP/Content/WindmillValley/Materials/MaterialInstances/MI_Bridge_02_02.uasset" 3127
"C:/24CI0412MP/Content/WindmillValley/Materials/MaterialInstances/MI_Bridge_02_02.uexp" 3128
"C:/24CI0412MP/Content/WindmillValley/Meshes/SM_Bridge.ubulk" 3129
"C:/24CI0412MP/Content/WindmillValley/Meshes/SM_Bridge.uasset" 3130
"C:/24CI0412MP/Content/WindmillValley/Meshes/SM_Bridge.uexp" 3131
"C:/24CI0412MP/Content/WindmillValley/Blueprint/BP_LittleHouse.uasset" 3132
"C:/24CI0412MP/Content/WindmillValley/Blueprint/BP_LittleHouse.uexp" 3133
"C:/24CI0412MP/Content/WindmillValley/Blueprint/BP_WheatStack_01.uasset" 3134
"C:/24CI0412MP/Content/WindmillValley/Blueprint/BP_WheatStack_01.uexp" 3135
"../../../Engine/Content/Maps/Entry_BuiltData.uasset" 3136
"../../../Engine/Content/Maps/Entry_BuiltData.uexp" 3137
"../../../Engine/Content/Maps/Entry.uexp" 3138
"../../../Engine/Content/Maps/Entry.umap" 3139
"C:/24CI0412MP/Content/Satou/WG_RestCountDown_Honnpen.uasset" 3140
"C:/24CI0412MP/Content/Satou/WG_RestCountDown_Honnpen.uexp" 3141
"C:/24CI0412MP/Content/Satou/BP_Actor_Honnpen.uasset" 3142
"C:/24CI0412MP/Content/Satou/BP_Actor_Honnpen.uexp" 3143
"C:/24CI0412MP/Content/Satou/GameMode_Honnpen.uasset" 3144
"C:/24CI0412MP/Content/Satou/GameMode_Honnpen.uexp" 3145
"C:/24CI0412MP/Content/Satou/Result/UI_ResultText.uasset" 3146
"C:/24CI0412MP/Content/Satou/Result/UI_ResultText.uexp" 3147
"C:/24CI0412MP/Content/Satou/satou01.uexp" 3148
"C:/24CI0412MP/Content/Satou/satou01.ubulk" 3149
"C:/24CI0412MP/Content/Satou/satou01.umap" 3150
"C:/24CI0412MP/Content/Li/GameMode_Tutorial.uasset" 3151
"C:/24CI0412MP/Content/Li/GameMode_Tutorial.uexp" 3152
"C:/24CI0412MP/Content/Li/Tutorial.uexp" 3153
"C:/24CI0412MP/Content/Li/Tutorial.ubulk" 3154
"C:/24CI0412MP/Content/Li/Tutorial.umap" 3155
"../../../Engine/Content/EngineSounds/Master.uasset" 3156
"../../../Engine/Content/EngineSounds/Master.uexp" 3157
"../../../Engine/Content/EngineSounds/Special_Attack_PSM.uasset" 3158
"../../../Engine/Content/EngineSounds/Special_Attack_PSM.uexp" 3159
"../../../Engine/Content/EngineSounds/SFX.uasset" 3160
"../../../Engine/Content/EngineSounds/SFX.uexp" 3161
"../../../Engine/Content/EngineSounds/Normal_Attack.uasset" 3162
"../../../Engine/Content/EngineSounds/Normal_Attack.uexp" 3163
"../../../Engine/Content/EngineSounds/Duck_Normal_Attack_MixMod.uasset" 3164
"../../../Engine/Content/EngineSounds/Duck_Normal_Attack_MixMod.uexp" 3165
"C:/24CI0412MP/Content/Li/WG_Title.uasset" 3166
"C:/24CI0412MP/Content/Li/WG_Title.uexp" 3167
"C:/24CI0412MP/Content/Li/TitleLevel.uexp" 3168
"C:/24CI0412MP/Content/Li/TitleLevel.umap" 3169
"C:/24CI0412MP/Content/Mediterranean_Coast/World_Settings/MPC_GlobalWind.uasset" 3170
"C:/24CI0412MP/Content/Mediterranean_Coast/World_Settings/MPC_GlobalWind.uexp" 3171
"C:/24CI0412MP/Content/Mediterranean_Coast/Textures/T_WindNoise.ubulk" 3172
"C:/24CI0412MP/Content/Mediterranean_Coast/Textures/T_WindNoise.uasset" 3173
"C:/24CI0412MP/Content/Mediterranean_Coast/Textures/T_WindNoise.uexp" 3174
"../../../Engine/Content/Functions/Engine_MaterialFunctions02/ExampleContent/Textures/WindTurblenceVectorAndGustMagnitude.uasset" 3175
"../../../Engine/Content/Functions/Engine_MaterialFunctions02/ExampleContent/Textures/WindTurblenceVectorAndGustMagnitude.uexp" 3176
"C:/24CI0412MP/Content/Mediterranean_Coast/Materials/Material_Functions/MF_WindGust.uasset" 3177
"C:/24CI0412MP/Content/Mediterranean_Coast/Materials/Material_Functions/MF_WindGust.uexp" 3178
"C:/24CI0412MP/Content/Mediterranean_Coast/Textures/T_Dummy_Mask.ubulk" 3179
"C:/24CI0412MP/Content/Mediterranean_Coast/Textures/T_Dummy_Mask.uasset" 3180
"C:/24CI0412MP/Content/Mediterranean_Coast/Textures/T_Dummy_Mask.uexp" 3181
"../../../Engine/Content/Functions/Engine_MaterialFunctions02/WorldPositionOffset/ObjectPivotPoint.uasset" 3182
"../../../Engine/Content/Functions/Engine_MaterialFunctions02/WorldPositionOffset/ObjectPivotPoint.uexp" 3183
"C:/24CI0412MP/Content/Mediterranean_Coast/Materials/Material_Functions/MF_PlayerInteraction.uasset" 3184
"C:/24CI0412MP/Content/Mediterranean_Coast/Materials/Material_Functions/MF_PlayerInteraction.uexp" 3185
"C:/24CI0412MP/Content/Mediterranean_Coast/Materials/Material_Functions/MF_GlobalWind.uasset" 3186
"C:/24CI0412MP/Content/Mediterranean_Coast/Materials/Material_Functions/MF_GlobalWind.uexp" 3187
"C:/24CI0412MP/Content/Mediterranean_Coast/Textures/T_Dummy_O.ubulk" 3188
"C:/24CI0412MP/Content/Mediterranean_Coast/Textures/T_Dummy_O.uasset" 3189
"C:/24CI0412MP/Content/Mediterranean_Coast/Textures/T_Dummy_O.uexp" 3190
"C:/24CI0412MP/Content/Mediterranean_Coast/Textures/T_Dummy_ORM.ubulk" 3191
"C:/24CI0412MP/Content/Mediterranean_Coast/Textures/T_Dummy_ORM.uasset" 3192
"C:/24CI0412MP/Content/Mediterranean_Coast/Textures/T_Dummy_ORM.uexp" 3193
"C:/24CI0412MP/Content/Mediterranean_Coast/Materials/Material_Functions/MF_ColorCoord.uasset" 3194
"C:/24CI0412MP/Content/Mediterranean_Coast/Materials/Material_Functions/MF_ColorCoord.uexp" 3195
"C:/24CI0412MP/Content/Mediterranean_Coast/Textures/T_Dummy_N.ubulk" 3196
"C:/24CI0412MP/Content/Mediterranean_Coast/Textures/T_Dummy_N.uasset" 3197
"C:/24CI0412MP/Content/Mediterranean_Coast/Textures/T_Dummy_N.uexp" 3198
"C:/24CI0412MP/Content/Mediterranean_Coast/Textures/T_Dummy_Bc.ubulk" 3199
"C:/24CI0412MP/Content/Mediterranean_Coast/Textures/T_Dummy_Bc.uasset" 3200
"C:/24CI0412MP/Content/Mediterranean_Coast/Textures/T_Dummy_Bc.uexp" 3201
"C:/24CI0412MP/Content/Mediterranean_Coast/Textures/T_ColorVariations_A.ubulk" 3202
"C:/24CI0412MP/Content/Mediterranean_Coast/Textures/T_ColorVariations_A.uasset" 3203
"C:/24CI0412MP/Content/Mediterranean_Coast/Textures/T_ColorVariations_A.uexp" 3204
"C:/24CI0412MP/Content/Mediterranean_Coast/Materials/Material_Functions/MF_LightFoliage.uasset" 3205
"C:/24CI0412MP/Content/Mediterranean_Coast/Materials/Material_Functions/MF_LightFoliage.uexp" 3206
"C:/24CI0412MP/Content/Mediterranean_Coast/Materials/Master_Materials/M_Foliage.uasset" 3207
"C:/24CI0412MP/Content/Mediterranean_Coast/Materials/Master_Materials/M_Foliage.uexp" 3208
"C:/24CI0412MP/Content/Mediterranean_Coast/Textures/T_Atlas_A_Opacity.ubulk" 3209
"C:/24CI0412MP/Content/Mediterranean_Coast/Textures/T_Atlas_A_Opacity.uasset" 3210
"C:/24CI0412MP/Content/Mediterranean_Coast/Textures/T_Atlas_A_Opacity.uexp" 3211
"C:/24CI0412MP/Content/Mediterranean_Coast/Textures/T_ATLAS_A_ORMSS.ubulk" 3212
"C:/24CI0412MP/Content/Mediterranean_Coast/Textures/T_ATLAS_A_ORMSS.uasset" 3213
"C:/24CI0412MP/Content/Mediterranean_Coast/Textures/T_ATLAS_A_ORMSS.uexp" 3214
"C:/24CI0412MP/Content/Mediterranean_Coast/Textures/T_Atlas_A_BC.ubulk" 3215
"C:/24CI0412MP/Content/Mediterranean_Coast/Textures/T_Atlas_A_BC.uasset" 3216
"C:/24CI0412MP/Content/Mediterranean_Coast/Textures/T_Atlas_A_BC.uexp" 3217
"C:/24CI0412MP/Content/Mediterranean_Coast/Textures/T_Atlas_A_N.ubulk" 3218
"C:/24CI0412MP/Content/Mediterranean_Coast/Textures/T_Atlas_A_N.uasset" 3219
"C:/24CI0412MP/Content/Mediterranean_Coast/Textures/T_Atlas_A_N.uexp" 3220
"C:/24CI0412MP/Content/Mediterranean_Coast/Materials/MI_Grass_E_LOD01.uasset" 3221
"C:/24CI0412MP/Content/Mediterranean_Coast/Materials/MI_Grass_E_LOD01.uexp" 3222
"C:/24CI0412MP/Content/Mediterranean_Coast/Materials/MI_Grass_E.uasset" 3223
"C:/24CI0412MP/Content/Mediterranean_Coast/Materials/MI_Grass_E.uexp" 3224
"C:/24CI0412MP/Content/Mediterranean_Coast/Meshes/SM_Grass_E.ubulk" 3225
"C:/24CI0412MP/Content/Mediterranean_Coast/Meshes/SM_Grass_E.uasset" 3226
"C:/24CI0412MP/Content/Mediterranean_Coast/Meshes/SM_Grass_E.uexp" 3227
"C:/24CI0412MP/Content/Mediterranean_Coast/Textures/T_Atlas_B_ORMSS.ubulk" 3228
"C:/24CI0412MP/Content/Mediterranean_Coast/Textures/T_Atlas_B_ORMSS.uasset" 3229
"C:/24CI0412MP/Content/Mediterranean_Coast/Textures/T_Atlas_B_ORMSS.uexp" 3230
"C:/24CI0412MP/Content/Mediterranean_Coast/Textures/T_Atlas_B_Opacity.ubulk" 3231
"C:/24CI0412MP/Content/Mediterranean_Coast/Textures/T_Atlas_B_Opacity.uasset" 3232
"C:/24CI0412MP/Content/Mediterranean_Coast/Textures/T_Atlas_B_Opacity.uexp" 3233
"C:/24CI0412MP/Content/Mediterranean_Coast/Textures/T_Atlas_B_N.ubulk" 3234
"C:/24CI0412MP/Content/Mediterranean_Coast/Textures/T_Atlas_B_N.uasset" 3235
"C:/24CI0412MP/Content/Mediterranean_Coast/Textures/T_Atlas_B_N.uexp" 3236
"C:/24CI0412MP/Content/Mediterranean_Coast/Textures/T_Atlas_B_BC.ubulk" 3237
"C:/24CI0412MP/Content/Mediterranean_Coast/Textures/T_Atlas_B_BC.uasset" 3238
"C:/24CI0412MP/Content/Mediterranean_Coast/Textures/T_Atlas_B_BC.uexp" 3239
"C:/24CI0412MP/Content/Mediterranean_Coast/Materials/MI_Flower_C.uasset" 3240
"C:/24CI0412MP/Content/Mediterranean_Coast/Materials/MI_Flower_C.uexp" 3241
"C:/24CI0412MP/Content/Mediterranean_Coast/Meshes/SM_Flower_C.ubulk" 3242
"C:/24CI0412MP/Content/Mediterranean_Coast/Meshes/SM_Flower_C.uasset" 3243
"C:/24CI0412MP/Content/Mediterranean_Coast/Meshes/SM_Flower_C.uexp" 3244
"C:/24CI0412MP/Content/Mediterranean_Coast/World_Settings/GrassTypes/GrassLayer/LGT_Grass_B.uasset" 3245
"C:/24CI0412MP/Content/Mediterranean_Coast/World_Settings/GrassTypes/GrassLayer/LGT_Grass_B.uexp" 3246
"C:/24CI0412MP/Content/Mediterranean_Coast/Textures/T_PinusBrutia_Leafs_Opacity.ubulk" 3247
"C:/24CI0412MP/Content/Mediterranean_Coast/Textures/T_PinusBrutia_Leafs_Opacity.uasset" 3248
"C:/24CI0412MP/Content/Mediterranean_Coast/Textures/T_PinusBrutia_Leafs_Opacity.uexp" 3249
"C:/24CI0412MP/Content/Mediterranean_Coast/Textures/T_PinusBrutia_Leafs_Basecolor.ubulk" 3250
"C:/24CI0412MP/Content/Mediterranean_Coast/Textures/T_PinusBrutia_Leafs_Basecolor.uasset" 3251
"C:/24CI0412MP/Content/Mediterranean_Coast/Textures/T_PinusBrutia_Leafs_Basecolor.uexp" 3252
"C:/24CI0412MP/Content/Mediterranean_Coast/Textures/T_PinusBrutia_Leafs_ORMSS.ubulk" 3253
"C:/24CI0412MP/Content/Mediterranean_Coast/Textures/T_PinusBrutia_Leafs_ORMSS.uasset" 3254
"C:/24CI0412MP/Content/Mediterranean_Coast/Textures/T_PinusBrutia_Leafs_ORMSS.uexp" 3255
"C:/24CI0412MP/Content/Mediterranean_Coast/Textures/T_PinusBrutia_Leafs_Normal.ubulk" 3256
"C:/24CI0412MP/Content/Mediterranean_Coast/Textures/T_PinusBrutia_Leafs_Normal.uasset" 3257
"C:/24CI0412MP/Content/Mediterranean_Coast/Textures/T_PinusBrutia_Leafs_Normal.uexp" 3258
"C:/24CI0412MP/Content/Mediterranean_Coast/Materials/MI_PineLeafs_B.uasset" 3259
"C:/24CI0412MP/Content/Mediterranean_Coast/Materials/MI_PineLeafs_B.uexp" 3260
"C:/24CI0412MP/Content/Mediterranean_Coast/Textures/T_PinusBrutia_Bark_ORM.ubulk" 3261
"C:/24CI0412MP/Content/Mediterranean_Coast/Textures/T_PinusBrutia_Bark_ORM.uasset" 3262
"C:/24CI0412MP/Content/Mediterranean_Coast/Textures/T_PinusBrutia_Bark_ORM.uexp" 3263
"C:/24CI0412MP/Content/Mediterranean_Coast/Textures/T_PinusBrutia_Bark_Normal.ubulk" 3264
"C:/24CI0412MP/Content/Mediterranean_Coast/Textures/T_PinusBrutia_Bark_Normal.uasset" 3265
"C:/24CI0412MP/Content/Mediterranean_Coast/Textures/T_PinusBrutia_Bark_Normal.uexp" 3266
"C:/24CI0412MP/Content/Mediterranean_Coast/Materials/Master_Materials/M_Bark.uasset" 3267
"C:/24CI0412MP/Content/Mediterranean_Coast/Materials/Master_Materials/M_Bark.uexp" 3268
"C:/24CI0412MP/Content/Mediterranean_Coast/Textures/T_PinusBrutia_Bark_Basecolor.ubulk" 3269
"C:/24CI0412MP/Content/Mediterranean_Coast/Textures/T_PinusBrutia_Bark_Basecolor.uasset" 3270
"C:/24CI0412MP/Content/Mediterranean_Coast/Textures/T_PinusBrutia_Bark_Basecolor.uexp" 3271
"C:/24CI0412MP/Content/Mediterranean_Coast/Materials/MI_PineBark.uasset" 3272
"C:/24CI0412MP/Content/Mediterranean_Coast/Materials/MI_PineBark.uexp" 3273
"C:/24CI0412MP/Content/Mediterranean_Coast/Textures/Tree_Billboards/PineTree/T_PinusBrutia_07_Bill_Bc.uasset" 3274
"C:/24CI0412MP/Content/Mediterranean_Coast/Textures/Tree_Billboards/PineTree/T_PinusBrutia_07_Bill_Bc.uexp" 3275
"C:/24CI0412MP/Content/Mediterranean_Coast/Materials/Material_Functions/MF_Billboard.uasset" 3276
"C:/24CI0412MP/Content/Mediterranean_Coast/Materials/Material_Functions/MF_Billboard.uexp" 3277
"../../../Engine/Content/Functions/Engine_MaterialFunctions02/Math/CreateThirdOrthogonalVector.uasset" 3278
"../../../Engine/Content/Functions/Engine_MaterialFunctions02/Math/CreateThirdOrthogonalVector.uexp" 3279
"../../../Engine/Content/Functions/Engine_MaterialFunctions02/Math/TransformToZVector.uasset" 3280
"../../../Engine/Content/Functions/Engine_MaterialFunctions02/Math/TransformToZVector.uexp" 3281
"C:/24CI0412MP/Content/Mediterranean_Coast/Materials/Material_Functions/MF_POM_Billboards.uasset" 3282
"C:/24CI0412MP/Content/Mediterranean_Coast/Materials/Material_Functions/MF_POM_Billboards.uexp" 3283
"C:/24CI0412MP/Content/Mediterranean_Coast/Materials/Master_Materials/M_Billboard.uasset" 3284
"C:/24CI0412MP/Content/Mediterranean_Coast/Materials/Master_Materials/M_Billboard.uexp" 3285
"C:/24CI0412MP/Content/Mediterranean_Coast/Materials/MI_PinusBrutiaBill.uasset" 3286
"C:/24CI0412MP/Content/Mediterranean_Coast/Materials/MI_PinusBrutiaBill.uexp" 3287
"C:/24CI0412MP/Content/Mediterranean_Coast/Textures/Tree_Billboards/PineTree/T_PinusBrutia_07_Bill_N.ubulk" 3288
"C:/24CI0412MP/Content/Mediterranean_Coast/Textures/Tree_Billboards/PineTree/T_PinusBrutia_07_Bill_N.uasset" 3289
"C:/24CI0412MP/Content/Mediterranean_Coast/Textures/Tree_Billboards/PineTree/T_PinusBrutia_07_Bill_N.uexp" 3290
"C:/24CI0412MP/Content/Mediterranean_Coast/Materials/MI_PinusBrutiaBill_07.uasset" 3291
"C:/24CI0412MP/Content/Mediterranean_Coast/Materials/MI_PinusBrutiaBill_07.uexp" 3292
"C:/24CI0412MP/Content/Mediterranean_Coast/Meshes/SM_Pinus_Brutia_Bush.ubulk" 3293
"C:/24CI0412MP/Content/Mediterranean_Coast/Meshes/SM_Pinus_Brutia_Bush.uasset" 3294
"C:/24CI0412MP/Content/Mediterranean_Coast/Meshes/SM_Pinus_Brutia_Bush.uexp" 3295
"C:/24CI0412MP/Content/Mediterranean_Coast/Textures/T_Atlas_D_Opacity.ubulk" 3296
"C:/24CI0412MP/Content/Mediterranean_Coast/Textures/T_Atlas_D_Opacity.uasset" 3297
"C:/24CI0412MP/Content/Mediterranean_Coast/Textures/T_Atlas_D_Opacity.uexp" 3298
"C:/24CI0412MP/Content/Mediterranean_Coast/Textures/T_Atlas_D_Normal.ubulk" 3299
"C:/24CI0412MP/Content/Mediterranean_Coast/Textures/T_Atlas_D_Normal.uasset" 3300
"C:/24CI0412MP/Content/Mediterranean_Coast/Textures/T_Atlas_D_Normal.uexp" 3301
"C:/24CI0412MP/Content/Mediterranean_Coast/Textures/T_Atlas_D_Basecolor.ubulk" 3302
"C:/24CI0412MP/Content/Mediterranean_Coast/Textures/T_Atlas_D_Basecolor.uasset" 3303
"C:/24CI0412MP/Content/Mediterranean_Coast/Textures/T_Atlas_D_Basecolor.uexp" 3304
"C:/24CI0412MP/Content/Mediterranean_Coast/Textures/T_Atlas_D_RAOSS.ubulk" 3305
"C:/24CI0412MP/Content/Mediterranean_Coast/Textures/T_Atlas_D_RAOSS.uasset" 3306
"C:/24CI0412MP/Content/Mediterranean_Coast/Textures/T_Atlas_D_RAOSS.uexp" 3307
"C:/24CI0412MP/Content/Mediterranean_Coast/Materials/MI_GroundVeg_C.uasset" 3308
"C:/24CI0412MP/Content/Mediterranean_Coast/Materials/MI_GroundVeg_C.uexp" 3309
"C:/24CI0412MP/Content/Mediterranean_Coast/Meshes/SM_GroundVeg_C.ubulk" 3310
"C:/24CI0412MP/Content/Mediterranean_Coast/Meshes/SM_GroundVeg_C.uasset" 3311
"C:/24CI0412MP/Content/Mediterranean_Coast/Meshes/SM_GroundVeg_C.uexp" 3312
"C:/24CI0412MP/Content/Mediterranean_Coast/Materials/MI_Grass_G.uasset" 3313
"C:/24CI0412MP/Content/Mediterranean_Coast/Materials/MI_Grass_G.uexp" 3314
"C:/24CI0412MP/Content/Mediterranean_Coast/Meshes/SM_Grass_G.ubulk" 3315
"C:/24CI0412MP/Content/Mediterranean_Coast/Meshes/SM_Grass_G.uasset" 3316
"C:/24CI0412MP/Content/Mediterranean_Coast/Meshes/SM_Grass_G.uexp" 3317
"C:/24CI0412MP/Content/Mediterranean_Coast/Materials/MI_GroundVeg_A.uasset" 3318
"C:/24CI0412MP/Content/Mediterranean_Coast/Materials/MI_GroundVeg_A.uexp" 3319
"C:/24CI0412MP/Content/Mediterranean_Coast/Meshes/SM_GroundVeg_A.ubulk" 3320
"C:/24CI0412MP/Content/Mediterranean_Coast/Meshes/SM_GroundVeg_A.uasset" 3321
"C:/24CI0412MP/Content/Mediterranean_Coast/Meshes/SM_GroundVeg_A.uexp" 3322
"C:/24CI0412MP/Content/Mediterranean_Coast/Materials/MI_GroundVeg_B.uasset" 3323
"C:/24CI0412MP/Content/Mediterranean_Coast/Materials/MI_GroundVeg_B.uexp" 3324
"C:/24CI0412MP/Content/Mediterranean_Coast/Meshes/SM_GroundVeg_B.ubulk" 3325
"C:/24CI0412MP/Content/Mediterranean_Coast/Meshes/SM_GroundVeg_B.uasset" 3326
"C:/24CI0412MP/Content/Mediterranean_Coast/Meshes/SM_GroundVeg_B.uexp" 3327
"C:/24CI0412MP/Content/Mediterranean_Coast/World_Settings/GrassTypes/ForestLayer/LGT_Forest_C.uasset" 3328
"C:/24CI0412MP/Content/Mediterranean_Coast/World_Settings/GrassTypes/ForestLayer/LGT_Forest_C.uexp" 3329
"C:/24CI0412MP/Content/Han/Route.uasset" 3330
"C:/24CI0412MP/Content/Han/Route.uexp" 3331
"C:/24CI0412MP/Content/Mediterranean_Coast/Textures/Tree_Billboards/PineTree/T_PinusBrutia_06_Bill_Bc.uasset" 3332
"C:/24CI0412MP/Content/Mediterranean_Coast/Textures/Tree_Billboards/PineTree/T_PinusBrutia_06_Bill_Bc.uexp" 3333
"C:/24CI0412MP/Content/Mediterranean_Coast/Textures/Tree_Billboards/PineTree/T_PinusBrutia_06_Bill_N.ubulk" 3334
"C:/24CI0412MP/Content/Mediterranean_Coast/Textures/Tree_Billboards/PineTree/T_PinusBrutia_06_Bill_N.uasset" 3335
"C:/24CI0412MP/Content/Mediterranean_Coast/Textures/Tree_Billboards/PineTree/T_PinusBrutia_06_Bill_N.uexp" 3336
"C:/24CI0412MP/Content/Mediterranean_Coast/Materials/MI_PinusBrutiaBill_06.uasset" 3337
"C:/24CI0412MP/Content/Mediterranean_Coast/Materials/MI_PinusBrutiaBill_06.uexp" 3338
"C:/24CI0412MP/Content/Mediterranean_Coast/Meshes/SM_Pinus_Brutia_06.ubulk" 3339
"C:/24CI0412MP/Content/Mediterranean_Coast/Meshes/SM_Pinus_Brutia_06.uasset" 3340
"C:/24CI0412MP/Content/Mediterranean_Coast/Meshes/SM_Pinus_Brutia_06.uexp" 3341
"C:/24CI0412MP/Content/Mediterranean_Coast/Textures/T_OliveLeaf_02_BC.ubulk" 3342
"C:/24CI0412MP/Content/Mediterranean_Coast/Textures/T_OliveLeaf_02_BC.uasset" 3343
"C:/24CI0412MP/Content/Mediterranean_Coast/Textures/T_OliveLeaf_02_BC.uexp" 3344
"C:/24CI0412MP/Content/Mediterranean_Coast/Textures/T_OliveLeaf_02_Opacity.ubulk" 3345
"C:/24CI0412MP/Content/Mediterranean_Coast/Textures/T_OliveLeaf_02_Opacity.uasset" 3346
"C:/24CI0412MP/Content/Mediterranean_Coast/Textures/T_OliveLeaf_02_Opacity.uexp" 3347
"C:/24CI0412MP/Content/Mediterranean_Coast/Textures/T_OliveLeaf_02_N.ubulk" 3348
"C:/24CI0412MP/Content/Mediterranean_Coast/Textures/T_OliveLeaf_02_N.uasset" 3349
"C:/24CI0412MP/Content/Mediterranean_Coast/Textures/T_OliveLeaf_02_N.uexp" 3350
"C:/24CI0412MP/Content/Mediterranean_Coast/Textures/T_OliveLeaf_02_ORMSS.ubulk" 3351
"C:/24CI0412MP/Content/Mediterranean_Coast/Textures/T_OliveLeaf_02_ORMSS.uasset" 3352
"C:/24CI0412MP/Content/Mediterranean_Coast/Textures/T_OliveLeaf_02_ORMSS.uexp" 3353
"C:/24CI0412MP/Content/Mediterranean_Coast/Materials/MI_Olive_Leaf_02.uasset" 3354
"C:/24CI0412MP/Content/Mediterranean_Coast/Materials/MI_Olive_Leaf_02.uexp" 3355
"C:/24CI0412MP/Content/Mediterranean_Coast/Textures/T_Bark_02_ORM.ubulk" 3356
"C:/24CI0412MP/Content/Mediterranean_Coast/Textures/T_Bark_02_ORM.uasset" 3357
"C:/24CI0412MP/Content/Mediterranean_Coast/Textures/T_Bark_02_ORM.uexp" 3358
"C:/24CI0412MP/Content/Mediterranean_Coast/Textures/T_Bark_02_Opacity.ubulk" 3359
"C:/24CI0412MP/Content/Mediterranean_Coast/Textures/T_Bark_02_Opacity.uasset" 3360
"C:/24CI0412MP/Content/Mediterranean_Coast/Textures/T_Bark_02_Opacity.uexp" 3361
"C:/24CI0412MP/Content/Mediterranean_Coast/Textures/T_Bark_02_N.ubulk" 3362
"C:/24CI0412MP/Content/Mediterranean_Coast/Textures/T_Bark_02_N.uasset" 3363
"C:/24CI0412MP/Content/Mediterranean_Coast/Textures/T_Bark_02_N.uexp" 3364
"C:/24CI0412MP/Content/Mediterranean_Coast/Textures/T_Bark_02_BC.ubulk" 3365
"C:/24CI0412MP/Content/Mediterranean_Coast/Textures/T_Bark_02_BC.uasset" 3366
"C:/24CI0412MP/Content/Mediterranean_Coast/Textures/T_Bark_02_BC.uexp" 3367
"C:/24CI0412MP/Content/Mediterranean_Coast/Materials/MI_OliveBark_02.uasset" 3368
"C:/24CI0412MP/Content/Mediterranean_Coast/Materials/MI_OliveBark_02.uexp" 3369
"C:/24CI0412MP/Content/Mediterranean_Coast/Textures/T_OliveLeaf_01_N.ubulk" 3370
"C:/24CI0412MP/Content/Mediterranean_Coast/Textures/T_OliveLeaf_01_N.uasset" 3371
"C:/24CI0412MP/Content/Mediterranean_Coast/Textures/T_OliveLeaf_01_N.uexp" 3372
"C:/24CI0412MP/Content/Mediterranean_Coast/Textures/T_OliveLeaf_01_BC.ubulk" 3373
"C:/24CI0412MP/Content/Mediterranean_Coast/Textures/T_OliveLeaf_01_BC.uasset" 3374
"C:/24CI0412MP/Content/Mediterranean_Coast/Textures/T_OliveLeaf_01_BC.uexp" 3375
"C:/24CI0412MP/Content/Mediterranean_Coast/Textures/T_OliveLeaf_01_ORMSS.ubulk" 3376
"C:/24CI0412MP/Content/Mediterranean_Coast/Textures/T_OliveLeaf_01_ORMSS.uasset" 3377
"C:/24CI0412MP/Content/Mediterranean_Coast/Textures/T_OliveLeaf_01_ORMSS.uexp" 3378
"C:/24CI0412MP/Content/Mediterranean_Coast/Textures/T_OliveLeaf_01_Opacity.ubulk" 3379
"C:/24CI0412MP/Content/Mediterranean_Coast/Textures/T_OliveLeaf_01_Opacity.uasset" 3380
"C:/24CI0412MP/Content/Mediterranean_Coast/Textures/T_OliveLeaf_01_Opacity.uexp" 3381
"C:/24CI0412MP/Content/Mediterranean_Coast/Materials/MI_Olive_Leaf_01.uasset" 3382
"C:/24CI0412MP/Content/Mediterranean_Coast/Materials/MI_Olive_Leaf_01.uexp" 3383
"C:/24CI0412MP/Content/Mediterranean_Coast/Textures/Tree_Billboards/OliveTree/T_Olive_01_Bill_N.ubulk" 3384
"C:/24CI0412MP/Content/Mediterranean_Coast/Textures/Tree_Billboards/OliveTree/T_Olive_01_Bill_N.uasset" 3385
"C:/24CI0412MP/Content/Mediterranean_Coast/Textures/Tree_Billboards/OliveTree/T_Olive_01_Bill_N.uexp" 3386
"C:/24CI0412MP/Content/Mediterranean_Coast/Materials/MI_OliveBill.uasset" 3387
"C:/24CI0412MP/Content/Mediterranean_Coast/Materials/MI_OliveBill.uexp" 3388
"C:/24CI0412MP/Content/Mediterranean_Coast/Textures/Tree_Billboards/OliveTree/T_Olive_01_Bill_Bc.ubulk" 3389
"C:/24CI0412MP/Content/Mediterranean_Coast/Textures/Tree_Billboards/OliveTree/T_Olive_01_Bill_Bc.uasset" 3390
"C:/24CI0412MP/Content/Mediterranean_Coast/Textures/Tree_Billboards/OliveTree/T_Olive_01_Bill_Bc.uexp" 3391
"C:/24CI0412MP/Content/Mediterranean_Coast/Materials/MI_OliveBill_01.uasset" 3392
"C:/24CI0412MP/Content/Mediterranean_Coast/Materials/MI_OliveBill_01.uexp" 3393
"C:/24CI0412MP/Content/Mediterranean_Coast/Textures/T_Bark_01_ORM.ubulk" 3394
"C:/24CI0412MP/Content/Mediterranean_Coast/Textures/T_Bark_01_ORM.uasset" 3395
"C:/24CI0412MP/Content/Mediterranean_Coast/Textures/T_Bark_01_ORM.uexp" 3396
"C:/24CI0412MP/Content/Mediterranean_Coast/Textures/T_Bark_01_BC.ubulk" 3397
"C:/24CI0412MP/Content/Mediterranean_Coast/Textures/T_Bark_01_BC.uasset" 3398
"C:/24CI0412MP/Content/Mediterranean_Coast/Textures/T_Bark_01_BC.uexp" 3399
"C:/24CI0412MP/Content/Mediterranean_Coast/Textures/T_Bark_01_N.ubulk" 3400
"C:/24CI0412MP/Content/Mediterranean_Coast/Textures/T_Bark_01_N.uasset" 3401
"C:/24CI0412MP/Content/Mediterranean_Coast/Textures/T_Bark_01_N.uexp" 3402
"C:/24CI0412MP/Content/Mediterranean_Coast/Materials/MI_OliveBark_01.uasset" 3403
"C:/24CI0412MP/Content/Mediterranean_Coast/Materials/MI_OliveBark_01.uexp" 3404
"C:/24CI0412MP/Content/Mediterranean_Coast/Meshes/SM_Olive_01.ubulk" 3405
"C:/24CI0412MP/Content/Mediterranean_Coast/Meshes/SM_Olive_01.uasset" 3406
"C:/24CI0412MP/Content/Mediterranean_Coast/Meshes/SM_Olive_01.uexp" 3407
"C:/24CI0412MP/Content/Mediterranean_Coast/Materials/MI_PineBark_Props.uasset" 3408
"C:/24CI0412MP/Content/Mediterranean_Coast/Materials/MI_PineBark_Props.uexp" 3409
"C:/24CI0412MP/Content/Mediterranean_Coast/Meshes/SM_WoodDebris_03.ubulk" 3410
"C:/24CI0412MP/Content/Mediterranean_Coast/Meshes/SM_WoodDebris_03.uasset" 3411
"C:/24CI0412MP/Content/Mediterranean_Coast/Meshes/SM_WoodDebris_03.uexp" 3412
"C:/24CI0412MP/Content/Mediterranean_Coast/Textures/T_RockDebris_Normal.ubulk" 3413
"C:/24CI0412MP/Content/Mediterranean_Coast/Textures/T_RockDebris_Normal.uasset" 3414
"C:/24CI0412MP/Content/Mediterranean_Coast/Textures/T_RockDebris_Normal.uexp" 3415
"C:/24CI0412MP/Content/Mediterranean_Coast/Textures/T_Moss_Normal.ubulk" 3416
"C:/24CI0412MP/Content/Mediterranean_Coast/Textures/T_Moss_Normal.uasset" 3417
"C:/24CI0412MP/Content/Mediterranean_Coast/Textures/T_Moss_Normal.uexp" 3418
"../../../Engine/Content/Functions/MaterialLayerFunctions/MatLayerBlend_Standard.uasset" 3419
"../../../Engine/Content/Functions/MaterialLayerFunctions/MatLayerBlend_Standard.uexp" 3420
"C:/24CI0412MP/Content/Mediterranean_Coast/Textures/T_Moss_Basecolor.ubulk" 3421
"C:/24CI0412MP/Content/Mediterranean_Coast/Textures/T_Moss_Basecolor.uasset" 3422
"C:/24CI0412MP/Content/Mediterranean_Coast/Textures/T_Moss_Basecolor.uexp" 3423
"C:/24CI0412MP/Content/Mediterranean_Coast/Textures/T_Moss_ORM.ubulk" 3424
"C:/24CI0412MP/Content/Mediterranean_Coast/Textures/T_Moss_ORM.uasset" 3425
"C:/24CI0412MP/Content/Mediterranean_Coast/Textures/T_Moss_ORM.uexp" 3426
"C:/24CI0412MP/Content/Mediterranean_Coast/Materials/Material_Functions/MF_Moss.uasset" 3427
"C:/24CI0412MP/Content/Mediterranean_Coast/Materials/Material_Functions/MF_Moss.uexp" 3428
"C:/24CI0412MP/Content/Mediterranean_Coast/Materials/Master_Materials/M_Debris.uasset" 3429
"C:/24CI0412MP/Content/Mediterranean_Coast/Materials/Master_Materials/M_Debris.uexp" 3430
"C:/24CI0412MP/Content/Mediterranean_Coast/Textures/T_RockDebris_ORM.ubulk" 3431
"C:/24CI0412MP/Content/Mediterranean_Coast/Textures/T_RockDebris_ORM.uasset" 3432
"C:/24CI0412MP/Content/Mediterranean_Coast/Textures/T_RockDebris_ORM.uexp" 3433
"C:/24CI0412MP/Content/Mediterranean_Coast/Textures/T_RockDebris_Basecolor.ubulk" 3434
"C:/24CI0412MP/Content/Mediterranean_Coast/Textures/T_RockDebris_Basecolor.uasset" 3435
"C:/24CI0412MP/Content/Mediterranean_Coast/Textures/T_RockDebris_Basecolor.uexp" 3436
"C:/24CI0412MP/Content/Mediterranean_Coast/Materials/MI_RockDebris_D.uasset" 3437
"C:/24CI0412MP/Content/Mediterranean_Coast/Materials/MI_RockDebris_D.uexp" 3438
"C:/24CI0412MP/Content/Mediterranean_Coast/Meshes/SM_RockDebris_04.ubulk" 3439
"C:/24CI0412MP/Content/Mediterranean_Coast/Meshes/SM_RockDebris_04.uasset" 3440
"C:/24CI0412MP/Content/Mediterranean_Coast/Meshes/SM_RockDebris_04.uexp" 3441
"C:/24CI0412MP/Content/Mediterranean_Coast/Meshes/SM_WoodDebris_04.ubulk" 3442
"C:/24CI0412MP/Content/Mediterranean_Coast/Meshes/SM_WoodDebris_04.uasset" 3443
"C:/24CI0412MP/Content/Mediterranean_Coast/Meshes/SM_WoodDebris_04.uexp" 3444
"C:/24CI0412MP/Content/Mediterranean_Coast/Meshes/SM_WoodDebris_02.ubulk" 3445
"C:/24CI0412MP/Content/Mediterranean_Coast/Meshes/SM_WoodDebris_02.uasset" 3446
"C:/24CI0412MP/Content/Mediterranean_Coast/Meshes/SM_WoodDebris_02.uexp" 3447
"C:/24CI0412MP/Content/Mediterranean_Coast/Materials/MI_RockDebris_C.uasset" 3448
"C:/24CI0412MP/Content/Mediterranean_Coast/Materials/MI_RockDebris_C.uexp" 3449
"C:/24CI0412MP/Content/Mediterranean_Coast/Meshes/SM_RockDebris_03.ubulk" 3450
"C:/24CI0412MP/Content/Mediterranean_Coast/Meshes/SM_RockDebris_03.uasset" 3451
"C:/24CI0412MP/Content/Mediterranean_Coast/Meshes/SM_RockDebris_03.uexp" 3452
"C:/24CI0412MP/Content/Mediterranean_Coast/Materials/MI_RockDebris_A.uasset" 3453
"C:/24CI0412MP/Content/Mediterranean_Coast/Materials/MI_RockDebris_A.uexp" 3454
"C:/24CI0412MP/Content/Mediterranean_Coast/Meshes/SM_RockDebris_01.ubulk" 3455
"C:/24CI0412MP/Content/Mediterranean_Coast/Meshes/SM_RockDebris_01.uasset" 3456
"C:/24CI0412MP/Content/Mediterranean_Coast/Meshes/SM_RockDebris_01.uexp" 3457
"C:/24CI0412MP/Content/Mediterranean_Coast/Materials/MI_RockDebris_B.uasset" 3458
"C:/24CI0412MP/Content/Mediterranean_Coast/Materials/MI_RockDebris_B.uexp" 3459
"C:/24CI0412MP/Content/Mediterranean_Coast/Meshes/SM_RockDebris_02.ubulk" 3460
"C:/24CI0412MP/Content/Mediterranean_Coast/Meshes/SM_RockDebris_02.uasset" 3461
"C:/24CI0412MP/Content/Mediterranean_Coast/Meshes/SM_RockDebris_02.uexp" 3462
"C:/24CI0412MP/Content/Mediterranean_Coast/Meshes/SM_WoodDebris_01.ubulk" 3463
"C:/24CI0412MP/Content/Mediterranean_Coast/Meshes/SM_WoodDebris_01.uasset" 3464
"C:/24CI0412MP/Content/Mediterranean_Coast/Meshes/SM_WoodDebris_01.uexp" 3465
"C:/24CI0412MP/Content/Mediterranean_Coast/World_Settings/GrassTypes/GroundLayer/LGT_Ground_A.uasset" 3466
"C:/24CI0412MP/Content/Mediterranean_Coast/World_Settings/GrassTypes/GroundLayer/LGT_Ground_A.uexp" 3467
"../../../Engine/Content/OpenWorldTemplate/LandscapeMaterial/T_GridChecker_A.ubulk" 3468
"../../../Engine/Content/OpenWorldTemplate/LandscapeMaterial/T_GridChecker_A.uasset" 3469
"../../../Engine/Content/OpenWorldTemplate/LandscapeMaterial/T_GridChecker_A.uexp" 3470
"../../../Engine/Content/OpenWorldTemplate/LandscapeMaterial/MF_ProcGrid.uasset" 3471
"../../../Engine/Content/OpenWorldTemplate/LandscapeMaterial/MF_ProcGrid.uexp" 3472
"../../../Engine/Content/OpenWorldTemplate/LandscapeMaterial/M_ProcGrid.uasset" 3473
"../../../Engine/Content/OpenWorldTemplate/LandscapeMaterial/M_ProcGrid.uexp" 3474
"../../../Engine/Content/OpenWorldTemplate/LandscapeMaterial/MI_ProcGrid.uasset" 3475
"../../../Engine/Content/OpenWorldTemplate/LandscapeMaterial/MI_ProcGrid.uexp" 3476
"C:/24CI0412MP/Content/Mediterranean_Coast/Materials/MI_Grass_A_LOD01.uasset" 3477
"C:/24CI0412MP/Content/Mediterranean_Coast/Materials/MI_Grass_A_LOD01.uexp" 3478
"C:/24CI0412MP/Content/Mediterranean_Coast/Materials/MI_Grass_A.uasset" 3479
"C:/24CI0412MP/Content/Mediterranean_Coast/Materials/MI_Grass_A.uexp" 3480
"C:/24CI0412MP/Content/Mediterranean_Coast/Meshes/SM_Grass_A.ubulk" 3481
"C:/24CI0412MP/Content/Mediterranean_Coast/Meshes/SM_Grass_A.uasset" 3482
"C:/24CI0412MP/Content/Mediterranean_Coast/Meshes/SM_Grass_A.uexp" 3483
"C:/24CI0412MP/Content/Mediterranean_Coast/Materials/MI_Grass_D.uasset" 3484
"C:/24CI0412MP/Content/Mediterranean_Coast/Materials/MI_Grass_D.uexp" 3485
"C:/24CI0412MP/Content/Mediterranean_Coast/Materials/MI_Grass_D_LOD01.uasset" 3486
"C:/24CI0412MP/Content/Mediterranean_Coast/Materials/MI_Grass_D_LOD01.uexp" 3487
"C:/24CI0412MP/Content/Mediterranean_Coast/Meshes/SM_Grass_D.ubulk" 3488
"C:/24CI0412MP/Content/Mediterranean_Coast/Meshes/SM_Grass_D.uasset" 3489
"C:/24CI0412MP/Content/Mediterranean_Coast/Meshes/SM_Grass_D.uexp" 3490
"C:/24CI0412MP/Content/Mediterranean_Coast/World_Settings/GrassTypes/GrassLayer/LGT_Grass_D.uasset" 3491
"C:/24CI0412MP/Content/Mediterranean_Coast/World_Settings/GrassTypes/GrassLayer/LGT_Grass_D.uexp" 3492
"C:/24CI0412MP/Content/Mediterranean_Coast/Textures/Tree_Billboards/PineTree/T_PinusBrutia_03_Bill_Bc.uasset" 3493
"C:/24CI0412MP/Content/Mediterranean_Coast/Textures/Tree_Billboards/PineTree/T_PinusBrutia_03_Bill_Bc.uexp" 3494
"C:/24CI0412MP/Content/Mediterranean_Coast/Textures/Tree_Billboards/PineTree/T_PinusBrutia_03_Bill_SSS.uasset" 3495
"C:/24CI0412MP/Content/Mediterranean_Coast/Textures/Tree_Billboards/PineTree/T_PinusBrutia_03_Bill_SSS.uexp" 3496
"C:/24CI0412MP/Content/Mediterranean_Coast/Textures/Tree_Billboards/PineTree/T_PinusBrutia_03_Bill_N.ubulk" 3497
"C:/24CI0412MP/Content/Mediterranean_Coast/Textures/Tree_Billboards/PineTree/T_PinusBrutia_03_Bill_N.uasset" 3498
"C:/24CI0412MP/Content/Mediterranean_Coast/Textures/Tree_Billboards/PineTree/T_PinusBrutia_03_Bill_N.uexp" 3499
"C:/24CI0412MP/Content/Mediterranean_Coast/Materials/MI_PinusBrutiaBill_03.uasset" 3500
"C:/24CI0412MP/Content/Mediterranean_Coast/Materials/MI_PinusBrutiaBill_03.uexp" 3501
"C:/24CI0412MP/Content/Mediterranean_Coast/Materials/MI_PineLeafs.uasset" 3502
"C:/24CI0412MP/Content/Mediterranean_Coast/Materials/MI_PineLeafs.uexp" 3503
"C:/24CI0412MP/Content/Mediterranean_Coast/Textures/T_PinusBrutia_Props_Normal.ubulk" 3504
"C:/24CI0412MP/Content/Mediterranean_Coast/Textures/T_PinusBrutia_Props_Normal.uasset" 3505
"C:/24CI0412MP/Content/Mediterranean_Coast/Textures/T_PinusBrutia_Props_Normal.uexp" 3506
"C:/24CI0412MP/Content/Mediterranean_Coast/Textures/T_PinusBrutia_Props_Opacity.ubulk" 3507
"C:/24CI0412MP/Content/Mediterranean_Coast/Textures/T_PinusBrutia_Props_Opacity.uasset" 3508
"C:/24CI0412MP/Content/Mediterranean_Coast/Textures/T_PinusBrutia_Props_Opacity.uexp" 3509
"C:/24CI0412MP/Content/Mediterranean_Coast/Textures/T_PinusBrutia_Props_Basecolor.ubulk" 3510
"C:/24CI0412MP/Content/Mediterranean_Coast/Textures/T_PinusBrutia_Props_Basecolor.uasset" 3511
"C:/24CI0412MP/Content/Mediterranean_Coast/Textures/T_PinusBrutia_Props_Basecolor.uexp" 3512
"C:/24CI0412MP/Content/Mediterranean_Coast/Textures/T_PinusBrutia_Props_ORMSS.ubulk" 3513
"C:/24CI0412MP/Content/Mediterranean_Coast/Textures/T_PinusBrutia_Props_ORMSS.uasset" 3514
"C:/24CI0412MP/Content/Mediterranean_Coast/Textures/T_PinusBrutia_Props_ORMSS.uexp" 3515
"C:/24CI0412MP/Content/Mediterranean_Coast/Materials/MI_PineBranches.uasset" 3516
"C:/24CI0412MP/Content/Mediterranean_Coast/Materials/MI_PineBranches.uexp" 3517
"C:/24CI0412MP/Content/Mediterranean_Coast/Textures/T_Cap_Color.ubulk" 3518
"C:/24CI0412MP/Content/Mediterranean_Coast/Textures/T_Cap_Color.uasset" 3519
"C:/24CI0412MP/Content/Mediterranean_Coast/Textures/T_Cap_Color.uexp" 3520
"C:/24CI0412MP/Content/Mediterranean_Coast/Materials/MI_PineCap.uasset" 3521
"C:/24CI0412MP/Content/Mediterranean_Coast/Materials/MI_PineCap.uexp" 3522
"C:/24CI0412MP/Content/Mediterranean_Coast/Materials/MI_PineLeafs_LOD.uasset" 3523
"C:/24CI0412MP/Content/Mediterranean_Coast/Materials/MI_PineLeafs_LOD.uexp" 3524
"C:/24CI0412MP/Content/Mediterranean_Coast/Meshes/SM_Pinus_Brutia_03.ubulk" 3525
"C:/24CI0412MP/Content/Mediterranean_Coast/Meshes/SM_Pinus_Brutia_03.uasset" 3526
"C:/24CI0412MP/Content/Mediterranean_Coast/Meshes/SM_Pinus_Brutia_03.uexp" 3527
"C:/24CI0412MP/Content/Mediterranean_Coast/Textures/Landscape_Textures/T_Ground_Mask.ubulk" 3528
"C:/24CI0412MP/Content/Mediterranean_Coast/Textures/Landscape_Textures/T_Ground_Mask.uasset" 3529
"C:/24CI0412MP/Content/Mediterranean_Coast/Textures/Landscape_Textures/T_Ground_Mask.uexp" 3530
"../../../Engine/Content/Functions/MaterialLayerFunctions/MatLayerBlend_StandardWithDisplacement.uasset" 3531
"../../../Engine/Content/Functions/MaterialLayerFunctions/MatLayerBlend_StandardWithDisplacement.uexp" 3532
"C:/24CI0412MP/Content/Mediterranean_Coast/Textures/Landscape_Textures/T_Cliff_Mask.ubulk" 3533
"C:/24CI0412MP/Content/Mediterranean_Coast/Textures/Landscape_Textures/T_Cliff_Mask.uasset" 3534
"C:/24CI0412MP/Content/Mediterranean_Coast/Textures/Landscape_Textures/T_Cliff_Mask.uexp" 3535
"C:/24CI0412MP/Content/Mediterranean_Coast/Textures/Landscape_Textures/T_Grass_Normal.ubulk" 3536
"C:/24CI0412MP/Content/Mediterranean_Coast/Textures/Landscape_Textures/T_Grass_Normal.uasset" 3537
"C:/24CI0412MP/Content/Mediterranean_Coast/Textures/Landscape_Textures/T_Grass_Normal.uexp" 3538
"C:/24CI0412MP/Content/Mediterranean_Coast/Textures/Landscape_Textures/T_Ground_Basecolor.ubulk" 3539
"C:/24CI0412MP/Content/Mediterranean_Coast/Textures/Landscape_Textures/T_Ground_Basecolor.uasset" 3540
"C:/24CI0412MP/Content/Mediterranean_Coast/Textures/Landscape_Textures/T_Ground_Basecolor.uexp" 3541
"C:/24CI0412MP/Content/Mediterranean_Coast/Materials/MI_Flower_A.uasset" 3542
"C:/24CI0412MP/Content/Mediterranean_Coast/Materials/MI_Flower_A.uexp" 3543
"C:/24CI0412MP/Content/Mediterranean_Coast/Meshes/SM_Flower_A.ubulk" 3544
"C:/24CI0412MP/Content/Mediterranean_Coast/Meshes/SM_Flower_A.uasset" 3545
"C:/24CI0412MP/Content/Mediterranean_Coast/Meshes/SM_Flower_A.uexp" 3546
"C:/24CI0412MP/Content/Mediterranean_Coast/Materials/MI_Flower_B.uasset" 3547
"C:/24CI0412MP/Content/Mediterranean_Coast/Materials/MI_Flower_B.uexp" 3548
"C:/24CI0412MP/Content/Mediterranean_Coast/Meshes/SM_Flower_B.ubulk" 3549
"C:/24CI0412MP/Content/Mediterranean_Coast/Meshes/SM_Flower_B.uasset" 3550
"C:/24CI0412MP/Content/Mediterranean_Coast/Meshes/SM_Flower_B.uexp" 3551
"C:/24CI0412MP/Content/Mediterranean_Coast/Materials/MI_Flower_D.uasset" 3552
"C:/24CI0412MP/Content/Mediterranean_Coast/Materials/MI_Flower_D.uexp" 3553
"C:/24CI0412MP/Content/Mediterranean_Coast/Meshes/SM_Flower_D.ubulk" 3554
"C:/24CI0412MP/Content/Mediterranean_Coast/Meshes/SM_Flower_D.uasset" 3555
"C:/24CI0412MP/Content/Mediterranean_Coast/Meshes/SM_Flower_D.uexp" 3556
"C:/24CI0412MP/Content/Mediterranean_Coast/World_Settings/GrassTypes/GrassLayer/LGT_Grass_A.uasset" 3557
"C:/24CI0412MP/Content/Mediterranean_Coast/World_Settings/GrassTypes/GrassLayer/LGT_Grass_A.uexp" 3558
"C:/24CI0412MP/Content/Mediterranean_Coast/Textures/Landscape_Textures/T_Forest_B_Mask.ubulk" 3559
"C:/24CI0412MP/Content/Mediterranean_Coast/Textures/Landscape_Textures/T_Forest_B_Mask.uasset" 3560
"C:/24CI0412MP/Content/Mediterranean_Coast/Textures/Landscape_Textures/T_Forest_B_Mask.uexp" 3561
"C:/24CI0412MP/Content/Mediterranean_Coast/Materials/Material_Functions/MF_Mixer.uasset" 3562
"C:/24CI0412MP/Content/Mediterranean_Coast/Materials/Material_Functions/MF_Mixer.uexp" 3563
"C:/24CI0412MP/Content/Mediterranean_Coast/Textures/Landscape_Textures/T_Forest_B_Normal.ubulk" 3564
"C:/24CI0412MP/Content/Mediterranean_Coast/Textures/Landscape_Textures/T_Forest_B_Normal.uasset" 3565
"C:/24CI0412MP/Content/Mediterranean_Coast/Textures/Landscape_Textures/T_Forest_B_Normal.uexp" 3566
"C:/24CI0412MP/Content/Mediterranean_Coast/Materials/Material_Functions/MF_Modifier.uasset" 3567
"C:/24CI0412MP/Content/Mediterranean_Coast/Materials/Material_Functions/MF_Modifier.uexp" 3568
"C:/24CI0412MP/Content/Mediterranean_Coast/Materials/Material_Functions/MF_Meter.uasset" 3569
"C:/24CI0412MP/Content/Mediterranean_Coast/Materials/Material_Functions/MF_Meter.uexp" 3570
"C:/24CI0412MP/Content/Mediterranean_Coast/Textures/Landscape_Textures/T_Forest_B_Basecolor.ubulk" 3571
"C:/24CI0412MP/Content/Mediterranean_Coast/Textures/Landscape_Textures/T_Forest_B_Basecolor.uasset" 3572
"C:/24CI0412MP/Content/Mediterranean_Coast/Textures/Landscape_Textures/T_Forest_B_Basecolor.uexp" 3573
"C:/24CI0412MP/Content/Mediterranean_Coast/Materials/Material_Functions/Landscape_Layers/MF_ForestLayer.uasset" 3574
"C:/24CI0412MP/Content/Mediterranean_Coast/Materials/Material_Functions/Landscape_Layers/MF_ForestLayer.uexp" 3575
"C:/24CI0412MP/Content/Mediterranean_Coast/Textures/Landscape_Textures/T_Gravel_N.ubulk" 3576
"C:/24CI0412MP/Content/Mediterranean_Coast/Textures/Landscape_Textures/T_Gravel_N.uasset" 3577
"C:/24CI0412MP/Content/Mediterranean_Coast/Textures/Landscape_Textures/T_Gravel_N.uexp" 3578
"C:/24CI0412MP/Content/Mediterranean_Coast/Textures/T_Atlas_C_Bc.ubulk" 3579
"C:/24CI0412MP/Content/Mediterranean_Coast/Textures/T_Atlas_C_Bc.uasset" 3580
"C:/24CI0412MP/Content/Mediterranean_Coast/Textures/T_Atlas_C_Bc.uexp" 3581
"C:/24CI0412MP/Content/Mediterranean_Coast/Textures/T_Atlas_C_ORMSS.ubulk" 3582
"C:/24CI0412MP/Content/Mediterranean_Coast/Textures/T_Atlas_C_ORMSS.uasset" 3583
"C:/24CI0412MP/Content/Mediterranean_Coast/Textures/T_Atlas_C_ORMSS.uexp" 3584
"C:/24CI0412MP/Content/Mediterranean_Coast/Textures/T_Atlas_C_Opacity.ubulk" 3585
"C:/24CI0412MP/Content/Mediterranean_Coast/Textures/T_Atlas_C_Opacity.uasset" 3586
"C:/24CI0412MP/Content/Mediterranean_Coast/Textures/T_Atlas_C_Opacity.uexp" 3587
"C:/24CI0412MP/Content/Mediterranean_Coast/Textures/T_Atlas_C_N.ubulk" 3588
"C:/24CI0412MP/Content/Mediterranean_Coast/Textures/T_Atlas_C_N.uasset" 3589
"C:/24CI0412MP/Content/Mediterranean_Coast/Textures/T_Atlas_C_N.uexp" 3590
"C:/24CI0412MP/Content/Mediterranean_Coast/Materials/MI_Veg_A.uasset" 3591
"C:/24CI0412MP/Content/Mediterranean_Coast/Materials/MI_Veg_A.uexp" 3592
"C:/24CI0412MP/Content/Mediterranean_Coast/Meshes/SM_Veg_A.ubulk" 3593
"C:/24CI0412MP/Content/Mediterranean_Coast/Meshes/SM_Veg_A.uasset" 3594
"C:/24CI0412MP/Content/Mediterranean_Coast/Meshes/SM_Veg_A.uexp" 3595
"C:/24CI0412MP/Content/Mediterranean_Coast/Materials/MI_Veg_B.uasset" 3596
"C:/24CI0412MP/Content/Mediterranean_Coast/Materials/MI_Veg_B.uexp" 3597
"C:/24CI0412MP/Content/Mediterranean_Coast/Meshes/SM_Veg_B.ubulk" 3598
"C:/24CI0412MP/Content/Mediterranean_Coast/Meshes/SM_Veg_B.uasset" 3599
"C:/24CI0412MP/Content/Mediterranean_Coast/Meshes/SM_Veg_B.uexp" 3600
"C:/24CI0412MP/Content/Mediterranean_Coast/World_Settings/GrassTypes/ForestLayer/LGT_Forest_A.uasset" 3601
"C:/24CI0412MP/Content/Mediterranean_Coast/World_Settings/GrassTypes/ForestLayer/LGT_Forest_A.uexp" 3602
"C:/24CI0412MP/Content/Mediterranean_Coast/Textures/Landscape_Textures/T_Sand_Normal.ubulk" 3603
"C:/24CI0412MP/Content/Mediterranean_Coast/Textures/Landscape_Textures/T_Sand_Normal.uasset" 3604
"C:/24CI0412MP/Content/Mediterranean_Coast/Textures/Landscape_Textures/T_Sand_Normal.uexp" 3605
"C:/24CI0412MP/Content/Mediterranean_Coast/Textures/Landscape_Textures/T_Grass_Basecolor.ubulk" 3606
"C:/24CI0412MP/Content/Mediterranean_Coast/Textures/Landscape_Textures/T_Grass_Basecolor.uasset" 3607
"C:/24CI0412MP/Content/Mediterranean_Coast/Textures/Landscape_Textures/T_Grass_Basecolor.uexp" 3608
"C:/24CI0412MP/Content/Mediterranean_Coast/Textures/Landscape_Textures/T_Grass_Mask.ubulk" 3609
"C:/24CI0412MP/Content/Mediterranean_Coast/Textures/Landscape_Textures/T_Grass_Mask.uasset" 3610
"C:/24CI0412MP/Content/Mediterranean_Coast/Textures/Landscape_Textures/T_Grass_Mask.uexp" 3611
"C:/24CI0412MP/Content/Mediterranean_Coast/Materials/Material_Functions/Landscape_Layers/MF_GrassLayer.uasset" 3612
"C:/24CI0412MP/Content/Mediterranean_Coast/Materials/Material_Functions/Landscape_Layers/MF_GrassLayer.uexp" 3613
"C:/24CI0412MP/Content/Mediterranean_Coast/Textures/T_Vegatation_Alpha_02.ubulk" 3614
"C:/24CI0412MP/Content/Mediterranean_Coast/Textures/T_Vegatation_Alpha_02.uasset" 3615
"C:/24CI0412MP/Content/Mediterranean_Coast/Textures/T_Vegatation_Alpha_02.uexp" 3616
"C:/24CI0412MP/Content/Mediterranean_Coast/Textures/Landscape_Textures/T_Sand_Mask.ubulk" 3617
"C:/24CI0412MP/Content/Mediterranean_Coast/Textures/Landscape_Textures/T_Sand_Mask.uasset" 3618
"C:/24CI0412MP/Content/Mediterranean_Coast/Textures/Landscape_Textures/T_Sand_Mask.uexp" 3619
"C:/24CI0412MP/Content/Mediterranean_Coast/Textures/Landscape_Textures/T_Gravel_Bc.ubulk" 3620
"C:/24CI0412MP/Content/Mediterranean_Coast/Textures/Landscape_Textures/T_Gravel_Bc.uasset" 3621
"C:/24CI0412MP/Content/Mediterranean_Coast/Textures/Landscape_Textures/T_Gravel_Bc.uexp" 3622
"C:/24CI0412MP/Content/Mediterranean_Coast/Textures/Landscape_Textures/T_Sand_Basecolor.ubulk" 3623
"C:/24CI0412MP/Content/Mediterranean_Coast/Textures/Landscape_Textures/T_Sand_Basecolor.uasset" 3624
"C:/24CI0412MP/Content/Mediterranean_Coast/Textures/Landscape_Textures/T_Sand_Basecolor.uexp" 3625
"C:/24CI0412MP/Content/Mediterranean_Coast/Materials/MI_Grass_B_LOD01.uasset" 3626
"C:/24CI0412MP/Content/Mediterranean_Coast/Materials/MI_Grass_B_LOD01.uexp" 3627
"C:/24CI0412MP/Content/Mediterranean_Coast/Materials/MI_Grass_B.uasset" 3628
"C:/24CI0412MP/Content/Mediterranean_Coast/Materials/MI_Grass_B.uexp" 3629
"C:/24CI0412MP/Content/Mediterranean_Coast/Meshes/SM_Grass_B.ubulk" 3630
"C:/24CI0412MP/Content/Mediterranean_Coast/Meshes/SM_Grass_B.uasset" 3631
"C:/24CI0412MP/Content/Mediterranean_Coast/Meshes/SM_Grass_B.uexp" 3632
"C:/24CI0412MP/Content/Mediterranean_Coast/Materials/MI_Grass_C.uasset" 3633
"C:/24CI0412MP/Content/Mediterranean_Coast/Materials/MI_Grass_C.uexp" 3634
"C:/24CI0412MP/Content/Mediterranean_Coast/Meshes/SM_Grass_C.ubulk" 3635
"C:/24CI0412MP/Content/Mediterranean_Coast/Meshes/SM_Grass_C.uasset" 3636
"C:/24CI0412MP/Content/Mediterranean_Coast/Meshes/SM_Grass_C.uexp" 3637
"C:/24CI0412MP/Content/Mediterranean_Coast/World_Settings/GrassTypes/GrassLayer/LGT_Grass_C.uasset" 3638
"C:/24CI0412MP/Content/Mediterranean_Coast/World_Settings/GrassTypes/GrassLayer/LGT_Grass_C.uexp" 3639
"C:/24CI0412MP/Content/Mediterranean_Coast/Materials/MI_Veg_D.uasset" 3640
"C:/24CI0412MP/Content/Mediterranean_Coast/Materials/MI_Veg_D.uexp" 3641
"C:/24CI0412MP/Content/Mediterranean_Coast/Meshes/SM_Veg_D.ubulk" 3642
"C:/24CI0412MP/Content/Mediterranean_Coast/Meshes/SM_Veg_D.uasset" 3643
"C:/24CI0412MP/Content/Mediterranean_Coast/Meshes/SM_Veg_D.uexp" 3644
"C:/24CI0412MP/Content/Mediterranean_Coast/Materials/MI_Veg_C.uasset" 3645
"C:/24CI0412MP/Content/Mediterranean_Coast/Materials/MI_Veg_C.uexp" 3646
"C:/24CI0412MP/Content/Mediterranean_Coast/Meshes/SM_Veg_C.ubulk" 3647
"C:/24CI0412MP/Content/Mediterranean_Coast/Meshes/SM_Veg_C.uasset" 3648
"C:/24CI0412MP/Content/Mediterranean_Coast/Meshes/SM_Veg_C.uexp" 3649
"C:/24CI0412MP/Content/Mediterranean_Coast/World_Settings/GrassTypes/ForestLayer/LGT_Forest_B.uasset" 3650
"C:/24CI0412MP/Content/Mediterranean_Coast/World_Settings/GrassTypes/ForestLayer/LGT_Forest_B.uexp" 3651
"C:/24CI0412MP/Content/Mediterranean_Coast/Materials/Material_Functions/Landscape_Layers/MF_SandLayer.uasset" 3652
"C:/24CI0412MP/Content/Mediterranean_Coast/Materials/Material_Functions/Landscape_Layers/MF_SandLayer.uexp" 3653
"C:/24CI0412MP/Content/Mediterranean_Coast/Textures/Landscape_Textures/T_Ground_Normal.ubulk" 3654
"C:/24CI0412MP/Content/Mediterranean_Coast/Textures/Landscape_Textures/T_Ground_Normal.uasset" 3655
"C:/24CI0412MP/Content/Mediterranean_Coast/Textures/Landscape_Textures/T_Ground_Normal.uexp" 3656
"C:/24CI0412MP/Content/Mediterranean_Coast/Materials/Material_Functions/Landscape_Layers/MF_GroundLayer.uasset" 3657
"C:/24CI0412MP/Content/Mediterranean_Coast/Materials/Material_Functions/Landscape_Layers/MF_GroundLayer.uexp" 3658
"C:/24CI0412MP/Content/Mediterranean_Coast/Textures/Landscape_Textures/T_Cliff_BC.ubulk" 3659
"C:/24CI0412MP/Content/Mediterranean_Coast/Textures/Landscape_Textures/T_Cliff_BC.uasset" 3660
"C:/24CI0412MP/Content/Mediterranean_Coast/Textures/Landscape_Textures/T_Cliff_BC.uexp" 3661
"C:/24CI0412MP/Content/Mediterranean_Coast/Textures/Landscape_Textures/T_Cliff_N.ubulk" 3662
"C:/24CI0412MP/Content/Mediterranean_Coast/Textures/Landscape_Textures/T_Cliff_N.uasset" 3663
"C:/24CI0412MP/Content/Mediterranean_Coast/Textures/Landscape_Textures/T_Cliff_N.uexp" 3664
"C:/24CI0412MP/Content/Mediterranean_Coast/World_Settings/GrassTypes/ForestLayer/LGT_Forest_D.uasset" 3665
"C:/24CI0412MP/Content/Mediterranean_Coast/World_Settings/GrassTypes/ForestLayer/LGT_Forest_D.uexp" 3666
"C:/24CI0412MP/Content/Mediterranean_Coast/Textures/Landscape_Textures/T_Gravel_ORM.ubulk" 3667
"C:/24CI0412MP/Content/Mediterranean_Coast/Textures/Landscape_Textures/T_Gravel_ORM.uasset" 3668
"C:/24CI0412MP/Content/Mediterranean_Coast/Textures/Landscape_Textures/T_Gravel_ORM.uexp" 3669
"C:/24CI0412MP/Content/Mediterranean_Coast/Materials/Material_Functions/Landscape_Layers/MF_RocksLayer.uasset" 3670
"C:/24CI0412MP/Content/Mediterranean_Coast/Materials/Material_Functions/Landscape_Layers/MF_RocksLayer.uexp" 3671
"C:/24CI0412MP/Content/Mediterranean_Coast/Materials/Material_Functions/Landscape_Layers/MF_CliffLayer.uasset" 3672
"C:/24CI0412MP/Content/Mediterranean_Coast/Materials/Material_Functions/Landscape_Layers/MF_CliffLayer.uexp" 3673
"C:/24CI0412MP/Content/Mediterranean_Coast/Textures/T_Vegatation_Alpha_01.ubulk" 3674
"C:/24CI0412MP/Content/Mediterranean_Coast/Textures/T_Vegatation_Alpha_01.uasset" 3675
"C:/24CI0412MP/Content/Mediterranean_Coast/Textures/T_Vegatation_Alpha_01.uexp" 3676
"C:/24CI0412MP/Content/Mediterranean_Coast/Materials/Master_Materials/M_Landscape.uasset" 3677
"C:/24CI0412MP/Content/Mediterranean_Coast/Materials/Master_Materials/M_Landscape.uexp" 3678
"C:/24CI0412MP/Content/Mediterranean_Coast/Textures/Tree_Billboards/PineTree/T_PinusBrutia_05_Bill_Bc.uasset" 3679
"C:/24CI0412MP/Content/Mediterranean_Coast/Textures/Tree_Billboards/PineTree/T_PinusBrutia_05_Bill_Bc.uexp" 3680
"C:/24CI0412MP/Content/Mediterranean_Coast/Textures/Tree_Billboards/PineTree/T_PinusBrutia_05_Bill_N.ubulk" 3681
"C:/24CI0412MP/Content/Mediterranean_Coast/Textures/Tree_Billboards/PineTree/T_PinusBrutia_05_Bill_N.uasset" 3682
"C:/24CI0412MP/Content/Mediterranean_Coast/Textures/Tree_Billboards/PineTree/T_PinusBrutia_05_Bill_N.uexp" 3683
"C:/24CI0412MP/Content/Mediterranean_Coast/Textures/Tree_Billboards/PineTree/T_PinusBrutia_05_Bill_SSS.uasset" 3684
"C:/24CI0412MP/Content/Mediterranean_Coast/Textures/Tree_Billboards/PineTree/T_PinusBrutia_05_Bill_SSS.uexp" 3685
"C:/24CI0412MP/Content/Mediterranean_Coast/Materials/MI_PinusBrutiaBill_05.uasset" 3686
"C:/24CI0412MP/Content/Mediterranean_Coast/Materials/MI_PinusBrutiaBill_05.uexp" 3687
"C:/24CI0412MP/Content/Mediterranean_Coast/Meshes/SM_Pinus_Brutia_05.ubulk" 3688
"C:/24CI0412MP/Content/Mediterranean_Coast/Meshes/SM_Pinus_Brutia_05.uasset" 3689
"C:/24CI0412MP/Content/Mediterranean_Coast/Meshes/SM_Pinus_Brutia_05.uexp" 3690
"C:/24CI0412MP/Content/Mediterranean_Coast/Textures/Tree_Billboards/PineTree/T_PinusBrutia_01_Bill_N.uasset" 3691
"C:/24CI0412MP/Content/Mediterranean_Coast/Textures/Tree_Billboards/PineTree/T_PinusBrutia_01_Bill_N.uexp" 3692
"C:/24CI0412MP/Content/Mediterranean_Coast/Textures/Tree_Billboards/PineTree/T_PinusBrutia_01_Bill_Bc.uasset" 3693
"C:/24CI0412MP/Content/Mediterranean_Coast/Textures/Tree_Billboards/PineTree/T_PinusBrutia_01_Bill_Bc.uexp" 3694
"C:/24CI0412MP/Content/Mediterranean_Coast/Textures/Tree_Billboards/PineTree/T_PinusBrutia_01_Bill_SSS.uasset" 3695
"C:/24CI0412MP/Content/Mediterranean_Coast/Textures/Tree_Billboards/PineTree/T_PinusBrutia_01_Bill_SSS.uexp" 3696
"C:/24CI0412MP/Content/Mediterranean_Coast/Materials/MI_PinusBrutiaBill_01.uasset" 3697
"C:/24CI0412MP/Content/Mediterranean_Coast/Materials/MI_PinusBrutiaBill_01.uexp" 3698
"C:/24CI0412MP/Content/Mediterranean_Coast/Meshes/SM_Pinus_Brutia_01.ubulk" 3699
"C:/24CI0412MP/Content/Mediterranean_Coast/Meshes/SM_Pinus_Brutia_01.uasset" 3700
"C:/24CI0412MP/Content/Mediterranean_Coast/Meshes/SM_Pinus_Brutia_01.uexp" 3701
"C:/24CI0412MP/Content/Mediterranean_Coast/Textures/Tree_Billboards/OliveTree/T_Olive_03_Bill_N.ubulk" 3702
"C:/24CI0412MP/Content/Mediterranean_Coast/Textures/Tree_Billboards/OliveTree/T_Olive_03_Bill_N.uasset" 3703
"C:/24CI0412MP/Content/Mediterranean_Coast/Textures/Tree_Billboards/OliveTree/T_Olive_03_Bill_N.uexp" 3704
"C:/24CI0412MP/Content/Mediterranean_Coast/Textures/Tree_Billboards/OliveTree/T_Olive_03_Bill_Bc.ubulk" 3705
"C:/24CI0412MP/Content/Mediterranean_Coast/Textures/Tree_Billboards/OliveTree/T_Olive_03_Bill_Bc.uasset" 3706
"C:/24CI0412MP/Content/Mediterranean_Coast/Textures/Tree_Billboards/OliveTree/T_Olive_03_Bill_Bc.uexp" 3707
"C:/24CI0412MP/Content/Mediterranean_Coast/Materials/MI_OliveBill_03.uasset" 3708
"C:/24CI0412MP/Content/Mediterranean_Coast/Materials/MI_OliveBill_03.uexp" 3709
"C:/24CI0412MP/Content/Mediterranean_Coast/Meshes/SM_Olive_03.ubulk" 3710
"C:/24CI0412MP/Content/Mediterranean_Coast/Meshes/SM_Olive_03.uasset" 3711
"C:/24CI0412MP/Content/Mediterranean_Coast/Meshes/SM_Olive_03.uexp" 3712
"../../../Engine/Content/MapTemplates/SM_Template_Map_Floor.ubulk" 3713
"../../../Engine/Content/MapTemplates/SM_Template_Map_Floor.uasset" 3714
"../../../Engine/Content/MapTemplates/SM_Template_Map_Floor.uexp" 3715
"../../../Engine/Content/EditorLandscapeResources/DataLayer.uasset" 3716
"../../../Engine/Content/EditorLandscapeResources/DataLayer.uexp" 3717
"../../../Engine/Content/EditorMeshes/SkeletalMesh/DefaultSkeletalMesh_Skeleton.uasset" 3718
"../../../Engine/Content/EditorMeshes/SkeletalMesh/DefaultSkeletalMesh_Skeleton.uexp" 3719
"../../../Engine/Content/EditorMeshes/SkeletalMesh/DefaultSkeletalMesh.uasset" 3720
"../../../Engine/Content/EditorMeshes/SkeletalMesh/DefaultSkeletalMesh.uexp" 3721
"C:/24CI0412MP/Content/Han/BP_Character.uasset" 3722
"C:/24CI0412MP/Content/Han/BP_Character.uexp" 3723
"C:/24CI0412MP/Content/Mediterranean_Coast/Textures/Tree_Billboards/PineTree/T_PinusBrutia_04_Bill_Bc.uasset" 3724
"C:/24CI0412MP/Content/Mediterranean_Coast/Textures/Tree_Billboards/PineTree/T_PinusBrutia_04_Bill_Bc.uexp" 3725
"C:/24CI0412MP/Content/Mediterranean_Coast/Textures/Tree_Billboards/PineTree/T_PinusBrutia_04_Bill_N.ubulk" 3726
"C:/24CI0412MP/Content/Mediterranean_Coast/Textures/Tree_Billboards/PineTree/T_PinusBrutia_04_Bill_N.uasset" 3727
"C:/24CI0412MP/Content/Mediterranean_Coast/Textures/Tree_Billboards/PineTree/T_PinusBrutia_04_Bill_N.uexp" 3728
"C:/24CI0412MP/Content/Mediterranean_Coast/Textures/Tree_Billboards/PineTree/T_PinusBrutia_04_Bill_SSS.uasset" 3729
"C:/24CI0412MP/Content/Mediterranean_Coast/Textures/Tree_Billboards/PineTree/T_PinusBrutia_04_Bill_SSS.uexp" 3730
"C:/24CI0412MP/Content/Mediterranean_Coast/Materials/MI_PinusBrutiaBill_04.uasset" 3731
"C:/24CI0412MP/Content/Mediterranean_Coast/Materials/MI_PinusBrutiaBill_04.uexp" 3732
"C:/24CI0412MP/Content/Mediterranean_Coast/Meshes/SM_Pinus_Brutia_04.ubulk" 3733
"C:/24CI0412MP/Content/Mediterranean_Coast/Meshes/SM_Pinus_Brutia_04.uasset" 3734
"C:/24CI0412MP/Content/Mediterranean_Coast/Meshes/SM_Pinus_Brutia_04.uexp" 3735
"C:/24CI0412MP/Content/Mediterranean_Coast/Textures/Tree_Billboards/OliveTree/T_Olive_02_Bill_Bc.ubulk" 3736
"C:/24CI0412MP/Content/Mediterranean_Coast/Textures/Tree_Billboards/OliveTree/T_Olive_02_Bill_Bc.uasset" 3737
"C:/24CI0412MP/Content/Mediterranean_Coast/Textures/Tree_Billboards/OliveTree/T_Olive_02_Bill_Bc.uexp" 3738
"C:/24CI0412MP/Content/Mediterranean_Coast/Textures/Tree_Billboards/OliveTree/T_Olive_02_Bill_N.ubulk" 3739
"C:/24CI0412MP/Content/Mediterranean_Coast/Textures/Tree_Billboards/OliveTree/T_Olive_02_Bill_N.uasset" 3740
"C:/24CI0412MP/Content/Mediterranean_Coast/Textures/Tree_Billboards/OliveTree/T_Olive_02_Bill_N.uexp" 3741
"C:/24CI0412MP/Content/Mediterranean_Coast/Materials/MI_OliveBill_02.uasset" 3742
"C:/24CI0412MP/Content/Mediterranean_Coast/Materials/MI_OliveBill_02.uexp" 3743
"C:/24CI0412MP/Content/Mediterranean_Coast/Meshes/SM_Olive_02.ubulk" 3744
"C:/24CI0412MP/Content/Mediterranean_Coast/Meshes/SM_Olive_02.uasset" 3745
"C:/24CI0412MP/Content/Mediterranean_Coast/Meshes/SM_Olive_02.uexp" 3746
"C:/24CI0412MP/Content/Mediterranean_Coast/Meshes/SM_Pinus_Brutia_07.ubulk" 3747
"C:/24CI0412MP/Content/Mediterranean_Coast/Meshes/SM_Pinus_Brutia_07.uasset" 3748
"C:/24CI0412MP/Content/Mediterranean_Coast/Meshes/SM_Pinus_Brutia_07.uexp" 3749
"C:/24CI0412MP/Content/Mediterranean_Coast/Textures/Tree_Billboards/PineTree/T_PinusBrutia_02_Bill_Bc.uasset" 3750
"C:/24CI0412MP/Content/Mediterranean_Coast/Textures/Tree_Billboards/PineTree/T_PinusBrutia_02_Bill_Bc.uexp" 3751
"C:/24CI0412MP/Content/Mediterranean_Coast/Textures/Tree_Billboards/PineTree/T_PinusBrutia_02_Bill_SSS.uasset" 3752
"C:/24CI0412MP/Content/Mediterranean_Coast/Textures/Tree_Billboards/PineTree/T_PinusBrutia_02_Bill_SSS.uexp" 3753
"C:/24CI0412MP/Content/Mediterranean_Coast/Textures/Tree_Billboards/PineTree/T_PinusBrutia_02_Bill_N.ubulk" 3754
"C:/24CI0412MP/Content/Mediterranean_Coast/Textures/Tree_Billboards/PineTree/T_PinusBrutia_02_Bill_N.uasset" 3755
"C:/24CI0412MP/Content/Mediterranean_Coast/Textures/Tree_Billboards/PineTree/T_PinusBrutia_02_Bill_N.uexp" 3756
"C:/24CI0412MP/Content/Mediterranean_Coast/Materials/MI_PinusBrutiaBill_02.uasset" 3757
"C:/24CI0412MP/Content/Mediterranean_Coast/Materials/MI_PinusBrutiaBill_02.uexp" 3758
"C:/24CI0412MP/Content/Mediterranean_Coast/Meshes/SM_Pinus_Brutia_02.ubulk" 3759
"C:/24CI0412MP/Content/Mediterranean_Coast/Meshes/SM_Pinus_Brutia_02.uasset" 3760
"C:/24CI0412MP/Content/Mediterranean_Coast/Meshes/SM_Pinus_Brutia_02.uexp" 3761
"C:/24CI0412MP/Content/Han/BP_Route.uasset" 3762
"C:/24CI0412MP/Content/Han/BP_Route.uexp" 3763
"C:/24CI0412MP/Content/Han/Han.uexp" 3764
"C:/24CI0412MP/Content/Han/Han.ubulk" 3765
"C:/24CI0412MP/Content/Han/Han.umap" 3766
"C:/24CI0412MP/Content/Satou/SceneTemp/result.uexp" 3767
"C:/24CI0412MP/Content/Satou/SceneTemp/result.umap" 3768
