"C:/24CI0433/Magic_Project/Magic_Project.uproject" 1
"../../../../../../24CI0433/Magic_Project/Binaries/Win64/UnrealEditor.modules" 2
"../../../Engine/Plugins/AudioGameplay/AudioGameplay.uplugin" 3
"../../../Engine/Plugins/AudioGameplayVolume/AudioGameplayVolume.uplugin" 4
"../../../Engine/Plugins/BlueprintFileUtils/BlueprintFileUtils.uplugin" 5
"../../../Engine/Plugins/Bridge/Bridge.uplugin" 6
"../../../Engine/Plugins/ChaosCloth/ChaosCloth.uplugin" 7
"../../../Engine/Plugins/ChaosClothAssetEditor/ChaosClothAssetEditor.uplugin" 8
"../../../Engine/Plugins/ChaosClothAsset/ChaosClothAsset.uplugin" 9
"../../../Engine/Plugins/CmdLinkServer/CmdLinkServer.uplugin" 10
"../../../Engine/Plugins/ChaosVD/ChaosVD.uplugin" 11
"../../../Engine/Plugins/DiscoveryBeaconReceiver/DiscoveryBeaconReceiver.uplugin" 12
"../../../Engine/Plugins/EnhancedInput/EnhancedInput.uplugin" 13
"../../../Engine/Plugins/FastBuildController/FastBuildController.uplugin" 14
"../../../Engine/Plugins/JsonBlueprintUtilities/JsonBlueprintUtilities.uplugin" 15
"../../../Engine/Plugins/LightWeightInstancesEditor/LightWeightInstancesEditor.uplugin" 16
"../../../Engine/Plugins/MeshPainting/MeshPainting.uplugin" 17
"../../../Engine/Plugins/AudioInsights/AudioInsights.uplugin" 18
"../../../Engine/Plugins/PCGExternalDataInterop/PCGExternalDataInterop.uplugin" 19
"../../../Engine/Plugins/MemoryUsageQueries/MemoryUsageQueries.uplugin" 20
"../../../Engine/Plugins/PCGGeometryScriptInterop/PCGGeometryScriptInterop.uplugin" 21
"../../../Engine/Plugins/RenderGraphInsights/RenderGraphInsights.uplugin" 22
"../../../Engine/Plugins/ScriptPlugin/ScriptPlugin.uplugin" 23
"../../../Engine/Plugins/TraceUtilities/TraceUtilities.uplugin" 24
"../../../Engine/Plugins/UbaController/UbaController.uplugin" 25
"../../../Engine/Plugins/WorldMetrics/WorldMetrics.uplugin" 26
"../../../Engine/Plugins/XGEController/XGEController.uplugin" 27
"../../../Engine/Plugins/AI/AISupport/AISupport.uplugin" 28
"../../../Engine/Plugins/AI/EnvironmentQueryEditor/EnvironmentQueryEditor.uplugin" 29
"../../../Engine/Plugins/AI/HTNPlanner/HTNPlanner.uplugin" 30
"../../../Engine/Plugins/AI/MassAI/MassAI.uplugin" 31
"../../../Engine/Plugins/AI/MassCrowd/MassCrowd.uplugin" 32
"../../../Engine/Plugins/AI/MLAdapter/MLAdapter.uplugin" 33
"../../../Engine/Plugins/Cameras/GameplayCameras/GameplayCameras.uplugin" 34
"../../../Engine/Plugins/Cameras/CameraShakePreviewer/CameraShakePreviewer.uplugin" 35
"../../../Engine/Plugins/Compositing/Composure/Composure.uplugin" 36
"../../../Engine/Plugins/Compositing/LensDistortion/LensDistortion.uplugin" 37
"../../../Engine/Plugins/Editor/AssetReferenceRestrictions/AssetReferenceRestrictions.uplugin" 38
"../../../Engine/Plugins/Compositing/OpenCVLensDistortion/OpenCVLensDistortion.uplugin" 39
"../../../Engine/Plugins/Compositing/OpenColorIO/OpenColorIO.uplugin" 40
"../../../Engine/Plugins/Editor/AssetRegistryExport/AssetRegistryExport.uplugin" 41
"../../../Engine/Plugins/Editor/AssetManagerEditor/AssetManagerEditor.uplugin" 42
"../../../Engine/Plugins/Editor/BlueprintHeaderView/BlueprintHeaderView.uplugin" 43
"../../../Engine/Plugins/Editor/AssetSearch/AssetSearch.uplugin" 44
"../../../Engine/Plugins/Editor/ConsoleVariablesEditor/ConsoleVariables.uplugin" 45
"../../../Engine/Plugins/Editor/ChangelistReview/ChangelistReview.uplugin" 46
"../../../Engine/Plugins/Editor/BlueprintMaterialTextureNodes/BlueprintMaterialTextureNodes.uplugin" 47
"../../../Engine/Plugins/Editor/CryptoKeys/CryptoKeys.uplugin" 48
"../../../Engine/Plugins/Editor/CurveEditorTools/CurveEditorTools.uplugin" 49
"../../../Engine/Plugins/Editor/DataValidation/DataValidation.uplugin" 50
"../../../Engine/Plugins/Editor/EditorDebugTools/EditorDebugTools.uplugin" 51
"../../../Engine/Plugins/Editor/EditorPerformanceModule/EditorPerformanceModule.uplugin" 52
"../../../Engine/Plugins/Editor/EngineAssetDefinitions/EngineAssetDefinitions.uplugin" 53
"../../../Engine/Plugins/Editor/EditorScriptingUtilities/EditorScriptingUtilities.uplugin" 54
"../../../Engine/Plugins/Editor/DisplayClusterLaunch/DisplayClusterLaunch.uplugin" 55
"../../../Engine/Plugins/Editor/FacialAnimation/FacialAnimation.uplugin" 56
"../../../Engine/Plugins/Editor/MacGraphicsSwitching/MacGraphicsSwitching.uplugin" 57
"../../../Engine/Plugins/Editor/GameplayTagsEditor/GameplayTagsEditor.uplugin" 58
"../../../Engine/Plugins/PCG/PCG.uplugin" 59
"../../../Engine/Plugins/Editor/LiveUpdateForSlate/LiveUpdateForSlate.uplugin" 60
"../../../Engine/Plugins/Editor/MakeCookedEditorAsDLC/MakeCookedEditorAsDLC.uplugin" 61
"../../../Engine/Plugins/Editor/MeshLODToolset/MeshLODToolset.uplugin" 62
"../../../Engine/Plugins/Editor/MaterialAnalyzer/MaterialAnalyzer.uplugin" 63
"../../../Engine/Plugins/Editor/MobileLauncherProfileWizard/MobileLauncherProfileWizard.uplugin" 64
"../../../Engine/Plugins/Editor/PluginBrowser/PluginBrowser.uplugin" 65
"../../../Engine/Plugins/Editor/ProxyLODPlugin/ProxyLODPlugin.uplugin" 66
"../../../Engine/Plugins/Editor/ModelingToolsEditorMode/ModelingToolsEditorMode.uplugin" 67
"../../../Engine/Plugins/Editor/SampleToolsEditorMode/SampleToolsEditorMode.uplugin" 68
"../../../Engine/Plugins/Editor/ScriptableToolsEditorMode/ScriptableToolsEditorMode.uplugin" 69
"../../../Engine/Plugins/Editor/SequencerAnimTools/SequencerAnimTools.uplugin" 70
"../../../Engine/Plugins/Editor/StaticMeshEditorModeling/StaticMeshEditorModeling.uplugin" 71
"../../../Engine/Plugins/Editor/SpeedTreeImporter/SpeedTreeImporter.uplugin" 72
"../../../Engine/Plugins/Editor/StylusInput/StylusInput.uplugin" 73
"../../../Engine/Plugins/Editor/GeometryMode/GeometryMode.uplugin" 74
"../../../Engine/Plugins/Editor/UVEditor/UVEditor.uplugin" 75
"../../../Engine/Plugins/Editor/GuidedTutorials/GuidedTutorials.uplugin" 76
"../../../Engine/Plugins/Editor/WaveformEditor/WaveformEditor.uplugin" 77
"../../../Engine/Plugins/Editor/WorldPartitionHLODUtilities/WorldPartitionHLODUtilities.uplugin" 78
"../../../Engine/Plugins/Interchange/Editor/InterchangeEditor.uplugin" 79
"../../../Engine/Plugins/Interchange/Runtime/Interchange.uplugin" 80
"../../../Engine/Plugins/Media/AjaMedia/AjaMedia.uplugin" 81
"../../../Engine/Plugins/Media/AndroidCamera/AndroidCamera.uplugin" 82
"../../../Engine/Plugins/Media/AndroidMedia/AndroidMedia.uplugin" 83
"../../../Engine/Plugins/Media/AppleProResDecoderElectra/AppleProResDecoderElectra.uplugin" 84
"../../../Engine/Plugins/Media/AudioCaptureTimecodeProvider/AudioCaptureTimecodeProvider.uplugin" 85
"../../../Engine/Plugins/Media/AppleProResMedia/AppleProResMedia.uplugin" 86
"../../../Engine/Plugins/Media/AvfMedia/AvfMedia.uplugin" 87
"../../../Engine/Plugins/Media/AvidDNxHDDecoderElectra/AvidDNxHDDecoderElectra.uplugin" 88
"../../../Engine/Plugins/Media/BinkMedia/BinkMedia.uplugin" 89
"../../../Engine/Plugins/Media/BlackmagicMedia/BlackmagicMedia.uplugin" 90
"../../../Engine/Plugins/Media/AvidDNxMedia/AvidDNxMedia.uplugin" 91
"../../../Engine/Plugins/Media/ElectraCodecs/ElectraCodecs.uplugin" 92
"../../../Engine/Plugins/Media/ElectraCDM/ElectraCDM.uplugin" 93
"../../../Engine/Plugins/Media/ElectraPlayer/ElectraPlayer.uplugin" 94
"../../../Engine/Plugins/Media/ElectraSubtitles/ElectraSubtitles.uplugin" 95
"../../../Engine/Plugins/Media/ElectraUtil/ElectraUtil.uplugin" 96
"../../../Engine/Plugins/Media/HAPDecoderElectra/HAPDecoderElectra.uplugin" 97
"../../../Engine/Plugins/Media/HAPMedia/HAPMedia.uplugin" 98
"../../../Engine/Plugins/Media/HardwareEncoders/HardwareEncoders.uplugin" 99
"../../../Engine/Plugins/Media/ImgMedia/ImgMedia.uplugin" 100
"../../../Engine/Plugins/Media/LinearTimecode/LinearTimecode.uplugin" 101
"../../../Engine/Plugins/Media/MediaCompositing/MediaCompositing.uplugin" 102
"../../../Engine/Plugins/Media/MediaFrameworkUtilities/MediaFrameworkUtilities.uplugin" 103
"../../../Engine/Plugins/Media/MediaIOFramework/MediaIOFramework.uplugin" 104
"../../../Engine/Plugins/Media/MediaPlate/MediaPlate.uplugin" 105
"../../../Engine/Plugins/Media/MediaMovieStreamer/MediaMovieStreamer.uplugin" 106
"../../../Engine/Plugins/Media/MediaPlayerEditor/MediaPlayerEditor.uplugin" 107
"../../../Engine/Plugins/Media/MfMedia/MfMedia.uplugin" 108
"../../../Engine/Plugins/Media/OpusDecoderElectra/OpusDecoderElectra.uplugin" 109
"../../../Engine/Plugins/Media/PixelCapture/PixelCapture.uplugin" 110
"../../../Engine/Plugins/Media/VPxDecoderElectra/VPxDecoderElectra.uplugin" 111
"../../../Engine/Plugins/Media/TimecodeSynchronizer/TimecodeSynchronizer.uplugin" 112
"../../../Engine/Plugins/Media/PixelStreaming/PixelStreaming.uplugin" 113
"../../../Engine/Plugins/Media/WmfMedia/WmfMedia.uplugin" 114
"../../../Engine/Plugins/NetcodeUnitTest/NetcodeUnitTest/NetcodeUnitTest.uplugin" 115
"../../../Engine/Plugins/NetcodeUnitTest/NUTUnrealEngine/NUTUnrealEngine.uplugin" 116
"../../../Engine/Plugins/Animation/ACLPlugin/ACLPlugin.uplugin" 117
"../../../Engine/Plugins/Performance/PerformanceMonitor/PerformanceMonitor.uplugin" 118
"../../../Engine/Plugins/Animation/AnimationModifierLibrary/AnimationModifierLibrary.uplugin" 119
"../../../Engine/Plugins/Animation/AnimationData/AnimationData.uplugin" 120
"../../../Engine/Plugins/Animation/AnimationLocomotionLibrary/AnimationLocomotionLibrary.uplugin" 121
"../../../Engine/Plugins/Animation/AnimationWarping/AnimationWarping.uplugin" 122
"../../../Engine/Plugins/Animation/BlendSpaceMotionAnalysis/BlendSpaceMotionAnalysis.uplugin" 123
"../../../Engine/Plugins/Animation/ControlRig/ControlRig.uplugin" 124
"../../../Engine/Plugins/Animation/ControlRigSpline/ControlRigSpline.uplugin" 125
"../../../Engine/Plugins/Animation/ControlRigModules/ControlRigModules.uplugin" 126
"../../../Engine/Plugins/Editor/EditorSysConfigAssistant/EditorSysConfigAssistant.uplugin" 127
"../../../Engine/Plugins/Animation/BlendStack/BlendStack.uplugin" 128
"../../../Engine/Plugins/Media/WebMMedia/WebMMedia.uplugin" 129
"../../../Engine/Plugins/Animation/GameplayInsights/GameplayInsights.uplugin" 130
"../../../Engine/Plugins/Animation/IKRig/IKRig.uplugin" 131
"../../../Engine/Plugins/Animation/LiveLink/LiveLink.uplugin" 132
"../../../Engine/Plugins/Animation/LiveLinkCurveDebugUI/LiveLinkCurveDebugUI.uplugin" 133
"../../../Engine/Plugins/Animation/LiveLinkHub/LiveLinkHub.uplugin" 134
"../../../Engine/Plugins/Animation/MotionWarping/MotionWarping.uplugin" 135
"../../../Engine/Plugins/Animation/PerformanceCaptureCore/PerformanceCaptureCore.uplugin" 136
"../../../Engine/Plugins/Animation/PoseSearch/PoseSearch.uplugin" 137
"../../../Engine/Plugins/Animation/RigLogic/RigLogic.uplugin" 138
"../../../Engine/Plugins/Developer/BlankPlugin/BlankPlugin.uplugin" 139
"../../../Engine/Plugins/Developer/AnimationSharing/AnimationSharing.uplugin" 140
"../../../Engine/Plugins/Developer/CLionSourceCodeAccess/CLionSourceCodeAccess.uplugin" 141
"../../../Engine/Plugins/Developer/CodeLiteSourceCodeAccess/CodeLiteSourceCodeAccess.uplugin" 142
"../../../Engine/Plugins/Developer/DumpGPUServices/DumpGPUServices.uplugin" 143
"../../../Engine/Plugins/Developer/GitSourceControl/GitSourceControl.uplugin" 144
"../../../Engine/Plugins/Developer/KDevelopSourceCodeAccess/KDevelopSourceCodeAccess.uplugin" 145
"../../../Engine/Plugins/Developer/N10XSourceCodeAccess/N10XSourceCodeAccess.uplugin" 146
"../../../Engine/Plugins/Developer/NullSourceCodeAccess/NullSourceCodeAccess.uplugin" 147
"../../../Engine/Plugins/Developer/PerforceSourceControl/PerforceSourceControl.uplugin" 148
"../../../Engine/Plugins/Developer/PixWinPlugin/PixWinPlugin.uplugin" 149
"../../../Engine/Plugins/Developer/PlasticSourceControl/PlasticSourceControl.uplugin" 150
"../../../Engine/Plugins/Developer/PluginUtils/PluginUtils.uplugin" 151
"../../../Engine/Plugins/Developer/OneSkyLocalizationService/OneSkyLocalizationService.uplugin" 152
"../../../Engine/Plugins/Developer/PropertyAccessNode/PropertyAccessNode.uplugin" 153
"../../../Engine/Plugins/Developer/RenderDocPlugin/RenderDocPlugin.uplugin" 154
"../../../Engine/Plugins/Developer/RiderSourceCodeAccess/RiderSourceCodeAccess.uplugin" 155
"../../../Engine/Plugins/Developer/SubversionSourceControl/SubversionSourceControl.uplugin" 156
"../../../Engine/Plugins/Developer/TextureFormatOodle/TextureFormatOodle.uplugin" 157
"../../../Engine/Plugins/Developer/TraceSourceFiltering/TraceSourceFilters.uplugin" 158
"../../../Engine/Plugins/Developer/TraceDataFiltering/TraceDataFilters.uplugin" 159
"../../../Engine/Plugins/Developer/UObjectPlugin/UObjectPlugin.uplugin" 160
"../../../Engine/Plugins/Developer/VisualStudioCodeSourceCodeAccess/VisualStudioCodeSourceCodeAccess.uplugin" 161
"../../../Engine/Plugins/Developer/XcodeGPUDebuggerPlugin/XcodeGPUDebuggerPlugin.uplugin" 162
"../../../Engine/Plugins/Developer/XCodeSourceCodeAccess/XCodeSourceCodeAccess.uplugin" 163
"../../../Engine/Plugins/Developer/VisualStudioSourceCodeAccess/VisualStudioSourceCodeAccess.uplugin" 164
"../../../Engine/Plugins/MovieScene/ActorSequence/ActorSequence.uplugin" 165
"../../../Engine/Plugins/MovieScene/CustomizableSequencerTracks/CustomizableSequencerTracks.uplugin" 166
"../../../Engine/Plugins/MovieScene/LevelSequenceEditor/LevelSequenceEditor.uplugin" 167
"../../../Engine/Plugins/MovieScene/MoviePipelineMaskRenderPass/MoviePipelineMaskRenderPass.uplugin" 168
"../../../Engine/Plugins/MovieScene/MovieSceneTextTrack/MovieSceneTextTrack.uplugin" 169
"../../../Engine/Plugins/MovieScene/ReplayTracks/ReplayTracks.uplugin" 170
"../../../Engine/Plugins/MovieScene/MovieRenderPipeline/MovieRenderPipeline.uplugin" 171
"../../../Engine/Plugins/MovieScene/SequencerScripting/SequencerScripting.uplugin" 172
"../../../Engine/Plugins/MovieScene/TemplateSequence/TemplateSequence.uplugin" 173
"../../../Engine/Plugins/Protocols/MQTT/MQTT.uplugin" 174
"../../../Engine/Plugins/Tests/AutomationDriverTests/AutomationDriverTests.uplugin" 175
"../../../Engine/Plugins/Tests/CQTest/CQTest.uplugin" 176
"../../../Engine/Plugins/Tests/FbxAutomationTestBuilder/FbxAutomationTestBuilder.uplugin" 177
"../../../Engine/Plugins/Tests/EditorTests/EditorTests.uplugin" 178
"../../../Engine/Plugins/Tests/FunctionalTestingEditor/FunctionalTestingEditor.uplugin" 179
"../../../Engine/Plugins/Tests/InterchangeTests/InterchangeTests.uplugin" 180
"../../../Engine/Plugins/Tests/PythonAutomationTest/PythonAutomationTest.uplugin" 181
"../../../Engine/Plugins/Tests/RHITests/RHITests.uplugin" 182
"../../../Engine/Plugins/Tests/TestFramework/TestFramework.uplugin" 183
"../../../Engine/Plugins/Tests/TestSamples/TestSamples.uplugin" 184
"../../../Engine/Plugins/Tests/RuntimeTests/RuntimeTests.uplugin" 185
"../../../Engine/Plugins/Tests/WidgetAutomationTests/WidgetAutomationTests.uplugin" 186
"../../../Engine/Plugins/Experimental/ActorModifierCore/ActorModifierCore.uplugin" 187
"../../../Engine/Plugins/Experimental/ActorPalette/ActorPalette.uplugin" 188
"../../../Engine/Plugins/Experimental/AbilitySystemGameFeatureActions/AbilitySystemGameFeatureActions.uplugin" 189
"../../../Engine/Plugins/Experimental/AdvancedRenamer/AdvancedRenamer.uplugin" 190
"../../../Engine/Plugins/Experimental/AnimToTexture/AnimToTexture.uplugin" 191
"../../../Engine/Plugins/Experimental/AppleVision/AppleVision.uplugin" 192
"../../../Engine/Plugins/Experimental/AutomationUtils/AutomationUtils.uplugin" 193
"../../../Engine/Plugins/Experimental/Avalanche/Avalanche.uplugin" 194
"../../../Engine/Plugins/Experimental/BackChannel/BackChannel.uplugin" 195
"../../../Engine/Plugins/Experimental/BlueprintSnapNodes/BlueprintSnapNodes.uplugin" 196
"../../../Engine/Plugins/Experimental/BlueprintStats/BlueprintStats.uplugin" 197
"../../../Engine/Plugins/Experimental/Buoyancy/Buoyancy.uplugin" 198
"../../../Engine/Plugins/Experimental/ChaosCaching/ChaosCaching.uplugin" 199
"../../../Engine/Plugins/Experimental/ChaosCachingUSD/ChaosCachingUSD.uplugin" 200
"../../../Engine/Plugins/Experimental/ChaosClothEditor/ChaosClothEditor.uplugin" 201
"../../../Engine/Plugins/Experimental/ChaosEditor/ChaosEditor.uplugin" 202
"../../../Engine/Plugins/Experimental/ChaosFlesh/ChaosFlesh.uplugin" 203
"../../../Engine/Plugins/Experimental/ChaosNiagara/ChaosNiagara.uplugin" 204
"../../../Engine/Plugins/Experimental/ChaosModularVehicle/ChaosModularVehicle.uplugin" 205
"../../../Engine/Plugins/Experimental/ChaosSolverPlugin/ChaosSolverPlugin.uplugin" 206
"../../../Engine/Plugins/Experimental/ChaosUserDataPT/ChaosUserDataPT.uplugin" 207
"../../../Engine/Plugins/Experimental/ChaosVehiclesPlugin/ChaosVehiclesPlugin.uplugin" 208
"../../../Engine/Plugins/Experimental/CinematicPrestreaming/CinematicPrestreaming.uplugin" 209
"../../../Engine/Plugins/Experimental/CharacterAI/CharacterAI.uplugin" 210
"../../../Engine/Plugins/Experimental/Chooser/Chooser.uplugin" 211
"../../../Engine/Plugins/Experimental/CineCameraRigs/CineCameraRigs.uplugin" 212
"../../../Engine/Plugins/Experimental/ClonerEffector/ClonerEffector.uplugin" 213
"../../../Engine/Plugins/Experimental/CodeEditor/CodeEditor.uplugin" 214
"../../../Engine/Plugins/Experimental/CodeView/CodeView.uplugin" 215
"../../../Engine/Plugins/Experimental/ColorCorrectRegions/ColorCorrectRegions.uplugin" 216
"../../../Engine/Plugins/Experimental/CommonConversation/CommonConversation.uplugin" 217
"../../../Engine/Plugins/Experimental/ControlFlows/ControlFlows.uplugin" 218
"../../../Engine/Plugins/Experimental/CustomDetailsView/CustomDetailsView.uplugin" 219
"../../../Engine/Plugins/Experimental/Dataflow/Dataflow.uplugin" 220
"../../../Engine/Plugins/Experimental/DatasmithCloTranslator/DatasmithCloTranslator.uplugin" 221
"../../../Engine/Plugins/Experimental/DefaultInstallBundleManager/DefaultInstallBundleManager.uplugin" 222
"../../../Engine/Plugins/Experimental/DynamicMaterial/DynamicMaterial.uplugin" 223
"../../../Engine/Plugins/Experimental/FieldSystemPlugin/FieldSystemPlugin.uplugin" 224
"../../../Engine/Plugins/Experimental/FloatingProperties/FloatingProperties.uplugin" 225
"../../../Engine/Plugins/Experimental/Fracture/Fracture.uplugin" 226
"../../../Engine/Plugins/Experimental/FullBodyIK/FullBodyIK.uplugin" 227
"../../../Engine/Plugins/Experimental/GameInputWindows/GameInputWindows.uplugin" 228
"../../../Engine/Plugins/Experimental/GameplayGraph/GameplayGraph.uplugin" 229
"../../../Engine/Plugins/Experimental/GameplayBehaviors/GameplayBehaviors.uplugin" 230
"../../../Engine/Plugins/Experimental/GameplayTargetingSystem/TargetingSystem.uplugin" 231
"../../../Engine/Plugins/Experimental/Gauntlet/Gauntlet.uplugin" 232
"../../../Engine/Plugins/Experimental/GeometryCacheAbcFile/GeometryCacheAbcFile.uplugin" 233
"../../../Engine/Plugins/Experimental/GeometryCollectionPlugin/GeometryCollectionPlugin.uplugin" 234
"../../../Engine/Plugins/Experimental/AnimNext/AnimNext.uplugin" 235
"../../../Engine/Plugins/Experimental/GeometryMask/GeometryMask.uplugin" 236
"../../../Engine/Plugins/Experimental/GeometryFlow/GeometryFlow.uplugin" 237
"../../../Engine/Plugins/Experimental/GizmoEdMode/GizmoEdMode.uplugin" 238
"../../../Engine/Plugins/Experimental/GizmoFramework/GizmoFramework.uplugin" 239
"../../../Engine/Plugins/Experimental/GPULightmass/GPULightmass.uplugin" 240
"../../../Engine/Plugins/Experimental/HairCardGenerator/HairCardGenerator.uplugin" 241
"../../../Engine/Plugins/Experimental/HairModelingToolset/HairModelingToolset.uplugin" 242
"../../../Engine/Plugins/Experimental/ImpostorBaker/ImpostorBaker.uplugin" 243
"../../../Engine/Plugins/Experimental/CineCameraSceneCapture/CineCameraSceneCapture.uplugin" 244
"../../../Engine/Plugins/Experimental/ImagePlate/ImagePlate.uplugin" 245
"../../../Engine/Plugins/Experimental/InstanceDataObjectFixupTool/InstanceDataObjectFixupTool.uplugin" 246
"../../../Engine/Plugins/Experimental/Iris/Iris.uplugin" 247
"../../../Engine/Plugins/Experimental/Landmass/Landmass.uplugin" 248
"../../../Engine/Plugins/Experimental/JWT/JWT.uplugin" 249
"../../../Engine/Plugins/Experimental/LandscapePatch/LandscapePatch.uplugin" 250
"../../../Engine/Plugins/Experimental/LearningAgents/LearningAgents.uplugin" 251
"../../../Engine/Plugins/Experimental/LiveLinkControlRig/LiveLinkControlRig.uplugin" 252
"../../../Engine/Plugins/Experimental/LiveLinkFaceImporter/LiveLinkFaceImporter.uplugin" 253
"../../../Engine/Plugins/Experimental/LocalizableMessage/LocalizableMessage.uplugin" 254
"../../../Engine/Plugins/Experimental/MeshModelingToolsetExp/MeshModelingToolsetExp.uplugin" 255
"../../../Engine/Plugins/Experimental/MotoSynth/MotoSynth.uplugin" 256
"../../../Engine/Plugins/Experimental/MotorSimOutputMotoSynth/MotorSimOutputMotoSynth.uplugin" 257
"../../../Engine/Plugins/Experimental/Mover/Mover.uplugin" 258
"../../../Engine/Plugins/Experimental/MoverExamples/MoverExamples.uplugin" 259
"../../../Engine/Plugins/Experimental/MoverTests/MoverTests.uplugin" 260
"../../../Engine/Plugins/Experimental/Mutable/Mutable.uplugin" 261
"../../../Engine/Plugins/Experimental/NaniteDisplacedMesh/NaniteDisplacedMesh.uplugin" 262
"../../../Engine/Plugins/Experimental/NNEDenoiser/NNEDenoiser.uplugin" 263
"../../../Engine/Plugins/Experimental/NeuralRendering/NeuralRendering.uplugin" 264
"../../../Engine/Plugins/Experimental/NNERuntimeBasicCpu/NNERuntimeBasicCpu.uplugin" 265
"../../../Engine/Plugins/Experimental/NNERuntimeIREE/NNERuntimeIREE.uplugin" 266
"../../../Engine/Plugins/Experimental/OpenImageDenoise/OpenImageDenoise.uplugin" 267
"../../../Engine/Plugins/Experimental/OperatorStack/OperatorStack.uplugin" 268
"../../../Engine/Plugins/Experimental/OptiXDenoise/OptiXDenoise.uplugin" 269
"../../../Engine/Plugins/Experimental/NNERuntimeRDG/NNERuntimeRDG.uplugin" 270
"../../../Engine/Plugins/Experimental/PanoramicCapture/PanoramicCapture.uplugin" 271
"../../../Engine/Plugins/Experimental/PCGBiomeCore/PCGBiomeCore.uplugin" 272
"../../../Engine/Plugins/Experimental/PCGBiomeSample/PCGBiomeSample.uplugin" 273
"../../../Engine/Plugins/Experimental/PCGWaterInterop/PCGWaterInterop.uplugin" 274
"../../../Engine/Plugins/Experimental/PhysicsControl/PhysicsControl.uplugin" 275
"../../../Engine/Plugins/Experimental/PixelStreamingPlayer/PixelStreamingPlayer.uplugin" 276
"../../../Engine/Plugins/Experimental/PlanarCutPlugin/PlanarCut.uplugin" 277
"../../../Engine/Plugins/Experimental/PlatformCrypto/PlatformCrypto.uplugin" 278
"../../../Engine/Plugins/Experimental/PluginReferenceViewer/PluginReferenceViewer.uplugin" 279
"../../../Engine/Plugins/Experimental/PluginTemplateTool/PluginTemplateTool.uplugin" 280
"../../../Engine/Plugins/Experimental/PluginAudit/PluginAudit.uplugin" 281
"../../../Engine/Plugins/Experimental/PostProcessMaterialChainGraph/PostProcessMaterialChainGraph.uplugin" 282
"../../../Engine/Plugins/Experimental/PropertyAnimator/PropertyAnimator.uplugin" 283
"../../../Engine/Plugins/Experimental/PropertyAnimatorCore/PropertyAnimatorCore.uplugin" 284
"../../../Engine/Plugins/Experimental/PythonFoundationPackages/PythonFoundationPackages.uplugin" 285
"../../../Engine/Plugins/Experimental/QuicMessaging/QuicMessaging.uplugin" 286
"../../../Engine/Plugins/Experimental/PythonScriptPlugin/PythonScriptPlugin.uplugin" 287
"../../../Engine/Plugins/Experimental/RawInput/RawInput.uplugin" 288
"../../../Engine/Plugins/Experimental/RemoteControlComponents/RemoteControlComponents.uplugin" 289
"../../../Engine/Plugins/Experimental/RemoteSession/RemoteSession.uplugin" 290
"../../../Engine/Plugins/Experimental/RenderGrid/RenderGrid.uplugin" 291
"../../../Engine/Plugins/Experimental/ScreenReader/ScreenReader.uplugin" 292
"../../../Engine/Plugins/Experimental/SecuritySandbox/SecuritySandbox.uplugin" 293
"../../../Engine/Plugins/Experimental/SerializationUtils/SerializationUtils.uplugin" 294
"../../../Engine/Plugins/Experimental/SimpleHMD/SimpleHMD.uplugin" 295
"../../../Engine/Plugins/Experimental/Shotgrid/Shotgrid.uplugin" 296
"../../../Engine/Plugins/Experimental/SkeletalReduction/SkeletalReduction.uplugin" 297
"../../../Engine/Plugins/Experimental/SlateScreenReader/SlateScreenReader.uplugin" 298
"../../../Engine/Plugins/Experimental/SlateModelViewViewModel/SlateModelViewViewModel.uplugin" 299
"../../../Engine/Plugins/Experimental/StormSyncAvalancheBridge/StormSyncAvalancheBridge.uplugin" 300
"../../../Engine/Plugins/Experimental/StormSync/StormSync.uplugin" 301
"../../../Engine/Plugins/Experimental/StructUtils/StructUtils.uplugin" 302
"../../../Engine/Plugins/Experimental/StateGraph/StateGraph.uplugin" 303
"../../../Engine/Plugins/Experimental/StudioTelemetry/StudioTelemetry.uplugin" 304
"../../../Engine/Plugins/Experimental/SurfaceEffects/SurfaceEffects.uplugin" 305
"../../../Engine/Plugins/Experimental/SVGImporter/SVGImporter.uplugin" 306
"../../../Engine/Plugins/Experimental/TetMeshing/TetMeshing.uplugin" 307
"../../../Engine/Plugins/Experimental/TargetDeviceServicesScripting/TargetDeviceServicesScripting.uplugin" 308
"../../../Engine/Plugins/Experimental/Text3D/Text3D.uplugin" 309
"../../../Engine/Plugins/Experimental/TextToSpeech/TextToSpeech.uplugin" 310
"../../../Engine/Plugins/Experimental/TextureMediaPlayer/TextureMediaPlayer.uplugin" 311
"../../../Engine/Plugins/Experimental/ToolPresets/ToolPresets.uplugin" 312
"../../../Engine/Plugins/Experimental/UIFramework/UIFramework.uplugin" 313
"../../../Engine/Plugins/Experimental/TypedElementsDataStorage/TypedElementsDataStorage.uplugin" 314
"../../../Engine/Plugins/Experimental/UserToolBoxBasicCommand/UserToolBoxBasicCommand.uplugin" 315
"../../../Engine/Plugins/Experimental/UserToolBoxCore/UserToolBoxCore.uplugin" 316
"../../../Engine/Plugins/Experimental/TypedElementDataStorageEditorUI/TypedElementDataStorageEditorUI.uplugin" 317
"../../../Engine/Plugins/Experimental/VirtualHeightfieldMesh/VirtualHeightfieldMesh.uplugin" 318
"../../../Engine/Plugins/Experimental/VirtualProductionUtilities/VirtualProductionUtilities.uplugin" 319
"../../../Engine/Plugins/Experimental/VirtualScouting/VirtualScouting.uplugin" 320
"../../../Engine/Plugins/Experimental/Volumetrics/Volumetrics.uplugin" 321
"../../../Engine/Plugins/Experimental/Water/Water.uplugin" 322
"../../../Engine/Plugins/Experimental/WebSocketMessaging/WebSocketMessaging.uplugin" 323
"../../../Engine/Plugins/Experimental/WaterExtras/WaterExtras.uplugin" 324
"../../../Engine/Plugins/Experimental/WaveFunctionCollapse/WaveFunctionCollapse.uplugin" 325
"../../../Engine/Plugins/Experimental/WebSocketNetworking/WebSocketNetworking.uplugin" 326
"../../../Engine/Plugins/Experimental/WidgetEditorToolPalette/WidgetEditorToolPalette.uplugin" 327
"../../../Engine/Plugins/Experimental/XRCreativeFramework/XRCreativeFramework.uplugin" 328
"../../../Engine/Plugins/Web/HttpBlueprint/HttpBlueprint.uplugin" 329
"../../../Engine/Plugins/Importers/AlembicHairImporter/AlembicHairImporter.uplugin" 330
"../../../Engine/Plugins/Importers/AlembicImporter/AlembicImporter.uplugin" 331
"../../../Engine/Plugins/Importers/USDImporter/USDImporter.uplugin" 332
"../../../Engine/Plugins/Runtime/ActorLayerUtilities/ActorLayerUtilities.uplugin" 333
"../../../Engine/Plugins/Runtime/AndroidBackgroundService/AndroidBackgroundService.uplugin" 334
"../../../Engine/Plugins/Runtime/AndroidDeviceProfileSelector/AndroidDeviceProfileSelector.uplugin" 335
"../../../Engine/Plugins/Runtime/AndroidFileServer/AndroidFileServer.uplugin" 336
"../../../Engine/Plugins/Importers/USDMultiUser/USDMultiUser.uplugin" 337
"../../../Engine/Plugins/Runtime/AndroidMoviePlayer/AndroidMoviePlayer.uplugin" 338
"../../../Engine/Plugins/Runtime/AndroidPermission/AndroidPermission.uplugin" 339
"../../../Engine/Plugins/Runtime/AnimationBudgetAllocator/AnimationBudgetAllocator.uplugin" 340
"../../../Engine/Plugins/Runtime/ApexDestruction/ApexDestruction.uplugin" 341
"../../../Engine/Plugins/Runtime/AppleImageUtils/AppleImageUtils.uplugin" 342
"../../../Engine/Plugins/Runtime/AppleMoviePlayer/AppleMoviePlayer.uplugin" 343
"../../../Engine/Plugins/Runtime/ArchVisCharacter/ArchVisCharacter.uplugin" 344
"../../../Engine/Plugins/Runtime/AssetTags/AssetTags.uplugin" 345
"../../../Engine/Plugins/Runtime/AudioCapture/AudioCapture.uplugin" 346
"../../../Engine/Plugins/Runtime/AudioModulation/AudioModulation.uplugin" 347
"../../../Engine/Plugins/Runtime/AudioMotorSim/AudioMotorSim.uplugin" 348
"../../../Engine/Plugins/Runtime/AudioSynesthesia/AudioSynesthesia.uplugin" 349
"../../../Engine/Plugins/Runtime/AudioWidgets/AudioWidgets.uplugin" 350
"../../../Engine/Plugins/Runtime/ChunkDownloader/ChunkDownloader.uplugin" 351
"../../../Engine/Plugins/Runtime/CableComponent/CableComponent.uplugin" 352
"../../../Engine/Plugins/Runtime/ComputeFramework/ComputeFramework.uplugin" 353
"../../../Engine/Plugins/Runtime/CustomMeshComponent/CustomMeshComponent.uplugin" 354
"../../../Engine/Plugins/Runtime/DataRegistry/DataRegistry.uplugin" 355
"../../../Engine/Plugins/Runtime/Firebase/Firebase.uplugin" 356
"../../../Engine/Plugins/Runtime/GameplayBehaviorSmartObjects/GameplayBehaviorSmartObjects.uplugin" 357
"../../../Engine/Plugins/Runtime/ExampleDeviceProfileSelector/ExampleDeviceProfileSelector.uplugin" 358
"../../../Engine/Plugins/Runtime/GameplayAbilities/GameplayAbilities.uplugin" 359
"../../../Engine/Plugins/Runtime/GameplayInteractions/GameplayInteractions.uplugin" 360
"../../../Engine/Plugins/Runtime/GameFeatures/GameFeatures.uplugin" 361
"../../../Engine/Plugins/Runtime/GameplayStateTree/GameplayStateTree.uplugin" 362
"../../../Engine/Plugins/Runtime/GeometryCache/GeometryCache.uplugin" 363
"../../../Engine/Plugins/Runtime/GeometryProcessing/GeometryProcessing.uplugin" 364
"../../../Engine/Plugins/Runtime/GeometryScripting/GeometryScripting.uplugin" 365
"../../../Engine/Plugins/Runtime/GeoReferencing/GeoReferencing.uplugin" 366
"../../../Engine/Plugins/Runtime/GooglePAD/GooglePAD.uplugin" 367
"../../../Engine/Plugins/Runtime/GoogleCloudMessaging/GoogleCloudMessaging.uplugin" 368
"../../../Engine/Plugins/Runtime/Harmonix/Harmonix.uplugin" 369
"../../../Engine/Plugins/Runtime/HairStrands/HairStrands.uplugin" 370
"../../../Engine/Plugins/Runtime/GameInput/GameInput.uplugin" 371
"../../../Engine/Plugins/Runtime/HDRIBackdrop/HDRIBackdrop.uplugin" 372
"../../../Engine/Plugins/Runtime/HTTPChunkInstaller/HTTPChunkInstaller.uplugin" 373
"../../../Engine/Plugins/Runtime/InputDebugging/InputDebugging.uplugin" 374
"../../../Engine/Plugins/Runtime/IOSDeviceProfileSelector/IOSDeviceProfileSelector.uplugin" 375
"../../../Engine/Plugins/Runtime/InstancedActors/InstancedActors.uplugin" 376
"../../../Engine/Plugins/Runtime/IOSReplayKit/IOSReplayKit.uplugin" 377
"../../../Engine/Plugins/Runtime/LevelStreamingPersistence/LevelStreamingPersistence.uplugin" 378
"../../../Engine/Plugins/Runtime/LinuxDeviceProfileSelector/LinuxDeviceProfileSelector.uplugin" 379
"../../../Engine/Plugins/Runtime/LiveLinkOvernDisplay/LiveLinkOverNDisplay.uplugin" 380
"../../../Engine/Plugins/Runtime/LocationServicesAndroidImpl/LocationServicesAndroidImpl.uplugin" 381
"../../../Engine/Plugins/Runtime/LocationServicesBPLibrary/LocationServicesBPLibrary.uplugin" 382
"../../../Engine/Plugins/Runtime/LocationServicesIOSImpl/LocationServicesIOSImpl.uplugin" 383
"../../../Engine/Plugins/Runtime/MassEntity/MassEntity.uplugin" 384
"../../../Engine/Plugins/Runtime/MassGameplay/MassGameplay.uplugin" 385
"../../../Engine/Plugins/Runtime/MeshModelingToolset/MeshModelingToolset.uplugin" 386
"../../../Engine/Plugins/Runtime/Metasound/Metasound.uplugin" 387
"../../../Engine/Plugins/Runtime/MicrosoftSpatialAudio/MicroSoftSpatialSound.uplugin" 388
"../../../Engine/Plugins/Runtime/MIDIDevice/MIDIDevice.uplugin" 389
"../../../Engine/Plugins/Runtime/MixedRealityCaptureFramework/MixedRealityCaptureFramework.uplugin" 390
"../../../Engine/Plugins/Runtime/MobileFSR/MobileFSR.uplugin" 391
"../../../Engine/Plugins/Runtime/ModelViewViewModel/ModelViewViewModel.uplugin" 392
"../../../Engine/Plugins/Runtime/HPMotionController/HPMotionController.uplugin" 393
"../../../Engine/Plugins/Runtime/MobilePatchingUtils/MobilePatchingUtils.uplugin" 394
"../../../Engine/Plugins/Runtime/MsQuic/MsQuic.uplugin" 395
"../../../Engine/Plugins/Runtime/NavCorridor/NavCorridor.uplugin" 396
"../../../Engine/Plugins/Runtime/ModularGameplay/ModularGameplay.uplugin" 397
"../../../Engine/Plugins/Runtime/nDisplay/nDisplay.uplugin" 398
"../../../Engine/Plugins/Runtime/nDisplayModularFeatures/nDisplayModularFeatures.uplugin" 399
"../../../Engine/Plugins/Runtime/NetworkPredictionExtras/NetworkPredictionExtras.uplugin" 400
"../../../Engine/Plugins/Runtime/OpenCV/OpenCV.uplugin" 401
"../../../Engine/Plugins/Runtime/NetworkPrediction/NetworkPrediction.uplugin" 402
"../../../Engine/Plugins/Runtime/OpenXR/OpenXR.uplugin" 403
"../../../Engine/Plugins/Runtime/OpenXREyeTracker/OpenXREyeTracker.uplugin" 404
"../../../Engine/Plugins/Runtime/OpenXRMsftHandInteraction/OpenXRMsftHandInteraction.uplugin" 405
"../../../Engine/Plugins/Runtime/OpenXRHandTracking/OpenXRHandTracking.uplugin" 406
"../../../Engine/Plugins/Runtime/OpenXRViveTracker/OpenXRViveTracker.uplugin" 407
"../../../Engine/Plugins/Runtime/NetworkPredictionInsights/NetworkPredictionInsights.uplugin" 408
"../../../Engine/Plugins/Runtime/OSC/OSC.uplugin" 409
"../../../Engine/Plugins/Runtime/OptionalMobileFeaturesBPLibrary/OptionalMobileFeaturesBPLibrary.uplugin" 410
"../../../Engine/Plugins/Runtime/OSCModulationMixing/OSCModulationMixing.uplugin" 411
"../../../Engine/Plugins/Runtime/PreLoadScreenMoviePlayer/PreLoadScreenMoviePlayer.uplugin" 412
"../../../Engine/Plugins/Runtime/ProceduralMeshComponent/ProceduralMeshComponent.uplugin" 413
"../../../Engine/Plugins/Runtime/PropertyAccess/PropertyAccessEditor.uplugin" 414
"../../../Engine/Plugins/Runtime/PropertyBindingUtils/PropertyBindingUtils.uplugin" 415
"../../../Engine/Plugins/Runtime/ReplicationGraph/ReplicationGraph.uplugin" 416
"../../../Engine/Plugins/Runtime/RenderTrace/RenderTrace.uplugin" 417
"../../../Engine/Plugins/Runtime/ReplicationSystemTestPlugin/ReplicationSystemTestPlugin.uplugin" 418
"../../../Engine/Plugins/Runtime/ResonanceAudio/ResonanceAudio.uplugin" 419
"../../../Engine/Plugins/Runtime/RigVM/RigVM.uplugin" 420
"../../../Engine/Plugins/Runtime/ScriptableToolsFramework/ScriptableToolsFramework.uplugin" 421
"../../../Engine/Plugins/Runtime/SignificanceManager/SignificanceManager.uplugin" 422
"../../../Engine/Plugins/Runtime/SkeletalMerging/SkeletalMerging.uplugin" 423
"../../../Engine/Plugins/Runtime/SmartObjects/SmartObjects.uplugin" 424
"../../../Engine/Plugins/Runtime/SoundFields/SoundFields.uplugin" 425
"../../../Engine/Plugins/Runtime/SoundMod/SoundMod.uplugin" 426
"../../../Engine/Plugins/Runtime/SoundCueTemplates/SoundCueTemplates.uplugin" 427
"../../../Engine/Plugins/Runtime/Soundscape/Soundscape.uplugin" 428
"../../../Engine/Plugins/Runtime/SoundUtilities/SoundUtilities.uplugin" 429
"../../../Engine/Plugins/Runtime/Spatialization/Spatialization.uplugin" 430
"../../../Engine/Plugins/Runtime/StateTree/StateTree.uplugin" 431
"../../../Engine/Plugins/Runtime/SunPosition/SunPosition.uplugin" 432
"../../../Engine/Plugins/Runtime/Synthesis/Synthesis.uplugin" 433
"../../../Engine/Plugins/Runtime/WarpUtils/WarpUtils.uplugin" 434
"../../../Engine/Plugins/Runtime/WebBrowserWidget/WebBrowserWidget.uplugin" 435
"../../../Engine/Plugins/Runtime/WebMMoviePlayer/WebMMoviePlayer.uplugin" 436
"../../../Engine/Plugins/Runtime/WindowsDeviceProfileSelector/WindowsDeviceProfileSelector.uplugin" 437
"../../../Engine/Plugins/Runtime/WorldConditions/WorldConditions.uplugin" 438
"../../../Engine/Plugins/Runtime/WindowsMoviePlayer/WindowsMoviePlayer.uplugin" 439
"../../../Engine/Plugins/Runtime/XRBase/XRBase.uplugin" 440
"../../../Engine/Plugins/FX/CascadeToNiagaraConverter/CascadeToNiagaraConverter.uplugin" 441
"../../../Engine/Plugins/Runtime/ZoneGraph/ZoneGraph.uplugin" 442
"../../../Engine/Plugins/Runtime/ZoneGraphAnnotations/ZoneGraphAnnotations.uplugin" 443
"../../../Engine/Plugins/FX/ExampleCustomDataInterface/ExampleCustomDataInterface.uplugin" 444
"../../../Engine/Plugins/FX/NiagaraFluids/NiagaraFluids.uplugin" 445
"../../../Engine/Plugins/FX/NiagaraMRQ/NiagaraMRQ.uplugin" 446
"../../../Engine/Plugins/FX/Niagara/Niagara.uplugin" 447
"../../../Engine/Plugins/Runtime/WebBrowserNativeProxy/WebBrowserNativeProxy.uplugin" 448
"../../../Engine/Plugins/FX/NiagaraSimCaching/NiagaraSimCaching.uplugin" 449
"../../../Engine/Plugins/Messaging/MessagingDebugger/MessagingDebugger.uplugin" 450
"../../../Engine/Plugins/Marketplace/NiagaraUIRenderer/NiagaraUIRenderer.uplugin" 451
"../../../Engine/Plugins/Messaging/UdpMessaging/UdpMessaging.uplugin" 452
"../../../Engine/Plugins/Messaging/TcpMessaging/TcpMessaging.uplugin" 453
"../../../Engine/Plugins/Online/EOSOverlayInputProvider/EOSOverlayInputProvider.uplugin" 454
"../../../Engine/Plugins/Online/OnlineBase/OnlineBase.uplugin" 455
"../../../Engine/Plugins/Online/OnlineFramework/OnlineFramework.uplugin" 456
"../../../Engine/Plugins/Online/OnlineServices/OnlineServices.uplugin" 457
"../../../Engine/Plugins/Online/EOSShared/EOSShared.uplugin" 458
"../../../Engine/Plugins/Online/OnlineServicesEOS/OnlineServicesEOS.uplugin" 459
"../../../Engine/Plugins/Runtime/WaveTable/WaveTable.uplugin" 460
"../../../Engine/Plugins/Online/OnlineServicesEOSGS/OnlineServicesEOSGS.uplugin" 461
"../../../Engine/Plugins/Online/OnlineServicesNull/OnlineServicesNull.uplugin" 462
"../../../Engine/Plugins/Online/OnlineSubsystem/OnlineSubsystem.uplugin" 463
"../../../Engine/Plugins/Online/OnlineSubsystemApple/OnlineSubsystemApple.uplugin" 464
"../../../Engine/Plugins/Online/OnlineSubsystemAmazon/OnlineSubsystemAmazon.uplugin" 465
"../../../Engine/Plugins/Online/OnlineSubsystemEOS/OnlineSubsystemEOS.uplugin" 466
"../../../Engine/Plugins/Online/OnlineSubsystemGoogle/OnlineSubsystemGoogle.uplugin" 467
"../../../Engine/Plugins/Online/OnlineSubsystemSteam/OnlineSubsystemSteam.uplugin" 468
"../../../Engine/Plugins/Online/OnlineSubsystemOculus/OnlineSubsystemOculus.uplugin" 469
"../../../Engine/Plugins/Online/OnlineSubsystemNull/OnlineSubsystemNull.uplugin" 470
"../../../Engine/Plugins/Online/OnlineSubsystemTencent/OnlineSubsystemTencent.uplugin" 471
"../../../Engine/Plugins/Online/SocketSubsystemEOS/SocketSubsystemEOS.uplugin" 472
"../../../Engine/Plugins/Enterprise/AxFImporter/AxFImporter.uplugin" 473
"../../../Engine/Plugins/Online/WebAuth/WebAuth.uplugin" 474
"../../../Engine/Plugins/Online/OnlineSubsystemUtils/OnlineSubsystemUtils.uplugin" 475
"../../../Engine/Plugins/Online/OnlineSubsystemFacebook/OnlineSubsystemFacebook.uplugin" 476
"../../../Engine/Plugins/Enterprise/DataprepEditor/DataprepEditor.uplugin" 477
"../../../Engine/Plugins/Enterprise/DatasmithC4DImporter/DatasmithC4DImporter.uplugin" 478
"../../../Engine/Plugins/Enterprise/DatasmithCADImporter/DatasmithCADImporter.uplugin" 479
"../../../Engine/Plugins/Online/OnlineServicesOSSAdapter/OnlineServicesOSSAdapter.uplugin" 480
"../../../Engine/Plugins/Enterprise/DatasmithContent/DatasmithContent.uplugin" 481
"../../../Engine/Plugins/Enterprise/GLTFExporter/GLTFExporter.uplugin" 482
"../../../Engine/Plugins/Enterprise/DatasmithImporter/DatasmithImporter.uplugin" 483
"../../../Engine/Plugins/Enterprise/DatasmithFBXImporter/DatasmithFBXImporter.uplugin" 484
"../../../Engine/Plugins/Enterprise/LidarPointCloud/LidarPointCloud.uplugin" 485
"../../../Engine/Plugins/Enterprise/MDLImporter/MDLImporter.uplugin" 486
"../../../Engine/Plugins/Enterprise/VariantManager/VariantManager.uplugin" 487
"../../../Engine/Plugins/Enterprise/VariantManagerContent/VariantManagerContent.uplugin" 488
"../../../Engine/Plugins/NNE/NNERuntimeORT/NNERuntimeORT.uplugin" 489
"../../../Engine/Plugins/Portal/LauncherChunkInstaller/LauncherChunkInstaller.uplugin" 490
"../../../Engine/Plugins/Slate/SlateInsights/SlateInsights.uplugin" 491
"../../../Engine/Plugins/Slate/SlateScripting/SlateScripting.uplugin" 492
"../../../Engine/Plugins/VirtualProduction/CameraCalibration/CameraCalibration.uplugin" 493
"../../../Engine/Plugins/VirtualProduction/CompositePlane/CompositePlane.uplugin" 494
"../../../Engine/Plugins/VirtualProduction/CameraCalibrationCore/CameraCalibrationCore.uplugin" 495
"../../../Engine/Plugins/VirtualProduction/DataCharts/DataCharts.uplugin" 496
"../../../Engine/Plugins/VirtualProduction/EpicStageApp/EpicStageApp.uplugin" 497
"../../../Engine/Plugins/VirtualProduction/ICVFX/ICVFX.uplugin" 498
"../../../Engine/Plugins/VirtualProduction/ICVFXTesting/ICVFXTesting.uplugin" 499
"../../../Engine/Plugins/VirtualProduction/LensComponent/LensComponent.uplugin" 500
"../../../Engine/Plugins/VirtualProduction/LiveLinkCamera/LiveLinkCamera.uplugin" 501
"../../../Engine/Plugins/VirtualProduction/LevelSnapshots/LevelSnapshots.uplugin" 502
"../../../Engine/Plugins/VirtualProduction/LiveLinkFreeD/LiveLinkFreeD.uplugin" 503
"../../../Engine/Plugins/VirtualProduction/LiveLinkLens/LiveLinkLens.uplugin" 504
"../../../Engine/Plugins/VirtualProduction/LiveLinkPrestonMDR/LiveLinkPrestonMDR.uplugin" 505
"../../../Engine/Plugins/VirtualProduction/LiveLinkMasterLockit/LiveLinkMasterLockit.uplugin" 506
"../../../Engine/Plugins/VirtualProduction/RemoteControl/RemoteControl.uplugin" 507
"../../../Engine/Plugins/VirtualProduction/RemoteControlProtocolDMX/RemoteControlProtocolDMX.uplugin" 508
"../../../Engine/Plugins/VirtualProduction/RemoteControlProtocolMIDI/RemoteControlProtocolMIDI.uplugin" 509
"../../../Engine/Plugins/VirtualProduction/RemoteControlProtocolOSC/RemoteControlProtocolOSC.uplugin" 510
"../../../Engine/Plugins/VirtualProduction/MultiUserTakes/MultiUserTakes.uplugin" 511
"../../../Engine/Plugins/VirtualProduction/LiveLinkInputDevice/LiveLinkInputDevice.uplugin" 512
"../../../Engine/Plugins/VirtualProduction/RemoteControlWebInterface/RemoteControlWebInterface.uplugin" 513
"../../../Engine/Plugins/VirtualProduction/SequencerPlaylists/SequencerPlaylists.uplugin" 514
"../../../Engine/Plugins/VirtualProduction/Switchboard/Switchboard.uplugin" 515
"../../../Engine/Plugins/VirtualProduction/StageMonitoring/StageMonitoring.uplugin" 516
"../../../Engine/Plugins/VirtualProduction/LiveLinkXR/LiveLinkXR.uplugin" 517
"../../../Engine/Plugins/VirtualProduction/TextureShare/TextureShare.uplugin" 518
"../../../Engine/Plugins/VirtualProduction/RemoteControlInterception/RemoteControlInterception.uplugin" 519
"../../../Engine/Plugins/VirtualProduction/TimedDataMonitor/TimedDataMonitor.uplugin" 520
"../../../Engine/Plugins/VirtualProduction/VirtualCameraCore/VirtualCameraCore.uplugin" 521
"../../../Engine/Plugins/Experimental/TextureGraph/TextureGraph.uplugin" 522
"../../../Engine/Plugins/2D/Paper2D/Paper2D.uplugin" 523
"../../../Engine/Plugins/VirtualProduction/VirtualCamera/VirtualCamera.uplugin" 524
"../../../Engine/Plugins/Animation/DeformerGraph/DeformerGraph.uplugin" 525
"../../../Engine/Plugins/Runtime/CommonUI/CommonUI.uplugin" 526
"../../../Engine/Plugins/Compression/OodleNetwork/OodleNetwork.uplugin" 527
"../../../Engine/Plugins/VirtualProduction/Takes/Takes.uplugin" 528
"../../../Engine/Plugins/Experimental/Animation/ContextualAnimation/ContextualAnimation.uplugin" 529
"../../../Engine/Plugins/Experimental/Animation/CurveExpression/CurveExpression.uplugin" 530
"../../../Engine/Plugins/Experimental/Animation/MotionTrajectory/MotionTrajectory.uplugin" 531
"../../../Engine/Plugins/Experimental/Animation/Optimus/Optimus.uplugin" 532
"../../../Engine/Plugins/Editor/ObjectMixer/ObjectMixer/ObjectMixer.uplugin" 533
"../../../Engine/Plugins/Experimental/Animation/SkeletalMeshModelingTools/SkeletalMeshModelingTools.uplugin" 534
"../../../Engine/Plugins/Experimental/VirtualProduction/LedWallCalibration/LedWallCalibration.uplugin" 535
"../../../Engine/Plugins/Experimental/VirtualProduction/VPRoles/VPRoles.uplugin" 536
"../../../Engine/Plugins/Experimental/VirtualProduction/VPSettings/VPSettings.uplugin" 537
"../../../Engine/Plugins/Runtime/Windows/WinDualShock/WinDualShock.uplugin" 538
"../../../Engine/Plugins/Runtime/Windows/XInputDevice/XInputDevice.uplugin" 539
"../../../Engine/Plugins/Online/VoiceChat/EOSVoiceChat/EOSVoiceChat.uplugin" 540
"../../../Engine/Plugins/Online/VoiceChat/VoiceChat/VoiceChat.uplugin" 541
"../../../Engine/Plugins/VirtualProduction/DMX/DMXControlConsole/DMXControlConsole.uplugin" 542
"../../../Engine/Plugins/VirtualProduction/LiveLinkVRPN/LiveLinkVRPN.uplugin" 543
"../../../Engine/Plugins/VirtualProduction/DMX/DMXEngine/DMXEngine.uplugin" 544
"../../../Engine/Plugins/VirtualProduction/DMX/DMXFixtures/DMXFixtures.uplugin" 545
"../../../Engine/Plugins/VirtualProduction/DMX/DMXDisplayCluster/DMXDisplayCluster.uplugin" 546
"../../../Engine/Plugins/VirtualProduction/DMX/DMXModularFeatures/DMXModularFeatures.uplugin" 547
"../../../Engine/Plugins/VirtualProduction/DMX/DMXPixelMapping/DMXPixelMapping.uplugin" 548
"../../../Engine/Plugins/VirtualProduction/DMX/DatasmithMVR/DatasmithMVR.uplugin" 549
"../../../Engine/Plugins/VirtualProduction/DMX/DMXProtocol/DMXProtocol.uplugin" 550
"../../../Engine/Plugins/Animation/MLDeformer/ChaosClothGenerator/ChaosClothGenerator.uplugin" 551
"../../../Engine/Plugins/Animation/MLDeformer/NearestNeighborModel/NearestNeighborModel.uplugin" 552
"../../../Engine/Plugins/Animation/MLDeformer/MLDeformerFramework/MLDeformerFramework.uplugin" 553
"../../../Engine/Plugins/Animation/MLDeformer/NeuralMorphModel/NeuralMorphModel.uplugin" 554
"../../../Engine/Plugins/Animation/MLDeformer/VertexDeltaModel/VertexDeltaModel.uplugin" 555
"../../../Engine/Plugins/Experimental/AVCodecs/AMFCodecs/AMFCodecs.uplugin" 556
"../../../Engine/Plugins/Experimental/AVCodecs/AVCodecsCore/AVCodecsCore.uplugin" 557
"../../../Engine/Plugins/Experimental/AVCodecs/VTCodecs/VTCodecs.uplugin" 558
"../../../Engine/Plugins/Experimental/AVCodecs/WMFCodecs/WMFCodecs.uplugin" 559
"../../../Engine/Plugins/Runtime/XR/XRScribe/XRScribe.uplugin" 560
"../../../Engine/Plugins/Experimental/AVCodecs/NVCodecs/NVCodecs.uplugin" 561
"../../../Engine/Plugins/Editor/Localization/PortableObjectFileDataSource/PortableObjectFileDataSource.uplugin" 562
"../../../Engine/Plugins/Developer/Concert/ConcertMain/ConcertMain.uplugin" 563
"../../../Engine/Plugins/Experimental/Enterprise/DataprepGeometryOperations/DataprepGeometryOperations.uplugin" 564
"../../../Engine/Plugins/Experimental/Enterprise/DatasmithInterchange/DatasmithInterchange.uplugin" 565
"../../../Engine/Plugins/Runtime/XR/XRVisualization/XRVisualization.uplugin" 566
"../../../Engine/Plugins/Experimental/MetaHuman/MetaHumanProjectUtilities/MetaHumanProjectUtilities.uplugin" 567
"../../../Engine/Plugins/Experimental/Enterprise/DatasmithRuntime/DatasmithRuntime.uplugin" 568
"../../../Engine/Plugins/Experimental/Web/WebAPI/WebAPI.uplugin" 569
"../../../Engine/Plugins/Runtime/AR/AzureSpatialAnchors/AzureSpatialAnchors.uplugin" 570
"../../../Engine/Plugins/Runtime/AR/ARUtilities/ARUtilities.uplugin" 571
"../../../Engine/Plugins/Runtime/AR/AzureSpatialAnchorsForARKit/AzureSpatialAnchorsForARKit.uplugin" 572
"../../../Engine/Plugins/Runtime/Database/ADOSupport/ADOSupport.uplugin" 573
"../../../Engine/Plugins/Runtime/AR/AzureSpatialAnchorsForARCore/AzureSpatialAnchorsForARCore.uplugin" 574
"../../../Engine/Plugins/Runtime/Database/DatabaseSupport/DatabaseSupport.uplugin" 575
"../../../Engine/Plugins/Runtime/Database/SQLiteCore/SQLiteCore.uplugin" 576
"../../../Engine/Plugins/Runtime/Database/SQLiteSupport/SQLiteSupport.uplugin" 577
"../../../Engine/Plugins/Runtime/Database/RemoteDatabaseSupport/RemoteDatabaseSupport.uplugin" 578
"../../../Engine/Plugins/Runtime/Nvidia/Reflex/Reflex.uplugin" 579
"../../../Engine/Plugins/Runtime/Steam/SteamAudio/SteamAudio.uplugin" 580
"../../../Engine/Plugins/Runtime/Steam/SteamController/SteamController.uplugin" 581
"../../../Engine/Plugins/Runtime/Steam/SteamShared/SteamShared.uplugin" 582
"../../../Engine/Plugins/Runtime/Steam/SteamSockets/SteamSockets.uplugin" 583
"../../../Engine/Plugins/Runtime/Nvidia/GeForceNOWWrapper/GeForceNOWWrapper.uplugin" 584
"../../../Engine/Plugins/Online/Android/OnlineSubsystemGooglePlay/OnlineSubsystemGooglePlay.uplugin" 585
"../../../Engine/Plugins/VirtualProduction/Rivermax/RivermaxCore/RivermaxCore.uplugin" 586
"../../../Engine/Plugins/Online/Android/AndroidFetchBackgroundDownload/AndroidFetchBackgroundDownload.uplugin" 587
"../../../Engine/Plugins/Runtime/Advertising/IOSTapJoy/IOSTapJoy.uplugin" 588
"../../../Engine/Plugins/VirtualProduction/Rivermax/RivermaxMedia/RivermaxMedia.uplugin" 589
"../../../Engine/Plugins/VirtualProduction/Rivermax/RivermaxSync/RivermaxSync.uplugin" 590
"../../../Engine/Plugins/Runtime/PacketHandlers/AESGCMHandlerComponent/AESGCMHandlerComponent.uplugin" 591
"../../../Engine/Plugins/Runtime/PacketHandlers/AESHandlerComponent/AESHandlerComponent.uplugin" 592
"../../../Engine/Plugins/Editor/ContentBrowser/ContentBrowserAliasDataSoure/ContentBrowserAliasDataSource.uplugin" 593
"../../../Engine/Plugins/Editor/ContentBrowser/ContentBrowserClassDataSource/ContentBrowserClassDataSource.uplugin" 594
"../../../Engine/Plugins/Editor/ContentBrowser/ContentBrowserFileDataSource/ContentBrowserFileDataSource.uplugin" 595
"../../../Engine/Plugins/Runtime/PacketHandlers/DTLSHandlerComponent/DTLSHandlerComponent.uplugin" 596
"../../../Engine/Plugins/Experimental/CharacterFXEditor/BaseCharacterFXEditor/BaseCharacterFXEditor.uplugin" 597
"../../../Engine/Plugins/Experimental/CharacterFXEditor/ExampleCharacterFXEditor/ExampleCharacterFXEditor.uplugin" 598
"../../../Engine/Plugins/Runtime/Analytics/Adjust/Adjust.uplugin" 599
"../../../Engine/Plugins/Runtime/Analytics/AnalyticsBlueprintLibrary/AnalyticsBlueprintLibrary.uplugin" 600
"../../../Engine/Plugins/Editor/ContentBrowser/ContentBrowserAssetDataSource/ContentBrowserAssetDataSource.uplugin" 601
"../../../Engine/Plugins/Runtime/Analytics/AnalyticsMulticast/AnalyticsMulticast.uplugin" 602
"../../../Engine/Plugins/Runtime/Analytics/FileLogging/FileLogging.uplugin" 603
"../../../Engine/Plugins/Online/IOS/OnlineSubsystemIOS/OnlineSubsystemIOS.uplugin" 604
"../../../Engine/Plugins/Runtime/Analytics/Flurry/Flurry.uplugin" 605
"../../../Engine/Plugins/Runtime/MeshReconstruction/DummyMeshReconstructor/DummyMeshReconstructor.uplugin" 606
"../../../Engine/Plugins/Editor/ObjectMixer/LightMixer/LightMixer.uplugin" 607
"../../../Engine/Plugins/Developer/Concert/ConcertApp/DisasterRecoveryClient/DisasterRecoveryClient.uplugin" 608
"../../../Engine/Plugins/Developer/Concert/ConcertApp/MultiUserClient/MultiUserClient.uplugin" 609
"../../../Engine/Plugins/Developer/Concert/ConcertApp/MultiUserServer/MultiUserServer.uplugin" 610
"../../../Engine/Plugins/Developer/Concert/ConcertSync/ConcertSyncClient/ConcertSyncClient.uplugin" 611
"../../../Engine/Plugins/Developer/Concert/ConcertSync/ConcertSyncServer/ConcertSyncServer.uplugin" 612
"../../../Engine/Plugins/Developer/Concert/ConcertSync/ConcertSyncCore/ConcertSyncCore.uplugin" 613
"../../../Engine/Plugins/Developer/Concert/ConcertSync/ConcertSyncTest/ConcertSyncTest.uplugin" 614
"../../../Engine/Plugins/Developer/Concert/ConcertUI/ConcertClientSharedSlate/ConcertClientSharedSlate.uplugin" 615
"../../../Engine/Plugins/Runtime/AR/AppleAR/AppleARKit/AppleARKit.uplugin" 616
"../../../Engine/Plugins/Runtime/AR/AppleAR/AppleARKitFaceSupport/AppleARKitFaceSupport.uplugin" 617
"../../../Engine/Plugins/Developer/Concert/ConcertUI/ConcertSharedSlate/ConcertSharedSlate.uplugin" 618
"../../../Engine/Plugins/Developer/Concert/ConcertScripting/ConcertReplicationScripting/ConcertReplicationScripting.uplugin" 619
"../../../Engine/Plugins/Runtime/AR/Google/GoogleARCoreServices/GoogleARCoreServices.uplugin" 620
"../../../Engine/Plugins/Runtime/AR/Google/GoogleARCore/GoogleARCore.uplugin" 621
"../../../Engine/Platforms/VisionOS/Plugins/Runtime/OpenXRHandTracking/OpenXRHandTracking_VisionOS.uplugin" 622
"../../../Engine/Platforms/VisionOS/Plugins/Runtime/OpenXR/OpenXR_VisionOS.uplugin" 623
"../../../Engine/Platforms/VisionOS/Plugins/Compression/OodleNetwork/OodleNetwork_VisionOS.uplugin" 624
"../../../Engine/Platforms/VisionOS/Plugins/Runtime/OpenXRVisionOS/OpenXRVisionOS.uplugin" 625
"C:/24CI0433/Magic_Project/Plugins/VisualStudioTools/VisualStudioTools.uplugin" 626
"C:/24CI0433/Magic_Project/Plugins/ASerialCom_V1.1.0/ASerialCom/ASerialCom.uplugin" 627
"../../../Engine/Content/Internationalization/icudt64l/cnvalias.icu" 628
"../../../Engine/Content/Internationalization/icudt64l/res_index.res" 629
"../../../Engine/Content/Internationalization/icudt64l/plurals.res" 630
"../../../Engine/Content/Internationalization/icudt64l/lang/ja_JP.res" 631
"../../../Engine/Content/Internationalization/icudt64l/lang/pool.res" 632
"../../../Engine/Content/Internationalization/icudt64l/lang/ja.res" 633
"../../../Engine/Content/Internationalization/icudt64l/lang/root.res" 634
"../../../Engine/Content/Internationalization/icudt64l/region/ja_JP.res" 635
"../../../Engine/Content/Internationalization/icudt64l/region/pool.res" 636
"../../../Engine/Content/Internationalization/icudt64l/region/ja.res" 637
"../../../Engine/Content/Internationalization/icudt64l/region/root.res" 638
"../../../Engine/Content/Internationalization/icudt64l/lang/en.res" 639
"../../../Engine/Content/Internationalization/icudt64l/region/en.res" 640
"../../../Engine/Content/Internationalization/icudt64l/windowsZones.res" 641
"../../../Engine/Content/Internationalization/icudt64l/zoneinfo64.res" 642
"../../../Engine/Content/Internationalization/icudt64l/keyTypeData.res" 643
"../../../Engine/Content/Internationalization/icudt64l/timezoneTypes.res" 644
"../../../Engine/Content/Internationalization/icudt64l/likelySubtags.res" 645
"../../../Engine/Content/Internationalization/icudt64l/ja_JP.res" 646
"../../../Engine/Content/Internationalization/icudt64l/pool.res" 647
"../../../Engine/Content/Internationalization/icudt64l/ja.res" 648
"../../../Engine/Content/Internationalization/icudt64l/root.res" 649
"../../../Engine/Content/Internationalization/icudt64l/supplementalData.res" 650
"../../../Engine/Config/ConfigRedirects.ini" 651
"C:/Users/Owner/AppData/Local/UnrealEngine/5.4/Saved/Config/WindowsEditor/Manifest.ini" 652
"../../../Engine/Config/BaseEngine.ini" 653
"../../../Engine/Config/Windows/BaseWindowsEngine.ini" 654
"../../../../../../24CI0433/Magic_Project/Config/DefaultEngine.ini" 655
"../../../Engine/Config/Windows/WindowsEngine.ini" 656
"../../../Engine/Config/BaseGame.ini" 657
"../../../../../../24CI0433/Magic_Project/Config/DefaultGame.ini" 658
"../../../Engine/Config/Windows/WindowsGame.ini" 659
"C:/24CI0433/Magic_Project/Saved/Config/WindowsEditor/Game.ini" 660
"../../../Engine/Config/BaseInput.ini" 661
"../../../../../../24CI0433/Magic_Project/Config/DefaultInput.ini" 662
"../../../Engine/Config/Windows/WindowsInput.ini" 663
"../../../Engine/Config/BaseDeviceProfiles.ini" 664
"../../../Engine/Config/BaseGameUserSettings.ini" 665
"C:/24CI0433/Magic_Project/Saved/Config/WindowsEditor/GameUserSettings.ini" 666
"../../../Engine/Config/BaseScalability.ini" 667
"../../../Engine/Config/BaseRuntimeOptions.ini" 668
"../../../Engine/Config/BaseInstallBundle.ini" 669
"../../../Engine/Config/BaseHardware.ini" 670
"../../../Engine/Config/BaseCompat.ini" 671
"../../../Engine/Config/BaseLightmass.ini" 672
"../../../Engine/Config/BaseEditor.ini" 673
"../../../../../../24CI0433/Magic_Project/Config/DefaultEditor.ini" 674
"C:/24CI0433/Magic_Project/Saved/Config/WindowsEditor/Editor.ini" 675
"../../../Engine/Config/BaseEditorPerProjectUserSettings.ini" 676
"../../../Engine/Config/Windows/WindowsEditorPerProjectUserSettings.ini" 677
"C:/24CI0433/Magic_Project/Saved/Config/WindowsEditor/EditorPerProjectUserSettings.ini" 678
"../../../Engine/Config/BaseEditorSettings.ini" 679
"C:/Users/Owner/AppData/Local/UnrealEngine/5.4/Saved/Config/WindowsEditor/EditorSettings.ini" 680
"../../../Engine/Config/BaseEditorKeyBindings.ini" 681
"C:/Users/Owner/AppData/Local/UnrealEngine/5.4/Saved/Config/WindowsEditor/EditorLayout.ini" 682
"../../../Engine/Config/Android/BaseAndroidEngine.ini" 683
"../../../Engine/Config/IOS/BaseIOSEngine.ini" 684
"../../../Engine/Config/Android/AndroidEngine.ini" 685
"../../../Engine/Config/LinuxArm64/BaseLinuxArm64Engine.ini" 686
"../../../Engine/Config/Mac/BaseMacEngine.ini" 687
"../../../../../../24CI0433/Magic_Project/Config/IOS/IOSEngine.ini" 688
"../../../Engine/Config/Linux/BaseLinuxEngine.ini" 689
"../../../../../../24CI0433/Magic_Project/Binaries/Win64/Magic_Project-Win64-Shipping.target" 690
"../../../Engine/Config/Unix/UnixEngine.ini" 691
"../../../Engine/Config/Linux/LinuxEngine.ini" 692
"../../../Engine/Config/Android/BaseAndroidGame.ini" 693
"../../../Engine/Config/LinuxArm64/LinuxArm64Engine.ini" 694
"../../../../../../24CI0433/Magic_Project/Binaries/Win64/Magic_ProjectEditor.target" 695
"../../../Engine/Config/IOS/BaseIOSGame.ini" 696
"../../../Engine/Config/IOS/IOSGame.ini" 697
"../../../Engine/Config/Mac/MacGame.ini" 698
"../../../Engine/Config/Mac/BaseMacInput.ini" 699
"../../../Engine/Config/Linux/LinuxGame.ini" 700
"../../../Engine/Config/Android/AndroidScalability.ini" 701
"../../../Engine/Config/Android/BaseAndroidInstallBundle.ini" 702
"../../../Engine/Config/IOS/IOSScalability.ini" 703
"../../../Engine/Config/TVOS/TVOSEngine.ini" 704
"../../../Engine/Platforms/VisionOS/Config/BaseVisionOSEngine.ini" 705
"../../../Engine/Config/PluginBase.ini" 706
"../../../Engine/Plugins/ChaosVD/Config/Engine.ini" 707
"../../../Engine/Plugins/EnhancedInput/Config/BaseEnhancedInput.ini" 708
"../../../Engine/Plugins/EnhancedInput/Config/Input.ini" 709
"../../../Engine/Plugins/TraceUtilities/Config/BaseTraceUtilities.ini" 710
"../../../Engine/Plugins/Editor/EditorScriptingUtilities/Config/BaseEditorScriptingUtilities.ini" 711
"../../../Engine/Plugins/Interchange/Runtime/Config/BaseInterchange.ini" 712
"../../../Engine/Plugins/Animation/ControlRig/Config/BaseControlRig.ini" 713
"../../../Engine/Plugins/Animation/IKRig/Config/BaseIKRig.ini" 714
"../../../Engine/Plugins/Animation/LiveLink/Config/BaseLiveLink.ini" 715
"../../../Engine/Plugins/Developer/TraceDataFiltering/Config/BaseTraceDataFilters.ini" 716
"../../../Engine/Plugins/Experimental/FullBodyIK/Config/BaseFullBodyIK.ini" 717
"../../../Engine/Plugins/Experimental/StructUtils/Config/BaseStructUtils.ini" 718
"../../../Engine/Plugins/Experimental/ToolPresets/Config/BaseToolPresets.ini" 719
"../../../Engine/Plugins/Runtime/InputDebugging/Config/Input.ini" 720
"../../../Engine/Plugins/Runtime/Metasound/Config/BaseMetasound.ini" 721
"../../../Engine/Plugins/Runtime/Metasound/Config/DefaultMetasound.ini" 722
"../../../Engine/Plugins/Runtime/OpenXR/Config/Engine.ini" 723
"../../../Engine/Plugins/Runtime/Synthesis/Config/BaseSynthesis.ini" 724
"../../../Engine/Plugins/FX/Niagara/Config/BaseNiagara.ini" 725
"../../../Engine/Plugins/Enterprise/DatasmithContent/Config/BaseDatasmithContent.ini" 726
"../../../Engine/Plugins/Enterprise/GLTFExporter/Config/BaseGLTFExporter.ini" 727
"../../../Engine/Plugins/Enterprise/GLTFExporter/Config/DefaultGLTFExporter.ini" 728
"../../../Engine/Plugins/Enterprise/VariantManagerContent/Config/BaseVariantManagerContent.ini" 729
"../../../Engine/Plugins/2D/Paper2D/Config/BasePaper2D.ini" 730
"../../../Engine/Plugins/Experimental/MetaHuman/MetaHumanProjectUtilities/Config/BaseMetaHumanProjectUtilities.ini" 731
"../../../Engine/Plugins/Developer/Concert/ConcertSync/ConcertSyncCore/Config/BaseConcertSyncCore.ini" 732
"../../../Engine/Plugins/Editor/ModelingToolsEditorMode/Binaries/Win64/UnrealEditor.modules" 733
"../../../Engine/Plugins/Runtime/MeshModelingToolset/Binaries/Win64/UnrealEditor.modules" 734
"../../../Engine/Plugins/Experimental/MeshModelingToolsetExp/Binaries/Win64/UnrealEditor.modules" 735
"../../../Engine/Plugins/Editor/MeshLODToolset/Binaries/Win64/UnrealEditor.modules" 736
"../../../Engine/Plugins/Experimental/ToolPresets/Binaries/Win64/UnrealEditor.modules" 737
"../../../Engine/Plugins/Runtime/GeometryProcessing/Binaries/Win64/UnrealEditor.modules" 738
"../../../Engine/Plugins/Editor/ProxyLODPlugin/Binaries/Win64/UnrealEditor.modules" 739
"../../../Engine/Plugins/Experimental/PlanarCutPlugin/Binaries/Win64/UnrealEditor.modules" 740
"../../../Engine/Plugins/Experimental/GeometryFlow/Binaries/Win64/UnrealEditor.modules" 741
"../../../Engine/Plugins/Editor/EditorScriptingUtilities/Binaries/Win64/UnrealEditor.modules" 742
"../../../Engine/Plugins/Runtime/OpenXR/Binaries/Win64/UnrealEditor.modules" 743
"../../../Engine/Plugins/Runtime/XRBase/Binaries/Win64/UnrealEditor.modules" 744
"../../../Engine/Plugins/EnhancedInput/Binaries/Win64/UnrealEditor.modules" 745
"../../../Engine/Plugins/Runtime/OpenXREyeTracker/Binaries/Win64/UnrealEditor.modules" 746
"../../../Engine/Plugins/Runtime/OpenXRHandTracking/Binaries/Win64/UnrealEditor.modules" 747
"../../../Engine/Plugins/Animation/LiveLink/Binaries/Win64/UnrealEditor.modules" 748
"../../../Engine/Plugins/VirtualProduction/Takes/Binaries/Win64/UnrealEditor.modules" 749
"../../../Engine/Plugins/Developer/Concert/ConcertSync/ConcertSyncClient/Binaries/Win64/UnrealEditor.modules" 750
"../../../Engine/Plugins/Experimental/StructUtils/Binaries/Win64/UnrealEditor.modules" 751
"../../../Engine/Plugins/Editor/ContentBrowser/ContentBrowserAssetDataSource/Binaries/Win64/UnrealEditor.modules" 752
"../../../Engine/Plugins/Runtime/AudioCapture/Binaries/Win64/UnrealEditor.modules" 753
"../../../Engine/Plugins/MovieScene/LevelSequenceEditor/Binaries/Win64/UnrealEditor.modules" 754
"../../../Engine/Plugins/Developer/Concert/ConcertSync/ConcertSyncCore/Binaries/Win64/UnrealEditor.modules" 755
"../../../Engine/Plugins/Developer/Concert/ConcertMain/Binaries/Win64/UnrealEditor.modules" 756
"../../../Engine/Plugins/Runtime/PropertyAccess/Binaries/Win64/UnrealEditor.modules" 757
"../../../Engine/Plugins/MovieScene/SequencerScripting/Binaries/Win64/UnrealEditor.modules" 758
"../../../Engine/Plugins/Runtime/Database/SQLiteCore/Binaries/Win64/UnrealEditor.modules" 759
"../../../Engine/Plugins/Experimental/PythonScriptPlugin/Binaries/Win64/UnrealEditor.modules" 760
"../../../Engine/Plugins/Editor/ContentBrowser/ContentBrowserFileDataSource/Binaries/Win64/UnrealEditor.modules" 761
"../../../Engine/Plugins/Bridge/Binaries/Win64/UnrealEditor.modules" 762
"../../../Engine/Plugins/Experimental/MetaHuman/MetaHumanProjectUtilities/Binaries/Win64/UnrealEditor.modules" 763
"../../../Engine/Plugins/ChaosCloth/Binaries/Win64/UnrealEditor.modules" 764
"../../../Engine/Plugins/Experimental/ChaosCaching/Binaries/Win64/UnrealEditor.modules" 765
"../../../Engine/Plugins/CmdLinkServer/Binaries/Win64/UnrealEditor.modules" 766
"../../../Engine/Plugins/ChaosVD/Binaries/Win64/UnrealEditor.modules" 767
"../../../Engine/Plugins/FastBuildController/Binaries/Win64/UnrealEditor.modules" 768
"../../../Engine/Plugins/MeshPainting/Binaries/Win64/UnrealEditor.modules" 769
"../../../Engine/Plugins/Interchange/Editor/Binaries/Win64/UnrealEditor.modules" 770
"../../../Engine/Plugins/Interchange/Runtime/Binaries/Win64/UnrealEditor.modules" 771
"../../../Engine/Plugins/Enterprise/VariantManagerContent/Binaries/Win64/UnrealEditor.modules" 772
"../../../Engine/Plugins/Enterprise/VariantManager/Binaries/Win64/UnrealEditor.modules" 773
"../../../Engine/Plugins/RenderGraphInsights/Binaries/Win64/UnrealEditor.modules" 774
"../../../Engine/Plugins/TraceUtilities/Binaries/Win64/UnrealEditor.modules" 775
"../../../Engine/Plugins/WorldMetrics/Binaries/Win64/UnrealEditor.modules" 776
"../../../Engine/Plugins/XGEController/Binaries/Win64/UnrealEditor.modules" 777
"../../../Engine/Plugins/AI/AISupport/Binaries/Win64/UnrealEditor.modules" 778
"../../../Engine/Plugins/AI/EnvironmentQueryEditor/Binaries/Win64/UnrealEditor.modules" 779
"../../../Engine/Plugins/Cameras/GameplayCameras/Binaries/Win64/UnrealEditor.modules" 780
"../../../Engine/Plugins/MovieScene/TemplateSequence/Binaries/Win64/UnrealEditor.modules" 781
"../../../Engine/Plugins/Cameras/CameraShakePreviewer/Binaries/Win64/UnrealEditor.modules" 782
"../../../Engine/Plugins/Editor/AssetManagerEditor/Binaries/Win64/UnrealEditor.modules" 783
"../../../Engine/Plugins/Editor/BlueprintHeaderView/Binaries/Win64/UnrealEditor.modules" 784
"../../../Engine/Plugins/Editor/ChangelistReview/Binaries/Win64/UnrealEditor.modules" 785
"../../../Engine/Plugins/Editor/CryptoKeys/Binaries/Win64/UnrealEditor.modules" 786
"../../../Engine/Plugins/Editor/CurveEditorTools/Binaries/Win64/UnrealEditor.modules" 787
"../../../Engine/Plugins/Editor/DataValidation/Binaries/Win64/UnrealEditor.modules" 788
"../../../Engine/Plugins/Editor/EditorDebugTools/Binaries/Win64/UnrealEditor.modules" 789
"../../../Engine/Plugins/Editor/EngineAssetDefinitions/Binaries/Win64/UnrealEditor.modules" 790
"../../../Engine/Plugins/Editor/FacialAnimation/Binaries/Win64/UnrealEditor.modules" 791
"../../../Engine/Plugins/Editor/GameplayTagsEditor/Binaries/Win64/UnrealEditor.modules" 792
"../../../Engine/Plugins/Editor/GeometryMode/Binaries/Win64/UnrealEditor.modules" 793
"../../../Engine/Plugins/Editor/MaterialAnalyzer/Binaries/Win64/UnrealEditor.modules" 794
"../../../Engine/Plugins/Editor/MobileLauncherProfileWizard/Binaries/Win64/UnrealEditor.modules" 795
"../../../Engine/Plugins/Editor/PluginBrowser/Binaries/Win64/UnrealEditor.modules" 796
"../../../Engine/Plugins/Developer/PluginUtils/Binaries/Win64/UnrealEditor.modules" 797
"../../../Engine/Plugins/Editor/SequencerAnimTools/Binaries/Win64/UnrealEditor.modules" 798
"../../../Engine/Plugins/Animation/ControlRig/Binaries/Win64/UnrealEditor.modules" 799
"../../../Engine/Plugins/Runtime/RigVM/Binaries/Win64/UnrealEditor.modules" 800
"../../../Engine/Plugins/Editor/SpeedTreeImporter/Binaries/Win64/UnrealEditor.modules" 801
"../../../Engine/Plugins/Editor/UVEditor/Binaries/Win64/UnrealEditor.modules" 802
"../../../Engine/Plugins/Editor/WorldPartitionHLODUtilities/Binaries/Win64/UnrealEditor.modules" 803
"../../../Engine/Plugins/Media/AndroidMedia/Binaries/Win64/UnrealEditor.modules" 804
"../../../Engine/Plugins/Media/AvfMedia/Binaries/Win64/UnrealEditor.modules" 805
"../../../Engine/Plugins/Media/ImgMedia/Binaries/Win64/UnrealEditor.modules" 806
"../../../Engine/Plugins/Media/MediaPlayerEditor/Binaries/Win64/UnrealEditor.modules" 807
"../../../Engine/Plugins/Media/MediaCompositing/Binaries/Win64/UnrealEditor.modules" 808
"../../../Engine/Plugins/Media/MediaPlate/Binaries/Win64/UnrealEditor.modules" 809
"../../../Engine/Plugins/Media/WmfMedia/Binaries/Win64/UnrealEditor.modules" 810
"../../../Engine/Plugins/Animation/ACLPlugin/Binaries/Win64/UnrealEditor.modules" 811
"../../../Engine/Plugins/Animation/AnimationModifierLibrary/Binaries/Win64/UnrealEditor.modules" 812
"../../../Engine/Plugins/Animation/AnimationData/Binaries/Win64/UnrealEditor.modules" 813
"../../../Engine/Plugins/Animation/BlendSpaceMotionAnalysis/Binaries/Win64/UnrealEditor.modules" 814
"../../../Engine/Plugins/Animation/ControlRigSpline/Binaries/Win64/UnrealEditor.modules" 815
"../../../Engine/Plugins/Animation/IKRig/Binaries/Win64/UnrealEditor.modules" 816
"../../../Engine/Plugins/Experimental/FullBodyIK/Binaries/Win64/UnrealEditor.modules" 817
"../../../Engine/Plugins/Developer/AnimationSharing/Binaries/Win64/UnrealEditor.modules" 818
"../../../Engine/Plugins/Runtime/SignificanceManager/Binaries/Win64/UnrealEditor.modules" 819
"../../../Engine/Plugins/Developer/CLionSourceCodeAccess/Binaries/Win64/UnrealEditor.modules" 820
"../../../Engine/Plugins/Developer/DumpGPUServices/Binaries/Win64/UnrealEditor.modules" 821
"../../../Engine/Plugins/Developer/GitSourceControl/Binaries/Win64/UnrealEditor.modules" 822
"../../../Engine/Plugins/Developer/N10XSourceCodeAccess/Binaries/Win64/UnrealEditor.modules" 823
"../../../Engine/Plugins/Developer/PerforceSourceControl/Binaries/Win64/UnrealEditor.modules" 824
"../../../Engine/Plugins/Developer/PixWinPlugin/Binaries/Win64/UnrealEditor.modules" 825
"../../../Engine/Plugins/Developer/PlasticSourceControl/Binaries/Win64/UnrealEditor.modules" 826
"../../../Engine/Plugins/Developer/PropertyAccessNode/Binaries/Win64/UnrealEditor.modules" 827
"../../../Engine/Plugins/Developer/RenderDocPlugin/Binaries/Win64/UnrealEditor.modules" 828
"../../../Engine/Plugins/Developer/RiderSourceCodeAccess/Binaries/Win64/UnrealEditor.modules" 829
"../../../Engine/Plugins/Developer/SubversionSourceControl/Binaries/Win64/UnrealEditor.modules" 830
"../../../Engine/Plugins/Developer/TextureFormatOodle/Binaries/Win64/UnrealEditor.modules" 831
"../../../Engine/Plugins/Developer/TraceDataFiltering/Binaries/Win64/UnrealEditor.modules" 832
"../../../Engine/Plugins/Developer/UObjectPlugin/Binaries/Win64/UnrealEditor.modules" 833
"../../../Engine/Plugins/Developer/VisualStudioCodeSourceCodeAccess/Binaries/Win64/UnrealEditor.modules" 834
"../../../Engine/Plugins/Developer/VisualStudioSourceCodeAccess/Binaries/Win64/UnrealEditor.modules" 835
"../../../Engine/Plugins/MovieScene/ActorSequence/Binaries/Win64/UnrealEditor.modules" 836
"../../../Engine/Plugins/Tests/InterchangeTests/Binaries/Win64/UnrealEditor.modules" 837
"../../../Engine/Plugins/Experimental/AutomationUtils/Binaries/Win64/UnrealEditor.modules" 838
"../../../Engine/Plugins/Experimental/BackChannel/Binaries/Win64/UnrealEditor.modules" 839
"../../../Engine/Plugins/Experimental/ChaosEditor/Binaries/Win64/UnrealEditor.modules" 840
"../../../Engine/Plugins/Experimental/GeometryCollectionPlugin/Binaries/Win64/UnrealEditor.modules" 841
"../../../Engine/Plugins/Experimental/Fracture/Binaries/Win64/UnrealEditor.modules" 842
"../../../Engine/Plugins/Runtime/ProceduralMeshComponent/Binaries/Win64/UnrealEditor.modules" 843
"../../../Engine/Plugins/Experimental/ChaosSolverPlugin/Binaries/Win64/UnrealEditor.modules" 844
"../../../Engine/Plugins/Experimental/Dataflow/Binaries/Win64/UnrealEditor.modules" 845
"../../../Engine/Plugins/Experimental/CharacterFXEditor/BaseCharacterFXEditor/Binaries/Win64/UnrealEditor.modules" 846
"../../../Engine/Plugins/Experimental/ChaosNiagara/Binaries/Win64/UnrealEditor.modules" 847
"../../../Engine/Plugins/FX/Niagara/Binaries/Win64/UnrealEditor.modules" 848
"../../../Engine/Plugins/Experimental/ChaosUserDataPT/Binaries/Win64/UnrealEditor.modules" 849
"../../../Engine/Plugins/Experimental/CharacterAI/Binaries/Win64/UnrealEditor.modules" 850
"../../../Engine/Plugins/Experimental/LocalizableMessage/Binaries/Win64/UnrealEditor.modules" 851
"../../../Engine/Plugins/Experimental/OpenImageDenoise/Binaries/Win64/UnrealEditor.modules" 852
"../../../Engine/Plugins/Experimental/PlatformCrypto/Binaries/Win64/UnrealEditor.modules" 853
"../../../Engine/Plugins/Experimental/SkeletalReduction/Binaries/Win64/UnrealEditor.modules" 854
"../../../Engine/Plugins/Experimental/StudioTelemetry/Binaries/Win64/UnrealEditor.modules" 855
"../../../Engine/Plugins/Importers/AlembicImporter/Binaries/Win64/UnrealEditor.modules" 856
"../../../Engine/Plugins/Runtime/GeometryCache/Binaries/Win64/UnrealEditor.modules" 857
"../../../Engine/Plugins/Runtime/ActorLayerUtilities/Binaries/Win64/UnrealEditor.modules" 858
"../../../Engine/Plugins/Runtime/AndroidDeviceProfileSelector/Binaries/Win64/UnrealEditor.modules" 859
"../../../Engine/Plugins/Runtime/AndroidFileServer/Binaries/Win64/UnrealEditor.modules" 860
"../../../Engine/Plugins/Runtime/AndroidPermission/Binaries/Win64/UnrealEditor.modules" 861
"../../../Engine/Plugins/Runtime/AppleImageUtils/Binaries/Win64/UnrealEditor.modules" 862
"../../../Engine/Plugins/Runtime/ArchVisCharacter/Binaries/Win64/UnrealEditor.modules" 863
"../../../Engine/Plugins/Runtime/AssetTags/Binaries/Win64/UnrealEditor.modules" 864
"../../../Engine/Plugins/Runtime/CableComponent/Binaries/Win64/UnrealEditor.modules" 865
"../../../Engine/Plugins/Runtime/ChunkDownloader/Binaries/Win64/UnrealEditor.modules" 866
"../../../Engine/Plugins/Runtime/CustomMeshComponent/Binaries/Win64/UnrealEditor.modules" 867
"../../../Engine/Plugins/Runtime/ExampleDeviceProfileSelector/Binaries/Win64/UnrealEditor.modules" 868
"../../../Engine/Plugins/Runtime/GooglePAD/Binaries/Win64/UnrealEditor.modules" 869
"../../../Engine/Plugins/Runtime/InputDebugging/Binaries/Win64/UnrealEditor.modules" 870
"../../../Engine/Plugins/Runtime/LocationServicesBPLibrary/Binaries/Win64/UnrealEditor.modules" 871
"../../../Engine/Plugins/Runtime/Metasound/Binaries/Win64/UnrealEditor.modules" 872
"../../../Engine/Plugins/Runtime/AudioWidgets/Binaries/Win64/UnrealEditor.modules" 873
"../../../Engine/Plugins/Runtime/AudioSynesthesia/Binaries/Win64/UnrealEditor.modules" 874
"../../../Engine/Plugins/Runtime/WaveTable/Binaries/Win64/UnrealEditor.modules" 875
"../../../Engine/Plugins/Runtime/MobilePatchingUtils/Binaries/Win64/UnrealEditor.modules" 876
"../../../Engine/Plugins/Runtime/MsQuic/Binaries/Win64/UnrealEditor.modules" 877
"../../../Engine/Plugins/Runtime/ResonanceAudio/Binaries/Win64/UnrealEditor.modules" 878
"../../../Engine/Plugins/Runtime/SoundFields/Binaries/Win64/UnrealEditor.modules" 879
"../../../Engine/Plugins/Runtime/Synthesis/Binaries/Win64/UnrealEditor.modules" 880
"../../../Engine/Plugins/Runtime/WebMMoviePlayer/Binaries/Win64/UnrealEditor.modules" 881
"../../../Engine/Plugins/Media/WebMMedia/Binaries/Win64/UnrealEditor.modules" 882
"../../../Engine/Plugins/Runtime/WindowsDeviceProfileSelector/Binaries/Win64/UnrealEditor.modules" 883
"../../../Engine/Plugins/Runtime/WindowsMoviePlayer/Binaries/Win64/UnrealEditor.modules" 884
"../../../Engine/Plugins/FX/NiagaraSimCaching/Binaries/Win64/UnrealEditor.modules" 885
"../../../Engine/Plugins/Messaging/UdpMessaging/Binaries/Win64/UnrealEditor.modules" 886
"../../../Engine/Plugins/Messaging/TcpMessaging/Binaries/Win64/UnrealEditor.modules" 887
"../../../Engine/Plugins/Online/OnlineBase/Binaries/Win64/UnrealEditor.modules" 888
"../../../Engine/Plugins/Online/OnlineSubsystem/Binaries/Win64/UnrealEditor.modules" 889
"../../../Engine/Plugins/Online/OnlineSubsystemNull/Binaries/Win64/UnrealEditor.modules" 890
"../../../Engine/Plugins/Online/OnlineSubsystemUtils/Binaries/Win64/UnrealEditor.modules" 891
"../../../Engine/Plugins/Online/OnlineServices/Binaries/Win64/UnrealEditor.modules" 892
"../../../Engine/Plugins/Enterprise/DatasmithContent/Binaries/Win64/UnrealEditor.modules" 893
"../../../Engine/Plugins/Enterprise/GLTFExporter/Binaries/Win64/UnrealEditor.modules" 894
"../../../Engine/Plugins/Portal/LauncherChunkInstaller/Binaries/Win64/UnrealEditor.modules" 895
"../../../Engine/Plugins/Compression/OodleNetwork/Binaries/Win64/UnrealEditor.modules" 896
"../../../Engine/Plugins/2D/Paper2D/Binaries/Win64/UnrealEditor.modules" 897
"../../../Engine/Plugins/Editor/ObjectMixer/ObjectMixer/Binaries/Win64/UnrealEditor.modules" 898
"../../../Engine/Plugins/Runtime/Windows/XInputDevice/Binaries/Win64/UnrealEditor.modules" 899
"../../../Engine/Plugins/Editor/Localization/PortableObjectFileDataSource/Binaries/Win64/UnrealEditor.modules" 900
"../../../Engine/Plugins/Editor/ContentBrowser/ContentBrowserClassDataSource/Binaries/Win64/UnrealEditor.modules" 901
"../../../Engine/Plugins/Editor/ObjectMixer/LightMixer/Binaries/Win64/UnrealEditor.modules" 902
"C:/24CI0433/Magic_Project/Plugins/VisualStudioTools/Binaries/Win64/UnrealEditor.modules" 903
"C:/24CI0433/Magic_Project/Plugins/ASerialCom_V1.1.0/ASerialCom/Binaries/Win64/UnrealEditor.modules" 904
"../../../Engine/Config/BaseSourceControlSettings.ini" 905
"C:/Users/Owner/AppData/Local/UnrealEngine/5.4/Saved/Config/WindowsEditor/SourceControlSettings.ini" 906
"../../../Engine/Content/Internationalization/icudt64l/coll/ucadata.icu" 907
"../../../Engine/Content/Internationalization/icudt64l/coll/ja.res" 908
"../../../Engine/Content/Internationalization/icudt64l/coll/root.res" 909
"../../../Engine/Content/Certificates/ThirdParty/cacert.pem" 910
"../../../Engine/Config/ConsoleVariables.ini" 911
"../../../Engine/Binaries/Win64/Android/UnrealEditor.modules" 912
"../../../Engine/Binaries/Win64/IOS/UnrealEditor.modules" 913
"../../../Engine/Binaries/Win64/Linux/UnrealEditor.modules" 914
"../../../Engine/Binaries/Win64/LinuxArm64/UnrealEditor.modules" 915
"../../../Engine/Content/Localization/Editor/ja/Editor.locres" 916
"../../../Engine/Content/Localization/EditorTutorials/ja/EditorTutorials.locres" 917
"../../../Engine/Content/Localization/Keywords/ja/Keywords.locres" 918
"../../../Engine/Content/Localization/Category/ja/Category.locres" 919
"../../../Engine/Content/Localization/ToolTips/ja/ToolTips.locres" 920
"../../../Engine/Content/Localization/PropertyNames/ja/PropertyNames.locres" 921
"../../../Engine/Content/Localization/Engine/ja/Engine.locres" 922
"../../../Engine/Plugins/Online/OnlineSubsystem/Content/Localization/OnlineSubsystem/ja/OnlineSubsystem.locres" 923
"../../../Engine/Plugins/Online/OnlineSubsystemUtils/Content/Localization/OnlineSubsystemUtils/ja/OnlineSubsystemUtils.locres" 924
"../../../Engine/Plugins/Online/Android/OnlineSubsystemGooglePlay/Content/Localization/OnlineSubsystemGooglePlay/ja/OnlineSubsystemGooglePlay.locres" 925
"../../../Engine/Plugins/Online/IOS/OnlineSubsystemIOS/Content/Localization/OnlineSubsystemIOS/ja/OnlineSubsystemIOS.locres" 926
"../../../Engine/Content/Internationalization/icudt64l/en.res" 927
"../../../Engine/Content/Internationalization/icudt64l/numberingSystems.res" 928
"../../../Engine/Content/Internationalization/icudt64l/curr/en.res" 929
"../../../Engine/Content/Internationalization/icudt64l/curr/pool.res" 930
"../../../Engine/Content/Internationalization/icudt64l/curr/root.res" 931
"../../../Engine/Content/Internationalization/icudt64l/lang/af.res" 932
"../../../Engine/Content/Internationalization/icudt64l/region/af.res" 933
"../../../Engine/Content/Internationalization/icudt64l/lang/agq.res" 934
"../../../Engine/Content/Internationalization/icudt64l/region/agq.res" 935
"../../../Engine/Content/Internationalization/icudt64l/lang/ak.res" 936
"../../../Engine/Content/Internationalization/icudt64l/region/ak.res" 937
"../../../Engine/Content/Internationalization/icudt64l/lang/am.res" 938
"../../../Engine/Content/Internationalization/icudt64l/region/am.res" 939
"../../../Engine/Content/Internationalization/icudt64l/lang/ar.res" 940
"../../../Engine/Content/Internationalization/icudt64l/region/ar.res" 941
"../../../Engine/Content/Internationalization/icudt64l/region/ar_AE.res" 942
"../../../Engine/Content/Internationalization/icudt64l/lang/ar_EG.res" 943
"../../../Engine/Content/Internationalization/icudt64l/lang/ar_LY.res" 944
"../../../Engine/Content/Internationalization/icudt64l/region/ar_LY.res" 945
"../../../Engine/Content/Internationalization/icudt64l/lang/ar_SA.res" 946
"../../../Engine/Content/Internationalization/icudt64l/region/ar_SA.res" 947
"../../../Engine/Content/Internationalization/icudt64l/lang/as.res" 948
"../../../Engine/Content/Internationalization/icudt64l/region/as.res" 949
"../../../Engine/Content/Internationalization/icudt64l/lang/asa.res" 950
"../../../Engine/Content/Internationalization/icudt64l/region/asa.res" 951
"../../../Engine/Content/Internationalization/icudt64l/lang/ast.res" 952
"../../../Engine/Content/Internationalization/icudt64l/region/ast.res" 953
"../../../Engine/Content/Internationalization/icudt64l/lang/az.res" 954
"../../../Engine/Content/Internationalization/icudt64l/lang/az_Cyrl.res" 955
"../../../Engine/Content/Internationalization/icudt64l/lang/az_AZ.res" 956
"../../../Engine/Content/Internationalization/icudt64l/lang/az_Latn_AZ.res" 957
"../../../Engine/Content/Internationalization/icudt64l/lang/az_Latn.res" 958
"../../../Engine/Content/Internationalization/icudt64l/region/az_AZ.res" 959
"../../../Engine/Content/Internationalization/icudt64l/region/az_Latn_AZ.res" 960
"../../../Engine/Content/Internationalization/icudt64l/region/az_Latn.res" 961
"../../../Engine/Content/Internationalization/icudt64l/region/az.res" 962
"../../../Engine/Content/Internationalization/icudt64l/region/az_Cyrl.res" 963
"../../../Engine/Content/Internationalization/icudt64l/lang/bas.res" 964
"../../../Engine/Content/Internationalization/icudt64l/region/bas.res" 965
"../../../Engine/Content/Internationalization/icudt64l/lang/be.res" 966
"../../../Engine/Content/Internationalization/icudt64l/region/be.res" 967
"../../../Engine/Content/Internationalization/icudt64l/lang/bem.res" 968
"../../../Engine/Content/Internationalization/icudt64l/region/bem.res" 969
"../../../Engine/Content/Internationalization/icudt64l/lang/bez.res" 970
"../../../Engine/Content/Internationalization/icudt64l/region/bez.res" 971
"../../../Engine/Content/Internationalization/icudt64l/lang/bg.res" 972
"../../../Engine/Content/Internationalization/icudt64l/region/bg.res" 973
"../../../Engine/Content/Internationalization/icudt64l/lang/bm.res" 974
"../../../Engine/Content/Internationalization/icudt64l/region/bm.res" 975
"../../../Engine/Content/Internationalization/icudt64l/lang/bn.res" 976
"../../../Engine/Content/Internationalization/icudt64l/region/bn.res" 977
"../../../Engine/Content/Internationalization/icudt64l/lang/bn_IN.res" 978
"../../../Engine/Content/Internationalization/icudt64l/region/bn_IN.res" 979
"../../../Engine/Content/Internationalization/icudt64l/lang/bo.res" 980
"../../../Engine/Content/Internationalization/icudt64l/region/bo.res" 981
"../../../Engine/Content/Internationalization/icudt64l/region/bo_IN.res" 982
"../../../Engine/Content/Internationalization/icudt64l/lang/br.res" 983
"../../../Engine/Content/Internationalization/icudt64l/region/br.res" 984
"../../../Engine/Content/Internationalization/icudt64l/lang/brx.res" 985
"../../../Engine/Content/Internationalization/icudt64l/region/brx.res" 986
"../../../Engine/Content/Internationalization/icudt64l/lang/bs.res" 987
"../../../Engine/Content/Internationalization/icudt64l/lang/bs_Cyrl.res" 988
"../../../Engine/Content/Internationalization/icudt64l/lang/bs_BA.res" 989
"../../../Engine/Content/Internationalization/icudt64l/lang/bs_Latn_BA.res" 990
"../../../Engine/Content/Internationalization/icudt64l/lang/bs_Latn.res" 991
"../../../Engine/Content/Internationalization/icudt64l/region/bs_BA.res" 992
"../../../Engine/Content/Internationalization/icudt64l/region/bs_Latn_BA.res" 993
"../../../Engine/Content/Internationalization/icudt64l/region/bs_Latn.res" 994
"../../../Engine/Content/Internationalization/icudt64l/region/bs.res" 995
"../../../Engine/Content/Internationalization/icudt64l/region/bs_Cyrl.res" 996
"../../../Engine/Content/Internationalization/icudt64l/lang/ca.res" 997
"../../../Engine/Content/Internationalization/icudt64l/region/ca.res" 998
"../../../Engine/Content/Internationalization/icudt64l/lang/ccp.res" 999
"../../../Engine/Content/Internationalization/icudt64l/region/ccp.res" 1000
"../../../Engine/Content/Internationalization/icudt64l/lang/ce.res" 1001
"../../../Engine/Content/Internationalization/icudt64l/region/ce.res" 1002
"../../../Engine/Content/Internationalization/icudt64l/lang/ceb.res" 1003
"../../../Engine/Content/Internationalization/icudt64l/region/ceb.res" 1004
"../../../Engine/Content/Internationalization/icudt64l/lang/cgg.res" 1005
"../../../Engine/Content/Internationalization/icudt64l/region/cgg.res" 1006
"../../../Engine/Content/Internationalization/icudt64l/lang/chr.res" 1007
"../../../Engine/Content/Internationalization/icudt64l/region/chr.res" 1008
"../../../Engine/Content/Internationalization/icudt64l/lang/ckb.res" 1009
"../../../Engine/Content/Internationalization/icudt64l/region/ckb.res" 1010
"../../../Engine/Content/Internationalization/icudt64l/lang/cs.res" 1011
"../../../Engine/Content/Internationalization/icudt64l/region/cs.res" 1012
"../../../Engine/Content/Internationalization/icudt64l/lang/cy.res" 1013
"../../../Engine/Content/Internationalization/icudt64l/region/cy.res" 1014
"../../../Engine/Content/Internationalization/icudt64l/lang/da.res" 1015
"../../../Engine/Content/Internationalization/icudt64l/region/da.res" 1016
"../../../Engine/Content/Internationalization/icudt64l/lang/dav.res" 1017
"../../../Engine/Content/Internationalization/icudt64l/region/dav.res" 1018
"../../../Engine/Content/Internationalization/icudt64l/lang/de.res" 1019
"../../../Engine/Content/Internationalization/icudt64l/lang/de_AT.res" 1020
"../../../Engine/Content/Internationalization/icudt64l/region/de_AT.res" 1021
"../../../Engine/Content/Internationalization/icudt64l/region/de.res" 1022
"../../../Engine/Content/Internationalization/icudt64l/lang/de_CH.res" 1023
"../../../Engine/Content/Internationalization/icudt64l/region/de_CH.res" 1024
"../../../Engine/Content/Internationalization/icudt64l/lang/de_LU.res" 1025
"../../../Engine/Content/Internationalization/icudt64l/lang/dje.res" 1026
"../../../Engine/Content/Internationalization/icudt64l/region/dje.res" 1027
"../../../Engine/Content/Internationalization/icudt64l/lang/dsb.res" 1028
"../../../Engine/Content/Internationalization/icudt64l/region/dsb.res" 1029
"../../../Engine/Content/Internationalization/icudt64l/lang/dua.res" 1030
"../../../Engine/Content/Internationalization/icudt64l/region/dua.res" 1031
"../../../Engine/Content/Internationalization/icudt64l/lang/dyo.res" 1032
"../../../Engine/Content/Internationalization/icudt64l/region/dyo.res" 1033
"../../../Engine/Content/Internationalization/icudt64l/lang/dz.res" 1034
"../../../Engine/Content/Internationalization/icudt64l/region/dz.res" 1035
"../../../Engine/Content/Internationalization/icudt64l/lang/ebu.res" 1036
"../../../Engine/Content/Internationalization/icudt64l/region/ebu.res" 1037
"../../../Engine/Content/Internationalization/icudt64l/lang/ee.res" 1038
"../../../Engine/Content/Internationalization/icudt64l/region/ee.res" 1039
"../../../Engine/Content/Internationalization/icudt64l/lang/el.res" 1040
"../../../Engine/Content/Internationalization/icudt64l/region/el.res" 1041
"../../../Engine/Content/Internationalization/icudt64l/lang/en_001.res" 1042
"../../../Engine/Content/Internationalization/icudt64l/lang/en_150.res" 1043
"../../../Engine/Content/Internationalization/icudt64l/region/en_150.res" 1044
"../../../Engine/Content/Internationalization/icudt64l/lang/en_AG.res" 1045
"../../../Engine/Content/Internationalization/icudt64l/region/en_AG.res" 1046
"../../../Engine/Content/Internationalization/icudt64l/lang/en_AI.res" 1047
"../../../Engine/Content/Internationalization/icudt64l/region/en_AI.res" 1048
"../../../Engine/Content/Internationalization/icudt64l/lang/en_AT.res" 1049
"../../../Engine/Content/Internationalization/icudt64l/region/en_AT.res" 1050
"../../../Engine/Content/Internationalization/icudt64l/lang/en_AU.res" 1051
"../../../Engine/Content/Internationalization/icudt64l/region/en_AU.res" 1052
"../../../Engine/Content/Internationalization/icudt64l/lang/en_BB.res" 1053
"../../../Engine/Content/Internationalization/icudt64l/region/en_BB.res" 1054
"../../../Engine/Content/Internationalization/icudt64l/lang/en_BE.res" 1055
"../../../Engine/Content/Internationalization/icudt64l/region/en_BE.res" 1056
"../../../Engine/Content/Internationalization/icudt64l/lang/en_BM.res" 1057
"../../../Engine/Content/Internationalization/icudt64l/region/en_BM.res" 1058
"../../../Engine/Content/Internationalization/icudt64l/lang/en_BS.res" 1059
"../../../Engine/Content/Internationalization/icudt64l/region/en_BS.res" 1060
"../../../Engine/Content/Internationalization/icudt64l/lang/en_BW.res" 1061
"../../../Engine/Content/Internationalization/icudt64l/region/en_BW.res" 1062
"../../../Engine/Content/Internationalization/icudt64l/lang/en_BZ.res" 1063
"../../../Engine/Content/Internationalization/icudt64l/region/en_BZ.res" 1064
"../../../Engine/Content/Internationalization/icudt64l/lang/en_CA.res" 1065
"../../../Engine/Content/Internationalization/icudt64l/region/en_CA.res" 1066
"../../../Engine/Content/Internationalization/icudt64l/lang/en_CC.res" 1067
"../../../Engine/Content/Internationalization/icudt64l/region/en_CC.res" 1068
"../../../Engine/Content/Internationalization/icudt64l/lang/en_CH.res" 1069
"../../../Engine/Content/Internationalization/icudt64l/region/en_CH.res" 1070
"../../../Engine/Content/Internationalization/icudt64l/lang/en_CK.res" 1071
"../../../Engine/Content/Internationalization/icudt64l/region/en_CK.res" 1072
"../../../Engine/Content/Internationalization/icudt64l/lang/en_CM.res" 1073
"../../../Engine/Content/Internationalization/icudt64l/region/en_CM.res" 1074
"../../../Engine/Content/Internationalization/icudt64l/lang/en_CX.res" 1075
"../../../Engine/Content/Internationalization/icudt64l/region/en_CX.res" 1076
"../../../Engine/Content/Internationalization/icudt64l/lang/en_CY.res" 1077
"../../../Engine/Content/Internationalization/icudt64l/region/en_CY.res" 1078
"../../../Engine/Content/Internationalization/icudt64l/lang/en_DE.res" 1079
"../../../Engine/Content/Internationalization/icudt64l/region/en_DE.res" 1080
"../../../Engine/Content/Internationalization/icudt64l/lang/en_DG.res" 1081
"../../../Engine/Content/Internationalization/icudt64l/region/en_DG.res" 1082
"../../../Engine/Content/Internationalization/icudt64l/lang/en_DK.res" 1083
"../../../Engine/Content/Internationalization/icudt64l/region/en_DK.res" 1084
"../../../Engine/Content/Internationalization/icudt64l/lang/en_DM.res" 1085
"../../../Engine/Content/Internationalization/icudt64l/region/en_DM.res" 1086
"../../../Engine/Content/Internationalization/icudt64l/lang/en_ER.res" 1087
"../../../Engine/Content/Internationalization/icudt64l/region/en_ER.res" 1088
"../../../Engine/Content/Internationalization/icudt64l/lang/en_FI.res" 1089
"../../../Engine/Content/Internationalization/icudt64l/region/en_FI.res" 1090
"../../../Engine/Content/Internationalization/icudt64l/lang/en_FJ.res" 1091
"../../../Engine/Content/Internationalization/icudt64l/region/en_FJ.res" 1092
"../../../Engine/Content/Internationalization/icudt64l/lang/en_FK.res" 1093
"../../../Engine/Content/Internationalization/icudt64l/region/en_FK.res" 1094
"../../../Engine/Content/Internationalization/icudt64l/lang/en_FM.res" 1095
"../../../Engine/Content/Internationalization/icudt64l/region/en_FM.res" 1096
"../../../Engine/Content/Internationalization/icudt64l/lang/en_GB.res" 1097
"../../../Engine/Content/Internationalization/icudt64l/region/en_GB.res" 1098
"../../../Engine/Content/Internationalization/icudt64l/lang/en_GD.res" 1099
"../../../Engine/Content/Internationalization/icudt64l/region/en_GD.res" 1100
"../../../Engine/Content/Internationalization/icudt64l/lang/en_GG.res" 1101
"../../../Engine/Content/Internationalization/icudt64l/region/en_GG.res" 1102
"../../../Engine/Content/Internationalization/icudt64l/lang/en_GH.res" 1103
"../../../Engine/Content/Internationalization/icudt64l/region/en_GH.res" 1104
"../../../Engine/Content/Internationalization/icudt64l/lang/en_GI.res" 1105
"../../../Engine/Content/Internationalization/icudt64l/region/en_GI.res" 1106
"../../../Engine/Content/Internationalization/icudt64l/lang/en_GM.res" 1107
"../../../Engine/Content/Internationalization/icudt64l/region/en_GM.res" 1108
"../../../Engine/Content/Internationalization/icudt64l/lang/en_GY.res" 1109
"../../../Engine/Content/Internationalization/icudt64l/region/en_GY.res" 1110
"../../../Engine/Content/Internationalization/icudt64l/lang/en_HK.res" 1111
"../../../Engine/Content/Internationalization/icudt64l/region/en_HK.res" 1112
"../../../Engine/Content/Internationalization/icudt64l/lang/en_IE.res" 1113
"../../../Engine/Content/Internationalization/icudt64l/region/en_IE.res" 1114
"../../../Engine/Content/Internationalization/icudt64l/lang/en_IL.res" 1115
"../../../Engine/Content/Internationalization/icudt64l/region/en_IL.res" 1116
"../../../Engine/Content/Internationalization/icudt64l/lang/en_IM.res" 1117
"../../../Engine/Content/Internationalization/icudt64l/region/en_IM.res" 1118
"../../../Engine/Content/Internationalization/icudt64l/lang/en_IN.res" 1119
"../../../Engine/Content/Internationalization/icudt64l/region/en_IN.res" 1120
"../../../Engine/Content/Internationalization/icudt64l/lang/en_IO.res" 1121
"../../../Engine/Content/Internationalization/icudt64l/region/en_IO.res" 1122
"../../../Engine/Content/Internationalization/icudt64l/lang/en_JE.res" 1123
"../../../Engine/Content/Internationalization/icudt64l/region/en_JE.res" 1124
"../../../Engine/Content/Internationalization/icudt64l/lang/en_JM.res" 1125
"../../../Engine/Content/Internationalization/icudt64l/region/en_JM.res" 1126
"../../../Engine/Content/Internationalization/icudt64l/lang/en_KE.res" 1127
"../../../Engine/Content/Internationalization/icudt64l/region/en_KE.res" 1128
"../../../Engine/Content/Internationalization/icudt64l/lang/en_KI.res" 1129
"../../../Engine/Content/Internationalization/icudt64l/region/en_KI.res" 1130
"../../../Engine/Content/Internationalization/icudt64l/lang/en_KN.res" 1131
"../../../Engine/Content/Internationalization/icudt64l/region/en_KN.res" 1132
"../../../Engine/Content/Internationalization/icudt64l/lang/en_KY.res" 1133
"../../../Engine/Content/Internationalization/icudt64l/region/en_KY.res" 1134
"../../../Engine/Content/Internationalization/icudt64l/lang/en_LC.res" 1135
"../../../Engine/Content/Internationalization/icudt64l/region/en_LC.res" 1136
"../../../Engine/Content/Internationalization/icudt64l/lang/en_LR.res" 1137
"../../../Engine/Content/Internationalization/icudt64l/region/en_LR.res" 1138
"../../../Engine/Content/Internationalization/icudt64l/lang/en_LS.res" 1139
"../../../Engine/Content/Internationalization/icudt64l/region/en_LS.res" 1140
"../../../Engine/Content/Internationalization/icudt64l/lang/en_MG.res" 1141
"../../../Engine/Content/Internationalization/icudt64l/region/en_MG.res" 1142
"../../../Engine/Content/Internationalization/icudt64l/lang/en_MO.res" 1143
"../../../Engine/Content/Internationalization/icudt64l/region/en_MO.res" 1144
"../../../Engine/Content/Internationalization/icudt64l/lang/en_MS.res" 1145
"../../../Engine/Content/Internationalization/icudt64l/region/en_MS.res" 1146
"../../../Engine/Content/Internationalization/icudt64l/lang/en_MT.res" 1147
"../../../Engine/Content/Internationalization/icudt64l/region/en_MT.res" 1148
"../../../Engine/Content/Internationalization/icudt64l/lang/en_MU.res" 1149
"../../../Engine/Content/Internationalization/icudt64l/region/en_MU.res" 1150
"../../../Engine/Content/Internationalization/icudt64l/lang/en_MW.res" 1151
"../../../Engine/Content/Internationalization/icudt64l/region/en_MW.res" 1152
"../../../Engine/Content/Internationalization/icudt64l/lang/en_MY.res" 1153
"../../../Engine/Content/Internationalization/icudt64l/region/en_MY.res" 1154
"../../../Engine/Content/Internationalization/icudt64l/lang/en_NA.res" 1155
"../../../Engine/Content/Internationalization/icudt64l/region/en_NA.res" 1156
"../../../Engine/Content/Internationalization/icudt64l/lang/en_NF.res" 1157
"../../../Engine/Content/Internationalization/icudt64l/region/en_NF.res" 1158
"../../../Engine/Content/Internationalization/icudt64l/lang/en_NG.res" 1159
"../../../Engine/Content/Internationalization/icudt64l/region/en_NG.res" 1160
"../../../Engine/Content/Internationalization/icudt64l/lang/en_NL.res" 1161
"../../../Engine/Content/Internationalization/icudt64l/region/en_NL.res" 1162
"../../../Engine/Content/Internationalization/icudt64l/lang/en_NR.res" 1163
"../../../Engine/Content/Internationalization/icudt64l/region/en_NR.res" 1164
"../../../Engine/Content/Internationalization/icudt64l/lang/en_NU.res" 1165
"../../../Engine/Content/Internationalization/icudt64l/region/en_NU.res" 1166
"../../../Engine/Content/Internationalization/icudt64l/lang/en_NZ.res" 1167
"../../../Engine/Content/Internationalization/icudt64l/region/en_NZ.res" 1168
"../../../Engine/Content/Internationalization/icudt64l/lang/en_PG.res" 1169
"../../../Engine/Content/Internationalization/icudt64l/region/en_PG.res" 1170
"../../../Engine/Content/Internationalization/icudt64l/lang/en_PH.res" 1171
"../../../Engine/Content/Internationalization/icudt64l/region/en_PH.res" 1172
"../../../Engine/Content/Internationalization/icudt64l/lang/en_PK.res" 1173
"../../../Engine/Content/Internationalization/icudt64l/region/en_PK.res" 1174
"../../../Engine/Content/Internationalization/icudt64l/lang/en_PN.res" 1175
"../../../Engine/Content/Internationalization/icudt64l/region/en_PN.res" 1176
"../../../Engine/Content/Internationalization/icudt64l/lang/en_PW.res" 1177
"../../../Engine/Content/Internationalization/icudt64l/region/en_PW.res" 1178
"../../../Engine/Content/Internationalization/icudt64l/lang/en_RW.res" 1179
"../../../Engine/Content/Internationalization/icudt64l/region/en_RW.res" 1180
"../../../Engine/Content/Internationalization/icudt64l/lang/en_SB.res" 1181
"../../../Engine/Content/Internationalization/icudt64l/region/en_SB.res" 1182
"../../../Engine/Content/Internationalization/icudt64l/lang/en_SC.res" 1183
"../../../Engine/Content/Internationalization/icudt64l/region/en_SC.res" 1184
"../../../Engine/Content/Internationalization/icudt64l/lang/en_SD.res" 1185
"../../../Engine/Content/Internationalization/icudt64l/region/en_SD.res" 1186
"../../../Engine/Content/Internationalization/icudt64l/lang/en_SE.res" 1187
"../../../Engine/Content/Internationalization/icudt64l/region/en_SE.res" 1188
"../../../Engine/Content/Internationalization/icudt64l/lang/en_SG.res" 1189
"../../../Engine/Content/Internationalization/icudt64l/region/en_SG.res" 1190
"../../../Engine/Content/Internationalization/icudt64l/lang/en_SH.res" 1191
"../../../Engine/Content/Internationalization/icudt64l/region/en_SH.res" 1192
"../../../Engine/Content/Internationalization/icudt64l/lang/en_SI.res" 1193
"../../../Engine/Content/Internationalization/icudt64l/region/en_SI.res" 1194
"../../../Engine/Content/Internationalization/icudt64l/lang/en_SL.res" 1195
"../../../Engine/Content/Internationalization/icudt64l/region/en_SL.res" 1196
"../../../Engine/Content/Internationalization/icudt64l/lang/en_SS.res" 1197
"../../../Engine/Content/Internationalization/icudt64l/region/en_SS.res" 1198
"../../../Engine/Content/Internationalization/icudt64l/lang/en_SX.res" 1199
"../../../Engine/Content/Internationalization/icudt64l/region/en_SX.res" 1200
"../../../Engine/Content/Internationalization/icudt64l/lang/en_SZ.res" 1201
"../../../Engine/Content/Internationalization/icudt64l/region/en_SZ.res" 1202
"../../../Engine/Content/Internationalization/icudt64l/lang/en_TC.res" 1203
"../../../Engine/Content/Internationalization/icudt64l/region/en_TC.res" 1204
"../../../Engine/Content/Internationalization/icudt64l/lang/en_TK.res" 1205
"../../../Engine/Content/Internationalization/icudt64l/region/en_TK.res" 1206
"../../../Engine/Content/Internationalization/icudt64l/lang/en_TO.res" 1207
"../../../Engine/Content/Internationalization/icudt64l/region/en_TO.res" 1208
"../../../Engine/Content/Internationalization/icudt64l/lang/en_TT.res" 1209
"../../../Engine/Content/Internationalization/icudt64l/region/en_TT.res" 1210
"../../../Engine/Content/Internationalization/icudt64l/lang/en_TV.res" 1211
"../../../Engine/Content/Internationalization/icudt64l/region/en_TV.res" 1212
"../../../Engine/Content/Internationalization/icudt64l/lang/en_TZ.res" 1213
"../../../Engine/Content/Internationalization/icudt64l/region/en_TZ.res" 1214
"../../../Engine/Content/Internationalization/icudt64l/lang/en_UG.res" 1215
"../../../Engine/Content/Internationalization/icudt64l/region/en_UG.res" 1216
"../../../Engine/Content/Internationalization/icudt64l/lang/en_VC.res" 1217
"../../../Engine/Content/Internationalization/icudt64l/region/en_VC.res" 1218
"../../../Engine/Content/Internationalization/icudt64l/lang/en_VG.res" 1219
"../../../Engine/Content/Internationalization/icudt64l/region/en_VG.res" 1220
"../../../Engine/Content/Internationalization/icudt64l/lang/en_VU.res" 1221
"../../../Engine/Content/Internationalization/icudt64l/region/en_VU.res" 1222
"../../../Engine/Content/Internationalization/icudt64l/lang/en_WS.res" 1223
"../../../Engine/Content/Internationalization/icudt64l/region/en_WS.res" 1224
"../../../Engine/Content/Internationalization/icudt64l/lang/en_ZA.res" 1225
"../../../Engine/Content/Internationalization/icudt64l/region/en_ZA.res" 1226
"../../../Engine/Content/Internationalization/icudt64l/lang/en_ZM.res" 1227
"../../../Engine/Content/Internationalization/icudt64l/region/en_ZM.res" 1228
"../../../Engine/Content/Internationalization/icudt64l/lang/en_ZW.res" 1229
"../../../Engine/Content/Internationalization/icudt64l/region/en_ZW.res" 1230
"../../../Engine/Content/Internationalization/icudt64l/lang/eo.res" 1231
"../../../Engine/Content/Internationalization/icudt64l/region/eo.res" 1232
"../../../Engine/Content/Internationalization/icudt64l/lang/es.res" 1233
"../../../Engine/Content/Internationalization/icudt64l/lang/es_419.res" 1234
"../../../Engine/Content/Internationalization/icudt64l/region/es_419.res" 1235
"../../../Engine/Content/Internationalization/icudt64l/region/es.res" 1236
"../../../Engine/Content/Internationalization/icudt64l/lang/es_AR.res" 1237
"../../../Engine/Content/Internationalization/icudt64l/region/es_AR.res" 1238
"../../../Engine/Content/Internationalization/icudt64l/lang/es_BO.res" 1239
"../../../Engine/Content/Internationalization/icudt64l/region/es_BO.res" 1240
"../../../Engine/Content/Internationalization/icudt64l/lang/es_BR.res" 1241
"../../../Engine/Content/Internationalization/icudt64l/region/es_BR.res" 1242
"../../../Engine/Content/Internationalization/icudt64l/lang/es_BZ.res" 1243
"../../../Engine/Content/Internationalization/icudt64l/region/es_BZ.res" 1244
"../../../Engine/Content/Internationalization/icudt64l/lang/es_CL.res" 1245
"../../../Engine/Content/Internationalization/icudt64l/region/es_CL.res" 1246
"../../../Engine/Content/Internationalization/icudt64l/lang/es_CO.res" 1247
"../../../Engine/Content/Internationalization/icudt64l/region/es_CO.res" 1248
"../../../Engine/Content/Internationalization/icudt64l/lang/es_CR.res" 1249
"../../../Engine/Content/Internationalization/icudt64l/region/es_CR.res" 1250
"../../../Engine/Content/Internationalization/icudt64l/lang/es_CU.res" 1251
"../../../Engine/Content/Internationalization/icudt64l/region/es_CU.res" 1252
"../../../Engine/Content/Internationalization/icudt64l/lang/es_DO.res" 1253
"../../../Engine/Content/Internationalization/icudt64l/region/es_DO.res" 1254
"../../../Engine/Content/Internationalization/icudt64l/lang/es_EC.res" 1255
"../../../Engine/Content/Internationalization/icudt64l/region/es_EC.res" 1256
"../../../Engine/Content/Internationalization/icudt64l/lang/es_GT.res" 1257
"../../../Engine/Content/Internationalization/icudt64l/region/es_GT.res" 1258
"../../../Engine/Content/Internationalization/icudt64l/lang/es_HN.res" 1259
"../../../Engine/Content/Internationalization/icudt64l/region/es_HN.res" 1260
"../../../Engine/Content/Internationalization/icudt64l/lang/es_MX.res" 1261
"../../../Engine/Content/Internationalization/icudt64l/region/es_MX.res" 1262
"../../../Engine/Content/Internationalization/icudt64l/lang/es_NI.res" 1263
"../../../Engine/Content/Internationalization/icudt64l/region/es_NI.res" 1264
"../../../Engine/Content/Internationalization/icudt64l/lang/es_PA.res" 1265
"../../../Engine/Content/Internationalization/icudt64l/region/es_PA.res" 1266
"../../../Engine/Content/Internationalization/icudt64l/lang/es_PE.res" 1267
"../../../Engine/Content/Internationalization/icudt64l/region/es_PE.res" 1268
"../../../Engine/Content/Internationalization/icudt64l/lang/es_PR.res" 1269
"../../../Engine/Content/Internationalization/icudt64l/region/es_PR.res" 1270
"../../../Engine/Content/Internationalization/icudt64l/lang/es_PY.res" 1271
"../../../Engine/Content/Internationalization/icudt64l/region/es_PY.res" 1272
"../../../Engine/Content/Internationalization/icudt64l/lang/es_SV.res" 1273
"../../../Engine/Content/Internationalization/icudt64l/region/es_SV.res" 1274
"../../../Engine/Content/Internationalization/icudt64l/lang/es_US.res" 1275
"../../../Engine/Content/Internationalization/icudt64l/region/es_US.res" 1276
"../../../Engine/Content/Internationalization/icudt64l/lang/es_UY.res" 1277
"../../../Engine/Content/Internationalization/icudt64l/region/es_UY.res" 1278
"../../../Engine/Content/Internationalization/icudt64l/lang/es_VE.res" 1279
"../../../Engine/Content/Internationalization/icudt64l/region/es_VE.res" 1280
"../../../Engine/Content/Internationalization/icudt64l/lang/et.res" 1281
"../../../Engine/Content/Internationalization/icudt64l/region/et.res" 1282
"../../../Engine/Content/Internationalization/icudt64l/lang/eu.res" 1283
"../../../Engine/Content/Internationalization/icudt64l/region/eu.res" 1284
"../../../Engine/Content/Internationalization/icudt64l/lang/ewo.res" 1285
"../../../Engine/Content/Internationalization/icudt64l/region/ewo.res" 1286
"../../../Engine/Content/Internationalization/icudt64l/lang/fa.res" 1287
"../../../Engine/Content/Internationalization/icudt64l/lang/fa_AF.res" 1288
"../../../Engine/Content/Internationalization/icudt64l/region/fa_AF.res" 1289
"../../../Engine/Content/Internationalization/icudt64l/region/fa.res" 1290
"../../../Engine/Content/Internationalization/icudt64l/lang/ff.res" 1291
"../../../Engine/Content/Internationalization/icudt64l/lang/ff_Latn.res" 1292
"../../../Engine/Content/Internationalization/icudt64l/region/ff.res" 1293
"../../../Engine/Content/Internationalization/icudt64l/region/ff_Latn.res" 1294
"../../../Engine/Content/Internationalization/icudt64l/lang/ff_CM.res" 1295
"../../../Engine/Content/Internationalization/icudt64l/lang/ff_Latn_CM.res" 1296
"../../../Engine/Content/Internationalization/icudt64l/region/ff_CM.res" 1297
"../../../Engine/Content/Internationalization/icudt64l/region/ff_Latn_CM.res" 1298
"../../../Engine/Content/Internationalization/icudt64l/lang/ff_GN.res" 1299
"../../../Engine/Content/Internationalization/icudt64l/lang/ff_Latn_GN.res" 1300
"../../../Engine/Content/Internationalization/icudt64l/region/ff_GN.res" 1301
"../../../Engine/Content/Internationalization/icudt64l/region/ff_Latn_GN.res" 1302
"../../../Engine/Content/Internationalization/icudt64l/lang/ff_MR.res" 1303
"../../../Engine/Content/Internationalization/icudt64l/lang/ff_Latn_MR.res" 1304
"../../../Engine/Content/Internationalization/icudt64l/region/ff_MR.res" 1305
"../../../Engine/Content/Internationalization/icudt64l/region/ff_Latn_MR.res" 1306
"../../../Engine/Content/Internationalization/icudt64l/lang/ff_SN.res" 1307
"../../../Engine/Content/Internationalization/icudt64l/lang/ff_Latn_SN.res" 1308
"../../../Engine/Content/Internationalization/icudt64l/region/ff_SN.res" 1309
"../../../Engine/Content/Internationalization/icudt64l/region/ff_Latn_SN.res" 1310
"../../../Engine/Content/Internationalization/icudt64l/lang/fi.res" 1311
"../../../Engine/Content/Internationalization/icudt64l/region/fi.res" 1312
"../../../Engine/Content/Internationalization/icudt64l/lang/fil.res" 1313
"../../../Engine/Content/Internationalization/icudt64l/lang/fil_PH.res" 1314
"../../../Engine/Content/Internationalization/icudt64l/region/fil_PH.res" 1315
"../../../Engine/Content/Internationalization/icudt64l/region/fil.res" 1316
"../../../Engine/Content/Internationalization/icudt64l/lang/fo.res" 1317
"../../../Engine/Content/Internationalization/icudt64l/region/fo.res" 1318
"../../../Engine/Content/Internationalization/icudt64l/lang/fr.res" 1319
"../../../Engine/Content/Internationalization/icudt64l/lang/fr_BE.res" 1320
"../../../Engine/Content/Internationalization/icudt64l/region/fr_BE.res" 1321
"../../../Engine/Content/Internationalization/icudt64l/region/fr.res" 1322
"../../../Engine/Content/Internationalization/icudt64l/lang/fr_CA.res" 1323
"../../../Engine/Content/Internationalization/icudt64l/region/fr_CA.res" 1324
"../../../Engine/Content/Internationalization/icudt64l/lang/fr_CH.res" 1325
"../../../Engine/Content/Internationalization/icudt64l/lang/fur.res" 1326
"../../../Engine/Content/Internationalization/icudt64l/region/fur.res" 1327
"../../../Engine/Content/Internationalization/icudt64l/lang/fy.res" 1328
"../../../Engine/Content/Internationalization/icudt64l/region/fy.res" 1329
"../../../Engine/Content/Internationalization/icudt64l/lang/ga.res" 1330
"../../../Engine/Content/Internationalization/icudt64l/region/ga.res" 1331
"../../../Engine/Content/Internationalization/icudt64l/lang/gd.res" 1332
"../../../Engine/Content/Internationalization/icudt64l/region/gd.res" 1333
"../../../Engine/Content/Internationalization/icudt64l/lang/gl.res" 1334
"../../../Engine/Content/Internationalization/icudt64l/region/gl.res" 1335
"../../../Engine/Content/Internationalization/icudt64l/lang/gsw.res" 1336
"../../../Engine/Content/Internationalization/icudt64l/region/gsw.res" 1337
"../../../Engine/Content/Internationalization/icudt64l/lang/gu.res" 1338
"../../../Engine/Content/Internationalization/icudt64l/region/gu.res" 1339
"../../../Engine/Content/Internationalization/icudt64l/lang/guz.res" 1340
"../../../Engine/Content/Internationalization/icudt64l/region/guz.res" 1341
"../../../Engine/Content/Internationalization/icudt64l/lang/gv.res" 1342
"../../../Engine/Content/Internationalization/icudt64l/region/gv.res" 1343
"../../../Engine/Content/Internationalization/icudt64l/lang/ha.res" 1344
"../../../Engine/Content/Internationalization/icudt64l/region/ha.res" 1345
"../../../Engine/Content/Internationalization/icudt64l/lang/ha_NE.res" 1346
"../../../Engine/Content/Internationalization/icudt64l/region/ha_NE.res" 1347
"../../../Engine/Content/Internationalization/icudt64l/lang/haw.res" 1348
"../../../Engine/Content/Internationalization/icudt64l/region/haw.res" 1349
"../../../Engine/Content/Internationalization/icudt64l/lang/he.res" 1350
"../../../Engine/Content/Internationalization/icudt64l/lang/he_IL.res" 1351
"../../../Engine/Content/Internationalization/icudt64l/region/he_IL.res" 1352
"../../../Engine/Content/Internationalization/icudt64l/region/he.res" 1353
"../../../Engine/Content/Internationalization/icudt64l/lang/hi.res" 1354
"../../../Engine/Content/Internationalization/icudt64l/region/hi.res" 1355
"../../../Engine/Content/Internationalization/icudt64l/lang/hr.res" 1356
"../../../Engine/Content/Internationalization/icudt64l/region/hr.res" 1357
"../../../Engine/Content/Internationalization/icudt64l/lang/hsb.res" 1358
"../../../Engine/Content/Internationalization/icudt64l/region/hsb.res" 1359
"../../../Engine/Content/Internationalization/icudt64l/lang/hu.res" 1360
"../../../Engine/Content/Internationalization/icudt64l/region/hu.res" 1361
"../../../Engine/Content/Internationalization/icudt64l/lang/hy.res" 1362
"../../../Engine/Content/Internationalization/icudt64l/region/hy.res" 1363
"../../../Engine/Content/Internationalization/icudt64l/lang/ia.res" 1364
"../../../Engine/Content/Internationalization/icudt64l/region/ia.res" 1365
"../../../Engine/Content/Internationalization/icudt64l/lang/id.res" 1366
"../../../Engine/Content/Internationalization/icudt64l/lang/id_ID.res" 1367
"../../../Engine/Content/Internationalization/icudt64l/region/id_ID.res" 1368
"../../../Engine/Content/Internationalization/icudt64l/region/id.res" 1369
"../../../Engine/Content/Internationalization/icudt64l/lang/ig.res" 1370
"../../../Engine/Content/Internationalization/icudt64l/region/ig.res" 1371
"../../../Engine/Content/Internationalization/icudt64l/lang/ii.res" 1372
"../../../Engine/Content/Internationalization/icudt64l/region/ii.res" 1373
"../../../Engine/Content/Internationalization/icudt64l/lang/is.res" 1374
"../../../Engine/Content/Internationalization/icudt64l/region/is.res" 1375
"../../../Engine/Content/Internationalization/icudt64l/lang/it.res" 1376
"../../../Engine/Content/Internationalization/icudt64l/region/it.res" 1377
"../../../Engine/Content/Internationalization/icudt64l/lang/jgo.res" 1378
"../../../Engine/Content/Internationalization/icudt64l/region/jgo.res" 1379
"../../../Engine/Content/Internationalization/icudt64l/lang/jmc.res" 1380
"../../../Engine/Content/Internationalization/icudt64l/region/jmc.res" 1381
"../../../Engine/Content/Internationalization/icudt64l/lang/jv.res" 1382
"../../../Engine/Content/Internationalization/icudt64l/region/jv.res" 1383
"../../../Engine/Content/Internationalization/icudt64l/lang/ka.res" 1384
"../../../Engine/Content/Internationalization/icudt64l/region/ka.res" 1385
"../../../Engine/Content/Internationalization/icudt64l/lang/kab.res" 1386
"../../../Engine/Content/Internationalization/icudt64l/region/kab.res" 1387
"../../../Engine/Content/Internationalization/icudt64l/lang/kam.res" 1388
"../../../Engine/Content/Internationalization/icudt64l/region/kam.res" 1389
"../../../Engine/Content/Internationalization/icudt64l/lang/kde.res" 1390
"../../../Engine/Content/Internationalization/icudt64l/region/kde.res" 1391
"../../../Engine/Content/Internationalization/icudt64l/lang/kea.res" 1392
"../../../Engine/Content/Internationalization/icudt64l/region/kea.res" 1393
"../../../Engine/Content/Internationalization/icudt64l/lang/khq.res" 1394
"../../../Engine/Content/Internationalization/icudt64l/region/khq.res" 1395
"../../../Engine/Content/Internationalization/icudt64l/lang/ki.res" 1396
"../../../Engine/Content/Internationalization/icudt64l/region/ki.res" 1397
"../../../Engine/Content/Internationalization/icudt64l/lang/kk.res" 1398
"../../../Engine/Content/Internationalization/icudt64l/region/kk.res" 1399
"../../../Engine/Content/Internationalization/icudt64l/lang/kkj.res" 1400
"../../../Engine/Content/Internationalization/icudt64l/region/kkj.res" 1401
"../../../Engine/Content/Internationalization/icudt64l/lang/kl.res" 1402
"../../../Engine/Content/Internationalization/icudt64l/region/kl.res" 1403
"../../../Engine/Content/Internationalization/icudt64l/lang/kln.res" 1404
"../../../Engine/Content/Internationalization/icudt64l/region/kln.res" 1405
"../../../Engine/Content/Internationalization/icudt64l/lang/km.res" 1406
"../../../Engine/Content/Internationalization/icudt64l/region/km.res" 1407
"../../../Engine/Content/Internationalization/icudt64l/lang/kn.res" 1408
"../../../Engine/Content/Internationalization/icudt64l/region/kn.res" 1409
"../../../Engine/Content/Internationalization/icudt64l/lang/ko.res" 1410
"../../../Engine/Content/Internationalization/icudt64l/region/ko_KP.res" 1411
"../../../Engine/Content/Internationalization/icudt64l/region/ko.res" 1412
"../../../Engine/Content/Internationalization/icudt64l/lang/kok.res" 1413
"../../../Engine/Content/Internationalization/icudt64l/region/kok.res" 1414
"../../../Engine/Content/Internationalization/icudt64l/lang/ks.res" 1415
"../../../Engine/Content/Internationalization/icudt64l/region/ks.res" 1416
"../../../Engine/Content/Internationalization/icudt64l/lang/ksb.res" 1417
"../../../Engine/Content/Internationalization/icudt64l/region/ksb.res" 1418
"../../../Engine/Content/Internationalization/icudt64l/lang/ksf.res" 1419
"../../../Engine/Content/Internationalization/icudt64l/region/ksf.res" 1420
"../../../Engine/Content/Internationalization/icudt64l/lang/ksh.res" 1421
"../../../Engine/Content/Internationalization/icudt64l/region/ksh.res" 1422
"../../../Engine/Content/Internationalization/icudt64l/lang/ku.res" 1423
"../../../Engine/Content/Internationalization/icudt64l/region/ku.res" 1424
"../../../Engine/Content/Internationalization/icudt64l/lang/kw.res" 1425
"../../../Engine/Content/Internationalization/icudt64l/region/kw.res" 1426
"../../../Engine/Content/Internationalization/icudt64l/lang/ky.res" 1427
"../../../Engine/Content/Internationalization/icudt64l/region/ky.res" 1428
"../../../Engine/Content/Internationalization/icudt64l/lang/lag.res" 1429
"../../../Engine/Content/Internationalization/icudt64l/region/lag.res" 1430
"../../../Engine/Content/Internationalization/icudt64l/lang/lb.res" 1431
"../../../Engine/Content/Internationalization/icudt64l/region/lb.res" 1432
"../../../Engine/Content/Internationalization/icudt64l/lang/lg.res" 1433
"../../../Engine/Content/Internationalization/icudt64l/region/lg.res" 1434
"../../../Engine/Content/Internationalization/icudt64l/lang/lkt.res" 1435
"../../../Engine/Content/Internationalization/icudt64l/region/lkt.res" 1436
"../../../Engine/Content/Internationalization/icudt64l/lang/ln.res" 1437
"../../../Engine/Content/Internationalization/icudt64l/region/ln.res" 1438
"../../../Engine/Content/Internationalization/icudt64l/lang/lo.res" 1439
"../../../Engine/Content/Internationalization/icudt64l/region/lo.res" 1440
"../../../Engine/Content/Internationalization/icudt64l/lang/lrc.res" 1441
"../../../Engine/Content/Internationalization/icudt64l/region/lrc.res" 1442
"../../../Engine/Content/Internationalization/icudt64l/lang/lt.res" 1443
"../../../Engine/Content/Internationalization/icudt64l/region/lt.res" 1444
"../../../Engine/Content/Internationalization/icudt64l/lang/lu.res" 1445
"../../../Engine/Content/Internationalization/icudt64l/region/lu.res" 1446
"../../../Engine/Content/Internationalization/icudt64l/lang/luo.res" 1447
"../../../Engine/Content/Internationalization/icudt64l/region/luo.res" 1448
"../../../Engine/Content/Internationalization/icudt64l/lang/luy.res" 1449
"../../../Engine/Content/Internationalization/icudt64l/region/luy.res" 1450
"../../../Engine/Content/Internationalization/icudt64l/lang/lv.res" 1451
"../../../Engine/Content/Internationalization/icudt64l/region/lv.res" 1452
"../../../Engine/Content/Internationalization/icudt64l/lang/mas.res" 1453
"../../../Engine/Content/Internationalization/icudt64l/region/mas.res" 1454
"../../../Engine/Content/Internationalization/icudt64l/lang/mer.res" 1455
"../../../Engine/Content/Internationalization/icudt64l/region/mer.res" 1456
"../../../Engine/Content/Internationalization/icudt64l/lang/mfe.res" 1457
"../../../Engine/Content/Internationalization/icudt64l/region/mfe.res" 1458
"../../../Engine/Content/Internationalization/icudt64l/lang/mg.res" 1459
"../../../Engine/Content/Internationalization/icudt64l/region/mg.res" 1460
"../../../Engine/Content/Internationalization/icudt64l/lang/mgh.res" 1461
"../../../Engine/Content/Internationalization/icudt64l/region/mgh.res" 1462
"../../../Engine/Content/Internationalization/icudt64l/lang/mgo.res" 1463
"../../../Engine/Content/Internationalization/icudt64l/region/mgo.res" 1464
"../../../Engine/Content/Internationalization/icudt64l/lang/mi.res" 1465
"../../../Engine/Content/Internationalization/icudt64l/region/mi.res" 1466
"../../../Engine/Content/Internationalization/icudt64l/lang/mk.res" 1467
"../../../Engine/Content/Internationalization/icudt64l/region/mk.res" 1468
"../../../Engine/Content/Internationalization/icudt64l/lang/ml.res" 1469
"../../../Engine/Content/Internationalization/icudt64l/region/ml.res" 1470
"../../../Engine/Content/Internationalization/icudt64l/lang/mn.res" 1471
"../../../Engine/Content/Internationalization/icudt64l/region/mn.res" 1472
"../../../Engine/Content/Internationalization/icudt64l/lang/mr.res" 1473
"../../../Engine/Content/Internationalization/icudt64l/region/mr.res" 1474
"../../../Engine/Content/Internationalization/icudt64l/lang/ms.res" 1475
"../../../Engine/Content/Internationalization/icudt64l/region/ms.res" 1476
"../../../Engine/Content/Internationalization/icudt64l/lang/mt.res" 1477
"../../../Engine/Content/Internationalization/icudt64l/region/mt.res" 1478
"../../../Engine/Content/Internationalization/icudt64l/lang/mua.res" 1479
"../../../Engine/Content/Internationalization/icudt64l/region/mua.res" 1480
"../../../Engine/Content/Internationalization/icudt64l/lang/my.res" 1481
"../../../Engine/Content/Internationalization/icudt64l/region/my.res" 1482
"../../../Engine/Content/Internationalization/icudt64l/lang/mzn.res" 1483
"../../../Engine/Content/Internationalization/icudt64l/region/mzn.res" 1484
"../../../Engine/Content/Internationalization/icudt64l/lang/naq.res" 1485
"../../../Engine/Content/Internationalization/icudt64l/region/naq.res" 1486
"../../../Engine/Content/Internationalization/icudt64l/lang/nb.res" 1487
"../../../Engine/Content/Internationalization/icudt64l/lang/nb_NO.res" 1488
"../../../Engine/Content/Internationalization/icudt64l/region/nb_NO.res" 1489
"../../../Engine/Content/Internationalization/icudt64l/region/nb.res" 1490
"../../../Engine/Content/Internationalization/icudt64l/lang/nd.res" 1491
"../../../Engine/Content/Internationalization/icudt64l/region/nd.res" 1492
"../../../Engine/Content/Internationalization/icudt64l/lang/nds.res" 1493
"../../../Engine/Content/Internationalization/icudt64l/region/nds.res" 1494
"../../../Engine/Content/Internationalization/icudt64l/lang/ne.res" 1495
"../../../Engine/Content/Internationalization/icudt64l/region/ne.res" 1496
"../../../Engine/Content/Internationalization/icudt64l/lang/nl.res" 1497
"../../../Engine/Content/Internationalization/icudt64l/region/nl.res" 1498
"../../../Engine/Content/Internationalization/icudt64l/lang/nmg.res" 1499
"../../../Engine/Content/Internationalization/icudt64l/region/nmg.res" 1500
"../../../Engine/Content/Internationalization/icudt64l/lang/nn.res" 1501
"../../../Engine/Content/Internationalization/icudt64l/lang/nn_NO.res" 1502
"../../../Engine/Content/Internationalization/icudt64l/region/nn_NO.res" 1503
"../../../Engine/Content/Internationalization/icudt64l/region/nn.res" 1504
"../../../Engine/Content/Internationalization/icudt64l/lang/nnh.res" 1505
"../../../Engine/Content/Internationalization/icudt64l/region/nnh.res" 1506
"../../../Engine/Content/Internationalization/icudt64l/lang/nus.res" 1507
"../../../Engine/Content/Internationalization/icudt64l/region/nus.res" 1508
"../../../Engine/Content/Internationalization/icudt64l/lang/nyn.res" 1509
"../../../Engine/Content/Internationalization/icudt64l/region/nyn.res" 1510
"../../../Engine/Content/Internationalization/icudt64l/lang/om.res" 1511
"../../../Engine/Content/Internationalization/icudt64l/region/om.res" 1512
"../../../Engine/Content/Internationalization/icudt64l/lang/or.res" 1513
"../../../Engine/Content/Internationalization/icudt64l/region/or.res" 1514
"../../../Engine/Content/Internationalization/icudt64l/lang/os.res" 1515
"../../../Engine/Content/Internationalization/icudt64l/region/os.res" 1516
"../../../Engine/Content/Internationalization/icudt64l/lang/pa.res" 1517
"../../../Engine/Content/Internationalization/icudt64l/lang/pa_Arab.res" 1518
"../../../Engine/Content/Internationalization/icudt64l/lang/pa_PK.res" 1519
"../../../Engine/Content/Internationalization/icudt64l/lang/pa_Arab_PK.res" 1520
"../../../Engine/Content/Internationalization/icudt64l/region/pa_PK.res" 1521
"../../../Engine/Content/Internationalization/icudt64l/region/pa_Arab_PK.res" 1522
"../../../Engine/Content/Internationalization/icudt64l/region/pa_Arab.res" 1523
"../../../Engine/Content/Internationalization/icudt64l/lang/pa_Guru.res" 1524
"../../../Engine/Content/Internationalization/icudt64l/lang/pa_IN.res" 1525
"../../../Engine/Content/Internationalization/icudt64l/lang/pa_Guru_IN.res" 1526
"../../../Engine/Content/Internationalization/icudt64l/region/pa_IN.res" 1527
"../../../Engine/Content/Internationalization/icudt64l/region/pa_Guru_IN.res" 1528
"../../../Engine/Content/Internationalization/icudt64l/region/pa_Guru.res" 1529
"../../../Engine/Content/Internationalization/icudt64l/region/pa.res" 1530
"../../../Engine/Content/Internationalization/icudt64l/lang/pl.res" 1531
"../../../Engine/Content/Internationalization/icudt64l/region/pl.res" 1532
"../../../Engine/Content/Internationalization/icudt64l/lang/ps.res" 1533
"../../../Engine/Content/Internationalization/icudt64l/region/ps.res" 1534
"../../../Engine/Content/Internationalization/icudt64l/lang/ps_PK.res" 1535
"../../../Engine/Content/Internationalization/icudt64l/region/ps_PK.res" 1536
"../../../Engine/Content/Internationalization/icudt64l/lang/pt.res" 1537
"../../../Engine/Content/Internationalization/icudt64l/lang/pt_AO.res" 1538
"../../../Engine/Content/Internationalization/icudt64l/lang/pt_PT.res" 1539
"../../../Engine/Content/Internationalization/icudt64l/region/pt_AO.res" 1540
"../../../Engine/Content/Internationalization/icudt64l/region/pt_PT.res" 1541
"../../../Engine/Content/Internationalization/icudt64l/region/pt.res" 1542
"../../../Engine/Content/Internationalization/icudt64l/lang/pt_CH.res" 1543
"../../../Engine/Content/Internationalization/icudt64l/region/pt_CH.res" 1544
"../../../Engine/Content/Internationalization/icudt64l/lang/pt_CV.res" 1545
"../../../Engine/Content/Internationalization/icudt64l/region/pt_CV.res" 1546
"../../../Engine/Content/Internationalization/icudt64l/lang/pt_GQ.res" 1547
"../../../Engine/Content/Internationalization/icudt64l/region/pt_GQ.res" 1548
"../../../Engine/Content/Internationalization/icudt64l/lang/pt_GW.res" 1549
"../../../Engine/Content/Internationalization/icudt64l/region/pt_GW.res" 1550
"../../../Engine/Content/Internationalization/icudt64l/lang/pt_LU.res" 1551
"../../../Engine/Content/Internationalization/icudt64l/region/pt_LU.res" 1552
"../../../Engine/Content/Internationalization/icudt64l/lang/pt_MO.res" 1553
"../../../Engine/Content/Internationalization/icudt64l/region/pt_MO.res" 1554
"../../../Engine/Content/Internationalization/icudt64l/lang/pt_MZ.res" 1555
"../../../Engine/Content/Internationalization/icudt64l/region/pt_MZ.res" 1556
"../../../Engine/Content/Internationalization/icudt64l/lang/pt_ST.res" 1557
"../../../Engine/Content/Internationalization/icudt64l/region/pt_ST.res" 1558
"../../../Engine/Content/Internationalization/icudt64l/lang/pt_TL.res" 1559
"../../../Engine/Content/Internationalization/icudt64l/region/pt_TL.res" 1560
"../../../Engine/Content/Internationalization/icudt64l/lang/qu.res" 1561
"../../../Engine/Content/Internationalization/icudt64l/region/qu.res" 1562
"../../../Engine/Content/Internationalization/icudt64l/lang/rm.res" 1563
"../../../Engine/Content/Internationalization/icudt64l/region/rm.res" 1564
"../../../Engine/Content/Internationalization/icudt64l/lang/rn.res" 1565
"../../../Engine/Content/Internationalization/icudt64l/region/rn.res" 1566
"../../../Engine/Content/Internationalization/icudt64l/lang/ro.res" 1567
"../../../Engine/Content/Internationalization/icudt64l/lang/ro_MD.res" 1568
"../../../Engine/Content/Internationalization/icudt64l/region/ro_MD.res" 1569
"../../../Engine/Content/Internationalization/icudt64l/region/ro.res" 1570
"../../../Engine/Content/Internationalization/icudt64l/lang/rof.res" 1571
"../../../Engine/Content/Internationalization/icudt64l/region/rof.res" 1572
"../../../Engine/Content/Internationalization/icudt64l/lang/ru.res" 1573
"../../../Engine/Content/Internationalization/icudt64l/region/ru.res" 1574
"../../../Engine/Content/Internationalization/icudt64l/region/ru_UA.res" 1575
"../../../Engine/Content/Internationalization/icudt64l/lang/rw.res" 1576
"../../../Engine/Content/Internationalization/icudt64l/region/rw.res" 1577
"../../../Engine/Content/Internationalization/icudt64l/lang/rwk.res" 1578
"../../../Engine/Content/Internationalization/icudt64l/region/rwk.res" 1579
"../../../Engine/Content/Internationalization/icudt64l/lang/sah.res" 1580
"../../../Engine/Content/Internationalization/icudt64l/region/sah.res" 1581
"../../../Engine/Content/Internationalization/icudt64l/lang/saq.res" 1582
"../../../Engine/Content/Internationalization/icudt64l/region/saq.res" 1583
"../../../Engine/Content/Internationalization/icudt64l/lang/sbp.res" 1584
"../../../Engine/Content/Internationalization/icudt64l/region/sbp.res" 1585
"../../../Engine/Content/Internationalization/icudt64l/lang/sd.res" 1586
"../../../Engine/Content/Internationalization/icudt64l/region/sd.res" 1587
"../../../Engine/Content/Internationalization/icudt64l/lang/se.res" 1588
"../../../Engine/Content/Internationalization/icudt64l/lang/se_FI.res" 1589
"../../../Engine/Content/Internationalization/icudt64l/region/se_FI.res" 1590
"../../../Engine/Content/Internationalization/icudt64l/region/se.res" 1591
"../../../Engine/Content/Internationalization/icudt64l/lang/seh.res" 1592
"../../../Engine/Content/Internationalization/icudt64l/region/seh.res" 1593
"../../../Engine/Content/Internationalization/icudt64l/lang/ses.res" 1594
"../../../Engine/Content/Internationalization/icudt64l/region/ses.res" 1595
"../../../Engine/Content/Internationalization/icudt64l/lang/sg.res" 1596
"../../../Engine/Content/Internationalization/icudt64l/region/sg.res" 1597
"../../../Engine/Content/Internationalization/icudt64l/lang/shi.res" 1598
"../../../Engine/Content/Internationalization/icudt64l/lang/shi_Latn.res" 1599
"../../../Engine/Content/Internationalization/icudt64l/lang/shi_MA.res" 1600
"../../../Engine/Content/Internationalization/icudt64l/lang/shi_Tfng_MA.res" 1601
"../../../Engine/Content/Internationalization/icudt64l/lang/shi_Tfng.res" 1602
"../../../Engine/Content/Internationalization/icudt64l/region/shi_MA.res" 1603
"../../../Engine/Content/Internationalization/icudt64l/region/shi_Tfng_MA.res" 1604
"../../../Engine/Content/Internationalization/icudt64l/region/shi_Tfng.res" 1605
"../../../Engine/Content/Internationalization/icudt64l/region/shi.res" 1606
"../../../Engine/Content/Internationalization/icudt64l/region/shi_Latn.res" 1607
"../../../Engine/Content/Internationalization/icudt64l/lang/si.res" 1608
"../../../Engine/Content/Internationalization/icudt64l/region/si.res" 1609
"../../../Engine/Content/Internationalization/icudt64l/lang/sk.res" 1610
"../../../Engine/Content/Internationalization/icudt64l/region/sk.res" 1611
"../../../Engine/Content/Internationalization/icudt64l/lang/sl.res" 1612
"../../../Engine/Content/Internationalization/icudt64l/region/sl.res" 1613
"../../../Engine/Content/Internationalization/icudt64l/lang/smn.res" 1614
"../../../Engine/Content/Internationalization/icudt64l/region/smn.res" 1615
"../../../Engine/Content/Internationalization/icudt64l/lang/sn.res" 1616
"../../../Engine/Content/Internationalization/icudt64l/region/sn.res" 1617
"../../../Engine/Content/Internationalization/icudt64l/lang/so.res" 1618
"../../../Engine/Content/Internationalization/icudt64l/region/so.res" 1619
"../../../Engine/Content/Internationalization/icudt64l/lang/sq.res" 1620
"../../../Engine/Content/Internationalization/icudt64l/region/sq.res" 1621
"../../../Engine/Content/Internationalization/icudt64l/lang/sr.res" 1622
"../../../Engine/Content/Internationalization/icudt64l/lang/sr_Cyrl.res" 1623
"../../../Engine/Content/Internationalization/icudt64l/lang/sr_BA.res" 1624
"../../../Engine/Content/Internationalization/icudt64l/lang/sr_Cyrl_BA.res" 1625
"../../../Engine/Content/Internationalization/icudt64l/region/sr_BA.res" 1626
"../../../Engine/Content/Internationalization/icudt64l/region/sr_Cyrl_BA.res" 1627
"../../../Engine/Content/Internationalization/icudt64l/region/sr_Cyrl.res" 1628
"../../../Engine/Content/Internationalization/icudt64l/region/sr.res" 1629
"../../../Engine/Content/Internationalization/icudt64l/lang/sr_ME.res" 1630
"../../../Engine/Content/Internationalization/icudt64l/lang/sr_Latn_ME.res" 1631
"../../../Engine/Content/Internationalization/icudt64l/lang/sr_Latn.res" 1632
"../../../Engine/Content/Internationalization/icudt64l/region/sr_ME.res" 1633
"../../../Engine/Content/Internationalization/icudt64l/region/sr_Latn_ME.res" 1634
"../../../Engine/Content/Internationalization/icudt64l/region/sr_Latn.res" 1635
"../../../Engine/Content/Internationalization/icudt64l/lang/sr_Cyrl_ME.res" 1636
"../../../Engine/Content/Internationalization/icudt64l/region/sr_Cyrl_ME.res" 1637
"../../../Engine/Content/Internationalization/icudt64l/lang/sr_RS.res" 1638
"../../../Engine/Content/Internationalization/icudt64l/lang/sr_Cyrl_RS.res" 1639
"../../../Engine/Content/Internationalization/icudt64l/region/sr_RS.res" 1640
"../../../Engine/Content/Internationalization/icudt64l/region/sr_Cyrl_RS.res" 1641
"../../../Engine/Content/Internationalization/icudt64l/lang/sr_XK.res" 1642
"../../../Engine/Content/Internationalization/icudt64l/lang/sr_Cyrl_XK.res" 1643
"../../../Engine/Content/Internationalization/icudt64l/region/sr_XK.res" 1644
"../../../Engine/Content/Internationalization/icudt64l/region/sr_Cyrl_XK.res" 1645
"../../../Engine/Content/Internationalization/icudt64l/lang/sr_Latn_BA.res" 1646
"../../../Engine/Content/Internationalization/icudt64l/region/sr_Latn_BA.res" 1647
"../../../Engine/Content/Internationalization/icudt64l/lang/sr_Latn_RS.res" 1648
"../../../Engine/Content/Internationalization/icudt64l/region/sr_Latn_RS.res" 1649
"../../../Engine/Content/Internationalization/icudt64l/lang/sr_Latn_XK.res" 1650
"../../../Engine/Content/Internationalization/icudt64l/region/sr_Latn_XK.res" 1651
"../../../Engine/Content/Internationalization/icudt64l/lang/sv.res" 1652
"../../../Engine/Content/Internationalization/icudt64l/region/sv.res" 1653
"../../../Engine/Content/Internationalization/icudt64l/lang/sv_FI.res" 1654
"../../../Engine/Content/Internationalization/icudt64l/lang/sw.res" 1655
"../../../Engine/Content/Internationalization/icudt64l/lang/sw_CD.res" 1656
"../../../Engine/Content/Internationalization/icudt64l/region/sw_CD.res" 1657
"../../../Engine/Content/Internationalization/icudt64l/region/sw.res" 1658
"../../../Engine/Content/Internationalization/icudt64l/lang/sw_KE.res" 1659
"../../../Engine/Content/Internationalization/icudt64l/region/sw_KE.res" 1660
"../../../Engine/Content/Internationalization/icudt64l/lang/ta.res" 1661
"../../../Engine/Content/Internationalization/icudt64l/region/ta.res" 1662
"../../../Engine/Content/Internationalization/icudt64l/lang/te.res" 1663
"../../../Engine/Content/Internationalization/icudt64l/region/te.res" 1664
"../../../Engine/Content/Internationalization/icudt64l/lang/teo.res" 1665
"../../../Engine/Content/Internationalization/icudt64l/region/teo.res" 1666
"../../../Engine/Content/Internationalization/icudt64l/lang/tg.res" 1667
"../../../Engine/Content/Internationalization/icudt64l/region/tg.res" 1668
"../../../Engine/Content/Internationalization/icudt64l/lang/th.res" 1669
"../../../Engine/Content/Internationalization/icudt64l/lang/th_TH.res" 1670
"../../../Engine/Content/Internationalization/icudt64l/region/th_TH.res" 1671
"../../../Engine/Content/Internationalization/icudt64l/region/th.res" 1672
"../../../Engine/Content/Internationalization/icudt64l/lang/ti.res" 1673
"../../../Engine/Content/Internationalization/icudt64l/region/ti.res" 1674
"../../../Engine/Content/Internationalization/icudt64l/lang/tk.res" 1675
"../../../Engine/Content/Internationalization/icudt64l/region/tk.res" 1676
"../../../Engine/Content/Internationalization/icudt64l/lang/to.res" 1677
"../../../Engine/Content/Internationalization/icudt64l/region/to.res" 1678
"../../../Engine/Content/Internationalization/icudt64l/lang/tr.res" 1679
"../../../Engine/Content/Internationalization/icudt64l/region/tr.res" 1680
"../../../Engine/Content/Internationalization/icudt64l/lang/tt.res" 1681
"../../../Engine/Content/Internationalization/icudt64l/region/tt.res" 1682
"../../../Engine/Content/Internationalization/icudt64l/lang/twq.res" 1683
"../../../Engine/Content/Internationalization/icudt64l/region/twq.res" 1684
"../../../Engine/Content/Internationalization/icudt64l/lang/tzm.res" 1685
"../../../Engine/Content/Internationalization/icudt64l/region/tzm.res" 1686
"../../../Engine/Content/Internationalization/icudt64l/lang/ug.res" 1687
"../../../Engine/Content/Internationalization/icudt64l/region/ug.res" 1688
"../../../Engine/Content/Internationalization/icudt64l/lang/uk.res" 1689
"../../../Engine/Content/Internationalization/icudt64l/region/uk.res" 1690
"../../../Engine/Content/Internationalization/icudt64l/lang/ur.res" 1691
"../../../Engine/Content/Internationalization/icudt64l/lang/ur_IN.res" 1692
"../../../Engine/Content/Internationalization/icudt64l/region/ur_IN.res" 1693
"../../../Engine/Content/Internationalization/icudt64l/region/ur.res" 1694
"../../../Engine/Content/Internationalization/icudt64l/lang/uz.res" 1695
"../../../Engine/Content/Internationalization/icudt64l/lang/uz_Arab.res" 1696
"../../../Engine/Content/Internationalization/icudt64l/lang/uz_AF.res" 1697
"../../../Engine/Content/Internationalization/icudt64l/lang/uz_Arab_AF.res" 1698
"../../../Engine/Content/Internationalization/icudt64l/region/uz_AF.res" 1699
"../../../Engine/Content/Internationalization/icudt64l/region/uz_Arab_AF.res" 1700
"../../../Engine/Content/Internationalization/icudt64l/region/uz_Arab.res" 1701
"../../../Engine/Content/Internationalization/icudt64l/lang/uz_Cyrl.res" 1702
"../../../Engine/Content/Internationalization/icudt64l/lang/uz_UZ.res" 1703
"../../../Engine/Content/Internationalization/icudt64l/lang/uz_Latn_UZ.res" 1704
"../../../Engine/Content/Internationalization/icudt64l/lang/uz_Latn.res" 1705
"../../../Engine/Content/Internationalization/icudt64l/region/uz_UZ.res" 1706
"../../../Engine/Content/Internationalization/icudt64l/region/uz_Latn_UZ.res" 1707
"../../../Engine/Content/Internationalization/icudt64l/region/uz_Latn.res" 1708
"../../../Engine/Content/Internationalization/icudt64l/region/uz.res" 1709
"../../../Engine/Content/Internationalization/icudt64l/region/uz_Cyrl.res" 1710
"../../../Engine/Content/Internationalization/icudt64l/lang/vai.res" 1711
"../../../Engine/Content/Internationalization/icudt64l/lang/vai_Latn.res" 1712
"../../../Engine/Content/Internationalization/icudt64l/lang/vai_LR.res" 1713
"../../../Engine/Content/Internationalization/icudt64l/lang/vai_Vaii_LR.res" 1714
"../../../Engine/Content/Internationalization/icudt64l/lang/vai_Vaii.res" 1715
"../../../Engine/Content/Internationalization/icudt64l/region/vai_LR.res" 1716
"../../../Engine/Content/Internationalization/icudt64l/region/vai_Vaii_LR.res" 1717
"../../../Engine/Content/Internationalization/icudt64l/region/vai_Vaii.res" 1718
"../../../Engine/Content/Internationalization/icudt64l/region/vai.res" 1719
"../../../Engine/Content/Internationalization/icudt64l/region/vai_Latn.res" 1720
"../../../Engine/Content/Internationalization/icudt64l/lang/vi.res" 1721
"../../../Engine/Content/Internationalization/icudt64l/region/vi.res" 1722
"../../../Engine/Content/Internationalization/icudt64l/lang/vun.res" 1723
"../../../Engine/Content/Internationalization/icudt64l/region/vun.res" 1724
"../../../Engine/Content/Internationalization/icudt64l/lang/wae.res" 1725
"../../../Engine/Content/Internationalization/icudt64l/region/wae.res" 1726
"../../../Engine/Content/Internationalization/icudt64l/lang/wo.res" 1727
"../../../Engine/Content/Internationalization/icudt64l/region/wo.res" 1728
"../../../Engine/Content/Internationalization/icudt64l/lang/xh.res" 1729
"../../../Engine/Content/Internationalization/icudt64l/region/xh.res" 1730
"../../../Engine/Content/Internationalization/icudt64l/lang/xog.res" 1731
"../../../Engine/Content/Internationalization/icudt64l/region/xog.res" 1732
"../../../Engine/Content/Internationalization/icudt64l/lang/yav.res" 1733
"../../../Engine/Content/Internationalization/icudt64l/region/yav.res" 1734
"../../../Engine/Content/Internationalization/icudt64l/lang/yi.res" 1735
"../../../Engine/Content/Internationalization/icudt64l/region/yi.res" 1736
"../../../Engine/Content/Internationalization/icudt64l/lang/yo.res" 1737
"../../../Engine/Content/Internationalization/icudt64l/lang/yo_BJ.res" 1738
"../../../Engine/Content/Internationalization/icudt64l/region/yo_BJ.res" 1739
"../../../Engine/Content/Internationalization/icudt64l/region/yo.res" 1740
"../../../Engine/Content/Internationalization/icudt64l/lang/yue.res" 1741
"../../../Engine/Content/Internationalization/icudt64l/lang/yue_Hans.res" 1742
"../../../Engine/Content/Internationalization/icudt64l/lang/yue_CN.res" 1743
"../../../Engine/Content/Internationalization/icudt64l/lang/yue_Hans_CN.res" 1744
"../../../Engine/Content/Internationalization/icudt64l/region/yue_CN.res" 1745
"../../../Engine/Content/Internationalization/icudt64l/region/yue_Hans_CN.res" 1746
"../../../Engine/Content/Internationalization/icudt64l/region/yue_Hans.res" 1747
"../../../Engine/Content/Internationalization/icudt64l/lang/yue_Hant.res" 1748
"../../../Engine/Content/Internationalization/icudt64l/lang/yue_HK.res" 1749
"../../../Engine/Content/Internationalization/icudt64l/lang/yue_Hant_HK.res" 1750
"../../../Engine/Content/Internationalization/icudt64l/region/yue_HK.res" 1751
"../../../Engine/Content/Internationalization/icudt64l/region/yue_Hant_HK.res" 1752
"../../../Engine/Content/Internationalization/icudt64l/region/yue_Hant.res" 1753
"../../../Engine/Content/Internationalization/icudt64l/region/yue.res" 1754
"../../../Engine/Content/Internationalization/icudt64l/lang/zgh.res" 1755
"../../../Engine/Content/Internationalization/icudt64l/region/zgh.res" 1756
"../../../Engine/Content/Internationalization/icudt64l/lang/zh.res" 1757
"../../../Engine/Content/Internationalization/icudt64l/lang/zh_Hans.res" 1758
"../../../Engine/Content/Internationalization/icudt64l/lang/zh_CN.res" 1759
"../../../Engine/Content/Internationalization/icudt64l/lang/zh_Hans_CN.res" 1760
"../../../Engine/Content/Internationalization/icudt64l/region/zh_CN.res" 1761
"../../../Engine/Content/Internationalization/icudt64l/region/zh_Hans_CN.res" 1762
"../../../Engine/Content/Internationalization/icudt64l/region/zh_Hans.res" 1763
"../../../Engine/Content/Internationalization/icudt64l/region/zh.res" 1764
"../../../Engine/Content/Internationalization/icudt64l/lang/zh_HK.res" 1765
"../../../Engine/Content/Internationalization/icudt64l/lang/zh_Hant_HK.res" 1766
"../../../Engine/Content/Internationalization/icudt64l/lang/zh_Hant.res" 1767
"../../../Engine/Content/Internationalization/icudt64l/region/zh_HK.res" 1768
"../../../Engine/Content/Internationalization/icudt64l/region/zh_Hant_HK.res" 1769
"../../../Engine/Content/Internationalization/icudt64l/region/zh_Hant.res" 1770
"../../../Engine/Content/Internationalization/icudt64l/lang/zh_MO.res" 1771
"../../../Engine/Content/Internationalization/icudt64l/lang/zh_Hant_MO.res" 1772
"../../../Engine/Content/Internationalization/icudt64l/region/zh_MO.res" 1773
"../../../Engine/Content/Internationalization/icudt64l/region/zh_Hant_MO.res" 1774
"../../../Engine/Content/Internationalization/icudt64l/lang/zh_SG.res" 1775
"../../../Engine/Content/Internationalization/icudt64l/lang/zh_Hans_SG.res" 1776
"../../../Engine/Content/Internationalization/icudt64l/region/zh_SG.res" 1777
"../../../Engine/Content/Internationalization/icudt64l/region/zh_Hans_SG.res" 1778
"../../../Engine/Content/Internationalization/icudt64l/lang/zh_TW.res" 1779
"../../../Engine/Content/Internationalization/icudt64l/lang/zh_Hant_TW.res" 1780
"../../../Engine/Content/Internationalization/icudt64l/region/zh_TW.res" 1781
"../../../Engine/Content/Internationalization/icudt64l/region/zh_Hant_TW.res" 1782
"../../../Engine/Content/Internationalization/icudt64l/lang/zu.res" 1783
"../../../Engine/Content/Internationalization/icudt64l/region/zu.res" 1784
"../../../Engine/Content/Internationalization/icudt64l/lang/no.res" 1785
"../../../Engine/Content/Internationalization/icudt64l/lang/tl.res" 1786
"../../../Engine/Config/Android/DataDrivenPlatformInfo.ini" 1787
"../../../Engine/Config/IOS/DataDrivenPlatformInfo.ini" 1788
"../../../Engine/Config/Linux/DataDrivenPlatformInfo.ini" 1789
"../../../Engine/Config/LinuxArm64/DataDrivenPlatformInfo.ini" 1790
"../../../Engine/Config/Mac/DataDrivenPlatformInfo.ini" 1791
"../../../Engine/Config/TVOS/DataDrivenPlatformInfo.ini" 1792
"../../../Engine/Config/Unix/DataDrivenPlatformInfo.ini" 1793
"../../../Engine/Config/VulkanPC/DataDrivenPlatformInfo.ini" 1794
"../../../Engine/Config/Windows/DataDrivenPlatformInfo.ini" 1795
"../../../Engine/Platforms/VisionOS/Config/DataDrivenPlatformInfo.ini" 1796
"../../../Engine/DerivedDataCache/Compressed.ddp" 1797
"C:/Users/Owner/AppData/Local/UnrealEngine/5.4/Saved/Zen/zen.version" 1798
"C:/Users/Owner/AppData/Local/UnrealEngine/Common/Zen/Install/zen.version" 1799
"C:/Users/Owner/AppData/Local/UnrealEngine/Common/Zen/Install/zenserver.runcontext" 1800
"C:/Users/Owner/AppData/Local/UnrealEngine/Common/DerivedDataCache/TestData/0/TestData_4kb.dat" 1801
"C:/Users/Owner/AppData/Local/UnrealEngine/Common/DerivedDataCache/TestData/1/TestData_4kb.dat" 1802
"C:/Users/Owner/AppData/Local/UnrealEngine/Common/DerivedDataCache/TestData/0/TestData_8kb.dat" 1803
"C:/Users/Owner/AppData/Local/UnrealEngine/Common/DerivedDataCache/TestData/1/TestData_8kb.dat" 1804
"C:/Users/Owner/AppData/Local/UnrealEngine/Common/DerivedDataCache/TestData/0/TestData_16kb.dat" 1805
"C:/Users/Owner/AppData/Local/UnrealEngine/Common/DerivedDataCache/TestData/1/TestData_16kb.dat" 1806
"C:/Users/Owner/AppData/Local/UnrealEngine/Common/DerivedDataCache/TestData/0/TestData_64kb.dat" 1807
"C:/Users/Owner/AppData/Local/UnrealEngine/Common/DerivedDataCache/TestData/1/TestData_64kb.dat" 1808
"C:/Users/Owner/AppData/Local/UnrealEngine/Common/DerivedDataCache/TestData/0/TestData_128kb.dat" 1809
"C:/Users/Owner/AppData/Local/UnrealEngine/Common/DerivedDataCache/TestData/1/TestData_128kb.dat" 1810
"C:/Users/Owner/AppData/Local/UnrealEngine/Common/DerivedDataCache/TestData/0/TestData_256kb.dat" 1811
"C:/Users/Owner/AppData/Local/UnrealEngine/Common/DerivedDataCache/TestData/1/TestData_256kb.dat" 1812
"../../../../../../24CI0433/Magic_Project/Intermediate/ShaderAutogen/PCD3D_SM5/AutogenShaderHeaders.ush" 1813
"../../../Engine/Plugins/FX/Niagara/Shaders/Private/NiagaraSpriteVertexFactory.ush" 1814
"../../../Engine/Shaders/Private/VertexFactoryCommon.ush" 1815
"../../../Engine/Shaders/Private/Common.ush" 1816
"../../../Engine/Shaders/Public/Platform.ush" 1817
"../../../Engine/Shaders/Public/FP16Math.ush" 1818
"../../../Engine/Shaders/Public/Platform/D3D/D3DCommon.ush" 1819
"../../../Engine/Shaders/Shared/HLSLReservedSpaces.h" 1820
"../../../Engine/Shaders/Public/BindlessResources.ush" 1821
"../../../Engine/Shaders/Public/OverloadMacros.ush" 1822
"../../../Engine/Shaders/Public/ShaderVersion.ush" 1823
"../../../Engine/Shaders/Private/PackUnpack.ush" 1824
"../../../Engine/Shaders/Private/GeneratedUniformBufferTypes.ush" 1825
"../../../Engine/Shaders/Private/Nanite/NanitePackedNaniteView.ush" 1826
"../../../Engine/Shaders/Private/HairStrands/HairStrandsVisibilityCommonStruct.ush" 1827
"../../../Engine/Shaders/Private/HairStrands/HairStrandsVoxelPageCommonStruct.ush" 1828
"../../../Engine/Shaders/Private/HairStrands/HairStrandsDeepShadowCommonStruct.ush" 1829
"../../../Engine/Shaders/Shared/LightSceneData.h" 1830
"../../../Engine/Shaders/Shared/HLSLTypeAliases.h" 1831
"../../../Engine/Shaders/Private/LargeWorldCoordinates.ush" 1832
"../../../Engine/Shaders/Private/DoubleFloat.ush" 1833
"../../../Engine/Shaders/Private/DoubleFloatOperations.ush" 1834
"../../../Engine/Shaders/Private/DoubleFloatVectorDefinition.ush" 1835
"../../../Engine/Shaders/Private/LWCOperations.ush" 1836
"../../../Engine/Shaders/Private/CommonViewUniformBuffer.ush" 1837
"../../../Engine/Shaders/Private/InstancedStereo.ush" 1838
"../../../Engine/Shaders/Private/Definitions.usf" 1839
"../../../Engine/Shaders/Private/AssertionMacros.ush" 1840
"../../../Engine/Shaders/Private/FastMath.ush" 1841
"../../../Engine/Shaders/Private/FastMathThirdParty.ush" 1842
"../../../Engine/Shaders/Private/Random.ush" 1843
"../../../Engine/Shaders/Private/SceneData.ush" 1844
"../../../Engine/Shaders/Private/OctahedralCommon.ush" 1845
"../../../Engine/Shaders/Private/WaveOpUtil.ush" 1846
"../../../Engine/Shaders/Shared/SceneDefinitions.h" 1847
"../../../Engine/Shaders/Private/SceneDataMobileLoader.ush" 1848
"../../../Engine/Shaders/Private/ParticleVertexFactoryCommon.ush" 1849
"../../../Engine/Plugins/FX/Niagara/Shaders/Private/NiagaraVFCommon.usf" 1850
"../../../Engine/Plugins/FX/Niagara/Shaders/Private/NiagaraVFParticleAccess.usf" 1851
"../../../Engine/Plugins/FX/Niagara/Shaders/Private/NiagaraParticleAccess.ush" 1852
"../../../Engine/Shaders/Private/VertexFactoryDefaultInterface.ush" 1853
"../../../Engine/Plugins/FX/Niagara/Shaders/Private/NiagaraRibbonVertexFactory.ush" 1854
"../../../Engine/Plugins/FX/Niagara/Shaders/Private/NiagaraMeshVertexFactory.ush" 1855
"../../../Engine/Plugins/FX/Niagara/Shaders/Private/NiagaraCommon.ush" 1856
"../../../Engine/Plugins/FX/Niagara/Shaders/Private/NiagaraMeshParticleUtils.ush" 1857
"../../../Engine/Shaders/Private/RayTracing/RayTracingCommon.ush" 1858
"../../../Engine/Shaders/Private/ShadingCommon.ush" 1859
"../../../Engine/Shaders/Shared/RayTracingDefinitions.h" 1860
"../../../Engine/Shaders/Shared/RayTracingPayloadType.h" 1861
"../../../Engine/Shaders/Shared/HLSLStaticAssert.h" 1862
"../../../Engine/Shaders/Private/RayTracing/RayTracingRayCone.ush" 1863
"../../../Engine/Shaders/Private/Substrate/Substrate.ush" 1864
"../../../Engine/Shaders/Private/ShadingEnergyConservation.ush" 1865
"../../../Engine/Shaders/Private/ShadingEnergyConservationTemplate.ush" 1866
"../../../Engine/Shaders/Private/BRDF.ush" 1867
"../../../Engine/Shaders/Private/ColorSpace.ush" 1868
"../../../Engine/Shaders/Private/DeferredShadingCommon.ush" 1869
"../../../Engine/Shaders/Private/LightAccumulator.ush" 1870
"../../../Engine/Shaders/Private/SceneTexturesCommon.ush" 1871
"../../../Engine/Shaders/Private/MonteCarlo.ush" 1872
"../../../Engine/Shaders/Private/GBufferHelpers.ush" 1873
"../../../Engine/Shaders/Private/SceneTextureParameters.ush" 1874
"C:/24CI0433/Magic_Project/Intermediate/ShaderAutogen/PCD3D_SM5/AutogenShaderHeaders.ush" 1875
"../../../Engine/Shaders/Private/ParticipatingMediaCommon.ush" 1876
"../../../Engine/Shaders/Private/ThinFilmBSDF.ush" 1877
"../../../Engine/Shaders/Private/MortonCode.ush" 1878
"../../../Engine/Shaders/Private/SubsurfaceProfileCommon.ush" 1879
"../../../Engine/Shaders/Private/BurleyNormalizedSSSCommon.ush" 1880
"../../../Engine/Shaders/Private/GammaCorrectionCommon.ush" 1881
"../../../Engine/Shaders/Shared/SubstrateDefinitions.h" 1882
"../../../Engine/Shaders/Private/Substrate/SubstrateStatisticalOperators.ush" 1883
"../../../Engine/Shaders/Private/Substrate/SubstrateSubsurface.ush" 1884
"../../../Engine/Shaders/Private/TransmissionCommon.ush" 1885
"../../../Engine/Shaders/Private/RayTracing/RayTracingCommonMetal.ush" 1886
"../../../Engine/Shaders/Private/PositionReconstructionCommon.ush" 1887
"../../../Engine/Shaders/Private/RayTracing/TraceRayInline.ush" 1888
"../../../Engine/Shaders/Private/RayTracing/TraceRayInlineCommon.ush" 1889
"../../../Engine/Shaders/Private/RayTracing/TraceRayInlineVulkan.ush" 1890
"../../../Engine/Shaders/Private/RayTracing/TraceRayInlineMetal.ush" 1891
"../../../Engine/Shaders/Private/RayTracing/RayTracingHitGroupCommon.ush" 1892
"../../../Engine/Shaders/Shared/RayTracingBuiltInResources.h" 1893
"../../../Engine/Shaders/Private/Nanite/NaniteDataDecode.ush" 1894
"../../../Engine/Shaders/Private/BitPacking.ush" 1895
"../../../Engine/Shaders/Private/BitStreamReaderImplementation.ush" 1896
"../../../Engine/Shaders/Shared/NaniteDefinitions.h" 1897
"../../../Engine/Shaders/Private/Nanite/NaniteAttributeDecode.ush" 1898
"../../../Engine/Shaders/Private/Barycentrics.ush" 1899
"../../../Engine/Shaders/Private/DualNumber.ush" 1900
"../../../Engine/Shaders/Private/VectorFieldVisualizationVertexFactory.ush" 1901
"../../../Engine/Shaders/Private/Nanite/NaniteVertexFactory.ush" 1902
"../../../Engine/Shaders/Private/LightmapData.ush" 1903
"../../../Engine/Shaders/Private/SplineMeshCommon.ush" 1904
"../../../Engine/Shaders/Shared/SplineMeshShaderParams.h" 1905
"../../../Engine/Shaders/Private/Quaternion.ush" 1906
"../../../Engine/Shaders/Private/ShaderPrint.ush" 1907
"../../../Engine/Shaders/Private/ShaderPrintCommon.ush" 1908
"../../../Engine/Shaders/Private/MiniFontCommon.ush" 1909
"../../../Engine/Shaders/Private/Nanite/NaniteVertexDeformation.ush" 1910
"../../../Engine/Shaders/Private/ParticleSpriteVertexFactory.ush" 1911
"../../../Engine/Shaders/Private/ParticleGPUSpriteVertexFactory.ush" 1912
"../../../Engine/Shaders/Private/ParticleSimulationCommon.ush" 1913
"../../../Engine/Shaders/Private/ParticleBeamTrailVertexFactory.ush" 1914
"../../../Engine/Shaders/Private/MeshParticleVertexFactory.ush" 1915
"../../../Engine/Shaders/Private/LocalVertexFactory.ush" 1916
"../../../Engine/Shaders/Private/LocalVertexFactoryCommon.ush" 1917
"../../../Engine/Shaders/Private/GpuSkinCommon.ush" 1918
"../../../Engine/Shaders/Private/GpuSkinVertexFactory.ush" 1919
"../../../Engine/Shaders/Private/GeometryCollectionVertexFactory.ush" 1920
"../../../Engine/Shaders/Private/GeometryCacheVertexFactory.ush" 1921
"../../../Engine/Shaders/Private/LandscapeVertexFactory.ush" 1922
"../../../Engine/Plugins/Enterprise/GLTFExporter/Shaders/Private/SimpleTexture2DPS.usf" 1923
"../../../Engine/Shaders/Private/SimpleElementNormalMapPixelShader.usf" 1924
"../../../Engine/Plugins/FX/Niagara/Shaders/Private/Stateless/NiagaraStatelessSimulationExample1.usf" 1925
"../../../Engine/Plugins/FX/Niagara/Shaders/Private/Stateless/NiagaraStatelessSimulationTemplate.ush" 1926
"../../../Engine/Plugins/FX/Niagara/Shaders/Private/Stateless/NiagaraStatelessCommon.ush" 1927
"../../../Engine/Plugins/FX/Niagara/Shaders/Private/NiagaraQuaternionUtils.ush" 1928
"../../../Engine/Plugins/FX/Niagara/Shaders/Private/Stateless/NiagaraStatelessDistribution.ush" 1929
"../../../Engine/Plugins/FX/Niagara/Shaders/Private/Stateless/Modules/NiagaraStatelessModule_CalculateAccurateVelocity.ush" 1930
"../../../Engine/Plugins/FX/Niagara/Shaders/Private/Stateless/Modules/NiagaraStatelessModule_CameraOffset.ush" 1931
"../../../Engine/Plugins/FX/Niagara/Shaders/Private/Stateless/Modules/NiagaraStatelessModule_DynamicMaterialParameters.ush" 1932
"../../../Engine/Plugins/FX/Niagara/Shaders/Private/Stateless/Modules/NiagaraStatelessModule_InitializeParticle.ush" 1933
"../../../Engine/Plugins/FX/Niagara/Shaders/Private/Stateless/Modules/NiagaraStatelessModule_InitialMeshOrientation.ush" 1934
"../../../Engine/Plugins/FX/Niagara/Shaders/Private/Stateless/Modules/NiagaraStatelessModule_MeshIndex.ush" 1935
"../../../Engine/Plugins/FX/Niagara/Shaders/Private/Stateless/Modules/NiagaraStatelessModule_MeshRotationRate.ush" 1936
"../../../Engine/Plugins/FX/Niagara/Shaders/Private/Stateless/Modules/NiagaraStatelessModule_RotateAroundPoint.ush" 1937
"../../../Engine/Plugins/FX/Niagara/Shaders/Private/Stateless/Modules/NiagaraStatelessModule_ShapeLocation.ush" 1938
"../../../Engine/Plugins/FX/Niagara/Shaders/Private/Stateless/Modules/NiagaraStatelessModule_ScaleColor.ush" 1939
"../../../Engine/Plugins/FX/Niagara/Shaders/Private/Stateless/Modules/NiagaraStatelessModule_ScaleSpriteSize.ush" 1940
"../../../Engine/Plugins/FX/Niagara/Shaders/Private/Stateless/Modules/NiagaraStatelessModule_ScaleSpriteSizeBySpeed.ush" 1941
"../../../Engine/Plugins/FX/Niagara/Shaders/Private/Stateless/Modules/NiagaraStatelessModule_ScaleMeshSize.ush" 1942
"../../../Engine/Plugins/FX/Niagara/Shaders/Private/Stateless/Modules/NiagaraStatelessModule_ScaleMeshSizebySpeed.ush" 1943
"../../../Engine/Plugins/FX/Niagara/Shaders/Private/Stateless/Modules/NiagaraStatelessModule_SolveVelocitiesAndForces.ush" 1944
"../../../Engine/Plugins/FX/Niagara/Shaders/Private/Stateless/Modules/NiagaraStatelessModule_SpriteFacingAndAlignment.ush" 1945
"../../../Engine/Plugins/FX/Niagara/Shaders/Private/Stateless/Modules/NiagaraStatelessModule_SpriteRotationRate.ush" 1946
"../../../Engine/Plugins/FX/Niagara/Shaders/Private/Stateless/Modules/NiagaraStatelessModule_SubUVAnimation.ush" 1947
"../../../Engine/Plugins/FX/Niagara/Shaders/Private/Stateless/NiagaraStatelessSimulationDefault.usf" 1948
"../../../Engine/Plugins/FX/Niagara/Shaders/Private/NiagaraSVTToDenseBuffer.usf" 1949
"../../../Engine/Shaders/Private/SparseVolumeTexture/SparseVolumeTextureCommon.ush" 1950
"../../../Engine/Plugins/FX/Niagara/Shaders/Private/NiagaraFillIntBuffer.usf" 1951
"../../../Engine/Plugins/FX/Niagara/Shaders/Private/NiagaraComputeFreeIDs.usf" 1952
"../../../Engine/Plugins/FX/Niagara/Shaders/Private/NiagaraInitFreeIDBuffer.usf" 1953
"../../../Engine/Plugins/FX/Niagara/Shaders/Private/NiagaraEmitterInstanceShader.usf" 1954
"../../../Engine/Plugins/FX/Niagara/Shaders/Private/NiagaraShaderVersion.ush" 1955
"../../../Engine/Shaders/Private/DistanceField/GlobalDistanceFieldShared.ush" 1956
"../../../Engine/Plugins/FX/Niagara/Shaders/Private/NiagaraPhysicsCommon.ush" 1957
"../../../Engine/Plugins/FX/Niagara/Shaders/Private/Ribbons/NiagaraRibbonGenerateIndices.usf" 1958
"../../../Engine/Plugins/FX/Niagara/Shaders/Private/Ribbons/NiagaraRibbonCommon.ush" 1959
"../../../Engine/Plugins/FX/Niagara/Shaders/Private/Ribbons/NiagaraRibbonInitializeIndices.usf" 1960
"../../../Engine/Plugins/FX/Niagara/Shaders/Private/Ribbons/NiagaraRibbonRibbonUVParamCalculation.usf" 1961
"../../../Engine/Plugins/FX/Niagara/Shaders/Private/Ribbons/NiagaraRibbonVertexReductionFinalization.usf" 1962
"../../../Engine/Plugins/FX/Niagara/Shaders/Private/Ribbons/NiagaraRibbonVertexReductionPropagation.usf" 1963
"../../../Engine/Plugins/FX/Niagara/Shaders/Private/Ribbons/NiagaraRibbonVertexReductionInitialization.usf" 1964
"../../../Engine/Plugins/FX/Niagara/Shaders/Private/Ribbons/NiagaraRibbonSortParticles.usf" 1965
"../../../Engine/Plugins/FX/Niagara/Shaders/Private/NiagaraUpdateMeshGPUSceneInstances.usf" 1966
"../../../Engine/Shaders/Private/ComputeShaderUtils.ush" 1967
"../../../Engine/Shaders/Private/GPUScene/GPUSceneWriter.ush" 1968
"../../../Engine/Plugins/FX/Niagara/Shaders/Private/NiagaraGenerateMips.usf" 1969
"../../../Engine/Plugins/FX/Niagara/Shaders/Private/NiagaraDebugDraw.usf" 1970
"../../../Engine/Plugins/FX/Niagara/Shaders/Private/NiagaraDebugDraw.ush" 1971
"../../../Engine/Plugins/FX/Niagara/Shaders/Private/NiagaraVisualizeTexture.usf" 1972
"../../../Engine/Plugins/FX/Niagara/Shaders/Private/NiagaraClearCounts.usf" 1973
"../../../Engine/Plugins/FX/Niagara/Shaders/Private/NiagaraBatchedElements.usf" 1974
"../../../Engine/Plugins/FX/Niagara/Shaders/Private/NiagaraRayTracingShaders.usf" 1975
"../../../Engine/Plugins/FX/Niagara/Shaders/Private/NiagaraAsyncGpuTraceCommon.ush" 1976
"../../../Engine/Shaders/Private/HashTable.ush" 1977
"../../../Engine/Shaders/Private/Hash.ush" 1978
"../../../Engine/Shaders/Private/RayTracing/VFXTraceRay.ush" 1979
"../../../Engine/Plugins/FX/Niagara/Shaders/Private/NiagaraRayMarchingShaders.usf" 1980
"../../../Engine/Plugins/FX/Niagara/Shaders/Private/NiagaraRayTraceCollisionGroupShaders.usf" 1981
"../../../Engine/Plugins/FX/Niagara/Shaders/Private/NiagaraAsyncGpuTraceUtils.usf" 1982
"../../../Engine/Plugins/FX/Niagara/Shaders/Private/NiagaraSortKeyGen.usf" 1983
"../../../Engine/Plugins/FX/Niagara/Shaders/Private/NiagaraGPURayTracingTransforms.usf" 1984
"../../../Engine/Plugins/FX/Niagara/Shaders/Private/NiagaraDrawIndirectArgsGen.usf" 1985
"../../../Engine/Plugins/FX/Niagara/Shaders/Private/NiagaraDispatchIndirectArgsGen.usf" 1986
"../../../Engine/Shaders/Private/DisplayMappingPixelShader.usf" 1987
"../../../Engine/Shaders/Private/TonemapCommon.ush" 1988
"../../../Engine/Shaders/Private/ACES.ush" 1989
"../../../Engine/Plugins/Media/WmfMedia/Shaders/Private/MediaHardwareVideoDecoding.usf" 1990
"../../../Engine/Shaders/Private/ColorUtils.ush" 1991
"../../../Engine/Plugins/Media/ImgMedia/Shaders/Private/ExrSwizzler.usf" 1992
"../../../Engine/Shaders/Private/TranslucentLightingShaders.usf" 1993
"../../../Engine/Shaders/Private/SHCommon.ush" 1994
"../../../Engine/Shaders/Private/ShadowProjectionCommon.ush" 1995
"../../../Engine/Shaders/Private/CubemapCommon.ush" 1996
"../../../Engine/Shaders/Private/VectorFieldCompositeShaders.usf" 1997
"../../../Engine/Shaders/Private/UpdateTextureShaders.usf" 1998
"../../../Engine/Shaders/Private/StereoLayerShader.usf" 1999
"../../../Engine/Shaders/Private/SparseVolumeTexture/UpdateSparseVolumeTexture.usf" 2000
"../../../Engine/Shaders/Private/MorphTargets.usf" 2001
"../../../Engine/Shaders/Private/SimpleElementColorChannelMaskPixelShader.usf" 2002
"../../../Engine/Shaders/Private/SimpleElementHitProxyPixelShader.usf" 2003
"../../../Engine/Shaders/Private/SimpleElementPixelShader.usf" 2004
"../../../Engine/Shaders/Private/IESLightProfilesCommon.ush" 2005
"../../../Engine/Shaders/Private/SimpleElementVertexShader.usf" 2006
"../../../Engine/Shaders/Private/ScreenPixelShaderOES.usf" 2007
"../../../Engine/Shaders/Private/ScreenVertexShader.usf" 2008
"../../../Engine/Shaders/Private/ScreenPixelShader.usf" 2009
"../../../Engine/Shaders/Private/SSProfilePreIntegratedMobile.usf" 2010
"../../../Engine/Shaders/Private/SpecularProfile.usf" 2011
"../../../Engine/Shaders/Private/Nanite/NaniteStreaming.usf" 2012
"../../../Engine/Shaders/Private/Nanite/NaniteStreaming.ush" 2013
"../../../Engine/Shaders/Private/Nanite/NaniteTranscode.usf" 2014
"../../../Engine/Shaders/Private/VolumetricLightmapStreaming.usf" 2015
"../../../Engine/Shaders/Private/PhysicsFieldReset.usf" 2016
"../../../Engine/Shaders/Private/PhysicsFieldBuilder.usf" 2017
"../../../Engine/Shaders/Private/PhysicsFieldEval.ush" 2018
"../../../Engine/Shaders/Private/ParticleSortKeyGen.usf" 2019
"../../../Engine/Shaders/Private/ParticleBoundsShader.usf" 2020
"../../../Engine/Shaders/Private/ParticleSimVisualizeShader.usf" 2021
"../../../Engine/Shaders/Private/ParticleInjectionShader.usf" 2022
"../../../Engine/Shaders/Private/ParticleSimulationShader.usf" 2023
"../../../Engine/Shaders/Private/ParticleCurveInjectionShader.usf" 2024
"../../../Engine/Shaders/Private/CopyUIntBuffer.usf" 2025
"../../../Engine/Shaders/Private/RadixSortShaders.usf" 2026
"../../../Engine/Shaders/Private/RecomputeTangentsPerVertexPass.usf" 2027
"../../../Engine/Shaders/Private/RecomputeTangentsCommon.ush" 2028
"../../../Engine/Shaders/Private/RecomputeTangentsPerTrianglePass.usf" 2029
"../../../Engine/Shaders/Private/GpuSkinCacheComputeShader.usf" 2030
"../../../Engine/Shaders/Private/HeightFieldAtlasManagement.usf" 2031
"../../../Engine/Shaders/Private/LandscapePhysicalMaterial.usf" 2032
"../../../Engine/Shaders/Private/MaterialTemplate.ush" 2033
"../../../Engine/Shaders/Private/WorldSpaceMath.ush" 2034
"../../../Engine/Shaders/Private/EyeAdaptationCommon.ush" 2035
"../../../Engine/Shaders/Private/SobolRandom.ush" 2036
"../../../Engine/Shaders/Private/DepthOfFieldCommon.ush" 2037
"../../../Engine/Shaders/Private/CircleDOFCommon.ush" 2038
"../../../Engine/Shaders/Private/PhysicsFieldSampler.ush" 2039
"../../../Engine/Shaders/Private/PhysicsFieldShared.ush" 2040
"../../../Engine/Shaders/Private/HairShadingCommon.ush" 2041
"../../../Engine/Shaders/Private/HairStrands/HairCardsAttributeCommon.ush" 2042
"../../../Engine/Shaders/Shared/HairStrandsDefinitions.h" 2043
"../../../Engine/Shaders/Private/HairStrands/HairStrandsVertexFactoryCommon.ush" 2044
"../../../Engine/Shaders/Private/HairStrands/HairStrandsPack.ush" 2045
"../../../Engine/Shaders/Private/HairStrands/HairStrandsAttributeCommon.ush" 2046
"../../../Engine/Shaders/Private/HairStrands/HairStrandsAttributeTemplate.ush" 2047
"../../../Engine/Shaders/Shared/EnvironmentComponentsFlags.h" 2048
"../../../Engine/Shaders/Private/SpeedTreeCommon.ush" 2049
"../../../Engine/Shaders/Private/VirtualTextureCommon.ush" 2050
"../../../Engine/Shaders/Private/MaterialTexture.ush" 2051
"../../../Engine/Shaders/Private/MinMaterialTexCoords.ush" 2052
"../../../Engine/Shaders/Private/SkyAtmosphereCommon.ush" 2053
"../../../Engine/Shaders/Private/SingleLayerWaterCommon.ush" 2054
"../../../Engine/Shaders/Private/TextureSampling.ush" 2055
"../../../Engine/Shaders/Private/PaniniProjection.ush" 2056
"../../../Engine/Shaders/Private/DBufferNormalReprojection.ush" 2057
"../../../Engine/Shaders/Private/Substrate/SubstrateTree.ush" 2058
"../../../Engine/Shaders/Private/Substrate/SubstrateEvaluation.ush" 2059
"../../../Engine/Shaders/Private/Substrate/Glint/GlintThirdParty.ush" 2060
"../../../Engine/Shaders/Private/BlueNoise.ush" 2061
"../../../Engine/Shaders/Private/ShadingModels.ush" 2062
"../../../Engine/Shaders/Private/CapsuleLight.ush" 2063
"../../../Engine/Shaders/Private/RectLight.ush" 2064
"../../../Engine/Shaders/Private/LightData.ush" 2065
"../../../Engine/Shaders/Shared/LightDefinitions.h" 2066
"../../../Engine/Shaders/Private/AreaLightCommon.ush" 2067
"../../../Engine/Shaders/Private/HairBsdf.ush" 2068
"../../../Engine/Shaders/Private/MobileGGX.ush" 2069
"../../../Engine/Shaders/Private/ShadingModelsSampling.ush" 2070
"../../../Engine/Shaders/Private/HairStrands/HairBsdfSample.ush" 2071
"../../../Engine/Shaders/Private/HairStrands/HairStrandsCommon.ush" 2072
"../../../Engine/Shaders/Private/HairStrands/HairStrandsDeepTransmittanceCommon.ush" 2073
"../../../Engine/Shaders/Private/HairStrands/HairStrandsDeepTransmittanceDualScattering.ush" 2074
"../../../Engine/Shaders/Private/HairStrands/HairStrandsEnvironmentLightingCommon.ush" 2075
"../../../Engine/Shaders/Private/Substrate/SubstrateLegacyConversion.ush" 2076
"../../../Engine/Shaders/Private/DBufferDecalShared.ush" 2077
"../../../Engine/Shaders/Private/LandscapeGrassWeight.usf" 2078
"../../../Engine/Shaders/Private/Landscape/LandscapeLayersWeightmapsPS.usf" 2079
"../../../Engine/Shaders/Private/Landscape/LandscapeLayersHeightmapsPS.usf" 2080
"../../../Engine/Shaders/Private/Landscape/LandscapeCommon.ush" 2081
"../../../Engine/Shaders/Private/LandscapeLayersCS.usf" 2082
"../../../Engine/Shaders/Private/LandscapeLayersPS.usf" 2083
"../../../Engine/Shaders/Private/LandscapeLayersVS.usf" 2084
"../../../Engine/Shaders/Private/Landscape/LandscapeCulling.usf" 2085
"../../../Engine/Shaders/Private/Nanite/NaniteHZBCull.ush" 2086
"../../../Engine/Shaders/Private/Landscape/LandscapeMergeTexturesPS.usf" 2087
"../../../Engine/Shaders/Private/WideCustomResolveShaders.usf" 2088
"../../../Engine/Shaders/Private/WideCustomResolve_Wide.ush" 2089
"../../../Engine/Shaders/Private/WideCustomResolve_Wider.ush" 2090
"../../../Engine/Shaders/Private/WideCustomResolve_Widest.ush" 2091
"../../../Engine/Shaders/Private/WaterInfoTextureBlur.usf" 2092
"../../../Engine/Shaders/Private/WaterInfoTextureMerge.usf" 2093
"../../../Engine/Shaders/Private/PageTableUpdate.usf" 2094
"../../../Engine/Shaders/Private/VirtualTextureCompress.usf" 2095
"../../../Engine/Shaders/Private/BlockCompressionCommon.ush" 2096
"../../../Engine/Shaders/Private/BCCompressionCommon.ush" 2097
"../../../Engine/Shaders/Private/ETCCompressionCommon.ush" 2098
"../../../Engine/Shaders/Private/VirtualTextureMaterial.usf" 2099
"../../../Engine/Shaders/Private/PixelShaderOutputCommon.ush" 2100
"../../../Engine/Shaders/Private/ShaderOutputCommon.ush" 2101
"../../../Engine/Shaders/Private/VolumetricRenderTarget.usf" 2102
"../../../Engine/Shaders/Private/VolumetricFogVoxelization.usf" 2103
"../../../Engine/Shaders/Private/VolumetricCloudMaterialPixelCommon.ush" 2104
"../../../Engine/Shaders/Private/VolumetricFogLightFunction.usf" 2105
"../../../Engine/Shaders/Private/LightFunctionCommon.ush" 2106
"../../../Engine/Shaders/Private/VolumetricFog.usf" 2107
"../../../Engine/Shaders/Private/DeferredLightingCommon.ush" 2108
"../../../Engine/Shaders/Private/DynamicLightingCommon.ush" 2109
"../../../Engine/Shaders/Private/CapsuleLightIntegrate.ush" 2110
"../../../Engine/Shaders/Private/CapsuleLightSampling.ush" 2111
"../../../Engine/Shaders/Private/RectLightIntegrate.ush" 2112
"../../../Engine/Shaders/Private/ScreenSpaceShadowRayCast.ush" 2113
"../../../Engine/Shaders/Private/LightFunctionAtlas/LightFunctionAtlasCommon.usf" 2114
"../../../Engine/Shaders/Private/HeterogeneousVolumes/HeterogeneousVolumesAdaptiveVolumetricShadowMapSampling.ush" 2115
"../../../Engine/Shaders/Private/HeterogeneousVolumes/HeterogeneousVolumesAdaptiveVolumetricShadowMapUtils.ush" 2116
"../../../Engine/Shaders/Private/HeterogeneousVolumes/HeterogeneousVolumesRayMarchingUtils.ush" 2117
"../../../Engine/Shaders/Private/HeterogeneousVolumes/HeterogeneousVolumesRayMarchingTypes.ush" 2118
"../../../Engine/Shaders/Private/PathTracing/Utilities/PathTracingRandomSequence.ush" 2119
"../../../Engine/Shaders/Private/HeterogeneousVolumes/HeterogeneousVolumesTracingUtils.ush" 2120
"../../../Engine/Shaders/Private/VelocityCommon.ush" 2121
"../../../Engine/Shaders/Private/HeterogeneousVolumes/HeterogeneousVolumesTransmittanceVolumeUtils.ush" 2122
"../../../Engine/Shaders/Private/ForwardShadowingCommon.ush" 2123
"../../../Engine/Shaders/Private/ShadowFilteringCommon.ush" 2124
"../../../Engine/Shaders/Private/PixelQuadMessagePassing.ush" 2125
"../../../Engine/Shaders/Private/VolumeLightingCommon.ush" 2126
"../../../Engine/Shaders/Private/VolumeLightingCommonSampling.ush" 2127
"../../../Engine/Shaders/Private/Lumen/LumenTranslucencyVolumeShared.ush" 2128
"../../../Engine/Shaders/Private/Lumen/LumenRadianceCacheInterpolation.ush" 2129
"../../../Engine/Shaders/Private/HeightFogCommon.ush" 2130
"../../../Engine/Shaders/Private/LightGridCommon.ush" 2131
"../../../Engine/Shaders/Private/DistanceFieldAOShared.ush" 2132
"../../../Engine/Shaders/Private/VolumetricLightmapShared.ush" 2133
"../../../Engine/Shaders/Private/ReflectionEnvironmentShared.ush" 2134
"../../../Engine/Shaders/Private/LightDataUniforms.ush" 2135
"../../../Engine/Shaders/Private/VirtualShadowMaps/VirtualShadowMapProjectionCommon.ush" 2136
"../../../Engine/Shaders/Private/VirtualShadowMaps/VirtualShadowMapPageAccessCommon.ush" 2137
"../../../Engine/Shaders/Shared/VirtualShadowMapDefinitions.h" 2138
"../../../Engine/Shaders/Private/VirtualShadowMaps/VirtualShadowMapProjectionStructs.ush" 2139
"../../../Engine/Shaders/Private/LocalFogVolumes/LocalFogVolumeCommon.ush" 2140
"../../../Engine/Shaders/Private/VolumetricCloudCommon.ush" 2141
"../../../Engine/Shaders/Private/VolumetricCloud.usf" 2142
"../../../Engine/Shaders/Private/ColorMap.ush" 2143
"../../../Engine/Shaders/Private/VisualizeVolumetricLightmap.usf" 2144
"../../../Engine/Shaders/Private/VirtualShadowMaps/VirtualShadowMapProjectionComposite.usf" 2145
"../../../Engine/Shaders/Private/LightShaderParameters.ush" 2146
"../../../Engine/Shaders/Private/VirtualShadowMaps/VirtualShadowMapMaskBitsCommon.ush" 2147
"../../../Engine/Shaders/Private/VirtualShadowMaps/VirtualShadowMapLightGrid.ush" 2148
"../../../Engine/Shaders/Private/VirtualShadowMaps/VirtualShadowMapProjection.usf" 2149
"../../../Engine/Shaders/Private/HairStrands/HairStrandsVisibilityCommon.ush" 2150
"../../../Engine/Shaders/Private/Visualization.ush" 2151
"../../../Engine/Shaders/Private/VirtualShadowMaps/VirtualShadowMapProjectionFilter.ush" 2152
"../../../Engine/Shaders/Private/VirtualShadowMaps/VirtualShadowMapProjectionDirectional.ush" 2153
"../../../Engine/Shaders/Private/VirtualShadowMaps/VirtualShadowMapSMRTCommon.ush" 2154
"../../../Engine/Shaders/Private/VirtualShadowMaps/VirtualShadowMapSMRTTemplate.ush" 2155
"../../../Engine/Shaders/Private/VirtualShadowMaps/VirtualShadowMapProjectionSpot.ush" 2156
"../../../Engine/Shaders/Private/VirtualShadowMaps/VirtualShadowMapTransmissionCommon.ush" 2157
"../../../Engine/Shaders/Private/HairStrands/HairStrandsVoxelPageCommon.ush" 2158
"../../../Engine/Shaders/Private/HairStrands/HairStrandsVoxelPageTraversal.ush" 2159
"../../../Engine/Shaders/Private/VirtualShadowMaps/VirtualShadowMapCacheLoadBalancer.usf" 2160
"../../../Engine/Shaders/Private/VirtualShadowMaps/VirtualShadowMapPageCacheCommon.ush" 2161
"../../../Engine/Shaders/Private/VirtualShadowMaps/VirtualShadowMapCacheInvalidation.ush" 2162
"../../../Engine/Shaders/Private/VirtualShadowMaps/VirtualShadowMapPageOverlap.ush" 2163
"../../../Engine/Shaders/Private/ScreenSpaceDenoise/SSDDefinitions.ush" 2164
"../../../Engine/Shaders/Private/InstanceCulling/InstanceCullingLoadBalancer.ush" 2165
"../../../Engine/Shaders/Private/VirtualShadowMaps/VirtualShadowMapCopyStats.usf" 2166
"../../../Engine/Shaders/Private/VirtualShadowMaps/VirtualShadowMapStats.ush" 2167
"../../../Engine/Shaders/Private/VirtualShadowMaps/VirtualShadowMapPhysicalPageManagement.usf" 2168
"../../../Engine/Shaders/Private/ReductionCommon.ush" 2169
"../../../Engine/Shaders/Private/GPUMessaging.ush" 2170
"../../../Engine/Shaders/Private/ThreadGroupPrefixSum.ush" 2171
"../../../Engine/Shaders/Private/VirtualShadowMaps/VirtualShadowMapBuildPerPageDrawCommands.usf" 2172
"../../../Engine/Shaders/Private/Nanite/NaniteCullingCommon.ush" 2173
"../../../Engine/Shaders/Private/Nanite/NaniteCulling.ush" 2174
"../../../Engine/Shaders/Private/Nanite/NaniteHierarchyTraversalCommon.ush" 2175
"../../../Engine/Shaders/Private/InstanceCulling/InstanceCullingCommon.ush" 2176
"../../../Engine/Shaders/Private/VirtualShadowMaps/VirtualShadowMapPrintStats.usf" 2177
"../../../Engine/Shaders/Private/VirtualShadowMaps/VirtualShadowMapDebug.usf" 2178
"../../../Engine/Shaders/Private/VirtualShadowMaps/VirtualShadowMapPageManagement.usf" 2179
"../../../Engine/Shaders/Private/VirtualShadowMaps/VirtualShadowMapPageMarking.usf" 2180
"../../../Engine/Shaders/Shared/SingleLayerWaterDefinitions.h" 2181
"../../../Engine/Shaders/Private/HairStrands/HairStrandsTileCommon.ush" 2182
"../../../Engine/Shaders/Private/VariableRateShading/VRSShadingRatePreview.usf" 2183
"../../../Engine/Shaders/Private/VariableRateShading/VRSShadingRateCommon.ush" 2184
"../../../Engine/Shaders/Private/VariableRateShading/VRSShadingRateCombine.usf" 2185
"../../../Engine/Shaders/Private/VariableRateShading/VRSShadingRateFoveated.usf" 2186
"../../../Engine/Shaders/Private/VariableRateShading/VRSShadingRateReproject.usf" 2187
"../../../Engine/Shaders/Private/VariableRateShading/VRSShadingRateCalculate.usf" 2188
"../../../Engine/Shaders/Private/TranslucencyUpsampling.usf" 2189
"../../../Engine/Shaders/Private/ScreenPass.ush" 2190
"../../../Engine/Shaders/Private/ComposeSeparateTranslucency.usf" 2191
"../../../Engine/Shaders/Private/SeparateTranslucency.ush" 2192
"../../../Engine/Shaders/Private/TranslucentLightInjectionShaders.usf" 2193
"../../../Engine/Shaders/Private/TranslucentShadowDepthShaders.usf" 2194
"../../../Engine/Shaders/Private/ShadowDepthCommon.ush" 2195
"../../../Engine/Shaders/Private/RayTracing/RayTracingTest.usf" 2196
"../../../Engine/Shaders/Private/PostProcessSubsurfaceTile.usf" 2197
"../../../Engine/Shaders/Private/Substrate/SubstrateVisualize.usf" 2198
"../../../Engine/Shaders/Private/Substrate/SubstrateTile.ush" 2199
"../../../Engine/Shaders/Private/SkyLightingDiffuseShared.ush" 2200
"../../../Engine/Shaders/Private/SkyLightingShared.ush" 2201
"../../../Engine/Shaders/Private/ClearCoatCommon.ush" 2202
"../../../Engine/Shaders/Private/ReflectionEnvironmentComposite.ush" 2203
"../../../Engine/Shaders/Private/Substrate/SubstrateLightingCommon.ush" 2204
"../../../Engine/Shaders/Private/Substrate/SubstrateRoughRefraction.usf" 2205
"../../../Engine/Shaders/Private/PathTracing/Material/PathTracingFresnel.ush" 2206
"../../../Engine/Shaders/Private/PathTracing/Material/PathTracingGlossy.ush" 2207
"../../../Engine/Shaders/Private/Substrate/SubstrateTile.usf" 2208
"../../../Engine/Shaders/Private/Substrate/SubstrateMaterialClassification.usf" 2209
"../../../Engine/Shaders/Private/Substrate/SubstrateDBuffer.usf" 2210
"../../../Engine/Shaders/Private/SplineMeshSceneTexture.usf" 2211
"../../../Engine/Shaders/Private/SparseVolumeTexture/VisualizeSparseVolumeTexture.usf" 2212
"../../../Engine/Shaders/Private/SkyAtmosphere.usf" 2213
"../../../Engine/Shaders/Private/CopyDepthTexture.usf" 2214
"../../../Engine/Shaders/Private/SingleLayerWaterComposite.usf" 2215
"../../../Engine/Shaders/Private/ScreenSpaceShadows.usf" 2216
"../../../Engine/Shaders/Private/bend_sss_gpu.ush" 2217
"../../../Engine/Shaders/Private/ShadowFactorsUpsampleCommon.ush" 2218
"../../../Engine/Shaders/Private/ShadowProjectionVertexShader.usf" 2219
"../../../Engine/Shaders/Private/ShadowProjectionPixelShader.usf" 2220
"../../../Engine/Shaders/Private/ShadowPercentageCloserFiltering.ush" 2221
"../../../Engine/Shaders/Private/TransmissionThickness.ush" 2222
"../../../Engine/Shaders/Private/CopyShadowMaps.usf" 2223
"../../../Engine/Shaders/Private/ShadowDepthPixelShader.usf" 2224
"../../../Engine/Shaders/Private/ShadowDepthVertexShader.usf" 2225
"../../../Engine/Shaders/Private/ShadingEnergyConservationTable.usf" 2226
"../../../Engine/Shaders/Shared/PathTracingDefinitions.h" 2227
"../../../Engine/Shaders/Private/ShadingFurnaceTest.usf" 2228
"../../../Engine/Shaders/Private/Substrate/SubstrateDeferredLighting.ush" 2229
"../../../Engine/Shaders/Private/ShaderPrintDraw.usf" 2230
"../../../Engine/Shaders/Private/ShaderPrintDrawPrimitive.usf" 2231
"../../../Engine/Shaders/Private/DefaultSSRTiles.usf" 2232
"../../../Engine/Shaders/Private/ScreenSpaceReflectionTileCommons.ush" 2233
"../../../Engine/Shaders/Private/SSRT/SSRTDiffuseIndirect.usf" 2234
"../../../Engine/Shaders/Private/SSRT/SSRTRayCast.ush" 2235
"../../../Engine/Shaders/Private/SSRT/SSRTTileClassificationBuffer.ush" 2236
"../../../Engine/Shaders/Private/SSRT/SSRTReflections.usf" 2237
"../../../Engine/Shaders/Private/ScreenSpaceDenoise/SSDPublic.ush" 2238
"../../../Engine/Shaders/Private/SSRT/SSRTTileClassification.usf" 2239
"../../../Engine/Shaders/Private/SSRT/SSRTPrevFrameReduction.usf" 2240
"../../../Engine/Shaders/Private/ScreenSpaceDenoise/SSDComposeHarmonics.usf" 2241
"../../../Engine/Shaders/Private/ScreenSpaceDenoise/SSDPublicHarmonics.ush" 2242
"../../../Engine/Shaders/Private/ScreenSpaceDenoise/SSDSignalFramework.ush" 2243
"../../../Engine/Shaders/Private/ScreenSpaceDenoise/SSDCommon.ush" 2244
"../../../Engine/Shaders/Private/SphericalGaussian.ush" 2245
"../../../Engine/Shaders/Public/WaveBroadcastIntrinsics.ush" 2246
"../../../Engine/Shaders/Private/ScreenSpaceDenoise/SSDMetadata.ush" 2247
"../../../Engine/Shaders/Private/ScreenSpaceDenoise/SSDSignalCore.ush" 2248
"../../../Engine/Shaders/Private/ScreenSpaceDenoise/DenoisingCommon.ush" 2249
"../../../Engine/Shaders/Private/ScreenSpaceDenoise/SSDSignalArray.ush" 2250
"../../../Engine/Shaders/Private/ScreenSpaceDenoise/SSDSignalBufferEncoding.ush" 2251
"../../../Engine/Shaders/Private/ScreenSpaceDenoise/SSDPublicBufferEncoding.ush" 2252
"../../../Engine/Shaders/Private/Lumen/LumenBufferEncoding.ush" 2253
"../../../Engine/Shaders/Private/ScreenSpaceDenoise/SSDTemporalAccumulation.usf" 2254
"../../../Engine/Shaders/Private/ScreenSpaceDenoise/SSDSpatialKernel.ush" 2255
"../../../Engine/Shaders/Private/ScreenSpaceDenoise/SSDSignalAccumulatorArray.ush" 2256
"../../../Engine/Shaders/Private/ScreenSpaceDenoise/SSDSignalAccumulator.ush" 2257
"../../../Engine/Shaders/Private/ScreenSpaceDenoise/SSDSignalCompression.ush" 2258
"../../../Engine/Shaders/Private/ScreenSpaceDenoise/SSDSpatialAccumulation.usf" 2259
"../../../Engine/Shaders/Private/ScreenSpaceDenoise/SSDInjest.usf" 2260
"../../../Engine/Shaders/Private/ScreenSpaceDenoise/SSDCompressMetadata.usf" 2261
"../../../Engine/Shaders/Private/DownsampleDepthPixelShader.usf" 2262
"../../../Engine/Shaders/Private/ScreenPass.usf" 2263
"../../../Engine/Shaders/Private/HZB.usf" 2264
"../../../Engine/Shaders/Private/OcclusionFeedbackShaders.usf" 2265
"../../../Engine/Shaders/Private/HZBOcclusion.usf" 2266
"../../../Engine/Shaders/Private/OcclusionQueryPixelShader.usf" 2267
"../../../Engine/Shaders/Private/OcclusionQueryVertexShader.usf" 2268
"../../../Engine/Shaders/Private/HitProxyPixelShader.usf" 2269
"../../../Engine/Shaders/Private/HitProxyVertexShader.usf" 2270
"../../../Engine/Shaders/Private/SceneCulling/SceneCullingDebugRender.usf" 2271
"../../../Engine/Shaders/Private/SceneCulling/SceneCulling.ush" 2272
"../../../Engine/Shaders/Shared/SceneCullingDefinitions.h" 2273
"../../../Engine/Shaders/Private/SceneCulling/SceneCullingBuildExplicitBounds.usf" 2274
"../../../Engine/Shaders/Private/SceneCapturePixelShader.usf" 2275
"../../../Engine/Shaders/Private/RTWriteMaskDecode.usf" 2276
"../../../Engine/Shaders/Private/ReflectionEnvironmentShaders.usf" 2277
"../../../Engine/Shaders/Private/RectLightAtlas.usf" 2278
"../../../Engine/Shaders/Private/RayTracing/TraceRayInlineStatistics.usf" 2279
"../../../Engine/Shaders/Private/RayTracing/CompositeSkyLightPS.usf" 2280
"../../../Engine/Shaders/Private/RayTracing/GenerateSkyLightVisibilityRaysCS.usf" 2281
"../../../Engine/Shaders/Private/RayTracing/RayTracingSkyLightCommon.ush" 2282
"../../../Engine/Shaders/Private/RayTracing/SkyLightVisibilityRaysData.ush" 2283
"../../../Engine/Shaders/Private/Raytracing/RaytracingSkylightRGS.usf" 2284
"../../../Engine/Shaders/Private/HairStrands/HairStrandsRaytracing.ush" 2285
"../../../Engine/Shaders/Private/Raytracing/RayTracingSkyLightEvaluation.ush" 2286
"../../../Engine/Shaders/Private/Raytracing/RayTracingDeferredShadingCommon.ush" 2287
"../../../Engine/Shaders/Private/RayTracing/RayTracingOcclusionRGS.usf" 2288
"../../../Engine/Shaders/Private/RayTracing/RayTracingDirectionalLight.ush" 2289
"../../../Engine/Shaders/Private/RayTracing/RayTracingRectLight.ush" 2290
"../../../Engine/Shaders/Private/RayTracing/RayTracingSphereLight.ush" 2291
"../../../Engine/Shaders/Private/RayTracing/RayTracingCapsuleLight.ush" 2292
"../../../Engine/Shaders/Private/RayTracing/RayTracingPrimaryRays.usf" 2293
"../../../Engine/Shaders/Shared/RayTracingTypes.h" 2294
"../../../Engine/Shaders/Private/RayTracing/RayTracingLightingCommon.ush" 2295
"../../../Engine/Shaders/Private/RayTracing/RayTracingLightCullingCommon.ush" 2296
"../../../Engine/Shaders/Private/RayTracing/RayTracingMaterialDefaultHitShaders.usf" 2297
"../../../Engine/Shaders/Private/RayTracing/RayTracingMaterialHitShaders.usf" 2298
"../../../Engine/Shaders/Private/RayTracing/RayTracingShaderUtils.ush" 2299
"../../../Engine/Shaders/Private/RayTracing/RayTracingCalcInterpolants.ush" 2300
"../../../Engine/Shaders/Private/LightmapCommon.ush" 2301
"../../../Engine/Shaders/Private/Lumen/LumenHardwareRayTracingPayloadCommon.ush" 2302
"../../../Engine/Shaders/Shared/LumenDefinitions.h" 2303
"../../../Engine/Shaders/Private/Substrate/SubstrateExport.ush" 2304
"../../../Engine/Shaders/Private/RayTracing/RayTracingLightingMS.usf" 2305
"../../../Engine/Shaders/Private/RayTracing/RayTracingLightFunctionCommon.ush" 2306
"../../../Engine/Shaders/Private/RayTracing/RayTracingBuildLightGrid.usf" 2307
"../../../Engine/Shaders/Private/Raytracing/RayTracingInstanceBufferUtil.usf" 2308
"../../../Engine/Shaders/Private/RayTracing/RayTracingDynamicMesh.usf" 2309
"../../../Engine/Shaders/Private/RayTracing/RayTracingDefaultDecalHitShader.usf" 2310
"../../../Engine/Shaders/Private/RayTracing/RayTracingDecalMaterialShader.usf" 2311
"../../../Engine/Shaders/Private/PathTracing/PathTracingShaderUtils.ush" 2312
"../../../Engine/Shaders/Private/PathTracing/PathTracingCommon.ush" 2313
"../../../Engine/Shaders/Private/PathTracing/Material/PathTracingMaterialCommon.ush" 2314
"../../../Engine/Shaders/Private/RayTracing/RayTracingBuildDecalGrid.usf" 2315
"../../../Engine/Shaders/Private/RayTracing/RayTracingDebugHitStatsUtils.usf" 2316
"../../../Engine/Shaders/Private/RayTracing/RayTracingDebugInstanceOverlap.usf" 2317
"../../../Engine/Shaders/Private/RayTracing/RayTracingDebugPicking.usf" 2318
"../../../Engine/Shaders/Private/RayTracing/RayTracingDebugUtils.ush" 2319
"../../../Engine/Shaders/Shared/RayTracingDebugTypes.h" 2320
"../../../Engine/Shaders/Private/RayTracing/RayTracingDebugTraversal.usf" 2321
"../../../Engine/Shaders/Private/RayTracing/RayTracingDeferredMaterials.ush" 2322
"../../../Engine/Shaders/Shared/ThirdParty/AMD/ags_shader_intrinsics_dx12.h" 2323
"../../../Engine/Shaders/Shared/RayTracingDebugDefinitions.h" 2324
"../../../Engine/Shaders/Private/RayTracing/RayTracingDebugHitStatsCHS.usf" 2325
"../../../Engine/Shaders/Private/RayTracing/RayTracingDebugHitStats.usf" 2326
"../../../Engine/Shaders/Private/RayTracing/RayTracingDebugMS.usf" 2327
"../../../Engine/Shaders/Private/RayTracing/RayTracingDebugCHS.usf" 2328
"../../../Engine/Shaders/Private/RayTracing/RayTracingDebug.usf" 2329
"../../../Engine/Shaders/Private/RayTracing/RayTracingBuiltInShaders.usf" 2330
"../../../Engine/Shaders/Private/RayTracing/RayTracingBarycentrics.usf" 2331
"../../../Engine/Shaders/Private/RayTracing/RayTracingAmbientOcclusionRGS.usf" 2332
"../../../Engine/Shaders/Private/VisualizeShadingModels.usf" 2333
"../../../Engine/Shaders/Private/PostProcessCommon.ush" 2334
"../../../Engine/Shaders/Private/MotionBlur/VisualizeMotionVectors.usf" 2335
"../../../Engine/Shaders/Private/TemporalSuperResolution/TSRVisualize.usf" 2336
"../../../Engine/Shaders/Private/TemporalSuperResolution/TSRCommon.ush" 2337
"../../../Engine/Shaders/Public/DualPixelVectorization.ush" 2338
"../../../Engine/Shaders/Private/TemporalSuperResolution/TSRResolveHistory.usf" 2339
"../../../Engine/Shaders/Private/TemporalSuperResolution/TSRConvolutionNetwork.ush" 2340
"../../../Engine/Shaders/Public/LaneVectorization.ush" 2341
"../../../Engine/Shaders/Private/TemporalSuperResolution/TSRUpdateHistory.usf" 2342
"../../../Engine/Shaders/Private/TemporalSuperResolution/TSRSpatialAntiAliasing.usf" 2343
"../../../Engine/Shaders/Private/TemporalSuperResolution/TSRRejectShading.usf" 2344
"../../../Engine/Shaders/Private/TemporalSuperResolution/TSRShadingAnalysis.ush" 2345
"../../../Engine/Shaders/Private/TemporalSuperResolution/TSRConvolutionNetworkPass.ush" 2346
"../../../Engine/Shaders/Private/TemporalSuperResolution/TSRDecimateHistory.usf" 2347
"../../../Engine/Shaders/Private/TemporalSuperResolution/TSRDilateVelocity.usf" 2348
"../../../Engine/Shaders/Private/MotionBlur/MotionBlurVelocityFlatten.ush" 2349
"../../../Engine/Shaders/Private/MotionBlur/MotionBlurCommon.ush" 2350
"../../../Engine/Shaders/Private/TemporalSuperResolution/TSRClearPrevTextures.usf" 2351
"../../../Engine/Shaders/Private/TemporalSuperResolution/TSRMeasureFlickeringLuma.usf" 2352
"../../../Engine/Shaders/Private/TemporalAA.usf" 2353
"../../../Engine/Shaders/Private/FilterPixelShader.usf" 2354
"../../../Engine/Shaders/Private/FilterVertexShader.usf" 2355
"../../../Engine/Shaders/Private/PostProcessVisualizeBuffer.usf" 2356
"../../../Engine/Shaders/Private/PostProcessVisualizeLocalExposure.usf" 2357
"../../../Engine/Shaders/Private/PostProcessHistogramCommon.ush" 2358
"../../../Engine/Shaders/Private/PostProcessVisualizeLevelInstance.usf" 2359
"../../../Engine/Shaders/Private/PostProcessVisualizeHDR.usf" 2360
"../../../Engine/Shaders/Private/ShaderComplexityApplyPixelShader.usf" 2361
"../../../Engine/Shaders/Private/QuadOverdraw.ush" 2362
"../../../Engine/Shaders/Private/PostProcessUpscale.usf" 2363
"../../../Engine/Shaders/Private/PostProcessTonemap.usf" 2364
"../../../Engine/Shaders/Private/PostProcessing/FilmGrainPackConstants.usf" 2365
"../../../Engine/Shaders/Private/PostProcessing/FilmGrainReduce.usf" 2366
"../../../Engine/Shaders/Private/PostProcessTestImage.usf" 2367
"../../../Engine/Shaders/Private/PostProcessSubsurface.usf" 2368
"../../../Engine/Shaders/Private/SeparableSSS.ush" 2369
"../../../Engine/Shaders/Private/SubsurfaceBurleyNormalized.ush" 2370
"../../../Engine/Shaders/Private/PostProcessSelectionOutline.usf" 2371
"../../../Engine/Shaders/Private/PostProcessPixelProjectedReflectionMobile.usf" 2372
"../../../Engine/Shaders/Private/MotionBlur/MotionBlurVisualize.usf" 2373
"../../../Engine/Shaders/Private/MotionBlur/MotionBlurApply.usf" 2374
"../../../Engine/Shaders/Private/MotionBlur/MotionBlurFilterTileClassify.usf" 2375
"../../../Engine/Shaders/Private/MotionBlur/MotionBlurTileScatter.usf" 2376
"../../../Engine/Shaders/Private/MotionBlur/MotionBlurTileGather.usf" 2377
"../../../Engine/Shaders/Private/MotionBlur/MotionBlurVelocityFlatten.usf" 2378
"../../../Engine/Shaders/Private/PostProcessMobile.usf" 2379
"../../../Engine/Shaders/Private/PostProcessMitchellNetravali.usf" 2380
"../../../Engine/Shaders/Private/PostProcessMaterialShaders.usf" 2381
"../../../Engine/Shaders/Private/NeuralPostProcessCommon.usf" 2382
"../../../Engine/Shaders/Private/PostProcessLocalExposure.usf" 2383
"../../../Engine/Shaders/Private/PostProcessLensFlares.usf" 2384
"../../../Engine/Shaders/Private/PostProcessGBufferHints.usf" 2385
"../../../Engine/Shaders/Private/PostProcessHMD.usf" 2386
"../../../Engine/Shaders/Private/Histogram.usf" 2387
"../../../Engine/Shaders/Private/PostProcessHistogramReduce.usf" 2388
"../../../Engine/Shaders/Private/PostProcessHistogram.usf" 2389
"../../../Engine/Shaders/Private/Bloom/BloomFinalizeApplyConstants.usf" 2390
"../../../Engine/Shaders/Private/Bloom/BloomCommon.ush" 2391
"../../../Engine/Shaders/Private/Bloom/BloomResizeKernel.usf" 2392
"../../../Engine/Shaders/Private/Bloom/BloomDownsampleKernel.usf" 2393
"../../../Engine/Shaders/Private/Bloom/BloomClampKernel.usf" 2394
"../../../Engine/Shaders/Private/Bloom/BloomPackKernelConstants.usf" 2395
"../../../Engine/Shaders/Private/Bloom/BloomSumScatterDispersionEnergy.usf" 2396
"../../../Engine/Shaders/Private/Bloom/BloomReduceKernelSurvey.usf" 2397
"../../../Engine/Shaders/Private/Bloom/BloomSurveyKernelCenterEnergy.usf" 2398
"../../../Engine/Shaders/Private/Bloom/BloomSurveyMaxScatterDispersion.usf" 2399
"../../../Engine/Shaders/Private/Bloom/BloomFindKernelCenter.usf" 2400
"../../../Engine/Shaders/Private/PostProcessEyeAdaptation.usf" 2401
"../../../Engine/Shaders/Private/TranslucencyVolumeCommon.ush" 2402
"../../../Engine/Shaders/Private/PostProcessDownsample.usf" 2403
"../../../Engine/Shaders/Private/PostProcessDOF.usf" 2404
"../../../Engine/Shaders/Private/PostProcessDeviceEncodingOnly.usf" 2405
"../../../Engine/Shaders/Private/PostProcessCompositePrimitives.usf" 2406
"../../../Engine/Shaders/Private/PostProcessCombineLUTs.usf" 2407
"../../../Engine/Shaders/Private/PostProcessVisualizeDOF.usf" 2408
"../../../Engine/Shaders/Private/PostProcessBloom.usf" 2409
"../../../Engine/Shaders/Private/PostProcessAmbientOcclusionMobile.usf" 2410
"../../../Engine/Shaders/Private/PostProcessAmbientOcclusionCommon.ush" 2411
"../../../Engine/Shaders/Private/FXAAShader.usf" 2412
"../../../Engine/Shaders/Private/Fxaa3_11.ush" 2413
"../../../Engine/Shaders/Private/DiaphragmDOF/DOFRecombine.usf" 2414
"../../../Engine/Shaders/Private/DiaphragmDOF/DOFCommon.ush" 2415
"../../../Engine/Shaders/Private/DiaphragmDOF/DOFHybridScatterPixelShader.usf" 2416
"../../../Engine/Shaders/Private/DiaphragmDOF/DOFHybridScatterCommon.ush" 2417
"../../../Engine/Shaders/Private/DiaphragmDOF/DOFHybridScatterVertexShader.usf" 2418
"../../../Engine/Shaders/Private/DiaphragmDOF/DOFPostfiltering.usf" 2419
"../../../Engine/Shaders/Private/DiaphragmDOF/DOFGatherTileSuggest.ush" 2420
"../../../Engine/Shaders/Private/DiaphragmDOF/DOFCocTileCommon.ush" 2421
"../../../Engine/Shaders/Private/DiaphragmDOF/DOFGatherPass.usf" 2422
"../../../Engine/Shaders/Private/DiaphragmDOF/DOFGatherCommon.ush" 2423
"../../../Engine/Shaders/Private/DiaphragmDOF/DOFGatherAccumulator.ush" 2424
"../../../Engine/Shaders/Private/DiaphragmDOF/DOFGatherKernel.ush" 2425
"../../../Engine/Shaders/Private/DiaphragmDOF/DOFBokehLUT.usf" 2426
"../../../Engine/Shaders/Private/DiaphragmDOF/DOFHybridScatterCompilation.usf" 2427
"../../../Engine/Shaders/Private/DiaphragmDOF/DOFReduce.usf" 2428
"../../../Engine/Shaders/Private/DiaphragmDOF/DOFDownsample.ush" 2429
"../../../Engine/Shaders/Private/DiaphragmDOF/DOFHybridScatterCompilation.ush" 2430
"../../../Engine/Shaders/Private/DiaphragmDOF/DOFDownsample.usf" 2431
"../../../Engine/Shaders/Private/DiaphragmDOF/DOFCocTileDilate.usf" 2432
"../../../Engine/Shaders/Private/DiaphragmDOF/DOFCocTileFlatten.usf" 2433
"../../../Engine/Shaders/Private/DiaphragmDOF/DOFSetup.usf" 2434
"../../../Engine/Shaders/Private/Tools/DebugAlphaChannel.usf" 2435
"../../../Engine/Shaders/Private/PlanarReflectionShaders.usf" 2436
"../../../Engine/Shaders/Private/PlanarReflectionShared.ush" 2437
"../../../Engine/Shaders/Private/PhysicsFieldVisualizer.usf" 2438
"../../../Engine/Shaders/Private/PathTracing/PathTracingSpatialTemporalDenoising.usf" 2439
"../../../Engine/Shaders/Private/ColorDifference.ush" 2440
"../../../Engine/Shaders/Private/PathTracing/PathTracingCompositingPixelShader.usf" 2441
"../../../Engine/Shaders/Private/PathTracing/PathTracingAdaptiveUtils.ush" 2442
"../../../Engine/Shaders/Private/PathTracing/PathTracingDefaultHitShader.usf" 2443
"../../../Engine/Shaders/Private/PathTracing/PathTracingGPULightmassMaterialHitShader.usf" 2444
"../../../Engine/Shaders/Private/PathTracing/PathTracingMaterialHitShader.usf" 2445
"../../../Engine/Shaders/Private/PathTracing/PathTracingLightingMissShader.usf" 2446
"../../../Engine/Shaders/Private/PathTracing/PathTracingMissShader.usf" 2447
"../../../Engine/Shaders/Private/PathTracing/PathTracingAdaptiveStart.usf" 2448
"../../../Engine/Shaders/Private/PathTracing/PathTracingBuildAdaptiveError.usf" 2449
"../../../Engine/Shaders/Private/PathTracing/PathTracingBuildAtmosphereLUT.usf" 2450
"../../../Engine/Shaders/Private/PathTracing/Volume/PathTracingAtmosphereCommon.ush" 2451
"../../../Engine/Shaders/Private/PathTracing/PathTracingSwizzleScanlines.usf" 2452
"../../../Engine/Shaders/Private/PathTracing/PathTracingInitExtinctionCoefficient.usf" 2453
"../../../Engine/Shaders/Private/PathTracing/PathTracing.usf" 2454
"../../../Engine/Shaders/Private/PathTracing/PathTracingCore.ush" 2455
"../../../Engine/Shaders/Private/HeterogeneousVolumes/HeterogeneousVolumesVoxelGridTypes.ush" 2456
"../../../Engine/Shaders/Private/RayTracing/RayTracingDecalGrid.ush" 2457
"../../../Engine/Shaders/Private/PathTracing/Utilities/PathTracingRIS.ush" 2458
"../../../Engine/Shaders/Private/PathTracing/Light/PathTracingLightSampling.ush" 2459
"../../../Engine/Shaders/Private/PathTracing/Light/PathTracingLightCommon.ush" 2460
"../../../Engine/Shaders/Private/PathTracing/Light/PathTracingDirectionalLight.ush" 2461
"../../../Engine/Shaders/Private/PathTracing/Light/PathTracingPointLight.ush" 2462
"../../../Engine/Shaders/Private/PathTracing/Light/PathTracingCapsuleLight.ush" 2463
"../../../Engine/Shaders/Private/PathTracing/Light/PathTracingRectLight.ush" 2464
"../../../Engine/Shaders/Private/PathTracing/Light/PathTracingSkyLight.ush" 2465
"../../../Engine/Shaders/Private/PathTracing/Light/PathTracingLightGrid.ush" 2466
"../../../Engine/Shaders/Private/PathTracing/Material/PathTracingMaterialSampling.ush" 2467
"../../../Engine/Shaders/Private/PathTracing/Material/PathTracingLambert.ush" 2468
"../../../Engine/Shaders/Private/PathTracing/Material/PathTracingSubstrate.ush" 2469
"../../../Engine/Shaders/Private/PathTracing/Material/PathTracingSubstrateCommon.ush" 2470
"../../../Engine/Shaders/Private/PathTracing/Material/PathTracingSubstrateSolidGlass.ush" 2471
"../../../Engine/Shaders/Private/PathTracing/Material/PathTracingSubstrateThinGlass.ush" 2472
"../../../Engine/Shaders/Private/PathTracing/Material/PathTracingSolidGlass.ush" 2473
"../../../Engine/Shaders/Private/PathTracing/Material/PathTracingEnergyConservation.ush" 2474
"../../../Engine/Shaders/Private/PathTracing/Material/PathTracingThinGlass.ush" 2475
"../../../Engine/Shaders/Private/PathTracing/Material/PathTracingDefaultLit.ush" 2476
"../../../Engine/Shaders/Private/PathTracing/Material/PathTracingClearCoat.ush" 2477
"../../../Engine/Shaders/Private/PathTracing/Material/PathTracingTwoSidedFoliage.ush" 2478
"../../../Engine/Shaders/Private/PathTracing/Material/PathTracingCloth.ush" 2479
"../../../Engine/Shaders/Private/PathTracing/Material/PathTracingSubsurfaceProfile.ush" 2480
"../../../Engine/Shaders/Private/PathTracing/Material/PathTracingEye.ush" 2481
"../../../Engine/Shaders/Private/PathTracing/Material/PathTracingHair.ush" 2482
"../../../Engine/Shaders/Private/PathTracing/Material/PathTracingMedium.ush" 2483
"../../../Engine/Shaders/Private/PathTracing/Volume/PathTracingVolume.ush" 2484
"../../../Engine/Shaders/Private/PathTracing/Volume/PathTracingVolumeCommon.ush" 2485
"../../../Engine/Shaders/Private/PathTracing/Volume/PathTracingAtmosphere.ush" 2486
"../../../Engine/Shaders/Private/PathTracing/Volume/PathTracingFog.ush" 2487
"../../../Engine/Shaders/Private/PathTracing/Volume/PathTracingHeterogeneousVolumes.ush" 2488
"../../../Engine/Shaders/Private/HeterogeneousVolumes/HeterogeneousVolumesVoxelGridTraversal.ush" 2489
"../../../Engine/Shaders/Private/HeterogeneousVolumes/HeterogeneousVolumesVoxelGridUtils.ush" 2490
"../../../Engine/Shaders/Private/HeterogeneousVolumes/HeterogeneousVolumesFrustumVoxelGridUtils.ush" 2491
"../../../Engine/Shaders/Private/PathTracing/Volume/PathTracingVolumeSampling.ush" 2492
"../../../Engine/Shaders/Private/PathTracing/PathTracingBuildLightGrid.usf" 2493
"../../../Engine/Shaders/Private/PathTracing/PathTracingSkylightMISCompensation.usf" 2494
"../../../Engine/Shaders/Private/PathTracing/PathTracingSkylightPrepare.usf" 2495
"../../../Engine/Shaders/Private/OIT/OITSorting.usf" 2496
"../../../Engine/Shaders/Private/OITCombine.usf" 2497
"../../../Engine/Shaders/Private/OITCommon.ush" 2498
"../../../Engine/Shaders/Private/Nanite/Voxel/RasterizeBricks.usf" 2499
"../../../Engine/Shaders/Private/Nanite/Voxel/Brick.ush" 2500
"../../../Engine/Shaders/Private/Nanite/Voxel/Voxel.ush" 2501
"../../../Engine/Shaders/Private/Nanite/Voxel/ScatterBricks.usf" 2502
"../../../Engine/Shaders/Private/Nanite/Voxel/TileBricks.usf" 2503
"../../../Engine/Shaders/Private/Nanite/Voxel/AutoVoxel.usf" 2504
"../../../Engine/Shaders/Private/Nanite/NaniteDebugViews.usf" 2505
"../../../Engine/Shaders/Private/Nanite/NaniteDepthDecode.usf" 2506
"../../../Engine/Shaders/Private/HTileEncoding.ush" 2507
"../../../Engine/Shaders/Private/Nanite/NaniteVisualize.usf" 2508
"../../../Engine/Shaders/Private/Nanite/NaniteStreamOut.usf" 2509
"../../../Engine/Shaders/Private/Nanite/NaniteHierarchyTraversal.ush" 2510
"../../../Engine/Shaders/Private/Nanite/NaniteShadeBinning.usf" 2511
"../../../Engine/Shaders/Private/Nanite/NaniteShadeCommon.ush" 2512
"../../../Engine/Shaders/Private/Nanite/NaniteFastClear.usf" 2513
"../../../Engine/Shaders/Private/Nanite/NaniteMaterialCulling.usf" 2514
"../../../Engine/Shaders/Private/Nanite/NaniteExportGBuffer.usf" 2515
"../../../Engine/Shaders/Private/Nanite/NaniteClusterCulling.usf" 2516
"../../../Engine/Shaders/Private/Nanite/NanitePrintStats.usf" 2517
"../../../Engine/Shaders/Private/Nanite/NaniteRasterizer.usf" 2518
"../../../Engine/Shaders/Private/Nanite/NaniteRasterizationCommon.ush" 2519
"../../../Engine/Shaders/Private/Nanite/NaniteRasterizer.ush" 2520
"../../../Engine/Shaders/Private/Nanite/NaniteWritePixel.ush" 2521
"../../../Engine/Shaders/Private/Nanite/NaniteTessellation.ush" 2522
"../../../Engine/Shaders/Private/WorkDistribution.ush" 2523
"../../../Engine/Shaders/Private/Nanite/NaniteDice.ush" 2524
"../../../Engine/Shaders/Private/Nanite/NaniteSplit.usf" 2525
"../../../Engine/Shaders/Private/Nanite/NaniteRasterBinning.usf" 2526
"../../../Engine/Shaders/Private/Nanite/NaniteInstanceCulling.usf" 2527
"../../../Engine/Shaders/Private/Nanite/NaniteImposter.ush" 2528
"../../../Engine/Shaders/Private/Nanite/NaniteInstanceHierarchyCulling.usf" 2529
"../../../Engine/Shaders/Private/Nanite/NanitePrimitiveFilter.usf" 2530
"../../../Engine/Shaders/Private/Nanite/NaniteRasterClear.usf" 2531
"../../../Engine/Shaders/Private/Nanite/NaniteDepthExport.usf" 2532
"../../../Engine/Shaders/Private/Nanite/NaniteEmitShadow.usf" 2533
"../../../Engine/Shaders/Private/MobileDeferredUtils.usf" 2534
"../../../Engine/Shaders/Private/MobileLocalLightsBuffer.usf" 2535
"../../../Engine/Shaders/Private/MobileLightingCommon.ush" 2536
"../../../Engine/Shaders/Private/MobileFog.usf" 2537
"../../../Engine/Shaders/Private/DistortApplyScreenPS.usf" 2538
"../../../Engine/Shaders/Private/MobileDeferredShading.usf" 2539
"../../../Engine/Shaders/Private/MobileBasePassPixelShader.usf" 2540
"../../../Engine/Shaders/Private/MobileBasePassCommon.ush" 2541
"../../../Engine/Shaders/Private/BasePassCommon.ush" 2542
"../../../Engine/Shaders/Private/ShadingModelsMaterial.ush" 2543
"../../../Engine/Shaders/Private/ThinTranslucentCommon.ush" 2544
"../../../Engine/Shaders/Private/SingleLayerWaterShading.ush" 2545
"../../../Engine/Shaders/Private/DistortionCommon.ush" 2546
"../../../Engine/Shaders/Private/Substrate/SubstrateMobileForwardLighting.ush" 2547
"../../../Engine/Shaders/Private/MobileBasePassVertexShader.usf" 2548
"../../../Engine/Shaders/Private/ManyLights/ManyLightsRayTracing.usf" 2549
"../../../Engine/Shaders/Private/DistanceField/GlobalDistanceFieldUtils.ush" 2550
"../../../Engine/Shaders/Private/Lumen/LumenScreenTracing.ush" 2551
"../../../Engine/Shaders/Private/Lumen/LumenMaterial.ush" 2552
"../../../Engine/Shaders/Private/Lumen/LumenPosition.ush" 2553
"../../../Engine/Shaders/Private/ManyLights/ManyLights.ush" 2554
"../../../Engine/Shaders/Private/ManyLights/ManyLightsRayTracing.ush" 2555
"../../../Engine/Shaders/Private/ManyLights/ManyLightsHardwareRayTracing.usf" 2556
"../../../Engine/Shaders/Private/Lumen/LumenHardwareRayTracingCommon.ush" 2557
"../../../Engine/Shaders/Private/RayTracing/RayTracingReflectionEnvironment.ush" 2558
"../../../Engine/Shaders/Private/Lumen/LumenHardwareRayTracingPlatformCommon.ush" 2559
"../../../Engine/Shaders/Private/Lumen/LumenReflectionsCombine.ush" 2560
"../../../Engine/Shaders/Private/Lumen/LumenTracingCommon.ush" 2561
"../../../Engine/Shaders/Private/Lumen/SurfaceCache/LumenSurfaceCacheSampling.ush" 2562
"../../../Engine/Shaders/Private/Lumen/SurfaceCache/LumenSurfaceCache.ush" 2563
"../../../Engine/Shaders/Private/Lumen/LumenCardCommon.ush" 2564
"../../../Engine/Shaders/Private/ManyLights/ManyLightsDenoiserSpatial.usf" 2565
"../../../Engine/Shaders/Private/ManyLights/ManyLightsDenoiserTemporal.usf" 2566
"../../../Engine/Shaders/Private/ManyLights/ManyLightsShading.usf" 2567
"../../../Engine/Shaders/Private/ManyLights/ManyLightsResolve.usf" 2568
"../../../Engine/Shaders/Private/ManyLights/ManyLights.usf" 2569
"../../../Engine/Shaders/Private/ManyLights/ManyLightsSampling.usf" 2570
"../../../Engine/Shaders/Private/Lumen/LumenVisualizeRadianceCache.usf" 2571
"../../../Engine/Shaders/Private/Lumen/LumenRadianceCacheCommon.ush" 2572
"../../../Engine/Shaders/Private/Lumen/LumenVisualizeHardwareRayTracing.usf" 2573
"../../../Engine/Shaders/Private/Lumen/LumenVisualize.ush" 2574
"../../../Engine/Shaders/Private/Lumen/LumenHairTracing.ush" 2575
"../../../Engine/Shaders/Private/Lumen/LumenVisualize.usf" 2576
"../../../Engine/Shaders/Private/Lumen/LumenSoftwareRayTracing.ush" 2577
"../../../Engine/Shaders/Private/DistanceField/GlobalDistanceFieldObjectGrid.ush" 2578
"../../../Engine/Shaders/Private/DistanceFieldLightingShared.ush" 2579
"../../../Engine/Shaders/Private/Lumen/LumenVisualizeTraces.ush" 2580
"../../../Engine/Shaders/Private/Lumen/LumenTranslucencyVolumeLighting.usf" 2581
"../../../Engine/Shaders/Private/Lumen/LumenRadianceCacheMarkCommon.ush" 2582
"../../../Engine/Shaders/Private/Lumen/LumenTranslucencyVolumeLightingShared.ush" 2583
"../../../Engine/Shaders/Private/Lumen/LumenScreenProbeCommon.ush" 2584
"../../../Engine/Shaders/Private/Lumen/LumenTranslucencyVolumeHardwareRayTracing.usf" 2585
"../../../Engine/Shaders/Private/Lumen/LumenTranslucencyRadianceCacheMarkShaders.usf" 2586
"../../../Engine/Shaders/Private/Lumen/SurfaceCache/LumenSurfaceCacheFeedback.usf" 2587
"../../../Engine/Shaders/Private/Lumen/SurfaceCache/LumenSurfaceCache.usf" 2588
"../../../Engine/Shaders/Private/Lumen/LumenShortRangeAOHardwareRayTracing.usf" 2589
"../../../Engine/Shaders/Private/Lumen/LumenScreenSpaceBentNormal.usf" 2590
"../../../Engine/Shaders/Private/Lumen/LumenScreenProbeTracing.usf" 2591
"../../../Engine/Shaders/Private/Lumen/LumenScreenProbeTracingCommon.ush" 2592
"../../../Engine/Shaders/Private/Lumen/LumenScreenProbeImportanceSampling.usf" 2593
"../../../Engine/Shaders/Private/Lumen/LumenScreenProbeImportanceSamplingShared.ush" 2594
"../../../Engine/Shaders/Private/Lumen/LumenScreenProbeHardwareRayTracing.usf" 2595
"../../../Engine/Shaders/Private/Lumen/LumenDenoising.usf" 2596
"../../../Engine/Shaders/Private/Lumen/LumenScreenProbeGather.usf" 2597
"../../../Engine/Shaders/Private/Lumen/LumenScreenSpaceBentNormal.ush" 2598
"../../../Engine/Shaders/Private/Lumen/LumenScreenProbeLightSampling.usf" 2599
"../../../Engine/Shaders/Private/Lumen/LumenScreenProbeFiltering.usf" 2600
"../../../Engine/Shaders/Private/Lumen/LumenSceneLighting.usf" 2601
"../../../Engine/Shaders/Private/Lumen/LumenCardTile.ush" 2602
"../../../Engine/Shaders/Private/Lumen/LumenSceneLighting.ush" 2603
"../../../Engine/Shaders/Private/Lumen/Radiosity/LumenRadiosity.ush" 2604
"../../../Engine/Shaders/Private/Lumen/LumenSceneLightingDebug.usf" 2605
"../../../Engine/Shaders/Private/Lumen/LumenScene.usf" 2606
"../../../Engine/Shaders/Private/Lumen/LumenSceneDirectLightingHardwareRayTracing.usf" 2607
"../../../Engine/Shaders/Private/Lumen/LumenReflectionCommon.ush" 2608
"../../../Engine/Shaders/Private/Lumen/LumenSceneDirectLighting.ush" 2609
"../../../Engine/Shaders/Private/Lumen/LumenSceneDirectLightingSoftwareRayTracing.usf" 2610
"../../../Engine/Shaders/Private/DistanceFieldShadowingShared.ush" 2611
"../../../Engine/Shaders/Private/Lumen/LumenSceneDirectLightingPerLightShadowCommon.ush" 2612
"../../../Engine/Shaders/Private/Lumen/LumenSceneDirectLightingShadowMask.usf" 2613
"../../../Engine/Shaders/Private/Lumen/LumenSceneDirectLighting.usf" 2614
"../../../Engine/Shaders/Private/Lumen/LumenSceneDirectLightingCulling.usf" 2615
"../../../Engine/Shaders/Private/Lumen/LumenCardComputeShader.usf" 2616
"../../../Engine/Shaders/Private/Lumen/LumenCardPixelShader.usf" 2617
"../../../Engine/Shaders/Private/Lumen/LumenCardVertexShader.usf" 2618
"../../../Engine/Shaders/Private/Lumen/LumenReSTIRGather.usf" 2619
"../../../Engine/Shaders/Private/Lumen/LumenReflectionTracing.usf" 2620
"../../../Engine/Shaders/Private/Lumen/LumenReflections.usf" 2621
"../../../Engine/Shaders/Private/Lumen/LumenReflectionHardwareRayTracing.usf" 2622
"../../../Engine/Shaders/Private/Lumen/Radiosity/LumenVisualizeRadiosityProbes.usf" 2623
"../../../Engine/Shaders/Private/Lumen/Radiosity/LumenRadiosity.usf" 2624
"../../../Engine/Shaders/Private/RayTracing/RayGenUtils.ush" 2625
"../../../Engine/Shaders/Private/Lumen/Radiosity/LumenRadiosityHardwareRayTracing.usf" 2626
"../../../Engine/Shaders/Private/Lumen/Radiosity/LumenRadiosityCulling.usf" 2627
"../../../Engine/Shaders/Private/Lumen/LumenRadianceCacheHardwareRayTracing.usf" 2628
"../../../Engine/Shaders/Private/Lumen/LumenRadianceCacheTracingCommon.ush" 2629
"../../../Engine/Shaders/Private/Lumen/LumenRadianceCache.usf" 2630
"../../../Engine/Shaders/Private/Lumen/LumenRadianceCacheUpdate.ush" 2631
"../../../Engine/Shaders/Private/Lumen/LumenRadianceCacheDebug.usf" 2632
"../../../Engine/Shaders/Private/Lumen/LumenRadianceCacheUpdate.usf" 2633
"../../../Engine/Shaders/Private/Lumen/LumenMeshSDFCulling.usf" 2634
"../../../Engine/Shaders/Private/HybridIndirectLighting.ush" 2635
"../../../Engine/Shaders/Private/MeshDistanceFieldCommon.ush" 2636
"../../../Engine/Shaders/Private/Lumen/LumenIrradianceFieldGather.usf" 2637
"../../../Engine/Shaders/Private/Lumen/LumenHardwareRayTracingMaterials.usf" 2638
"../../../Engine/Shaders/Private/Lumen/LumenFrontLayerTranslucency.usf" 2639
"../../../Engine/Shaders/Private/LocalFogVolumes/LocalFogVolumeSplat.usf" 2640
"../../../Engine/Shaders/Private/LocalFogVolumes/LocalFogVolumeTiledCulling.usf" 2641
"../../../Engine/Shaders/Private/LightShaftShader.usf" 2642
"../../../Engine/Shaders/Private/StationaryLightOverlapShaders.usf" 2643
"../../../Engine/Shaders/Private/DeferredLightPixelShaders.usf" 2644
"../../../Engine/Shaders/Private/HairStrands/HairStrandsVisibilityUtils.ush" 2645
"../../../Engine/Shaders/Private/DeferredLightVertexShaders.usf" 2646
"../../../Engine/Shaders/Private/LightMapDensityShader.usf" 2647
"../../../Engine/Shaders/Private/LightGridInjection.usf" 2648
"../../../Engine/Shaders/Private/LightFunctionPixelShader.usf" 2649
"../../../Engine/Shaders/Private/LightFunctionVertexShader.usf" 2650
"../../../Engine/Shaders/Private/LightFunctionAtlas/LightFunctionAtlasRender.usf" 2651
"../../../Engine/Shaders/Private/InstanceCulling/InstanceCullingOcclusionQuery.usf" 2652
"../../../Engine/Shaders/Private/InstanceCulling/BuildInstanceDrawCommands.usf" 2653
"../../../Engine/Shaders/Private/InstanceCulling/InstanceCompactionCommon.ush" 2654
"../../../Engine/Shaders/Private/SceneDataMobileWriter.ush" 2655
"../../../Engine/Shaders/Private/InstanceCulling/CompactVisibleInstances.usf" 2656
"../../../Engine/Shaders/Private/ReflectionEnvironmentPixelShader.usf" 2657
"../../../Engine/Shaders/Private/AmbientCubemapComposite.usf" 2658
"../../../Engine/Shaders/Private/DiffuseIndirectComposite.usf" 2659
"../../../Engine/Shaders/Private/IESAtlas.usf" 2660
"../../../Engine/Shaders/Private/HeterogeneousVolumes/HeterogeneousVolumesVoxelGridShadows.usf" 2661
"../../../Engine/Shaders/Private/HeterogeneousVolumes/HeterogeneousVolumesVoxelGridRenderingUtils.ush" 2662
"../../../Engine/Shaders/Private/HeterogeneousVolumes/HeterogeneousVolumesLightingUtils.ush" 2663
"../../../Engine/Shaders/Private/HeterogeneousVolumes/HeterogeneousVolumesVoxelGridRendering.usf" 2664
"../../../Engine/Shaders/Private/HeterogeneousVolumes/HeterogeneousVolumesVoxelGridPipeline.usf" 2665
"../../../Engine/Shaders/Private/HeterogeneousVolumes/HeterogeneousVolumesMaterialBakingPipeline.usf" 2666
"../../../Engine/Shaders/Private/HeterogeneousVolumes/HeterogeneousVolumesLiveShadingUtils.ush" 2667
"../../../Engine/Shaders/Private/HeterogeneousVolumes/HeterogeneousVolumesFrustumVoxelGrid.usf" 2668
"../../../Engine/Shaders/Private/HeterogeneousVolumes/HeterogeneousVolumesSparseVoxelPipeline.usf" 2669
"../../../Engine/Shaders/Private/HeterogeneousVolumes/HeterogeneousVolumesSparseVoxelUtils.ush" 2670
"../../../Engine/Shaders/Private/HeterogeneousVolumes/HeterogeneousVolumesSparseVoxelUniformBufferUtils.ush" 2671
"../../../Engine/Shaders/Private/HeterogeneousVolumes/HeterogeneousVolumesPreshadingPipeline.usf" 2672
"../../../Engine/Shaders/Private/HeterogeneousVolumes/HeterogeneousVolumesLiveShadingShadows.usf" 2673
"../../../Engine/Shaders/Private/HeterogeneousVolumes/HeterogeneousVolumesLiveShadingPipeline.usf" 2674
"../../../Engine/Shaders/Private/HeterogeneousVolumes/HeterogeneousVolumesHardwareRayTracing.usf" 2675
"../../../Engine/Shaders/Private/HeterogeneousVolumes/HeterogeneousVolumesComposite.usf" 2676
"../../../Engine/Shaders/Private/HdrCustomResolveShaders.usf" 2677
"../../../Engine/Shaders/Private/HairStrands/HairStrandsVoxelRasterCompute.usf" 2678
"../../../Engine/Shaders/Private/Matrices.ush" 2679
"../../../Engine/Shaders/Private/HairStrands/HairStrandsAABBCommon.ush" 2680
"../../../Engine/Shaders/Private/HairStrands/HairStrandsClusterCommon.ush" 2681
"../../../Engine/Shaders/Private/HairStrands/HairStrandsRaytracingGeometry.usf" 2682
"../../../Engine/Shaders/Private/HairStrands/HairStrandsHitProxy.usf" 2683
"../../../Engine/Shaders/Private/HairStrands/HairStrandsVisibilityRasterComputeNaive.usf" 2684
"../../../Engine/Shaders/Private/HairStrands/HairStrandsVisibilityRasterHW.usf" 2685
"../../../Engine/Shaders/Private/HairStrands/HairStrandsVisibilityRasterCompute.usf" 2686
"../../../Engine/Shaders/Private/HairStrands/HairStrandsVisibilityRasterClassification.usf" 2687
"../../../Engine/Shaders/Private/HairStrands/HairStrandsCoverage.usf" 2688
"../../../Engine/Shaders/Private/HairStrands/HairStrandsVisibilityDepthPS.usf" 2689
"../../../Engine/Shaders/Private/HairStrands/HairStrandsVisibilityTransmittanceDepthPS.usf" 2690
"../../../Engine/Shaders/Private/HairStrands/HairStrandsVisibilityFillOpaqueDepthPS.usf" 2691
"../../../Engine/Shaders/Private/HairStrands/HairStrandsVisibilityCompactionComputeRaster.usf" 2692
"../../../Engine/Shaders/Private/HairStrands/HairStrandsVisibilityCompaction.usf" 2693
"../../../Engine/Shaders/Private/HairStrands/HairStrandsVisibilityCopyIndirectArg.usf" 2694
"../../../Engine/Shaders/Private/HairStrands/HairStrandsVisibilityClearPS.usf" 2695
"../../../Engine/Shaders/Private/HairStrands/HairStrandsVisibilityPS.usf" 2696
"../../../Engine/Shaders/Private/HairStrands/HairStrandsVisibilityVS.usf" 2697
"../../../Engine/Shaders/Private/HairStrands/HairStrandsVelocity.usf" 2698
"../../../Engine/Shaders/Private/HairStrands/HairStrandsDebug.usf" 2699
"../../../Engine/Shaders/Private/HairStrands/HairStrandsBindingCommon.ush" 2700
"../../../Engine/Shaders/Private/HairStrands/HairStrandsDeepShadowCommon.ush" 2701
"../../../Engine/Shaders/Private/HairStrands/HairStrandsDebugCommonStruct.ush" 2702
"../../../Engine/Shaders/Private/HairStrands/HairStrandsVisibilityComputeSampleCoverage.usf" 2703
"../../../Engine/Shaders/Private/HairStrands/HairStrandsMaterialPS.usf" 2704
"../../../Engine/Shaders/Private/HairStrands/HairStrandsMaterialCommon.ush" 2705
"../../../Engine/Shaders/Private/HairStrands/HairStrandsMaterialVS.usf" 2706
"../../../Engine/Shaders/Private/HairStrands/HairStrandsLightSample.usf" 2707
"../../../Engine/Shaders/Private/HairStrands/HairStrandsMesh.usf" 2708
"../../../Engine/Shaders/Private/HairStrands/HairStrandsDeepShadowMask.usf" 2709
"../../../Engine/Shaders/Private/HairStrands/HairStrandsDeepTransmittanceMask.usf" 2710
"../../../Engine/Shaders/Private/HairStrands/HairStrandsVisibilityTile.usf" 2711
"../../../Engine/Shaders/Private/HairStrands/HairStrandsDeepShadowPS.usf" 2712
"../../../Engine/Shaders/Private/HairStrands/HairStrandsDeepShadowVS.usf" 2713
"../../../Engine/Shaders/Private/HairStrands/HairStrandsAABB.usf" 2714
"../../../Engine/Shaders/Private/HairStrands/HairStrandsLUT.usf" 2715
"../../../Engine/Shaders/Private/HairStrands/HairStrandsForwardRaster.usf" 2716
"../../../Engine/Shaders/Private/HairStrands/HairStrandsForwardCulling.usf" 2717
"../../../Engine/Shaders/Private/HairStrands/HairStrandsEnvironmentLighting.usf" 2718
"../../../Engine/Shaders/Private/HairStrands/HairStrandsEnvironmentAO.usf" 2719
"../../../Engine/Shaders/Private/HairStrands/HairStrandsDeepShadowAllocation.usf" 2720
"../../../Engine/Shaders/Private/HairStrands/HairStrandsVoxelDebug.usf" 2721
"../../../Engine/Shaders/Private/HairStrands/HairStrandsComposition.usf" 2722
"../../../Engine/Shaders/Private/HairStrands/HairStrandsGBufferCommon.ush" 2723
"../../../Engine/Shaders/Private/GPUScene/GPUSceneDataManagement.usf" 2724
"../../../Engine/Shaders/Private/GPUSceneDebugRender.usf" 2725
"../../../Engine/Shaders/Private/GPUFastFourierTransform.usf" 2726
"../../../Engine/Shaders/Private/GPUFastFourierTransform2DCore.ush" 2727
"../../../Engine/Shaders/Private/GPUFastFourierTransformCore.ush" 2728
"../../../Engine/Shaders/Private/GPUBenchmark.usf" 2729
"../../../Engine/Shaders/Private/DistanceField/GlobalDistanceFieldDebug.usf" 2730
"../../../Engine/Shaders/Private/DistanceField/GlobalDistanceFieldUpdate.ush" 2731
"../../../Engine/Shaders/Private/DistanceField/GlobalDistanceFieldMip.usf" 2732
"../../../Engine/Shaders/Private/DistanceField/GlobalDistanceField.usf" 2733
"../../../Engine/Shaders/Private/DistanceField/GlobalDistanceFieldCompositeObjects.usf" 2734
"../../../Engine/Shaders/Private/DistanceField/GlobalDistanceFieldHeightfields.usf" 2735
"../../../Engine/Shaders/Private/HeightfieldLightingShared.ush" 2736
"../../../Engine/Shaders/Private/GenerateConservativeDepth.usf" 2737
"../../../Engine/Shaders/Private/HeightFogPixelShader.usf" 2738
"../../../Engine/Shaders/Private/HeightFogVertexShader.usf" 2739
"../../../Engine/Shaders/Private/DistortFiltering.usf" 2740
"../../../Engine/Shaders/Private/DistortAccumulatePS.usf" 2741
"../../../Engine/Shaders/Private/DistortAccumulateVS.usf" 2742
"../../../Engine/Shaders/Private/DistanceFieldVisualization.usf" 2743
"../../../Engine/Shaders/Private/DistanceFieldStreaming.usf" 2744
"../../../Engine/Shaders/Private/DistanceFieldShadowing.usf" 2745
"../../../Engine/Shaders/Private/DistanceFieldScreenGridLighting.usf" 2746
"../../../Engine/Shaders/Private/DistanceFieldObjectCulling.usf" 2747
"../../../Engine/Shaders/Private/DistanceFieldLightingPost.usf" 2748
"../../../Engine/Shaders/Private/DitheredTransitionStencil.usf" 2749
"../../../Engine/Shaders/Private/CopyDepthTextureCS.usf" 2750
"../../../Engine/Shaders/Private/DeferredDecal.usf" 2751
"../../../Engine/Shaders/Private/DecalCommon.ush" 2752
"../../../Engine/Shaders/Private/DebugViewModeVertexShader.usf" 2753
"../../../Engine/Shaders/Private/DebugViewModeCommon.ush" 2754
"../../../Engine/Shaders/Private/DebugViewModePixelShader.usf" 2755
"../../../Engine/Shaders/Private/DebugProbes.usf" 2756
"../../../Engine/Shaders/Private/MeshDecals.usf" 2757
"../../../Engine/Shaders/Private/PostProcessAmbientOcclusion.usf" 2758
"../../../Engine/Shaders/Private/ClusteredDeferredShadingPixelShader.usf" 2759
"../../../Engine/Shaders/Private/ClusteredDeferredShadingVertexShader.usf" 2760
"../../../Engine/Shaders/Private/CapsuleShadowShaders.usf" 2761
"../../../Engine/Shaders/Private/BasePassPixelShader.usf" 2762
"../../../Engine/Shaders/Private/ForwardLightingCommon.ush" 2763
"../../../Engine/Shaders/Private/Substrate/SubstrateForwardLighting.ush" 2764
"../../../Engine/Shaders/Private/ComputeShaderOutputCommon.ush" 2765
"../../../Engine/Shaders/Private/BasePassVertexShader.usf" 2766
"../../../Engine/Shaders/Private/BasePassVertexCommon.ush" 2767
"../../../Engine/Shaders/Private/SimpleElementVolumeTexturePreviewPixelShader.usf" 2768
"../../../Engine/Shaders/Private/SimpleElementTexture2DPreviewPixelShader.usf" 2769
"../../../Engine/Shaders/Private/meshpaintdilatepixelshader.usf" 2770
"../../../Engine/Shaders/Private/meshpaintdilatevertexshader.usf" 2771
"../../../Engine/Shaders/Private/MeshPaintPixelShader.usf" 2772
"../../../Engine/Shaders/Private/MeshPaintVertexShader.usf" 2773
"../../../Engine/Shaders/Private/SlateElementPixelShader.usf" 2774
"../../../Engine/Shaders/Private/SlateShaderCommon.ush" 2775
"../../../Engine/Shaders/Private/CompositeUIPixelShader.usf" 2776
"../../../Engine/Shaders/Private/ColorDeficiency.ush" 2777
"../../../Engine/Shaders/Private/SlateMaskingShader.usf" 2778
"../../../Engine/Shaders/Private/SlatePostProcessColorDeficiencyPixelShader.usf" 2779
"../../../Engine/Shaders/Private/SlatePostProcessPixelShader.usf" 2780
"../../../Engine/Shaders/Private/SlateVertexShader.usf" 2781
"../../../Engine/Shaders/Private/Tools/VisualizeTexture.usf" 2782
"../../../Engine/Shaders/Private/ByteBuffer.usf" 2783
"../../../Engine/Shaders/Private/ShaderBundleDispatch.usf" 2784
"../../../Engine/Shaders/Private/ResolveVertexShader.usf" 2785
"../../../Engine/Shaders/Private/ResolvePixelShader.usf" 2786
"../../../Engine/Shaders/Private/Tools/SetupIndirectArgs.usf" 2787
"../../../Engine/Shaders/Private/ClearReplacementShaders.usf" 2788
"../../../Engine/Shaders/Private/Tools/DrawTexture.usf" 2789
"../../../Engine/Shaders/Private/RayTracing/RayTracingValidation.usf" 2790
"../../../Engine/Shaders/Private/RenderGraphUtilities.usf" 2791
"../../../Engine/Shaders/Private/OneColorShader.usf" 2792
"../../../Engine/Shaders/Private/OculusShaders.usf" 2793
"../../../Engine/Shaders/Private/MediaShaders.usf" 2794
"../../../Engine/Shaders/Private/GPUMessaging.usf" 2795
"../../../Engine/Shaders/Private/Tools/GPUDebugCrashUtils.usf" 2796
"../../../Engine/Shaders/Private/NullPixelShader.usf" 2797
"../../../Engine/Shaders/Private/ComputeGenerateMips.usf" 2798
"../../../Engine/Shaders/Private/Tools/DumpTexture.usf" 2799
"../../../Engine/Shaders/Private/CopyTextureShaders.usf" 2800
"../../../Engine/Shaders/Private/Tools/FullscreenVertexShader.usf" 2801
"../../../Engine/Shaders/Private/RayTracing/RayTracingDispatchDesc.usf" 2802
"../../../Engine/Shaders/Private/Bink.usf" 2803
"../../../Engine/Shaders/Private/VelocityShader.usf" 2804
"../../../Engine/Shaders/Private/DepthOnlyPixelShader.usf" 2805
"../../../Engine/Shaders/Private/PositionOnlyDepthVertexShader.usf" 2806
"../../../Engine/Shaders/Private/DepthOnlyVertexShader.usf" 2807
"../../../Engine/Shaders/Private/AnisotropyPassShader.usf" 2808
"../../../Engine/Content/EditorResources/S_Actor.uasset" 2809
"../../../../../../24CI0433/Magic_Project/Intermediate/ShaderAutogen/PCD3D_SM6/AutogenShaderHeaders.ush" 2810
"../../../Engine/Content/EditorResources/S_BoxReflectionCapture.uasset" 2811
"../../../Engine/Content/EngineResources/DefaultTexture.uasset" 2812
"../../../Engine/Content/EngineResources/DefaultTextureCube.uasset" 2813
"../../../Engine/Content/EngineResources/DefaultVolumeTexture.uasset" 2814
"../../../Engine/Content/EngineResources/DefaultVolumeTexture2D.uasset" 2815
"../../../Engine/Content/EngineFonts/RobotoDistanceField.uasset" 2816
"../../../Engine/Content/EngineMaterials/DefaultTextMaterialOpaque.uasset" 2817
"../../../Engine/Content/Functions/Engine_MaterialFunctions01/Shading/PowerToRoughness.uasset" 2818
"../../../Engine/Content/Functions/Engine_MaterialFunctions01/Shading/ConvertFromDiffSpec.uasset" 2819
"../../../Engine/Content/EngineMaterials/WorldGridMaterial.uasset" 2820
"../../../Engine/Content/Functions/Engine_MaterialFunctions01/Opacity/CameraDepthFade.uasset" 2821
"../../../Engine/Content/EngineMaterials/T_Default_Material_Grid_M.uasset" 2822
"../../../Engine/Content/EngineMaterials/T_Default_Material_Grid_N.uasset" 2823
"../../../Engine/Content/EngineMaterials/DefaultDeferredDecalMaterial.uasset" 2824
"../../../Engine/Content/EngineMaterials/DefaultDiffuse.uasset" 2825
"../../../Engine/Content/EngineMaterials/DefaultLightFunctionMaterial.uasset" 2826
"../../../Engine/Content/EngineMaterials/DefaultPostProcessMaterial.uasset" 2827
"../../../Engine/Content/Functions/Engine_MaterialFunctions02/Utility/BreakOutFloat2Components.uasset" 2828
"../../../Engine/Content/EditorResources/S_Trigger.uasset" 2829
"../../../Engine/Content/EditorResources/S_TriggerBox.uasset" 2830
"../../../Engine/Content/EditorResources/S_TriggerCapsule.uasset" 2831
"../../../Engine/Content/EditorResources/S_TriggerSphere.uasset" 2832
"../../../Engine/Content/EngineDamageTypes/DmgTypeBP_Environmental.uasset" 2833
"../../../Engine/Content/EngineSky/VolumetricClouds/m_SimpleVolumetricCloud_Inst.uasset" 2834
"../../../Engine/Content/EngineSky/VolumetricClouds/m_SimpleVolumetricCloud.uasset" 2835
"../../../Engine/Content/Functions/Engine_MaterialFunctions02/Utility/MakeFloat2.uasset" 2836
"../../../Engine/Content/EngineSky/VolumetricClouds/CloudGradientTexture.uasset" 2837
"../../../Engine/Content/EngineSky/VolumetricClouds/CloudWeatherTexture.uasset" 2838
"../../../Engine/Content/EngineSky/VolumetricClouds/T_VolumeNoiseErosion32.uasset" 2839
"../../../Engine/Content/EngineSky/VolumetricClouds/T_NoiseErosion.uasset" 2840
"../../../Engine/Content/EngineSky/VolumetricClouds/T_VolumeNoiseShape64.uasset" 2841
"../../../Engine/Content/EngineSky/VolumetricClouds/T_NoiseShape64.uasset" 2842
"../../../Engine/Content/EngineMeshes/Sphere.uasset" 2843
"../../../Engine/Content/EngineResources/WhiteSquareTexture.uasset" 2844
"../../../Engine/Content/EngineResources/GradientTexture0.uasset" 2845
"../../../Engine/Content/EngineResources/Black.uasset" 2846
"../../../Engine/Content/EngineMaterials/Widget3DPassThrough_Translucent.uasset" 2847
"../../../Engine/Content/EngineMaterials/Widget3DPassThrough.uasset" 2848
"../../../Engine/Content/EngineMaterials/Widget3DPassThrough_Translucent_OneSided.uasset" 2849
"../../../Engine/Content/EngineMaterials/Widget3DPassThrough_Opaque.uasset" 2850
"../../../Engine/Content/EngineMaterials/Widget3DPassThrough_Opaque_OneSided.uasset" 2851
"../../../Engine/Content/EngineMaterials/Widget3DPassThrough_Masked.uasset" 2852
"../../../Engine/Content/EngineMaterials/Widget3DPassThrough_Masked_OneSided.uasset" 2853
"../../../Engine/Content/VREditor/ViewportInteractionAssetContainerData.uasset" 2854
"../../../Engine/Content/VREditor/SnapGrid/SnapGridMaterial.uasset" 2855
"../../../Engine/Content/Functions/Engine_MaterialFunctions02/Math/Transform3x3Matrix.uasset" 2856
"../../../Engine/Content/Functions/Engine_MaterialFunctions02/Utility/BreakOutFloat3Components.uasset" 2857
"../../../Engine/Content/Functions/Engine_MaterialFunctions02/SplitComponents.uasset" 2858
"../../../Engine/Content/Functions/Engine_MaterialFunctions02/Utility/MakeFloat3.uasset" 2859
"../../../Engine/Content/VREditor/TransformGizmo/TransformGizmoMaterial_Inst.uasset" 2860
"../../../Engine/Content/VREditor/TransformGizmo/TransformGizmoMaterial.uasset" 2861
"../../../Engine/Content/VREditor/LaserPointer/VR_LaserPower_01.uasset" 2862
"../../../Engine/Content/VREditor/TransformGizmo/TranslucentTransformGizmoMaterial_Inst.uasset" 2863
"../../../Engine/Content/VREditor/TransformGizmo/TranslucentTransformGizmoMaterial.uasset" 2864
"../../../Engine/Content/VREditor/SnapGrid/SnapGridPlaneMesh.uasset" 2865
"../../../Engine/Content/VREditor/Sounds/UI/Drop_Item_From_ContentBrowser.uasset" 2866
"../../../Engine/Content/VREditor/Sounds/UI/Gizmo_Handle_Clicked.uasset" 2867
"../../../Engine/Content/VREditor/Sounds/UI/Object_PickUp.uasset" 2868
"../../../Engine/Content/VREditor/Sounds/UI/Object_Snaps_To_Another_Actor.uasset" 2869
"../../../Engine/Content/VREditor/Sounds/UI/Object_Snaps_To_Grid.uasset" 2870
"../../../Engine/Content/VREditor/Sounds/UI/Scaling_Down.uasset" 2871
"../../../Engine/Content/VREditor/Sounds/UI/Scaling_Up.uasset" 2872
"../../../Engine/Content/VREditor/Sounds/UI/Selection_Changes.uasset" 2873
"../../../Engine/Content/VREditor/TransformGizmo/PlaneTranslationHandle.uasset" 2874
"../../../Engine/Content/VREditor/TransformGizmo/RotationHandleFull.uasset" 2875
"../../../Engine/Content/VREditor/TransformGizmo/RotationHandleIndicator.uasset" 2876
"../../../Engine/Content/VREditor/TransformGizmo/RotationHandleQuarter.uasset" 2877
"../../../Engine/Content/VREditor/TransformGizmo/StartRotationHandleIndicator.uasset" 2878
"../../../Engine/Content/VREditor/TransformGizmo/TransformGizmoFreeRotation.uasset" 2879
"../../../Engine/Content/VREditor/TransformGizmo/TranslateArrowHandle.uasset" 2880
"../../../Engine/Content/VREditor/TransformGizmo/UniformScaleHandle.uasset" 2881
"../../../Engine/Content/VREditor/TransformGizmo/BoundingBoxCorner.uasset" 2882
"../../../Engine/Content/VREditor/TransformGizmo/BoundingBoxEdge.uasset" 2883
"../../../Engine/Content/VREditor/TransformGizmo/SM_Sequencer_Node.uasset" 2884
"../../../Engine/Content/VREditor/TransformGizmo/Main.uasset" 2885
"../../../Engine/Content/VREditor/TransformGizmo/Xray.uasset" 2886
"../../../Engine/Content/EditorResources/S_Solver.uasset" 2887
"../../../Engine/Content/EngineDebugMaterials/VolumeToRender.uasset" 2888
"../../../Engine/Content/EngineDebugMaterials/M_VolumeRenderSphereTracePP.uasset" 2889
"../../../Engine/Content/Functions/Engine_MaterialFunctions02/Utility/CameraDirectionVector.uasset" 2890
"../../../Engine/Content/EditorMeshes/Camera/SM_CraneRig_Base.uasset" 2891
"../../../Engine/Content/EditorMaterials/Camera/MI_CineMat_Rig.uasset" 2892
"../../../Engine/Content/EditorMaterials/Camera/CineMat.uasset" 2893
"../../../Engine/Content/EditorMeshes/Camera/SM_CraneRig_Arm.uasset" 2894
"../../../Engine/Content/EditorMeshes/Camera/SM_CraneRig_Mount.uasset" 2895
"../../../Engine/Content/EditorMeshes/Camera/SM_CraneRig_Body.uasset" 2896
"../../../Engine/Content/EditorMeshes/Camera/SM_RailRig_Track.uasset" 2897
"../../../Engine/Content/EditorMeshes/Camera/SM_RailRig_Mount.uasset" 2898
"../../../Engine/Content/ArtTools/RenderToTexture/Meshes/S_1_Unit_Plane.uasset" 2899
"../../../Engine/Content/EngineDebugMaterials/M_SimpleUnlitTranslucent.uasset" 2900
"../../../Engine/Content/EngineFonts/Roboto.uasset" 2901
"../../../Engine/Content/EngineFonts/Faces/DroidSansFallback.uasset" 2902
"../../../Engine/Content/EngineFonts/Faces/RobotoBold.uasset" 2903
"../../../Engine/Content/EngineFonts/Faces/RobotoBoldItalic.uasset" 2904
"../../../Engine/Content/EngineFonts/Faces/RobotoItalic.uasset" 2905
"../../../Engine/Content/EngineFonts/Faces/RobotoLight.uasset" 2906
"../../../Engine/Content/EngineFonts/Faces/RobotoRegular.uasset" 2907
"../../../Engine/Content/EditorMaterials/ParticleSystems/PSysThumbnail_NoImage.uasset" 2908
"../../../Engine/Content/EditorMaterials/ParticleSystems/PSysThumbnail_OOD.uasset" 2909
"../../../Engine/Content/EditorLandscapeResources/SplineEditorMesh.uasset" 2910
"../../../Engine/Content/EditorLandscapeResources/SplineEditorMeshMat.uasset" 2911
"../../../Engine/Content/EditorLandscapeResources/DataLayer.uasset" 2912
"../../Plugins/Animation/ACLPlugin/Content/ACLAnimBoneCompressionSettings.uasset" 2913
"../../../Engine/Content/Animation/DefaultRecorderBoneCompression.uasset" 2914
"../../Plugins/Animation/ACLPlugin/Content/ACLAnimCurveCompressionSettings.uasset" 2915
"../../../Engine/Content/Animation/DefaultVariableFrameStrippingSettings.uasset" 2916
"../../Plugins/Interchange/Runtime/Content/gltf/MaterialBodies/MF_Default_Body.uasset" 2917
"../../Plugins/Interchange/Runtime/Content/gltf/MaterialFunctions/MF_BaseColor.uasset" 2918
"../../Plugins/Interchange/Runtime/Content/gltf/Textures/T_White_srgb.uasset" 2919
"../../Plugins/Interchange/Runtime/Content/gltf/MaterialFunctions/MF_Emissive.uasset" 2920
"../../Plugins/Interchange/Runtime/Content/gltf/MaterialFunctions/MF_IOR.uasset" 2921
"../../Plugins/Interchange/Runtime/Content/gltf/MaterialFunctions/MF_Iridescence.uasset" 2922
"../../Plugins/Interchange/Runtime/Content/Functions/MF_Iridescence.uasset" 2923
"../../../Engine/Content/Functions/Engine_MaterialFunctions03/Math/RemapValueRange.uasset" 2924
"../../Plugins/Interchange/Runtime/Content/Utilities/New_LUT.uasset" 2925
"../../Plugins/Interchange/Runtime/Content/gltf/MaterialFunctions/MF_MetallicRoughness.uasset" 2926
"../../Plugins/Interchange/Runtime/Content/gltf/Textures/T_White_Linear.uasset" 2927
"../../Plugins/Interchange/Runtime/Content/gltf/MaterialFunctions/MF_Normals.uasset" 2928
"../../Plugins/Interchange/Runtime/Content/gltf/MaterialFunctions/MF_RotateNormals_TS.uasset" 2929
"../../Plugins/Interchange/Runtime/Content/gltf/Textures/T_Generic_N.uasset" 2930
"../../Plugins/Interchange/Runtime/Content/gltf/MaterialFunctions/MF_Occlusion.uasset" 2931
"../../Plugins/Interchange/Runtime/Content/gltf/MaterialFunctions/MF_Specular.uasset" 2932
"../../Plugins/Interchange/Runtime/Content/gltf/MaterialFunctions/MF_TransformUVs.uasset" 2933
"../../Plugins/Interchange/Runtime/Content/gltf/MaterialFunctions/MF_RotateV2.uasset" 2934
"../../Plugins/Interchange/Runtime/Content/gltf/MaterialBodies/MF_Unlit_Body.uasset" 2935
"../../Plugins/Interchange/Runtime/Content/gltf/MaterialBodies/MF_ClearCoat_Body.uasset" 2936
"../../Plugins/Interchange/Runtime/Content/gltf/MaterialFunctions/MF_Clearcoat.uasset" 2937
"../../../Engine/Content/Functions/Engine_MaterialFunctions01/Texturing/FlattenNormal.uasset" 2938
"../../Plugins/Interchange/Runtime/Content/gltf/MaterialBodies/MF_Sheen_Body.uasset" 2939
"../../Plugins/Interchange/Runtime/Content/gltf/MaterialFunctions/MF_Sheen.uasset" 2940
"../../Plugins/Interchange/Runtime/Content/gltf/MaterialBodies/MF_Transmission_Body.uasset" 2941
"../../Plugins/Interchange/Runtime/Content/gltf/MaterialFunctions/MF_Fresnel_DS.uasset" 2942
"../../Plugins/Interchange/Runtime/Content/gltf/MaterialFunctions/MF_Temporal_Blur.uasset" 2943
"../../../Engine/Content/Functions/Engine_MaterialFunctions02/Texturing/ScreenAlignedPixelToPixelUVs.uasset" 2944
"../../../Engine/Content/EngineMaterials/Good64x64TilingNoiseHighFreq.uasset" 2945
"../../Plugins/Interchange/Runtime/Content/gltf/MaterialFunctions/MF_Transmission.uasset" 2946
"../../Plugins/Interchange/Runtime/Content/gltf/MaterialBodies/MF_SpecularGlossiness_Body.uasset" 2947
"../../Plugins/Interchange/Runtime/Content/gltf/MaterialFunctions/MF_DiffuseSpecGloss.uasset" 2948
"../../Plugins/Interchange/Runtime/Content/gltf/MaterialFunctions/MF_SpecGlossToMetalRoughness.uasset" 2949
"../../Plugins/Interchange/Runtime/Content/gltf/MaterialFunctions/MF_PerceivedBrightness.uasset" 2950
"../../../Engine/Content/Functions/Engine_MaterialFunctions02/Math/AddComponents.uasset" 2951
"../../Plugins/Animation/ControlRig/Content/Controls/ControlRigXRayMaterial.uasset" 2952
"../../Plugins/Animation/ControlRig/Content/Controls/DefaultGizmoLibraryNormalized.uasset" 2953
"../../Plugins/Animation/ControlRig/Content/M_Manip.uasset" 2954
"../../../Engine/Content/Functions/Engine_MaterialFunctions02/WorldPositionOffset/CameraOffset.uasset" 2955
"../../Plugins/2D/Paper2D/Content/MaskedUnlitSpriteMaterial.uasset" 2956
"../../Plugins/2D/Paper2D/Content/DefaultSpriteMaterial.uasset" 2957
"../../Plugins/2D/Paper2D/Content/PlaceholderTextures/DummySpriteTexture.uasset" 2958
"../../Plugins/2D/Paper2D/Content/OpaqueUnlitSpriteMaterial.uasset" 2959
"../../Plugins/2D/Paper2D/Content/DefaultPaperTerrainMaterial.uasset" 2960
"../../Plugins/2D/Paper2D/Content/DummySprite.uasset" 2961
"../../../Engine/Content/BasicShapes/BasicShapeMaterial.uasset" 2962
"../../../Engine/Content/BasicShapes/Sphere.uasset" 2963
"../../../Engine/Content/EngineMaterials/DefaultMaterial.uasset" 2964
"../../../../../../24CI0433/Magic_Project/Content/Kanda/Input/IMC_TestPad.uasset" 2965
"../../../../../../24CI0433/Magic_Project/Content/Kanda/Input/IA_ChargeMagic.uasset" 2966
"../../../../../../24CI0433/Magic_Project/Content/Kanda/Input/IA_GoMagic.uasset" 2967
"../../../../../../24CI0433/Magic_Project/Content/Kanda/Input/IA_InputMove.uasset" 2968
"../../../../../../24CI0433/Magic_Project/Content/Kanda/Input/IA_Look.uasset" 2969
"../../../../../../24CI0433/Magic_Project/Content/Kanda/Input/IA_MoveAction.uasset" 2970
"../../../../../../24CI0433/Magic_Project/Content/Kanda/Input/IA_Select.uasset" 2971
"../../../../../../24CI0433/Magic_Project/Content/Kanda/Input/IA_TestPad.uasset" 2972
"../../../../../../24CI0433/Magic_Project/Content/KTP_Effect/Particles/Fly/Expolison_03_08.uasset" 2973
"../../../../../../24CI0433/Magic_Project/Content/KTP_Effect/Materials/M_fly03_8.uasset" 2974
"../../../Engine/Content/Functions/Engine_MaterialFunctions01/Gradient/RadialGradientExponential.uasset" 2975
"../../../Engine/Content/Functions/Engine_MaterialFunctions01/Density/ExponentialDensity.uasset" 2976
"../../../Engine/Content/Functions/Engine_MaterialFunctions02/Utility/VectorToRadialValue.uasset" 2977
"../../../../../../24CI0433/Magic_Project/Content/KTP_Effect/Textures/PublicTextures/T_Aura_07.uasset" 2978
"../../../../../../24CI0433/Magic_Project/Content/KTP_Effect/Textures/T_fly03_8.uasset" 2979
"../../../../../../24CI0433/Magic_Project/Content/KTP_Effect/Materials/PublicMaterials/M_FX_Aura_black_1.uasset" 2980
"../../../../../../24CI0433/Magic_Project/Content/KTP_Effect/Textures/PublicTextures/T_Aura_01.uasset" 2981
"../../../../../../24CI0433/Magic_Project/Content/KTP_Effect/Textures/PublicTextures/T_Aura_03.uasset" 2982
"../../../../../../24CI0433/Magic_Project/Content/KTP_Effect/Materials/PublicMaterials/M_FX_Aura_bt01.uasset" 2983
"../../../Engine/Content/Functions/Engine_MaterialFunctions01/ImageAdjustment/DeriveHDRfromLDR.uasset" 2984
"../../../../../../24CI0433/Magic_Project/Content/KTP_Effect/Materials/PublicMaterials/M_FX_Glow_fly07.uasset" 2985
"../../../../../../24CI0433/Magic_Project/Content/KTP_Effect/Textures/PublicTextures/T_Glow.uasset" 2986
"../../Plugins/FX/Niagara/Content/ParameterDefinitions/CoreParameters.uasset" 2987
"../../Plugins/FX/Niagara/Content/ParameterDefinitions/MeshRenderer.uasset" 2988
"../../Plugins/FX/Niagara/Content/ParameterDefinitions/RibbonRenderer.uasset" 2989
"../../Plugins/FX/Niagara/Content/ParameterDefinitions/SpriteRenderer.uasset" 2990
"../../Plugins/FX/Niagara/Content/DynamicInputs/UniformRange/V2/RandomRangeVector.uasset" 2991
"../../Plugins/FX/Niagara/Content/Functions/V2/CalculateRandomRange.uasset" 2992
"../../Plugins/FX/Niagara/Content/Enums/ENiagaraRandomnessEvaluation.uasset" 2993
"../../Plugins/FX/Niagara/Content/Enums/ENiagaraRandomnessMode.uasset" 2994
"../../Plugins/FX/Niagara/Content/DynamicInputs/ValueFromCurve/FloatFromCurve.uasset" 2995
"../../Plugins/FX/Niagara/Content/DynamicInputs/ValueFromCurve/VectorFromCurve.uasset" 2996
"../../Plugins/FX/Niagara/Content/Modules/Emitter/EmitterState.uasset" 2997
"../../Plugins/FX/Niagara/Content/Functions/Emitter/EmitterChangeState.uasset" 2998
"../../Plugins/FX/Niagara/Content/Enums/ENiagara_EmitterStateOptions.uasset" 2999
"../../Plugins/FX/Niagara/Content/Enums/ENiagara_InfiniteLoopDuration.uasset" 3000
"../../Plugins/FX/Niagara/Content/Enums/ENiagaraEmitterLifeCycleMode.uasset" 3001
"../../Plugins/FX/Niagara/Content/Enums/ENiagaraEmitterScalabilityMode_Limited.uasset" 3002
"../../Plugins/FX/Niagara/Content/Enums/ENiagaraExecutionStateManagement.uasset" 3003
"../../Plugins/FX/Niagara/Content/Enums/ENiagaraInactiveMode.uasset" 3004
"../../Plugins/FX/Niagara/Content/Modules/Emitter/SpawnBurst_Instantaneous.uasset" 3005
"../../Plugins/FX/Niagara/Content/Functions/V2/CalculateRandomRangeFloat.uasset" 3006
"../../Plugins/FX/Niagara/Content/Modules/Emitter/SpawnRate.uasset" 3007
"../../Plugins/FX/Niagara/Content/Functions/RandomRangeFloat.uasset" 3008
"../../Plugins/FX/Niagara/Content/Functions/GetRandomInfo.uasset" 3009
"../../Plugins/FX/Niagara/Content/Modules/Solvers/SolveForcesAndVelocity.uasset" 3010
"../../Plugins/FX/Niagara/Content/Functions/DirectionAndLengthSafe.uasset" 3011
"../../Plugins/FX/Niagara/Content/Functions/Drag/DragVelocity.uasset" 3012
"../../Plugins/FX/Niagara/Content/Functions/Math/CentimeterMeterConversion.uasset" 3013
"../../Plugins/FX/Niagara/Content/Functions/Rotation/MultiplyVectorWithQuaternion.uasset" 3014
"../../Plugins/FX/Niagara/Content/Modules/Solvers/ApplyRotationVector.uasset" 3015
"../../Plugins/FX/Niagara/Content/Functions/Rotation/AxisAngleToQuaternion.uasset" 3016
"../../Plugins/FX/Niagara/Content/Functions/Rotation/MultiplyQuaternion.uasset" 3017
"../../Plugins/FX/Niagara/Content/Icons/Modules/T_Icon_Solver_LimitAccel.uasset" 3018
"../../Plugins/FX/Niagara/Content/Icons/Modules/T_Icon_Solver_LimitSpeed.uasset" 3019
"../../Plugins/FX/Niagara/Content/Icons/Modules/T_Icon_Solver_RotationalSolve.uasset" 3020
"../../Plugins/FX/Niagara/Content/Modules/Spawn/Initialization/V2/InitializeParticle.uasset" 3021
"../../Plugins/FX/Niagara/Content/Functions/LinearColor/HueShiftLinearColor.uasset" 3022
"../../Plugins/FX/Niagara/Content/Functions/Localspace/SimulationPosition.uasset" 3023
"../../Plugins/FX/Niagara/Content/Functions/Localspace/TransformVector.uasset" 3024
"../../Plugins/FX/Niagara/Content/Functions/Localspace/TransformBase.uasset" 3025
"../../Plugins/FX/Niagara/Content/Functions/V2/CalculateRandomBool.uasset" 3026
"../../Plugins/FX/Niagara/Content/Functions/V2/CalculateRandomRangeInteger.uasset" 3027
"../../Plugins/FX/Niagara/Content/Enums/ENiagara_ColorInitializationMode.uasset" 3028
"../../Plugins/FX/Niagara/Content/Enums/ENiagara_LifetimeMode.uasset" 3029
"../../Plugins/FX/Niagara/Content/Enums/ENiagara_MassInitializationMode.uasset" 3030
"../../Plugins/FX/Niagara/Content/Enums/ENiagara_PositionInitializationMode.uasset" 3031
"../../Plugins/FX/Niagara/Content/Enums/ENiagara_SizeScaleMode.uasset" 3032
"../../Plugins/FX/Niagara/Content/Enums/ENiagara_SpriteRotationMode.uasset" 3033
"../../Plugins/FX/Niagara/Content/Enums/ENiagara_UVFlippingMode.uasset" 3034
"../../Plugins/FX/Niagara/Content/Enums/ENiagaraChannelCorrelation.uasset" 3035
"../../Plugins/FX/Niagara/Content/Enums/Ribbons/ENiagara_UnsetDirectSet.uasset" 3036
"../../Plugins/FX/Niagara/Content/Enums/Ribbons/ENiagara_UnsetDirectSetRandom.uasset" 3037
"../../Plugins/FX/Niagara/Content/Modules/Spawn/Location/V2/SphereLocation.uasset" 3038
"../../Plugins/FX/Niagara/Content/Functions/Localspace/PositionToVector.uasset" 3039
"../../Plugins/FX/Niagara/Content/Functions/ChannelMasks/SelectV4Channel.uasset" 3040
"../../Plugins/FX/Niagara/Content/Enums/ENiagaraVector4_Channels.uasset" 3041
"../../Plugins/FX/Niagara/Content/Functions/Rotation/FindQuatBetween.uasset" 3042
"../../Plugins/FX/Niagara/Content/Functions/SphericalToCartesianCoordinates.uasset" 3043
"../../Plugins/FX/Niagara/Content/Functions/V2/CalculateRandomPointInSphere.uasset" 3044
"../../Plugins/FX/Niagara/Content/Enums/ENiagaraExpansionMode.uasset" 3045
"../../Plugins/FX/Niagara/Content/Enums/ENiagaraSphereDistributionMode.uasset" 3046
"../../Plugins/FX/Niagara/Content/Modules/Spawn/Orientation/V3/InitialMeshOrientation.uasset" 3047
"../../Plugins/FX/Niagara/Content/Functions/Rotation/MatrixToQuaternion.uasset" 3048
"../../Plugins/FX/Niagara/Content/Functions/Rotation/RandomQuaternion.uasset" 3049
"../../Plugins/FX/Niagara/Content/Enums/ENiagaraMeshTransforms.uasset" 3050
"../../Plugins/FX/Niagara/Content/Enums/Transforms/ENiagara_MeshOrientationOptions.uasset" 3051
"../../Plugins/FX/Niagara/Content/Modules/Spawn/Velocity/AddVelocity.uasset" 3052
"../../Plugins/FX/Niagara/Content/Functions/Math/CalculateRandomPointInConeSphereIntersection.uasset" 3053
"../../Plugins/FX/Niagara/Content/Functions/Rotation/AngleUnitConverter.uasset" 3054
"../../Plugins/FX/Niagara/Content/Enums/Angles/ENiagara_AngleInput.uasset" 3055
"../../Plugins/FX/Niagara/Content/Functions/Math/SaturateFloat.uasset" 3056
"../../Plugins/FX/Niagara/Content/Functions/Rotation/InvertQuaternion.uasset" 3057
"../../Plugins/FX/Niagara/Content/Functions/Rotation/MakeQuaternionFrom3BasisVectors.uasset" 3058
"../../Plugins/FX/Niagara/Content/Functions/Rotation/TransformStack/TransformStack_Rotation.uasset" 3059
"../../Plugins/FX/Niagara/Content/Functions/Rotation/XYZRotationToQuaternion.uasset" 3060
"../../Plugins/FX/Niagara/Content/Enums/Transforms/ENiagara_RotationMode.uasset" 3061
"../../Plugins/FX/Niagara/Content/Functions/V2/CalculateRandomUnitVector.uasset" 3062
"../../Plugins/FX/Niagara/Content/Functions/V2/DistanceBasedFalloff.uasset" 3063
"../../Plugins/FX/Niagara/Content/Functions/NormalizeDistanceRange.uasset" 3064
"../../Plugins/FX/Niagara/Content/Enums/Utility/ENiagara_VelocityMode.uasset" 3065
"../../Plugins/FX/Niagara/Content/Modules/Spawn/Velocity/AddVelocityFromPoint.uasset" 3066
"../../Plugins/FX/Niagara/Content/Functions/DistanceBasedFalloff.uasset" 3067
"../../Plugins/FX/Niagara/Content/Functions/RandomVector.uasset" 3068
"../../Plugins/FX/Niagara/Content/Functions/RandomUnitVector.uasset" 3069
"../../Plugins/FX/Niagara/Content/Modules/System/SystemState.uasset" 3070
"../../Plugins/FX/Niagara/Content/Functions/System/SystemChangeState.uasset" 3071
"../../Plugins/FX/Niagara/Content/Enums/ENiagaraSystemInactiveMode.uasset" 3072
"../../Plugins/FX/Niagara/Content/Modules/Update/Camera/CameraOffset.uasset" 3073
"../../Plugins/FX/Niagara/Content/Modules/Update/Color/ScaleColor.uasset" 3074
"../../Plugins/FX/Niagara/Content/Enums/ENiagaraScaleColorMode.uasset" 3075
"../../Plugins/FX/Niagara/Content/Modules/Update/Forces/Drag.uasset" 3076
"../../Plugins/FX/Niagara/Content/Modules/Update/Forces/V2/CurlNoiseForce.uasset" 3077
"../../Plugins/FX/Niagara/Content/Functions/Localspace/TransformPosition.uasset" 3078
"../../Plugins/FX/Niagara/Content/Functions/V2/ConeMask.uasset" 3079
"../../Plugins/FX/Niagara/Content/Functions/FindAngleBetweenVectors.uasset" 3080
"../../Plugins/FX/Niagara/Content/Functions/V2/RemapRange.uasset" 3081
"../../Plugins/FX/Niagara/Content/Enums/ENiagaraCurlNoiseQuality.uasset" 3082
"../../Plugins/FX/Niagara/Content/VectorFields/Assets/TilingCurl16.uasset" 3083
"../../Plugins/FX/Niagara/Content/VectorFields/Assets/TilingCurl32.uasset" 3084
"../../Plugins/FX/Niagara/Content/VectorFields/Assets/TilingCurl64.uasset" 3085
"../../Plugins/FX/Niagara/Content/Modules/Update/Lifetime/ParticleState.uasset" 3086
"../../Plugins/FX/Niagara/Content/Icons/Modules/T_Icon_Particle_InfiniteLife.uasset" 3087
"../../Plugins/FX/Niagara/Content/Modules/Update/Material/DynamicMaterialParameters.uasset" 3088
"../../Plugins/FX/Niagara/Content/Modules/Update/Orientation/AlignSpriteToMeshOrientation.uasset" 3089
"../../Plugins/FX/Niagara/Content/Modules/Update/Orientation/SpriteRotationRate.uasset" 3090
"../../Plugins/FX/Niagara/Content/Modules/Update/Size/ScaleMeshSize.uasset" 3091
"../../Plugins/FX/Niagara/Content/Modules/Update/Size/ScaleSpriteSize.uasset" 3092
"../../Plugins/FX/Niagara/Content/Enums/SpriteRenderer/ENiagara_ScaleSpriteSize.uasset" 3093
"../../../../../../24CI0433/Magic_Project/Content/KTP_Effect/Mesh/SM_FX_burst_fly03.uasset" 3094
"../../../Engine/Plugins/FX/Niagara/Shaders/Private/NiagaraDataInterfaceCurveTemplate.ush" 3095
"../../../Engine/Plugins/FX/Niagara/Shaders/Private/NiagaraDataInterfaceMeshRendererInfoTemplate.ush" 3096
"../../../Engine/Plugins/FX/Niagara/Shaders/Private/NiagaraDataInterfaceDebugDraw.ush" 3097
"../../../Engine/Plugins/FX/Niagara/Shaders/Private/NiagaraDataInterfaceDebugDrawTemplate.ush" 3098
"../../../Engine/Plugins/FX/Niagara/Shaders/Private/NiagaraDataInterfaceTexture2DArrayTemplate.ush" 3099
"../../../Engine/Plugins/FX/Niagara/Shaders/Private/NiagaraDataInterfaceActorComponentTemplate.ush" 3100
"../../../Engine/Plugins/FX/Niagara/Shaders/Private/NiagaraDataInterfaceArrayTemplate.ush" 3101
"../../../Engine/Plugins/FX/Niagara/Shaders/Private/NiagaraDataInterfaceArrayRWTemplate.ush" 3102
"../../../Engine/Plugins/FX/Niagara/Shaders/Private/NiagaraDataInterfaceAsyncGpuTrace.ush" 3103
"../../../Engine/Plugins/FX/Niagara/Shaders/Private/NiagaraDataInterfaceAsyncGpuTraceTemplate.ush" 3104
"../../../Engine/Plugins/FX/Niagara/Shaders/Private/NiagaraDataInterfaceCamera.ush" 3105
"../../../Engine/Plugins/FX/Niagara/Shaders/Private/NiagaraDataInterfaceCollisionQuery.ush" 3106
"../../../Engine/Shaders/Public/SubstratePublic.ush" 3107
"../../../Engine/Plugins/FX/Niagara/Shaders/Private/NiagaraDataInterfaceCollisionQueryTemplate.ush" 3108
"../../../Engine/Plugins/FX/Niagara/Shaders/Private/NiagaraDataInterfaceCubeTextureTemplate.ush" 3109
"../../../Engine/Plugins/FX/Niagara/Shaders/Private/DataChannel/NiagaraDataInterfaceDataChannelCommon.ush" 3110
"../../../Engine/Plugins/FX/Niagara/Shaders/Private/DataChannel/NiagaraDataInterfaceDataChannelTemplateCommon.ush" 3111
"../../../Engine/Plugins/FX/Niagara/Shaders/Private/DataChannel/NiagaraDataInterfaceDataChannelTemplate_Read.ush" 3112
"../../../Engine/Plugins/FX/Niagara/Shaders/Private/DataChannel/NiagaraDataInterfaceDataChannelTemplate_Consume.ush" 3113
"../../../Engine/Plugins/FX/Niagara/Shaders/Private/NiagaraDataInterfaceDynamicMeshTemplate.ush" 3114
"../../../Engine/Plugins/FX/Niagara/Shaders/Private/NiagaraDataInterfaceEmitterPropertiesTemplate.ush" 3115
"../../../Engine/Plugins/FX/Niagara/Shaders/Private/NiagaraDataInterfaceExportTemplate.ush" 3116
"../../../Engine/Plugins/FX/Niagara/Shaders/Private/NiagaraDataInterfaceGBufferTemplate.ush" 3117
"../../../Engine/Plugins/FX/Niagara/Shaders/Private/NiagaraDataInterfaceIntRenderTarget2D.ush" 3118
"../../../Engine/Plugins/FX/Niagara/Shaders/Private/NiagaraDataInterfaceLandscape.ush" 3119
"../../../Engine/Plugins/FX/Niagara/Shaders/Private/NiagaraDataInterfaceMemoryBufferTemplate.ush" 3120
"../../../Engine/Plugins/FX/Niagara/Shaders/Private/NiagaraDataInterfaceOcclusion.ush" 3121
"../../../Engine/Plugins/FX/Niagara/Shaders/Private/NiagaraDataInterfacePhysicsAsset.ush" 3122
"../../../Engine/Plugins/FX/Niagara/Shaders/Private/NiagaraDataInterfaceRenderTarget2DTemplate.ush" 3123
"../../../Engine/Plugins/FX/Niagara/Shaders/Private/NiagaraDataInterfaceRenderTarget2DArrayTemplate.ush" 3124
"../../../Engine/Plugins/FX/Niagara/Shaders/Private/NiagaraDataInterfaceRenderTargetCubeTemplate.ush" 3125
"../../../Engine/Plugins/FX/Niagara/Shaders/Private/NiagaraDataInterfaceRenderTargetVolumeTemplate.ush" 3126
"../../../Engine/Plugins/FX/Niagara/Shaders/Private/NiagaraDataInterfaceRigidMeshCollisionQuery.ush" 3127
"../../../Engine/Plugins/FX/Niagara/Shaders/Private/NiagaraDataInterfaceSceneCapture2DTemplate.ush" 3128
"../../../Engine/Plugins/FX/Niagara/Shaders/Private/NiagaraDataInterfaceSimCacheReaderTemplate.ush" 3129
"../../../Engine/Plugins/FX/Niagara/Shaders/Private/NiagaraDataInterfaceSimpleCounterTemplate.ush" 3130
"../../../Engine/Plugins/FX/Niagara/Shaders/Private/NiagaraDataInterfaceSkeletalMesh.ush" 3131
"../../../Engine/Plugins/FX/Niagara/Shaders/Private/NiagaraBaryCentricUtils.ush" 3132
"../../../Engine/Plugins/FX/Niagara/Shaders/Private/NiagaraDataInterfaceSkeletalMeshTemplate.ush" 3133
"../../../Engine/Plugins/FX/Niagara/Shaders/Private/NiagaraDataInterfaceSparseVolumeTextureTemplate.ush" 3134
"../../../Engine/Plugins/FX/Niagara/Shaders/Private/NiagaraDataInterfaceSplineTemplate.ush" 3135
"../../../Engine/Plugins/FX/Niagara/Shaders/Private/NiagaraDataInterfaceSpriteRendererInfoTemplate.ush" 3136
"../../../Engine/Plugins/FX/Niagara/Shaders/Private/NiagaraDataInterfaceStaticMeshTemplate.ush" 3137
"../../../Engine/Plugins/FX/Niagara/Shaders/Private/NiagaraDataInterfaceTextureTemplate.ush" 3138
"../../../Engine/Plugins/FX/Niagara/Shaders/Private/NiagaraDataInterfaceVirtualTexture.ush" 3139
"../../../Engine/Plugins/FX/Niagara/Shaders/Private/NiagaraDataInterfaceVirtualTextureTemplate.ush" 3140
"../../../Engine/Plugins/FX/Niagara/Shaders/Private/NiagaraDataInterfaceVolumeCache.ush" 3141
"../../../Engine/Plugins/FX/Niagara/Shaders/Private/NiagaraDataInterfaceVolumeTextureTemplate.ush" 3142
"../../../../../../24CI0433/Magic_Project/Content/Satou/Mesh/hand/source/hand.uasset" 3143
"../../../../../../24CI0433/Magic_Project/Content/Satou/Mesh/hand/source/lambert2.uasset" 3144
"../../../../../../24CI0433/Magic_Project/Content/Satou/Mesh/hand/textures/internal_ground_ao_texture.uasset" 3145
"../../../../../../24CI0433/Magic_Project/Content/Kanda/Input/IA_SelectMagic.uasset" 3146
"../../Plugins/Editor/SpeedTreeImporter/Content/SpeedTree9/SpeedTreeMaster.uasset" 3147
"../../../Engine/Content/Functions/Engine_MaterialFunctions02/ObjectLocalBounds.uasset" 3148
"../../../Engine/Content/Functions/Engine_MaterialFunctions02/SafeNormalize.uasset" 3149
"../../../Engine/Content/Functions/Engine_MaterialFunctions02/Utility/VectorLength.uasset" 3150
"../../../Engine/Content/Functions/Engine_MaterialFunctions02/UVs/BoundingBoxBased_0-1_UVW.uasset" 3151
"../../../Engine/Content/Functions/Engine_MaterialFunctions02/WorldPositionOffset/ObjectScale.uasset" 3152
"../../Plugins/Editor/SpeedTreeImporter/Content/SpeedTree9/SpeedTreeBranchMotion.uasset" 3153
"../../Plugins/Editor/SpeedTreeImporter/Content/SpeedTree9/SpeedTreeWindMotion.uasset" 3154
"../../Plugins/Editor/SpeedTreeImporter/Content/SpeedTree9/game_wind_noise.uasset" 3155
"../../Plugins/Editor/SpeedTreeImporter/Content/SpeedTree9/UnpackDirection.uasset" 3156
"../../Plugins/Editor/SpeedTreeImporter/Content/SpeedTree9/UnpackInteger3.uasset" 3157
"../../Plugins/Editor/SpeedTreeImporter/Content/SpeedTree9/SpeedTreeCameraFacing.uasset" 3158
"../../Plugins/Editor/SpeedTreeImporter/Content/SpeedTree9/SpeedTreeWind.uasset" 3159
"../../Plugins/Editor/SpeedTreeImporter/Content/SpeedTree9/Empty.uasset" 3160
"../../Plugins/Editor/SpeedTreeImporter/Content/SpeedTree9/EmptyNormal.uasset" 3161
"../../Plugins/Editor/SpeedTreeImporter/Content/SpeedTree9/SpeedTreeBillboardMaster.uasset" 3162
"../../Plugins/Editor/SpeedTreeImporter/Content/SpeedTree9/SpeedTreeBillboard.uasset" 3163
"../../Plugins/Media/MediaPlate/Content/SM_MediaPlateScreen.uasset" 3164
"../../../Engine/Intermediate/ProjectFiles/PrimaryProjectPath.txt" 3165
"../../../Engine/Content/EditorMaterials/Dataflow/DataflowVertexMaterial.uasset" 3166
"../../Plugins/Runtime/OpenXR/Content/Devices/HTCVive/HTCViveController.uasset" 3167
"../../Plugins/Runtime/OpenXR/Content/Devices/HTCVive/MI_HTCVive.uasset" 3168
"../../Plugins/Runtime/OpenXR/Content/Devices/M_XRController.uasset" 3169
"../../../Engine/Content/EngineMaterials/BaseFlattenNormalMap.uasset" 3170
"../../Plugins/Runtime/OpenXR/Content/Devices/HTCVive/BaseTexture.uasset" 3171
"../../Plugins/Runtime/OpenXR/Content/Devices/MicrosoftMixedReality/Left/left_MicrosoftMixedRealityController.uasset" 3172
"../../Plugins/Runtime/OpenXR/Content/Devices/MicrosoftMixedReality/MI_MicrosoftMixedReality.uasset" 3173
"../../Plugins/Runtime/OpenXR/Content/Devices/MicrosoftMixedReality/BaseTexture.uasset" 3174
"../../Plugins/Runtime/OpenXR/Content/Devices/MicrosoftMixedReality/EmissiveTexture.uasset" 3175
"../../Plugins/Runtime/OpenXR/Content/Devices/MicrosoftMixedReality/MRTexture.uasset" 3176
"../../Plugins/Runtime/OpenXR/Content/Devices/MicrosoftMixedReality/NormalTexture.uasset" 3177
"../../Plugins/Runtime/OpenXR/Content/Devices/MicrosoftMixedReality/Right/right_MicrosoftMixedRealityController.uasset" 3178
"../../Plugins/Runtime/OpenXR/Content/Devices/OculusGo/OculusGoController.uasset" 3179
"../../Plugins/Runtime/OpenXR/Content/Devices/OculusGo/MI_OculusGo.uasset" 3180
"../../Plugins/Runtime/OpenXR/Content/Devices/OculusGo/BaseTexture.uasset" 3181
"../../Plugins/Runtime/OpenXR/Content/Devices/OculusTouch/Left/left_OculusTouchController.uasset" 3182
"../../Plugins/Runtime/OpenXR/Content/Devices/OculusTouch/MI_OculusTouch.uasset" 3183
"../../Plugins/Runtime/OpenXR/Content/Devices/OculusTouch/BaseTexture.uasset" 3184
"../../Plugins/Runtime/OpenXR/Content/Devices/OculusTouch/MRTexture.uasset" 3185
"../../Plugins/Runtime/OpenXR/Content/Devices/OculusTouch/Right/right_OculusTouchController.uasset" 3186
"../../Plugins/Runtime/OpenXR/Content/Devices/ValveIndex/Left/left_ValveIndexController.uasset" 3187
"../../Plugins/Runtime/OpenXR/Content/Devices/ValveIndex/Left/MI_left_ValveIndex.uasset" 3188
"../../Plugins/Runtime/OpenXR/Content/Devices/ValveIndex/BaseTexture.uasset" 3189
"../../Plugins/Runtime/OpenXR/Content/Devices/ValveIndex/MRTexture.uasset" 3190
"../../Plugins/Runtime/OpenXR/Content/Devices/ValveIndex/Right/right_ValveIndexController.uasset" 3191
"../../Plugins/Runtime/OpenXR/Content/Devices/ValveIndex/Right/MI_right_ValveIndex.uasset" 3192
"../../Plugins/Runtime/OpenXR/Content/Devices/OculusTouch_v2/Left/left_OculusTouch_v2Controller.uasset" 3193
"../../Plugins/Runtime/OpenXR/Content/Devices/OculusTouch_v2/MI_OculusTouch_v2.uasset" 3194
"../../Plugins/Runtime/OpenXR/Content/Devices/OculusTouch_v2/BaseTexture.uasset" 3195
"../../Plugins/Runtime/OpenXR/Content/Devices/OculusTouch_v2/MRTexture.uasset" 3196
"../../Plugins/Runtime/OpenXR/Content/Devices/OculusTouch_v2/Right/right_OculusTouch_v2Controller.uasset" 3197
"../../Plugins/Runtime/OpenXR/Content/Devices/OculusTouch_v3/Left/left_OculusTouch_v3Controller.uasset" 3198
"../../Plugins/Runtime/OpenXR/Content/Devices/OculusTouch_v3/MI_OculusTouch_v3.uasset" 3199
"../../Plugins/Runtime/OpenXR/Content/Devices/OculusTouch_v3/BaseTexture.uasset" 3200
"../../Plugins/Runtime/OpenXR/Content/Devices/OculusTouch_v3/MRTexture.uasset" 3201
"../../Plugins/Runtime/OpenXR/Content/Devices/OculusTouch_v3/Right/right_OculusTouch_v3Controller.uasset" 3202
"C:/Users/Owner/AppData/Local/UnrealEngine/Editor/UInteractiveToolsPresetCollectionAsset_DefaultCollection.json" 3203
"../../../Engine/Content/EngineMaterials/NaniteHiddenSectionMaterial.uasset" 3204
"../../../Engine/Content/EngineMaterials/RemoveSurfaceMaterial.uasset" 3205
"../../../Engine/Content/EngineDebugMaterials/DebugMeshMaterial.uasset" 3206
"../../../Engine/Content/EngineMaterials/EmissiveMeshMaterial.uasset" 3207
"../../../Engine/Content/EngineMaterials/DefaultWhiteGrid_Low.uasset" 3208
"../../../Engine/Content/EngineMaterials/M_InvalidLightmapSettings.uasset" 3209
"../../../Engine/Content/EngineMaterials/InvalidLightmapSettings.uasset" 3210
"../../../Engine/Content/EngineMaterials/GizmoMaterial.uasset" 3211
"../../../Engine/Content/EngineMaterials/PhAT_JointLimitMaterial.uasset" 3212
"../../../Engine/Content/EngineMaterials/FlattenMaterial.uasset" 3213
"../../../Engine/Content/EngineMaterials/BaseFlattenDiffuseMap.uasset" 3214
"../../../Engine/Content/EngineMaterials/BaseFlattenEmissiveMap.uasset" 3215
"../../../Engine/Content/EngineMaterials/BaseFlattenGrayscaleMap.uasset" 3216
"../../../Engine/Content/EngineMaterials/BaseFlattenLinearColor.uasset" 3217
"../../../Engine/Content/Functions/Engine_MaterialFunctions02/PivotPainter2/Black_1x1_EXR_Texture.uasset" 3218
"../../../Engine/Content/EngineMaterials/FlattenMaterial_VT.uasset" 3219
"../../../Engine/Content/EngineMaterials/BaseFlattenDiffuseMap_VT.uasset" 3220
"../../../Engine/Content/EngineMaterials/BaseFlattenEmissiveMap_VT.uasset" 3221
"../../../Engine/Content/EngineMaterials/BaseFlattenGrayscaleMap_VT.uasset" 3222
"../../../Engine/Content/EngineMaterials/BaseFlattenLinearColor_VT.uasset" 3223
"../../../Engine/Content/EngineMaterials/BaseFlattenNormalMap_VT.uasset" 3224
"../../../Engine/Content/EngineMaterials/Black_1x1_EXR_Texture_VT.uasset" 3225
"../../../Engine/Content/EngineMaterials/FlattenMaterial_WS_Normal_VT.uasset" 3226
"../../../Engine/Content/EngineMaterials/DefaultBokeh.uasset" 3227
"../../../Engine/Content/EngineMaterials/MiniFont.uasset" 3228
"../../../Engine/Content/EngineMaterials/WeightMapPlaceholderTexture.uasset" 3229
"../../../Engine/Content/EngineMaterials/WeightMapArrayPlaceholderTexture.uasset" 3230
"../../../Engine/Content/EngineMaterials/DefaultWhiteGrid.uasset" 3231
"../../../Engine/Content/EngineMaterials/PreintegratedSkinBRDF.uasset" 3232
"../../../Engine/Content/EngineMaterials/DefaultPhysicalMaterial.uasset" 3233
"../../../Engine/Content/EngineMaterials/DefaultDestructiblePhysicalMaterial.uasset" 3234
"../../Plugins/Runtime/MeshModelingToolset/Content/Materials/M_DynamicMeshComponentVtxColor.uasset" 3235
"../../../../../../24CI0433/Magic_Project/Content/VRTemplate/VFX/NPC_VRTemplate.uasset" 3236
"../../Plugins/FX/Niagara/Content/ParameterDefinitions/LightRenderer.uasset" 3237
"../../Plugins/FX/Niagara/Content/ParameterDefinitions/DecalRenderer.uasset" 3238
"../../../Engine/Content/BasicShapes/Cube.uasset" 3239
"../../../Engine/Content/BasicShapes/Cylinder.uasset" 3240
"../../../Engine/Content/BasicShapes/Cone.uasset" 3241
"../../../Engine/Content/BasicShapes/Plane.uasset" 3242
"../../../Engine/Content/EditorResources/SequenceRecorder/Countdown.uasset" 3243
"../../../Engine/Content/EditorResources/SequenceRecorder/RecordingIndicator.uasset" 3244
"../../../Engine/Content/EditorMaterials/PhAT_UnselectedMaterial.uasset" 3245
"../../../Engine/Content/EditorMaterials/PhAT_NoCollisionMaterial.uasset" 3246
"../../../Engine/Content/EditorLandscapeResources/DefaultAlphaTexture.uasset" 3247
"../../../Engine/Content/EditorResources/S_Terrain.uasset" 3248
"C:/24CI0433/Magic_Project/Intermediate/ShaderAutogen/PCD3D_SM6/AutogenShaderHeaders.ush" 3249
"C:/Users/Owner/AppData/Local/Temp/UnrealShaderWorkingDir/A6EB99F843D5C077D5441B8DE56E6D16/1/WorkerOutputOnly.out" 3250
"C:/Users/Owner/AppData/Local/Temp/UnrealShaderWorkingDir/A6EB99F843D5C077D5441B8DE56E6D16/4/WorkerOutputOnly.out" 3251
"C:/Users/Owner/AppData/Local/Temp/UnrealShaderWorkingDir/A6EB99F843D5C077D5441B8DE56E6D16/2/WorkerOutputOnly.out" 3252
"C:/Users/Owner/AppData/Local/Temp/UnrealShaderWorkingDir/A6EB99F843D5C077D5441B8DE56E6D16/0/WorkerOutputOnly.out" 3253
"C:/Users/Owner/AppData/Local/Temp/UnrealShaderWorkingDir/A6EB99F843D5C077D5441B8DE56E6D16/3/WorkerOutputOnly.out" 3254
"../../../Engine/Plugins/Interchange/Runtime/Content/Functions/MX_AnisotropicVDF.uasset" 3255
"../../../Engine/Plugins/Interchange/Runtime/Content/Functions/MX_UniformEDF.uasset" 3256
"../../../Engine/Plugins/Interchange/Runtime/Content/Functions/MX_ConicalEDF.uasset" 3257
"../../../Engine/Plugins/Animation/ControlRig/Content/Controls/ControlRigGizmoMaterial.uasset" 3258
"../../../Engine/Plugins/Interchange/Runtime/Content/Functions/MX_MeasuredEDF.uasset" 3259
"../../../Engine/Plugins/Interchange/Runtime/Content/Functions/MX_ThinFilmBSDF.uasset" 3260
"../../../Engine/Plugins/Interchange/Runtime/Content/Functions/MX_AbsorptionVDF.uasset" 3261
"../../../Engine/Plugins/Interchange/Runtime/Content/Functions/MX_SubsurfaceBSDF.uasset" 3262
"../../../Engine/Plugins/Interchange/Runtime/Content/Functions/MX_GeneralizedSchlickBSDF.uasset" 3263
"../../../Engine/Plugins/Interchange/Runtime/Content/Functions/MX_SheenBSDF.uasset" 3264
"../../../Engine/Plugins/Interchange/Runtime/Content/Functions/MX_BurleyDiffuseBSDF.uasset" 3265
"../../../Engine/Plugins/Interchange/Runtime/Content/Pipelines/DefaultGLTFSceneAssetsPipeline.uasset" 3266
"../../../Engine/Plugins/Interchange/Runtime/Content/Pipelines/DefaultSceneLevelPipeline.uasset" 3267
"../../../Engine/Plugins/Interchange/Runtime/Content/Pipelines/DefaultSceneAssetsPipeline.uasset" 3268
"../../../Engine/Plugins/Interchange/Runtime/Content/Pipelines/DefaultTexturePipeline.uasset" 3269
"../../../Engine/Plugins/Interchange/Runtime/Content/Pipelines/DefaultMaterialPipeline.uasset" 3270
"../../../Engine/Plugins/Interchange/Runtime/Content/Pipelines/DefaultGLTFPipeline.uasset" 3271
"../../../Engine/Plugins/Interchange/Runtime/Content/Pipelines/DefaultGLTFAssetsPipeline.uasset" 3272
"../../../Engine/Plugins/Interchange/Runtime/Content/Pipelines/DefaultMaterialXPipeline.uasset" 3273
"../../../Engine/Plugins/Interchange/Runtime/Content/Pipelines/DefaultAssetsPipeline.uasset" 3274
"../../../Engine/Content/EngineSounds/Master.uasset" 3275
"../../../Engine/Content/EngineMaterials/STBlueNoise_vec2_128x128x64.uasset" 3276
"../../../Engine/Content/EngineMaterials/STBlueNoise_scalar_128x128x64.uasset" 3277
"../../../Engine/Content/EngineDebugMaterials/DebugEditorMaterial.uasset" 3278
"../../../Engine/Plugins/Interchange/Runtime/Content/Functions/MX_DielectricBSDF.uasset" 3279
"../../../Engine/Content/EngineMaterials/DefaultBloomKernel.uasset" 3280
"../../../Engine/Plugins/Interchange/Runtime/Content/Functions/MX_ConductorBSDF.uasset" 3281
"../../../Engine/Plugins/Interchange/Runtime/Content/Functions/MX_UsdPreviewSurface.uasset" 3282
"../../../Engine/Plugins/Interchange/Runtime/Content/Functions/MX_SurfaceUnlit.uasset" 3283
"../../../Engine/Plugins/Interchange/Runtime/Content/Functions/MX_TranslucentBSDF.uasset" 3284
"../../../Engine/Plugins/Interchange/Runtime/Content/Functions/MX_OrenNayarBSDF.uasset" 3285
"../../../Engine/Content/EngineResources/FilmGrains/Marcie_Grain_v3_128_M2_000.uasset" 3286
"../../../Engine/Content/EditorResources/BSPVertex.uasset" 3287
"../../../Engine/Content/EngineSounds/Submixes/MasterEQEffectPreset.uasset" 3288
"../../../Engine/Plugins/Interchange/Runtime/Content/Functions/MF_SchlickApprox.uasset" 3289
"../../../Engine/Content/EngineSounds/Submixes/MasterReverbEffectPreset.uasset" 3290
"../../../Engine/Plugins/Interchange/Runtime/Content/Functions/MF_OrenNayerView.uasset" 3291
"../../../Engine/Content/EditorMaterials/PreviewShadowIndicator.uasset" 3292
"C:/24CI0433/Magic_Project/Content/Satou/SEBGM/SE/ButtonPush.uasset" 3293
"../../../Engine/Content/EngineMaterials/DefaultCalibrationGrayscale.uasset" 3294
"../../../Engine/Content/EngineMaterials/DefaultCalibrationColor.uasset" 3295
"C:/24CI0433/Magic_Project/Content/Satou/SEBGM/BGM/TutorialBGM.uasset" 3296
"../../../Engine/Content/MobileResources/HUD/VirtualJoystick_Background.uasset" 3297
"../../../Engine/Content/MobileResources/HUD/VirtualJoystick_Thumb.uasset" 3298
"C:/24CI0433/Magic_Project/Content/Satou/SEBGM/SE/Hover.uasset" 3299
"C:/24CI0433/Magic_Project/Content/Satou/SEBGM/SE/NormalMagic.uasset" 3300
"../../../Engine/Content/Maps/Entry_BuiltData.uasset" 3301
"../../../Engine/Content/Functions/Engine_MaterialFunctions01/Volumetrics/BeersLaw.uasset" 3302
"C:/24CI0433/Magic_Project/Content/Satou/SEBGM/SE/ChargeMagic.uasset" 3303
"C:/24CI0433/Magic_Project/Content/Satou/SEBGM/SE/handUp.uasset" 3304
"C:/24CI0433/Magic_Project/Content/Satou/SEBGM/SE/handDown.uasset" 3305
"C:/24CI0433/Magic_Project/Content/Satou/SEBGM/SE/GameClear2.uasset" 3306
"C:/24CI0433/Magic_Project/Content/Li/BP_Spline_Toturial.uasset" 3307
"C:/24CI0433/Magic_Project/Content/Satou/Widget/WG_Crosshair.uasset" 3308
"C:/24CI0433/Magic_Project/Content/Satou/SEBGM/BGM/HonnpenBGM.uasset" 3309
"C:/24CI0433/Magic_Project/Content/Satou/SEBGM/SE/ChargeFinish.uasset" 3310
"C:/24CI0433/Magic_Project/Content/Interface_And_Item_Sounds/WAV/Coins_05.uasset" 3311
"C:/24CI0433/Magic_Project/Content/Li/WG_Fade.uasset" 3312
"C:/24CI0433/Magic_Project/Content/Li/Sounds/Ambient_Birds_Loop_04.uasset" 3313
"C:/24CI0433/Magic_Project/Content/Li/Sounds/Ambient_Wind_Loop_1.uasset" 3314
"C:/24CI0433/Magic_Project/Content/Satou/Effect/star.uasset" 3315
"C:/24CI0433/Magic_Project/Content/Interface_And_Item_Sounds/WAV/Special_Musical_04.uasset" 3316
"C:/24CI0433/Magic_Project/Content/Li/Sounds/????????????.uasset" 3317
"C:/24CI0433/Magic_Project/Content/VRTemplate/Materials/DefaultRibbonMaterial_NoGradient.uasset" 3318
"C:/24CI0433/Magic_Project/Content/Characters/MannequinsXR/Meshes/SK_MannequinsXR.uasset" 3319
"../../../Engine/Content/VREditor/Devices/Generic/GenericHMDMaterial.uasset" 3320
"C:/24CI0433/Magic_Project/Content/Satou/KTP_Effect/Mesh/SM_FX_Potton01.uasset" 3321
"C:/24CI0433/Magic_Project/Content/Li/TargetMesh/wooden_target1v2_texture_0.uasset" 3322
"C:/24CI0433/Magic_Project/Content/Li/TargetMesh/wooden_target1v2_texture_1.uasset" 3323
"C:/24CI0433/Magic_Project/Content/Li/TargetMesh/wooden_target1v2_texture_2.uasset" 3324
"C:/24CI0433/Magic_Project/Content/Characters/MannequinsXR/Textures/Manny/T_Manny_02_MSR_MSK.uasset" 3325
"C:/24CI0433/Magic_Project/Content/Characters/MannequinsXR/Textures/Manny/T_Manny_02_N.uasset" 3326
"C:/24CI0433/Magic_Project/Content/Characters/MannequinsXR/Textures/Manny/T_Manny_02_Tan.uasset" 3327
"C:/24CI0433/Magic_Project/Content/Characters/MannequinsXR/Textures/Manny/T_Manny_02_D.uasset" 3328
"C:/24CI0433/Magic_Project/Content/Characters/MannequinsXR/Textures/Manny/T_Manny_02_ASAOPMASK_MSK.uasset" 3329
"C:/24CI0433/Magic_Project/Content/Characters/MannequinsXR/Textures/Manny/T_Manny_02_CCRCCPlastic_MSK.uasset" 3330
"C:/24CI0433/Magic_Project/Content/Characters/MannequinsXR/Textures/Manny/T_Manny_02_BN.uasset" 3331
"C:/24CI0433/Magic_Project/Content/Satou/KTP_Effect/Textures/PublicTextures/T_Aura_01.uasset" 3332
"C:/24CI0433/Magic_Project/Content/Satou/KTP_Effect/Textures/T_bottom02_5.uasset" 3333
"C:/24CI0433/Magic_Project/Content/Satou/KTP_Effect/Textures/PublicTextures/T_Aura_02.uasset" 3334
"C:/24CI0433/Magic_Project/Content/Satou/KTP_Effect/Textures/PublicTextures/T_Mask.uasset" 3335
"C:/24CI0433/Magic_Project/Content/Satou/KTP_Effect/Textures/PublicTextures/T_Aura_06.uasset" 3336
"C:/24CI0433/Magic_Project/Content/Satou/KTP_Effect/Textures/PublicTextures/T_Aura_04.uasset" 3337
"C:/24CI0433/Magic_Project/Content/Satou/KTP_Effect/Textures/PublicTextures/T_Noise.uasset" 3338
"C:/24CI0433/Magic_Project/Content/Satou/KTP_Effect/Textures/PublicTextures/T_Glow.uasset" 3339
"../../../Engine/Content/Animation/DefaultAnimCurveCompressionSettings.uasset" 3340
"C:/24CI0433/Magic_Project/Content/Characters/MannequinsXR/Textures/Manny/T_Manny_01_BN.uasset" 3341
"C:/24CI0433/Magic_Project/Content/Characters/MannequinsXR/Textures/Manny/T_Manny_01_ASAOPMASK_MSK.uasset" 3342
"../../../../../../24CI0433/Magic_Project/Content/Interface_And_Item_Sounds/WAV/Coins_05.uasset" 3343
"C:/24CI0433/Magic_Project/Content/Characters/MannequinsXR/Textures/Manny/T_Manny_01_D.uasset" 3344
"C:/24CI0433/Magic_Project/Content/Characters/MannequinsXR/Textures/Manny/T_Manny_01_Tan.uasset" 3345
"C:/24CI0433/Magic_Project/Content/Characters/MannequinsXR/Textures/Manny/T_Manny_01_N.uasset" 3346
"C:/24CI0433/Magic_Project/Content/Characters/MannequinsXR/Textures/Manny/T_Manny_01_MSR_MSK.uasset" 3347
"C:/24CI0433/Magic_Project/Content/Characters/MannequinsXR/Textures/Manny/T_Manny_01_CCRCCPlastic_MSK.uasset" 3348
"../../../../../../24CI0433/Magic_Project/Content/Interface_And_Item_Sounds/WAV/Special_Musical_04.uasset" 3349
"C:/24CI0433/Magic_Project/Content/Characters/MannequinsXR/Materials/Functions/ML_BaseColorFallOff.uasset" 3350
"C:/24CI0433/Magic_Project/Content/Characters/MannequinsXR/Materials/Functions/ChromaticCurve.uasset" 3351
"C:/24CI0433/Magic_Project/Content/Characters/MannequinsXR/Textures/Shared/T_UE_Logo_M.uasset" 3352
"../../../Engine/Content/Functions/Engine_MaterialFunctions01/Texturing/ScaleUVsByCenter.uasset" 3353
"../../../Engine/Content/EngineMaterials/PPM_DefaultCalibrationGrayscale.uasset" 3354
"../../../Engine/Content/EngineMaterials/PPM_DefaultCalibrationColor.uasset" 3355
"../../../Engine/Content/MobileResources/HUD/DefaultVirtualJoysticks.uasset" 3356
"../../../Engine/Plugins/Interchange/Runtime/Content/Functions/MX_Surface.uasset" 3357
"../../../Engine/Content/EngineMaterials/Substrate/Volume/SubstrateSimpleVolumeEnvLUT3D.uasset" 3358
"../../../Engine/Content/EngineMaterials/Substrate/Volume/SubstrateSimpleVolumeLUT3D.uasset" 3359
"../../../Engine/Content/EditorMaterials/PreviewShadowIndicatorMaterial.uasset" 3360
"C:/24CI0433/Magic_Project/Content/Satou/Blueprints/MagicGameInstnace.uasset" 3361
"C:/24CI0433/Magic_Project/Content/Satou/SEBGM/SE/SC_ButtonPush.uasset" 3362
"C:/24CI0433/Magic_Project/Content/Interface_And_Item_Sounds/Cues/Coins_05_Cue.uasset" 3363
"C:/24CI0433/Magic_Project/Content/Satou/Effect/M_Star.uasset" 3364
"C:/24CI0433/Magic_Project/Content/Interface_And_Item_Sounds/Cues/Special_Musical_04_Cue.uasset" 3365
"C:/24CI0433/Magic_Project/Content/Li/Sounds/SC_OutMagicZone.uasset" 3366
"C:/24CI0433/Magic_Project/Content/Characters/MannequinsXR/Animations/MDT_MannequinsXR.uasset" 3367
"../../../Engine/Content/VREditor/Devices/Generic/GenericHMD.uasset" 3368
"C:/24CI0433/Magic_Project/Content/Satou/KTP_Effect/Materials/PublicMaterials/M_FX_Aura.uasset" 3369
"C:/24CI0433/Magic_Project/Content/Satou/KTP_Effect/Materials/PublicMaterials/M_FX_Glow_fly07.uasset" 3370
"C:/24CI0433/Magic_Project/Content/Characters/MannequinsXR/Animations/A_MannequinsXR_Idle_Right.uasset" 3371
"C:/24CI0433/Magic_Project/Content/Characters/MannequinsXR/Animations/A_MannequinsXR_ThumbUp_Right.uasset" 3372
"C:/24CI0433/Magic_Project/Content/Characters/MannequinsXR/Animations/A_MannequinsXR_Point_Right.uasset" 3373
"C:/24CI0433/Magic_Project/Content/Characters/MannequinsXR/Animations/A_MannequinsXR_Grasp_Right.uasset" 3374
"C:/24CI0433/Magic_Project/Content/Characters/MannequinsXR/Animations/A_MannequinsXR_IndexCurl_Right.uasset" 3375
"C:/24CI0433/Magic_Project/Content/Characters/MannequinsXR/Materials/Functions/CA_Mannequin.uasset" 3376
"C:/24CI0433/Magic_Project/Content/Satou/KTP_Effect/Materials/M_botton02_7.uasset" 3377
"C:/24CI0433/Magic_Project/Content/Satou/KTP_Effect/Materials/PublicMaterials/M_FX_Aura_bt01.uasset" 3378
"C:/24CI0433/Magic_Project/Content/Satou/KTP_Effect/Materials/PublicMaterials/M_fire01_bt02.uasset" 3379
"C:/24CI0433/Magic_Project/Content/Characters/MannequinsXR/Materials/Functions/MF_logo3layers.uasset" 3380
"../../../Engine/Content/EngineMaterials/Substrate/GLints2/AGlintTex2dArray2.uasset" 3381
"../../../Engine/Content/EngineMaterials/Substrate/GLints/AGlintTex2dArray.uasset" 3382
"../../../Engine/Plugins/Interchange/Runtime/Content/Functions/MX_Transmission.uasset" 3383
"../../../Engine/Plugins/Interchange/Runtime/Content/Functions/MX_StandardSurface.uasset" 3384
"../../../Engine/Content/Functions/MaterialLayerFunctions/MatLayerBlend_OverrideOpacity.uasset" 3385
"../../../Engine/Content/EngineMaterials/Substrate/Volume/SubstrateSimpleVolumeEnvLUT2D.uasset" 3386
"../../../Engine/Content/EngineMaterials/Substrate/Volume/SubstrateSimpleVolumeLUT2D.uasset" 3387
"../../../Engine/Content/EngineMaterials/Substrate/Glints2/dict_0000_0000.uasset" 3388
"../../../Engine/Content/EngineMaterials/Substrate/Glints2/dict_0000_0001.uasset" 3389
"../../../Engine/Content/EngineMaterials/Substrate/Glints2/dict_0000_0002.uasset" 3390
"../../../Engine/Content/Maps/Entry.umap" 3391
"../../../Engine/Content/EngineMaterials/Substrate/Glints2/dict_0000_0003.uasset" 3392
"../../../Engine/Plugins/Animation/ControlRig/Content/Controls/ControlRig_Wedge_solid.uasset" 3393
"../../../Engine/Plugins/Animation/ControlRig/Content/Controls/ControlRig_Wedge_1mm.uasset" 3394
"../../../Engine/Plugins/Animation/ControlRig/Content/Controls/ControlRig_Wedge_3mm.uasset" 3395
"../../../Engine/Plugins/Animation/ControlRig/Content/Controls/ControlRig_Triangle_3mm.uasset" 3396
"../../../Engine/Plugins/Animation/ControlRig/Content/Controls/ControlRig_Triangle_1mm.uasset" 3397
"../../../Engine/Content/EngineMaterials/Substrate/Glints2/dict_0000_0004.uasset" 3398
"../../../Engine/Plugins/Animation/ControlRig/Content/Controls/ControlRig_Triangle_solid.uasset" 3399
"../../../Engine/Content/EngineMaterials/Substrate/Glints2/dict_0000_0005.uasset" 3400
"../../../Engine/Content/EngineMaterials/Substrate/Glints2/dict_0000_0006.uasset" 3401
"../../../Engine/Content/EngineMaterials/Substrate/Glints2/dict_0000_0007.uasset" 3402
"../../../Engine/Content/EngineMaterials/Substrate/Glints2/dict_0000_0008.uasset" 3403
"../../../Engine/Content/EngineMaterials/Substrate/Glints2/dict_0000_0009.uasset" 3404
"../../../Engine/Content/EngineMaterials/Substrate/Glints2/dict_0000_0010.uasset" 3405
"../../../Engine/Content/EngineMaterials/Substrate/Glints2/dict_0000_0011.uasset" 3406
"../../../Engine/Content/EngineMaterials/Substrate/Glints2/dict_0000_0012.uasset" 3407
"../../../Engine/Content/EngineMaterials/Substrate/Glints2/dict_0000_0013.uasset" 3408
"../../../Engine/Content/EngineMaterials/Substrate/Glints2/dict_0000_0014.uasset" 3409
"../../../Engine/Content/EngineMaterials/Substrate/Glints2/dict_0000_0015.uasset" 3410
"../../../Engine/Content/EngineMaterials/Substrate/Glints2/dict_0000_0016.uasset" 3411
"../../../Engine/Content/EngineMaterials/Substrate/Glints2/dict_0000_0017.uasset" 3412
"../../../Engine/Content/EngineMaterials/Substrate/Glints2/dict_0000_0018.uasset" 3413
"../../../Engine/Content/EngineMaterials/Substrate/Glints2/dict_0000_0019.uasset" 3414
"../../../Engine/Content/EngineMaterials/Substrate/Glints2/dict_0000_0020.uasset" 3415
"../../../Engine/Content/EngineMaterials/Substrate/Glints2/dict_0000_0021.uasset" 3416
"../../../Engine/Content/EngineMaterials/Substrate/Glints2/dict_0000_0022.uasset" 3417
"../../../Engine/Content/EngineMaterials/Substrate/Glints2/dict_0000_0023.uasset" 3418
"../../../Engine/Content/EngineMaterials/Substrate/Glints2/dict_0000_0024.uasset" 3419
"../../../Engine/Content/EngineMaterials/Substrate/Glints2/dict_0000_0025.uasset" 3420
"../../../Engine/Content/EngineMaterials/Substrate/Glints2/dict_0000_0026.uasset" 3421
"../../../Engine/Content/EngineMaterials/Substrate/Glints2/dict_0000_0027.uasset" 3422
"../../../Engine/Content/EngineMaterials/Substrate/Glints2/dict_0000_0028.uasset" 3423
"../../../Engine/Content/EngineMaterials/Substrate/Glints2/dict_0000_0029.uasset" 3424
"../../../Engine/Content/EngineMaterials/Substrate/Glints2/dict_0000_0030.uasset" 3425
"../../../Engine/Content/EngineMaterials/Substrate/Glints2/dict_0000_0031.uasset" 3426
"../../../Engine/Content/EngineMaterials/Substrate/Glints2/dict_0000_0032.uasset" 3427
"../../../Engine/Content/EngineMaterials/Substrate/Glints2/dict_0000_0033.uasset" 3428
"../../../Engine/Content/EngineMaterials/Substrate/Glints2/dict_0000_0034.uasset" 3429
"../../../Engine/Content/EngineMaterials/Substrate/Glints2/dict_0000_0035.uasset" 3430
"../../../Engine/Content/EngineMaterials/Substrate/Glints2/dict_0000_0036.uasset" 3431
"../../../Engine/Content/EngineMaterials/Substrate/Glints2/dict_0000_0037.uasset" 3432
"../../../Engine/Content/EngineMaterials/Substrate/Glints2/dict_0000_0038.uasset" 3433
"../../../Engine/Content/EngineMaterials/Substrate/Glints2/dict_0000_0039.uasset" 3434
"../../../Engine/Content/EngineMaterials/Substrate/Glints2/dict_0000_0040.uasset" 3435
"../../../Engine/Content/EngineMaterials/Substrate/Glints2/dict_0000_0041.uasset" 3436
"../../../Engine/Content/EngineMaterials/Substrate/Glints2/dict_0000_0042.uasset" 3437
"../../../Engine/Content/EngineMaterials/Substrate/Glints2/dict_0000_0043.uasset" 3438
"../../../Engine/Content/EngineMaterials/Substrate/Glints2/dict_0000_0044.uasset" 3439
"../../../Engine/Content/EngineMaterials/Substrate/Glints2/dict_0000_0045.uasset" 3440
"../../../Engine/Content/EngineMaterials/Substrate/Glints2/dict_0000_0046.uasset" 3441
"../../../Engine/Content/EngineMaterials/Substrate/Glints2/dict_0000_0047.uasset" 3442
"../../../Engine/Content/EngineMaterials/Substrate/Glints2/dict_0000_0048.uasset" 3443
"../../../Engine/Content/EngineMaterials/Substrate/Glints2/dict_0000_0049.uasset" 3444
"../../../Engine/Content/EngineMaterials/Substrate/Glints2/dict_0000_0050.uasset" 3445
"../../../Engine/Content/EngineMaterials/Substrate/Glints2/dict_0000_0051.uasset" 3446
"../../../Engine/Content/EngineMaterials/Substrate/Glints2/dict_0000_0052.uasset" 3447
"../../../Engine/Content/EngineMaterials/Substrate/Glints2/dict_0000_0053.uasset" 3448
"../../../Engine/Content/EngineMaterials/Substrate/Glints2/dict_0000_0054.uasset" 3449
"../../../Engine/Content/EngineMaterials/Substrate/Glints2/dict_0000_0055.uasset" 3450
"../../../Engine/Content/EngineMaterials/Substrate/Glints2/dict_0000_0056.uasset" 3451
"../../../Engine/Content/EngineMaterials/Substrate/Glints2/dict_0000_0057.uasset" 3452
"../../../Engine/Content/EngineMaterials/Substrate/Glints2/dict_0000_0058.uasset" 3453
"../../../Engine/Content/EngineMaterials/Substrate/Glints2/dict_0000_0059.uasset" 3454
"../../../Engine/Content/EngineMaterials/Substrate/Glints2/dict_0000_0060.uasset" 3455
"../../../Engine/Content/EngineMaterials/Substrate/Glints2/dict_0000_0061.uasset" 3456
"../../../Engine/Content/EngineMaterials/Substrate/Glints2/dict_0000_0062.uasset" 3457
"../../../Engine/Content/EngineMaterials/Substrate/Glints2/dict_0000_0063.uasset" 3458
"../../../Engine/Content/EngineMaterials/Substrate/Glints2/dict_0000_0064.uasset" 3459
"../../../Engine/Content/EngineMaterials/Substrate/Glints2/dict_0000_0065.uasset" 3460
"../../../Engine/Content/EngineMaterials/Substrate/Glints2/dict_0000_0066.uasset" 3461
"../../../Engine/Content/EngineMaterials/Substrate/Glints2/dict_0000_0067.uasset" 3462
"../../../Engine/Content/EngineMaterials/Substrate/Glints2/dict_0000_0068.uasset" 3463
"../../../Engine/Content/EngineMaterials/Substrate/Glints2/dict_0000_0069.uasset" 3464
"../../../Engine/Content/EngineMaterials/Substrate/Glints2/dict_0000_0070.uasset" 3465
"../../../Engine/Content/EngineMaterials/Substrate/Glints2/dict_0000_0071.uasset" 3466
"../../../Engine/Content/EngineMaterials/Substrate/Glints2/dict_0000_0072.uasset" 3467
"../../../Engine/Content/EngineMaterials/Substrate/Glints2/dict_0000_0073.uasset" 3468
"../../../Engine/Content/EngineMaterials/Substrate/Glints2/dict_0000_0074.uasset" 3469
"../../../Engine/Content/EngineMaterials/Substrate/Glints2/dict_0000_0075.uasset" 3470
"../../../Engine/Content/EngineMaterials/Substrate/Glints2/dict_0000_0076.uasset" 3471
"../../../Engine/Content/EngineMaterials/Substrate/Glints2/dict_0000_0077.uasset" 3472
"../../../Engine/Content/EngineMaterials/Substrate/Glints2/dict_0000_0078.uasset" 3473
"../../../Engine/Content/EngineMaterials/Substrate/Glints2/dict_0000_0079.uasset" 3474
"../../../Engine/Content/EngineMaterials/Substrate/Glints2/dict_0000_0080.uasset" 3475
"../../../Engine/Content/EngineMaterials/Substrate/Glints2/dict_0000_0081.uasset" 3476
"../../../Engine/Content/EngineMaterials/Substrate/Glints2/dict_0000_0082.uasset" 3477
"../../../Engine/Content/EngineMaterials/Substrate/Glints2/dict_0000_0083.uasset" 3478
"../../../Engine/Content/EngineMaterials/Substrate/Glints2/dict_0000_0084.uasset" 3479
"../../../Engine/Content/EngineMaterials/Substrate/Glints2/dict_0000_0085.uasset" 3480
"../../../Engine/Content/EngineMaterials/Substrate/Glints2/dict_0000_0086.uasset" 3481
"../../../Engine/Content/EngineMaterials/Substrate/Glints2/dict_0000_0087.uasset" 3482
"../../../Engine/Content/EngineMaterials/Substrate/Glints2/dict_0000_0088.uasset" 3483
"../../../Engine/Content/EngineMaterials/Substrate/Glints2/dict_0000_0089.uasset" 3484
"../../../Engine/Content/EngineMaterials/Substrate/Glints2/dict_0000_0090.uasset" 3485
"../../../Engine/Content/EngineMaterials/Substrate/Glints2/dict_0000_0091.uasset" 3486
"../../../Engine/Content/EngineMaterials/Substrate/Glints2/dict_0000_0092.uasset" 3487
"../../../Engine/Content/EngineMaterials/Substrate/Glints2/dict_0000_0093.uasset" 3488
"../../../Engine/Content/EngineMaterials/Substrate/Glints2/dict_0000_0094.uasset" 3489
"../../../Engine/Content/EngineMaterials/Substrate/Glints2/dict_0000_0095.uasset" 3490
"../../../Engine/Content/EngineMaterials/Substrate/Glints2/dict_0000_0096.uasset" 3491
"../../../Engine/Content/EngineMaterials/Substrate/Glints2/dict_0000_0097.uasset" 3492
"../../../Engine/Content/EngineMaterials/Substrate/Glints2/dict_0000_0098.uasset" 3493
"../../../Engine/Content/EngineMaterials/Substrate/Glints2/dict_0000_0099.uasset" 3494
"../../../Engine/Content/EngineMaterials/Substrate/Glints2/dict_0000_0100.uasset" 3495
"../../../Engine/Content/EngineMaterials/Substrate/Glints2/dict_0000_0101.uasset" 3496
"../../../Engine/Content/EngineMaterials/Substrate/Glints2/dict_0000_0102.uasset" 3497
"../../../Engine/Content/EngineMaterials/Substrate/Glints2/dict_0000_0103.uasset" 3498
"../../../Engine/Content/EngineMaterials/Substrate/Glints2/dict_0000_0104.uasset" 3499
"../../../Engine/Content/EngineMaterials/Substrate/Glints2/dict_0000_0105.uasset" 3500
"../../../Engine/Content/EngineMaterials/Substrate/Glints2/dict_0000_0106.uasset" 3501
"../../../Engine/Content/EngineMaterials/Substrate/Glints2/dict_0000_0107.uasset" 3502
"../../../Engine/Content/EngineMaterials/Substrate/Glints2/dict_0000_0108.uasset" 3503
"../../../Engine/Content/EngineMaterials/Substrate/Glints2/dict_0000_0109.uasset" 3504
"../../../Engine/Content/EngineMaterials/Substrate/Glints2/dict_0000_0110.uasset" 3505
"../../../Engine/Content/EngineMaterials/Substrate/Glints2/dict_0000_0111.uasset" 3506
"../../../Engine/Content/EngineMaterials/Substrate/Glints2/dict_0000_0112.uasset" 3507
"../../../Engine/Content/EngineMaterials/Substrate/Glints2/dict_0000_0113.uasset" 3508
"../../../Engine/Content/EngineMaterials/Substrate/Glints2/dict_0000_0114.uasset" 3509
"../../../Engine/Content/EngineMaterials/Substrate/Glints2/dict_0000_0115.uasset" 3510
"../../../Engine/Content/EngineMaterials/Substrate/Glints2/dict_0000_0116.uasset" 3511
"../../../Engine/Content/EngineMaterials/Substrate/Glints2/dict_0000_0117.uasset" 3512
"../../../Engine/Content/EngineMaterials/Substrate/Glints2/dict_0000_0118.uasset" 3513
"../../../Engine/Content/EngineMaterials/Substrate/Glints2/dict_0000_0119.uasset" 3514
"../../../Engine/Content/EngineMaterials/Substrate/Glints2/dict_0000_0120.uasset" 3515
"../../../Engine/Content/EngineMaterials/Substrate/Glints2/dict_0000_0121.uasset" 3516
"../../../Engine/Content/EngineMaterials/Substrate/Glints2/dict_0000_0122.uasset" 3517
"../../../Engine/Content/EngineMaterials/Substrate/Glints2/dict_0000_0123.uasset" 3518
"../../../Engine/Content/EngineMaterials/Substrate/Glints2/dict_0000_0124.uasset" 3519
"../../../Engine/Content/EngineMaterials/Substrate/Glints2/dict_0000_0125.uasset" 3520
"../../../Engine/Content/EngineMaterials/Substrate/Glints2/dict_0000_0126.uasset" 3521
"../../../Engine/Content/EngineMaterials/Substrate/Glints2/dict_0000_0127.uasset" 3522
"../../../Engine/Content/EngineMaterials/Substrate/Glints2/dict_0000_0128.uasset" 3523
"../../../Engine/Content/EngineMaterials/Substrate/Glints2/dict_0000_0129.uasset" 3524
"../../../Engine/Content/EngineMaterials/Substrate/Glints2/dict_0000_0130.uasset" 3525
"../../../Engine/Content/EngineMaterials/Substrate/Glints2/dict_0000_0131.uasset" 3526
"../../../Engine/Content/EngineMaterials/Substrate/Glints2/dict_0000_0132.uasset" 3527
"../../../Engine/Content/EngineMaterials/Substrate/Glints2/dict_0000_0133.uasset" 3528
"../../../Engine/Content/EngineMaterials/Substrate/Glints2/dict_0000_0134.uasset" 3529
"../../../Engine/Content/EngineMaterials/Substrate/Glints2/dict_0000_0135.uasset" 3530
"../../../Engine/Content/EngineMaterials/Substrate/Glints2/dict_0000_0136.uasset" 3531
"../../../Engine/Content/EngineMaterials/Substrate/Glints2/dict_0000_0137.uasset" 3532
"../../../Engine/Content/EngineMaterials/Substrate/Glints2/dict_0000_0138.uasset" 3533
"../../../Engine/Content/EngineMaterials/Substrate/Glints2/dict_0000_0139.uasset" 3534
"../../../Engine/Content/EngineMaterials/Substrate/Glints2/dict_0000_0140.uasset" 3535
"../../../Engine/Content/EngineMaterials/Substrate/Glints2/dict_0000_0141.uasset" 3536
"../../../Engine/Content/EngineMaterials/Substrate/Glints2/dict_0000_0142.uasset" 3537
"../../../Engine/Content/EngineMaterials/Substrate/Glints2/dict_0000_0143.uasset" 3538
"../../../Engine/Content/EngineMaterials/Substrate/Glints2/dict_0000_0144.uasset" 3539
"../../../Engine/Content/EngineMaterials/Substrate/Glints2/dict_0000_0145.uasset" 3540
"../../../Engine/Content/EngineMaterials/Substrate/Glints2/dict_0000_0146.uasset" 3541
"../../../Engine/Content/EngineMaterials/Substrate/Glints2/dict_0000_0147.uasset" 3542
"../../../Engine/Content/EngineMaterials/Substrate/Glints2/dict_0000_0148.uasset" 3543
"../../../Engine/Content/EngineMaterials/Substrate/Glints2/dict_0000_0149.uasset" 3544
"../../../Engine/Content/EngineMaterials/Substrate/Glints2/dict_0000_0150.uasset" 3545
"../../../Engine/Content/EngineMaterials/Substrate/Glints2/dict_0000_0151.uasset" 3546
"../../../Engine/Content/EngineMaterials/Substrate/Glints2/dict_0000_0152.uasset" 3547
"../../../Engine/Content/EngineMaterials/Substrate/Glints2/dict_0000_0153.uasset" 3548
"../../../Engine/Content/EngineMaterials/Substrate/Glints2/dict_0000_0154.uasset" 3549
"../../../Engine/Content/EngineMaterials/Substrate/Glints2/dict_0000_0155.uasset" 3550
"../../../Engine/Content/EngineMaterials/Substrate/Glints2/dict_0000_0156.uasset" 3551
"../../../Engine/Content/EngineMaterials/Substrate/Glints2/dict_0000_0157.uasset" 3552
"../../../Engine/Content/EngineMaterials/Substrate/Glints2/dict_0000_0158.uasset" 3553
"../../../Engine/Content/EngineMaterials/Substrate/Glints2/dict_0000_0159.uasset" 3554
"../../../Engine/Content/EngineMaterials/Substrate/Glints2/dict_0000_0160.uasset" 3555
"../../../Engine/Content/EngineMaterials/Substrate/Glints2/dict_0000_0161.uasset" 3556
"../../../Engine/Content/EngineMaterials/Substrate/Glints2/dict_0000_0162.uasset" 3557
"../../../Engine/Content/EngineMaterials/Substrate/Glints2/dict_0000_0163.uasset" 3558
"../../../Engine/Content/EngineMaterials/Substrate/Glints2/dict_0000_0164.uasset" 3559
"../../../Engine/Content/EngineMaterials/Substrate/Glints2/dict_0000_0165.uasset" 3560
"../../../Engine/Content/EngineMaterials/Substrate/Glints2/dict_0000_0166.uasset" 3561
"../../../Engine/Content/EngineMaterials/Substrate/Glints2/dict_0000_0167.uasset" 3562
"../../../Engine/Content/EngineMaterials/Substrate/Glints2/dict_0000_0168.uasset" 3563
"../../../Engine/Content/EngineMaterials/Substrate/Glints2/dict_0000_0169.uasset" 3564
"../../../Engine/Content/EngineMaterials/Substrate/Glints2/dict_0000_0170.uasset" 3565
"../../../Engine/Content/EngineMaterials/Substrate/Glints2/dict_0000_0171.uasset" 3566
"../../../Engine/Content/EngineMaterials/Substrate/Glints2/dict_0000_0172.uasset" 3567
"../../../Engine/Content/EngineMaterials/Substrate/Glints2/dict_0000_0173.uasset" 3568
"../../../Engine/Content/EngineMaterials/Substrate/Glints2/dict_0000_0174.uasset" 3569
"../../../Engine/Content/EngineMaterials/Substrate/Glints2/dict_0000_0175.uasset" 3570
"../../../Engine/Content/EngineMaterials/Substrate/Glints2/dict_0000_0176.uasset" 3571
"../../../Engine/Content/EngineMaterials/Substrate/Glints2/dict_0000_0177.uasset" 3572
"../../../Engine/Content/EngineMaterials/Substrate/Glints2/dict_0000_0178.uasset" 3573
"../../../Engine/Content/EngineMaterials/Substrate/Glints2/dict_0000_0179.uasset" 3574
"../../../Engine/Content/EngineMaterials/Substrate/Glints2/dict_0000_0180.uasset" 3575
"../../../Engine/Content/EngineMaterials/Substrate/Glints2/dict_0000_0181.uasset" 3576
"../../../Engine/Content/EngineMaterials/Substrate/Glints2/dict_0000_0182.uasset" 3577
"../../../Engine/Content/EngineMaterials/Substrate/Glints2/dict_0000_0183.uasset" 3578
"../../../Engine/Content/EngineMaterials/Substrate/Glints2/dict_0000_0184.uasset" 3579
"../../../Engine/Content/EngineMaterials/Substrate/Glints2/dict_0000_0185.uasset" 3580
"../../../Engine/Content/EngineMaterials/Substrate/Glints2/dict_0000_0186.uasset" 3581
"../../../Engine/Content/EngineMaterials/Substrate/Glints2/dict_0000_0187.uasset" 3582
"../../../Engine/Content/EngineMaterials/Substrate/Glints2/dict_0000_0188.uasset" 3583
"../../../Engine/Content/EngineMaterials/Substrate/Glints2/dict_0000_0189.uasset" 3584
"../../../Engine/Content/EngineMaterials/Substrate/Glints2/dict_0000_0190.uasset" 3585
"../../../Engine/Content/EngineMaterials/Substrate/Glints2/dict_0000_0191.uasset" 3586
"../../../Engine/Content/EngineMaterials/Substrate/Glints2/dict_0000_0192.uasset" 3587
"../../../Engine/Content/EngineMaterials/Substrate/Glints2/dict_0000_0193.uasset" 3588
"../../../Engine/Content/EngineMaterials/Substrate/Glints2/dict_0000_0194.uasset" 3589
"../../../Engine/Content/EngineMaterials/Substrate/Glints2/dict_0000_0195.uasset" 3590
"../../../Engine/Content/EngineMaterials/Substrate/Glints2/dict_0000_0196.uasset" 3591
"../../../Engine/Content/EngineMaterials/Substrate/Glints2/dict_0000_0197.uasset" 3592
"../../../Engine/Content/EngineMaterials/Substrate/Glints2/dict_0000_0198.uasset" 3593
"../../../Engine/Content/EngineMaterials/Substrate/Glints2/dict_0000_0199.uasset" 3594
"../../../Engine/Content/EngineMaterials/Substrate/Glints2/dict_0000_0200.uasset" 3595
"../../../Engine/Content/EngineMaterials/Substrate/Glints2/dict_0000_0201.uasset" 3596
"../../../Engine/Content/EngineMaterials/Substrate/Glints2/dict_0000_0202.uasset" 3597
"../../../Engine/Content/EngineMaterials/Substrate/Glints2/dict_0000_0203.uasset" 3598
"../../../Engine/Content/EngineMaterials/Substrate/Glints2/dict_0000_0204.uasset" 3599
"../../../Engine/Content/EngineMaterials/Substrate/Glints2/dict_0000_0205.uasset" 3600
"../../../Engine/Content/EngineMaterials/Substrate/Glints2/dict_0000_0206.uasset" 3601
"../../../Engine/Content/EngineMaterials/Substrate/Glints2/dict_0000_0207.uasset" 3602
"../../../Engine/Content/EngineMaterials/Substrate/Glints2/dict_0000_0208.uasset" 3603
"../../../Engine/Content/EngineMaterials/Substrate/Glints2/dict_0000_0209.uasset" 3604
"../../../Engine/Content/EngineMaterials/Substrate/Glints2/dict_0000_0210.uasset" 3605
"../../../Engine/Content/EngineMaterials/Substrate/Glints2/dict_0000_0211.uasset" 3606
"../../../Engine/Content/EngineMaterials/Substrate/Glints2/dict_0000_0212.uasset" 3607
"../../../Engine/Content/EngineMaterials/Substrate/Glints2/dict_0000_0213.uasset" 3608
"../../../Engine/Content/EngineMaterials/Substrate/Glints2/dict_0000_0214.uasset" 3609
"../../../Engine/Content/EngineMaterials/Substrate/Glints2/dict_0000_0215.uasset" 3610
"../../../Engine/Content/EngineMaterials/Substrate/Glints2/dict_0000_0216.uasset" 3611
"../../../Engine/Content/EngineMaterials/Substrate/Glints2/dict_0000_0217.uasset" 3612
"../../../Engine/Content/EngineMaterials/Substrate/Glints2/dict_0000_0218.uasset" 3613
"../../../Engine/Content/EngineMaterials/Substrate/Glints2/dict_0000_0219.uasset" 3614
"../../../Engine/Content/EngineMaterials/Substrate/Glints2/dict_0000_0220.uasset" 3615
"../../../Engine/Content/EngineMaterials/Substrate/Glints2/dict_0000_0221.uasset" 3616
"../../../Engine/Content/EngineMaterials/Substrate/Glints2/dict_0000_0222.uasset" 3617
"../../../Engine/Content/EngineMaterials/Substrate/Glints2/dict_0000_0223.uasset" 3618
"../../../Engine/Content/EngineMaterials/Substrate/Glints2/dict_0000_0224.uasset" 3619
"../../../Engine/Content/EngineMaterials/Substrate/Glints2/dict_0000_0225.uasset" 3620
"../../../Engine/Content/EngineMaterials/Substrate/Glints2/dict_0000_0226.uasset" 3621
"../../../Engine/Content/EngineMaterials/Substrate/Glints2/dict_0000_0227.uasset" 3622
"../../../Engine/Content/EngineMaterials/Substrate/Glints2/dict_0000_0228.uasset" 3623
"../../../Engine/Content/EngineMaterials/Substrate/Glints2/dict_0000_0229.uasset" 3624
"../../../Engine/Content/EngineMaterials/Substrate/Glints2/dict_0000_0230.uasset" 3625
"../../../Engine/Content/EngineMaterials/Substrate/Glints2/dict_0000_0231.uasset" 3626
"../../../Engine/Content/EngineMaterials/Substrate/Glints2/dict_0000_0232.uasset" 3627
"../../../Engine/Content/EngineMaterials/Substrate/Glints2/dict_0000_0233.uasset" 3628
"../../../Engine/Content/EngineMaterials/Substrate/Glints2/dict_0000_0234.uasset" 3629
"../../../Engine/Content/EngineMaterials/Substrate/Glints2/dict_0000_0235.uasset" 3630
"../../../Engine/Content/EngineMaterials/Substrate/Glints2/dict_0000_0236.uasset" 3631
"../../../Engine/Content/EngineMaterials/Substrate/Glints2/dict_0000_0237.uasset" 3632
"../../../Engine/Content/EngineMaterials/Substrate/Glints2/dict_0000_0238.uasset" 3633
"../../../Engine/Content/EngineMaterials/Substrate/Glints2/dict_0000_0239.uasset" 3634
"../../../Engine/Content/EngineMaterials/Substrate/Glints2/dict_0000_0240.uasset" 3635
"../../../Engine/Content/EngineMaterials/Substrate/Glints2/dict_0000_0241.uasset" 3636
"../../../Engine/Content/EngineMaterials/Substrate/Glints2/dict_0000_0242.uasset" 3637
"../../../Engine/Content/EngineMaterials/Substrate/Glints2/dict_0000_0243.uasset" 3638
"../../../Engine/Content/EngineMaterials/Substrate/Glints2/dict_0000_0244.uasset" 3639
"../../../Engine/Content/EngineMaterials/Substrate/Glints2/dict_0000_0245.uasset" 3640
"../../../Engine/Content/EngineMaterials/Substrate/Glints2/dict_0000_0246.uasset" 3641
"../../../Engine/Content/EngineMaterials/Substrate/Glints2/dict_0000_0247.uasset" 3642
"../../../Engine/Content/EngineMaterials/Substrate/Glints2/dict_0000_0248.uasset" 3643
"../../../Engine/Content/EngineMaterials/Substrate/Glints2/dict_0000_0249.uasset" 3644
"../../../Engine/Content/EngineMaterials/Substrate/Glints2/dict_0000_0250.uasset" 3645
"../../../Engine/Content/EngineMaterials/Substrate/Glints2/dict_0000_0251.uasset" 3646
"../../../Engine/Content/EngineMaterials/Substrate/Glints2/dict_0000_0252.uasset" 3647
"../../../Engine/Content/EngineMaterials/Substrate/Glints2/dict_0000_0253.uasset" 3648
"../../../Engine/Content/EngineMaterials/Substrate/Glints2/dict_0000_0254.uasset" 3649
"../../../Engine/Content/EngineMaterials/Substrate/Glints2/dict_0000_0255.uasset" 3650
"../../../Engine/Content/EngineMaterials/Substrate/Glints2/dict_0001_0000.uasset" 3651
"../../../Engine/Content/EngineMaterials/Substrate/Glints2/dict_0001_0001.uasset" 3652
"../../../Engine/Content/EngineMaterials/Substrate/Glints2/dict_0001_0002.uasset" 3653
"../../../Engine/Content/EngineMaterials/Substrate/Glints2/dict_0001_0003.uasset" 3654
"../../../Engine/Content/EngineMaterials/Substrate/Glints2/dict_0001_0004.uasset" 3655
"../../../Engine/Content/EngineMaterials/Substrate/Glints2/dict_0001_0005.uasset" 3656
"../../../Engine/Content/EngineMaterials/Substrate/Glints2/dict_0001_0006.uasset" 3657
"../../../Engine/Content/EngineMaterials/Substrate/Glints2/dict_0001_0007.uasset" 3658
"../../../Engine/Content/EngineMaterials/Substrate/Glints2/dict_0001_0008.uasset" 3659
"../../../Engine/Content/EngineMaterials/Substrate/Glints2/dict_0001_0009.uasset" 3660
"../../../Engine/Content/EngineMaterials/Substrate/Glints2/dict_0001_0010.uasset" 3661
"../../../Engine/Content/EngineMaterials/Substrate/Glints2/dict_0001_0011.uasset" 3662
"../../../Engine/Content/EngineMaterials/Substrate/Glints2/dict_0001_0012.uasset" 3663
"../../../Engine/Content/EngineMaterials/Substrate/Glints2/dict_0001_0013.uasset" 3664
"../../../Engine/Content/EngineMaterials/Substrate/Glints2/dict_0001_0014.uasset" 3665
"../../../Engine/Content/EngineMaterials/Substrate/Glints2/dict_0001_0015.uasset" 3666
"../../../Engine/Content/EngineMaterials/Substrate/Glints2/dict_0001_0016.uasset" 3667
"../../../Engine/Content/EngineMaterials/Substrate/Glints2/dict_0001_0017.uasset" 3668
"../../../Engine/Content/EngineMaterials/Substrate/Glints2/dict_0001_0018.uasset" 3669
"../../../Engine/Content/EngineMaterials/Substrate/Glints2/dict_0001_0019.uasset" 3670
"../../../Engine/Content/EngineMaterials/Substrate/Glints2/dict_0001_0020.uasset" 3671
"../../../Engine/Content/EngineMaterials/Substrate/Glints2/dict_0001_0021.uasset" 3672
"../../../Engine/Content/EngineMaterials/Substrate/Glints2/dict_0001_0022.uasset" 3673
"../../../Engine/Content/EngineMaterials/Substrate/Glints2/dict_0001_0023.uasset" 3674
"../../../Engine/Content/EngineMaterials/Substrate/Glints2/dict_0001_0024.uasset" 3675
"../../../Engine/Content/EngineMaterials/Substrate/Glints2/dict_0001_0025.uasset" 3676
"../../../Engine/Content/EngineMaterials/Substrate/Glints2/dict_0001_0026.uasset" 3677
"../../../Engine/Content/EngineMaterials/Substrate/Glints2/dict_0001_0027.uasset" 3678
"../../../Engine/Content/EngineMaterials/Substrate/Glints2/dict_0001_0028.uasset" 3679
"../../../Engine/Content/EngineMaterials/Substrate/Glints2/dict_0001_0029.uasset" 3680
"../../../Engine/Content/EngineMaterials/Substrate/Glints2/dict_0001_0030.uasset" 3681
"../../../Engine/Content/EngineMaterials/Substrate/Glints2/dict_0001_0031.uasset" 3682
"../../../Engine/Content/EngineMaterials/Substrate/Glints2/dict_0001_0032.uasset" 3683
"../../../Engine/Content/EngineMaterials/Substrate/Glints2/dict_0001_0033.uasset" 3684
"../../../Engine/Content/EngineMaterials/Substrate/Glints2/dict_0001_0034.uasset" 3685
"../../../Engine/Content/EngineMaterials/Substrate/Glints2/dict_0001_0035.uasset" 3686
"../../../Engine/Content/EngineMaterials/Substrate/Glints2/dict_0001_0036.uasset" 3687
"../../../Engine/Content/EngineMaterials/Substrate/Glints2/dict_0001_0037.uasset" 3688
"../../../Engine/Content/EngineMaterials/Substrate/Glints2/dict_0001_0038.uasset" 3689
"../../../Engine/Content/EngineMaterials/Substrate/Glints2/dict_0001_0039.uasset" 3690
"../../../Engine/Content/EngineMaterials/Substrate/Glints2/dict_0001_0040.uasset" 3691
"../../../Engine/Content/EngineMaterials/Substrate/Glints2/dict_0001_0041.uasset" 3692
"../../../Engine/Content/EngineMaterials/Substrate/Glints2/dict_0001_0042.uasset" 3693
"../../../Engine/Content/EngineMaterials/Substrate/Glints2/dict_0001_0043.uasset" 3694
"../../../Engine/Content/EngineMaterials/Substrate/Glints2/dict_0001_0044.uasset" 3695
"../../../Engine/Content/EngineMaterials/Substrate/Glints2/dict_0001_0045.uasset" 3696
"../../../Engine/Content/EngineMaterials/Substrate/Glints2/dict_0001_0046.uasset" 3697
"../../../Engine/Content/EngineMaterials/Substrate/Glints2/dict_0001_0047.uasset" 3698
"../../../Engine/Content/EngineMaterials/Substrate/Glints2/dict_0001_0048.uasset" 3699
"../../../Engine/Content/EngineMaterials/Substrate/Glints2/dict_0001_0049.uasset" 3700
"../../../Engine/Content/EngineMaterials/Substrate/Glints2/dict_0001_0050.uasset" 3701
"../../../Engine/Content/EngineMaterials/Substrate/Glints2/dict_0001_0051.uasset" 3702
"../../../Engine/Content/EngineMaterials/Substrate/Glints2/dict_0001_0052.uasset" 3703
"../../../Engine/Content/EngineMaterials/Substrate/Glints2/dict_0001_0053.uasset" 3704
"../../../Engine/Content/EngineMaterials/Substrate/Glints2/dict_0001_0054.uasset" 3705
"../../../Engine/Content/EngineMaterials/Substrate/Glints2/dict_0001_0055.uasset" 3706
"../../../Engine/Content/EngineMaterials/Substrate/Glints2/dict_0001_0056.uasset" 3707
"../../../Engine/Content/EngineMaterials/Substrate/Glints2/dict_0001_0057.uasset" 3708
"../../../Engine/Content/EngineMaterials/Substrate/Glints2/dict_0001_0058.uasset" 3709
"../../../Engine/Content/EngineMaterials/Substrate/Glints2/dict_0001_0059.uasset" 3710
"../../../Engine/Content/EngineMaterials/Substrate/Glints2/dict_0001_0060.uasset" 3711
"../../../Engine/Content/EngineMaterials/Substrate/Glints2/dict_0001_0061.uasset" 3712
"../../../Engine/Content/EngineMaterials/Substrate/Glints2/dict_0001_0062.uasset" 3713
"../../../Engine/Content/EngineMaterials/Substrate/Glints2/dict_0001_0063.uasset" 3714
"../../../Engine/Content/EngineMaterials/Substrate/Glints2/dict_0001_0064.uasset" 3715
"../../../Engine/Content/EngineMaterials/Substrate/Glints2/dict_0001_0065.uasset" 3716
"../../../Engine/Content/EngineMaterials/Substrate/Glints2/dict_0001_0066.uasset" 3717
"../../../Engine/Content/EngineMaterials/Substrate/Glints2/dict_0001_0067.uasset" 3718
"../../../Engine/Content/EngineMaterials/Substrate/Glints2/dict_0001_0068.uasset" 3719
"../../../Engine/Content/EngineMaterials/Substrate/Glints2/dict_0001_0069.uasset" 3720
"../../../Engine/Content/EngineMaterials/Substrate/Glints2/dict_0001_0070.uasset" 3721
"../../../Engine/Content/EngineMaterials/Substrate/Glints2/dict_0001_0071.uasset" 3722
"../../../Engine/Content/EngineMaterials/Substrate/Glints2/dict_0001_0072.uasset" 3723
"../../../Engine/Content/EngineMaterials/Substrate/Glints2/dict_0001_0073.uasset" 3724
"../../../Engine/Content/EngineMaterials/Substrate/Glints2/dict_0001_0074.uasset" 3725
"../../../Engine/Content/EngineMaterials/Substrate/Glints2/dict_0001_0075.uasset" 3726
"../../../Engine/Content/EngineMaterials/Substrate/Glints2/dict_0001_0076.uasset" 3727
"../../../Engine/Content/EngineMaterials/Substrate/Glints2/dict_0001_0077.uasset" 3728
"../../../Engine/Content/EngineMaterials/Substrate/Glints2/dict_0001_0078.uasset" 3729
"../../../Engine/Content/EngineMaterials/Substrate/Glints2/dict_0001_0079.uasset" 3730
"../../../Engine/Content/EngineMaterials/Substrate/Glints2/dict_0001_0080.uasset" 3731
"../../../Engine/Content/EngineMaterials/Substrate/Glints2/dict_0001_0081.uasset" 3732
"../../../Engine/Content/EngineMaterials/Substrate/Glints2/dict_0001_0082.uasset" 3733
"../../../Engine/Content/EngineMaterials/Substrate/Glints2/dict_0001_0083.uasset" 3734
"../../../Engine/Content/EngineMaterials/Substrate/Glints2/dict_0001_0084.uasset" 3735
"../../../Engine/Content/EngineMaterials/Substrate/Glints2/dict_0001_0085.uasset" 3736
"../../../Engine/Content/EngineMaterials/Substrate/Glints2/dict_0001_0086.uasset" 3737
"../../../Engine/Content/EngineMaterials/Substrate/Glints2/dict_0001_0087.uasset" 3738
"../../../Engine/Content/EngineMaterials/Substrate/Glints2/dict_0001_0088.uasset" 3739
"../../../Engine/Content/EngineMaterials/Substrate/Glints2/dict_0001_0089.uasset" 3740
"../../../Engine/Content/EngineMaterials/Substrate/Glints2/dict_0001_0090.uasset" 3741
"../../../Engine/Content/EngineMaterials/Substrate/Glints2/dict_0001_0091.uasset" 3742
"../../../Engine/Content/EngineMaterials/Substrate/Glints2/dict_0001_0092.uasset" 3743
"../../../Engine/Content/EngineMaterials/Substrate/Glints2/dict_0001_0093.uasset" 3744
"../../../Engine/Content/EngineMaterials/Substrate/Glints2/dict_0001_0094.uasset" 3745
"../../../Engine/Content/EngineMaterials/Substrate/Glints2/dict_0001_0095.uasset" 3746
"../../../Engine/Content/EngineMaterials/Substrate/Glints2/dict_0001_0096.uasset" 3747
"../../../Engine/Content/EngineMaterials/Substrate/Glints2/dict_0001_0097.uasset" 3748
"../../../Engine/Content/EngineMaterials/Substrate/Glints2/dict_0001_0098.uasset" 3749
"../../../Engine/Content/EngineMaterials/Substrate/Glints2/dict_0001_0099.uasset" 3750
"../../../Engine/Content/EngineMaterials/Substrate/Glints2/dict_0001_0100.uasset" 3751
"../../../Engine/Content/EngineMaterials/Substrate/Glints2/dict_0001_0101.uasset" 3752
"../../../Engine/Content/EngineMaterials/Substrate/Glints2/dict_0001_0102.uasset" 3753
"../../../Engine/Content/EngineMaterials/Substrate/Glints2/dict_0001_0103.uasset" 3754
"../../../Engine/Content/EngineMaterials/Substrate/Glints2/dict_0001_0104.uasset" 3755
"../../../Engine/Content/EngineMaterials/Substrate/Glints2/dict_0001_0105.uasset" 3756
"../../../Engine/Content/EngineMaterials/Substrate/Glints2/dict_0001_0106.uasset" 3757
"../../../Engine/Content/EngineMaterials/Substrate/Glints2/dict_0001_0107.uasset" 3758
"../../../Engine/Content/EngineMaterials/Substrate/Glints2/dict_0001_0108.uasset" 3759
"../../../Engine/Content/EngineMaterials/Substrate/Glints2/dict_0001_0109.uasset" 3760
"../../../Engine/Content/EngineMaterials/Substrate/Glints2/dict_0001_0110.uasset" 3761
"../../../Engine/Content/EngineMaterials/Substrate/Glints2/dict_0001_0111.uasset" 3762
"../../../Engine/Content/EngineMaterials/Substrate/Glints2/dict_0001_0112.uasset" 3763
"../../../Engine/Content/EngineMaterials/Substrate/Glints2/dict_0001_0113.uasset" 3764
"../../../Engine/Content/EngineMaterials/Substrate/Glints2/dict_0001_0114.uasset" 3765
"../../../Engine/Content/EngineMaterials/Substrate/Glints2/dict_0001_0115.uasset" 3766
"../../../Engine/Content/EngineMaterials/Substrate/Glints2/dict_0001_0116.uasset" 3767
"../../../Engine/Content/EngineMaterials/Substrate/Glints2/dict_0001_0117.uasset" 3768
"../../../Engine/Content/EngineMaterials/Substrate/Glints2/dict_0001_0118.uasset" 3769
"../../../Engine/Content/EngineMaterials/Substrate/Glints2/dict_0001_0119.uasset" 3770
"../../../Engine/Content/EngineMaterials/Substrate/Glints2/dict_0001_0120.uasset" 3771
"../../../Engine/Content/EngineMaterials/Substrate/Glints2/dict_0001_0121.uasset" 3772
"../../../Engine/Content/EngineMaterials/Substrate/Glints2/dict_0001_0122.uasset" 3773
"../../../Engine/Content/EngineMaterials/Substrate/Glints2/dict_0001_0123.uasset" 3774
"../../../Engine/Content/EngineMaterials/Substrate/Glints2/dict_0001_0124.uasset" 3775
"../../../Engine/Content/EngineMaterials/Substrate/Glints2/dict_0001_0125.uasset" 3776
"../../../Engine/Content/EngineMaterials/Substrate/Glints2/dict_0001_0126.uasset" 3777
"../../../Engine/Content/EngineMaterials/Substrate/Glints2/dict_0001_0127.uasset" 3778
"../../../Engine/Content/EngineMaterials/Substrate/Glints2/dict_0001_0128.uasset" 3779
"../../../Engine/Content/EngineMaterials/Substrate/Glints2/dict_0001_0129.uasset" 3780
"../../../Engine/Content/EngineMaterials/Substrate/Glints2/dict_0001_0130.uasset" 3781
"../../../Engine/Content/EngineMaterials/Substrate/Glints2/dict_0001_0131.uasset" 3782
"../../../Engine/Content/EngineMaterials/Substrate/Glints2/dict_0001_0132.uasset" 3783
"../../../Engine/Content/EngineMaterials/Substrate/Glints2/dict_0001_0133.uasset" 3784
"../../../Engine/Content/EngineMaterials/Substrate/Glints2/dict_0001_0134.uasset" 3785
"../../../Engine/Content/EngineMaterials/Substrate/Glints2/dict_0001_0135.uasset" 3786
"../../../Engine/Content/EngineMaterials/Substrate/Glints2/dict_0001_0136.uasset" 3787
"../../../Engine/Content/EngineMaterials/Substrate/Glints2/dict_0001_0137.uasset" 3788
"../../../Engine/Content/EngineMaterials/Substrate/Glints2/dict_0001_0138.uasset" 3789
"../../../Engine/Content/EngineMaterials/Substrate/Glints2/dict_0001_0139.uasset" 3790
"../../../Engine/Content/EngineMaterials/Substrate/Glints2/dict_0001_0140.uasset" 3791
"../../../Engine/Content/EngineMaterials/Substrate/Glints2/dict_0001_0141.uasset" 3792
"../../../Engine/Content/EngineMaterials/Substrate/Glints2/dict_0001_0142.uasset" 3793
"../../../Engine/Content/EngineMaterials/Substrate/Glints2/dict_0001_0143.uasset" 3794
"../../../Engine/Content/EngineMaterials/Substrate/Glints2/dict_0001_0144.uasset" 3795
"../../../Engine/Content/EngineMaterials/Substrate/Glints2/dict_0001_0145.uasset" 3796
"../../../Engine/Content/EngineMaterials/Substrate/Glints2/dict_0001_0146.uasset" 3797
"../../../Engine/Content/EngineMaterials/Substrate/Glints2/dict_0001_0147.uasset" 3798
"../../../Engine/Content/EngineMaterials/Substrate/Glints2/dict_0001_0148.uasset" 3799
"../../../Engine/Content/EngineMaterials/Substrate/Glints2/dict_0001_0149.uasset" 3800
"../../../Engine/Content/EngineMaterials/Substrate/Glints2/dict_0001_0150.uasset" 3801
"../../../Engine/Content/EngineMaterials/Substrate/Glints2/dict_0001_0151.uasset" 3802
"../../../Engine/Content/EngineMaterials/Substrate/Glints2/dict_0001_0152.uasset" 3803
"../../../Engine/Content/EngineMaterials/Substrate/Glints2/dict_0001_0153.uasset" 3804
"../../../Engine/Content/EngineMaterials/Substrate/Glints2/dict_0001_0154.uasset" 3805
"../../../Engine/Content/EngineMaterials/Substrate/Glints2/dict_0001_0155.uasset" 3806
"../../../Engine/Content/EngineMaterials/Substrate/Glints2/dict_0001_0156.uasset" 3807
"../../../Engine/Content/EngineMaterials/Substrate/Glints2/dict_0001_0157.uasset" 3808
"../../../Engine/Content/EngineMaterials/Substrate/Glints2/dict_0001_0158.uasset" 3809
"../../../Engine/Content/EngineMaterials/Substrate/Glints2/dict_0001_0159.uasset" 3810
"../../../Engine/Content/EngineMaterials/Substrate/Glints2/dict_0001_0160.uasset" 3811
"../../../Engine/Content/EngineMaterials/Substrate/Glints2/dict_0001_0161.uasset" 3812
"../../../Engine/Content/EngineMaterials/Substrate/Glints2/dict_0001_0162.uasset" 3813
"../../../Engine/Content/EngineMaterials/Substrate/Glints2/dict_0001_0163.uasset" 3814
"../../../Engine/Content/EngineMaterials/Substrate/Glints2/dict_0001_0164.uasset" 3815
"../../../Engine/Content/EngineMaterials/Substrate/Glints2/dict_0001_0165.uasset" 3816
"../../../Engine/Content/EngineMaterials/Substrate/Glints2/dict_0001_0166.uasset" 3817
"../../../Engine/Content/EngineMaterials/Substrate/Glints2/dict_0001_0167.uasset" 3818
"../../../Engine/Content/EngineMaterials/Substrate/Glints2/dict_0001_0168.uasset" 3819
"../../../Engine/Content/EngineMaterials/Substrate/Glints2/dict_0001_0169.uasset" 3820
"../../../Engine/Content/EngineMaterials/Substrate/Glints2/dict_0001_0170.uasset" 3821
"../../../Engine/Content/EngineMaterials/Substrate/Glints2/dict_0001_0171.uasset" 3822
"../../../Engine/Content/EngineMaterials/Substrate/Glints2/dict_0001_0172.uasset" 3823
"../../../Engine/Content/EngineMaterials/Substrate/Glints2/dict_0001_0173.uasset" 3824
"../../../Engine/Content/EngineMaterials/Substrate/Glints2/dict_0001_0174.uasset" 3825
"../../../Engine/Content/EngineMaterials/Substrate/Glints2/dict_0001_0175.uasset" 3826
"../../../Engine/Content/EngineMaterials/Substrate/Glints2/dict_0001_0176.uasset" 3827
"../../../Engine/Content/EngineMaterials/Substrate/Glints2/dict_0001_0177.uasset" 3828
"../../../Engine/Content/EngineMaterials/Substrate/Glints2/dict_0001_0178.uasset" 3829
"../../../Engine/Content/EngineMaterials/Substrate/Glints2/dict_0001_0179.uasset" 3830
"../../../Engine/Content/EngineMaterials/Substrate/Glints2/dict_0001_0180.uasset" 3831
"../../../Engine/Content/EngineMaterials/Substrate/Glints2/dict_0001_0181.uasset" 3832
"../../../Engine/Content/EngineMaterials/Substrate/Glints2/dict_0001_0182.uasset" 3833
"../../../Engine/Content/EngineMaterials/Substrate/Glints2/dict_0001_0183.uasset" 3834
"../../../Engine/Content/EngineMaterials/Substrate/Glints2/dict_0001_0184.uasset" 3835
"../../../Engine/Content/EngineMaterials/Substrate/Glints2/dict_0001_0185.uasset" 3836
"../../../Engine/Content/EngineMaterials/Substrate/Glints2/dict_0001_0186.uasset" 3837
"../../../Engine/Content/EngineMaterials/Substrate/Glints2/dict_0001_0187.uasset" 3838
"../../../Engine/Content/EngineMaterials/Substrate/Glints2/dict_0001_0188.uasset" 3839
"../../../Engine/Content/EngineMaterials/Substrate/Glints2/dict_0001_0189.uasset" 3840
"../../../Engine/Content/EngineMaterials/Substrate/Glints2/dict_0001_0190.uasset" 3841
"../../../Engine/Content/EngineMaterials/Substrate/Glints2/dict_0001_0191.uasset" 3842
"../../../Engine/Content/EngineMaterials/Substrate/Glints2/dict_0001_0192.uasset" 3843
"../../../Engine/Content/EngineMaterials/Substrate/Glints2/dict_0001_0193.uasset" 3844
"../../../Engine/Content/EngineMaterials/Substrate/Glints2/dict_0001_0194.uasset" 3845
"../../../Engine/Content/EngineMaterials/Substrate/Glints2/dict_0001_0195.uasset" 3846
"../../../Engine/Content/EngineMaterials/Substrate/Glints2/dict_0001_0196.uasset" 3847
"../../../Engine/Content/EngineMaterials/Substrate/Glints2/dict_0001_0197.uasset" 3848
"../../../Engine/Content/EngineMaterials/Substrate/Glints2/dict_0001_0198.uasset" 3849
"../../../Engine/Content/EngineMaterials/Substrate/Glints2/dict_0001_0199.uasset" 3850
"../../../Engine/Content/EngineMaterials/Substrate/Glints2/dict_0001_0200.uasset" 3851
"../../../Engine/Content/EngineMaterials/Substrate/Glints2/dict_0001_0201.uasset" 3852
"../../../Engine/Content/EngineMaterials/Substrate/Glints2/dict_0001_0202.uasset" 3853
"../../../Engine/Content/EngineMaterials/Substrate/Glints2/dict_0001_0203.uasset" 3854
"../../../Engine/Content/EngineMaterials/Substrate/Glints2/dict_0001_0204.uasset" 3855
"../../../Engine/Content/EngineMaterials/Substrate/Glints2/dict_0001_0205.uasset" 3856
"../../../Engine/Content/EngineMaterials/Substrate/Glints2/dict_0001_0206.uasset" 3857
"../../../Engine/Content/EngineMaterials/Substrate/Glints2/dict_0001_0207.uasset" 3858
"../../../Engine/Content/EngineMaterials/Substrate/Glints2/dict_0001_0208.uasset" 3859
"../../../Engine/Content/EngineMaterials/Substrate/Glints2/dict_0001_0209.uasset" 3860
"../../../Engine/Content/EngineMaterials/Substrate/Glints2/dict_0001_0210.uasset" 3861
"../../../Engine/Content/EngineMaterials/Substrate/Glints2/dict_0001_0211.uasset" 3862
"../../../Engine/Content/EngineMaterials/Substrate/Glints2/dict_0001_0212.uasset" 3863
"../../../Engine/Content/EngineMaterials/Substrate/Glints2/dict_0001_0213.uasset" 3864
"../../../Engine/Content/EngineMaterials/Substrate/Glints2/dict_0001_0214.uasset" 3865
"../../../Engine/Content/EngineMaterials/Substrate/Glints2/dict_0001_0215.uasset" 3866
"../../../Engine/Content/EngineMaterials/Substrate/Glints2/dict_0001_0216.uasset" 3867
"../../../Engine/Content/EngineMaterials/Substrate/Glints2/dict_0001_0217.uasset" 3868
"../../../Engine/Content/EngineMaterials/Substrate/Glints2/dict_0001_0218.uasset" 3869
"../../../Engine/Content/EngineMaterials/Substrate/Glints2/dict_0001_0219.uasset" 3870
"../../../Engine/Content/EngineMaterials/Substrate/Glints2/dict_0001_0220.uasset" 3871
"../../../Engine/Content/EngineMaterials/Substrate/Glints2/dict_0001_0221.uasset" 3872
"../../../Engine/Content/EngineMaterials/Substrate/Glints2/dict_0001_0222.uasset" 3873
"../../../Engine/Content/EngineMaterials/Substrate/Glints2/dict_0001_0223.uasset" 3874
"../../../Engine/Content/EngineMaterials/Substrate/Glints2/dict_0001_0224.uasset" 3875
"../../../Engine/Content/EngineMaterials/Substrate/Glints2/dict_0001_0225.uasset" 3876
"../../../Engine/Content/EngineMaterials/Substrate/Glints2/dict_0001_0226.uasset" 3877
"../../../Engine/Content/EngineMaterials/Substrate/Glints2/dict_0001_0227.uasset" 3878
"../../../Engine/Content/EngineMaterials/Substrate/Glints2/dict_0001_0228.uasset" 3879
"../../../Engine/Content/EngineMaterials/Substrate/Glints2/dict_0001_0229.uasset" 3880
"../../../Engine/Content/EngineMaterials/Substrate/Glints2/dict_0001_0230.uasset" 3881
"../../../Engine/Content/EngineMaterials/Substrate/Glints2/dict_0001_0231.uasset" 3882
"../../../Engine/Content/EngineMaterials/Substrate/Glints2/dict_0001_0232.uasset" 3883
"../../../Engine/Content/EngineMaterials/Substrate/Glints2/dict_0001_0233.uasset" 3884
"../../../Engine/Content/EngineMaterials/Substrate/Glints2/dict_0001_0234.uasset" 3885
"../../../Engine/Content/EngineMaterials/Substrate/Glints2/dict_0001_0235.uasset" 3886
"../../../Engine/Content/EngineMaterials/Substrate/Glints2/dict_0001_0236.uasset" 3887
"../../../Engine/Content/EngineMaterials/Substrate/Glints2/dict_0001_0237.uasset" 3888
"../../../Engine/Content/EngineMaterials/Substrate/Glints2/dict_0001_0238.uasset" 3889
"../../../Engine/Content/EngineMaterials/Substrate/Glints2/dict_0001_0239.uasset" 3890
"../../../Engine/Content/EngineMaterials/Substrate/Glints2/dict_0001_0240.uasset" 3891
"../../../Engine/Content/EngineMaterials/Substrate/Glints2/dict_0001_0241.uasset" 3892
"../../../Engine/Content/EngineMaterials/Substrate/Glints2/dict_0001_0242.uasset" 3893
"../../../Engine/Content/EngineMaterials/Substrate/Glints2/dict_0001_0243.uasset" 3894
"../../../Engine/Content/EngineMaterials/Substrate/Glints2/dict_0001_0244.uasset" 3895
"../../../Engine/Content/EngineMaterials/Substrate/Glints2/dict_0001_0245.uasset" 3896
"../../../Engine/Content/EngineMaterials/Substrate/Glints2/dict_0001_0246.uasset" 3897
"../../../Engine/Content/EngineMaterials/Substrate/Glints2/dict_0001_0247.uasset" 3898
"../../../Engine/Content/EngineMaterials/Substrate/Glints2/dict_0001_0248.uasset" 3899
"../../../Engine/Content/EngineMaterials/Substrate/Glints2/dict_0001_0249.uasset" 3900
"../../../Engine/Content/EngineMaterials/Substrate/Glints2/dict_0001_0250.uasset" 3901
"../../../Engine/Content/EngineMaterials/Substrate/Glints2/dict_0001_0251.uasset" 3902
"../../../Engine/Content/EngineMaterials/Substrate/Glints2/dict_0001_0252.uasset" 3903
"../../../Engine/Content/EngineMaterials/Substrate/Glints2/dict_0001_0253.uasset" 3904
"../../../Engine/Content/EngineMaterials/Substrate/Glints2/dict_0001_0254.uasset" 3905
"../../../Engine/Content/EngineMaterials/Substrate/Glints2/dict_0001_0255.uasset" 3906
"../../../Engine/Content/EngineMaterials/Substrate/Glints2/dict_0002_0000.uasset" 3907
"../../../Engine/Content/EngineMaterials/Substrate/Glints2/dict_0002_0001.uasset" 3908
"../../../Engine/Content/EngineMaterials/Substrate/Glints2/dict_0002_0002.uasset" 3909
"../../../Engine/Content/EngineMaterials/Substrate/Glints2/dict_0002_0003.uasset" 3910
"../../../Engine/Content/EngineMaterials/Substrate/Glints2/dict_0002_0004.uasset" 3911
"../../../Engine/Content/EngineMaterials/Substrate/Glints2/dict_0002_0005.uasset" 3912
"../../../Engine/Content/EngineMaterials/Substrate/Glints2/dict_0002_0006.uasset" 3913
"../../../Engine/Content/EngineMaterials/Substrate/Glints2/dict_0002_0007.uasset" 3914
"../../../Engine/Content/EngineMaterials/Substrate/Glints2/dict_0002_0008.uasset" 3915
"../../../Engine/Content/EngineMaterials/Substrate/Glints2/dict_0002_0009.uasset" 3916
"../../../Engine/Content/EngineMaterials/Substrate/Glints2/dict_0002_0010.uasset" 3917
"../../../Engine/Content/EngineMaterials/Substrate/Glints2/dict_0002_0011.uasset" 3918
"../../../Engine/Content/EngineMaterials/Substrate/Glints2/dict_0002_0012.uasset" 3919
"../../../Engine/Content/EngineMaterials/Substrate/Glints2/dict_0002_0013.uasset" 3920
"../../../Engine/Content/EngineMaterials/Substrate/Glints2/dict_0002_0014.uasset" 3921
"../../../Engine/Content/EngineMaterials/Substrate/Glints2/dict_0002_0015.uasset" 3922
"../../../Engine/Content/EngineMaterials/Substrate/Glints2/dict_0002_0016.uasset" 3923
"../../../Engine/Content/EngineMaterials/Substrate/Glints2/dict_0002_0017.uasset" 3924
"../../../Engine/Content/EngineMaterials/Substrate/Glints2/dict_0002_0018.uasset" 3925
"../../../Engine/Content/EngineMaterials/Substrate/Glints2/dict_0002_0019.uasset" 3926
"../../../Engine/Content/EngineMaterials/Substrate/Glints2/dict_0002_0020.uasset" 3927
"../../../Engine/Content/EngineMaterials/Substrate/Glints2/dict_0002_0021.uasset" 3928
"../../../Engine/Content/EngineMaterials/Substrate/Glints2/dict_0002_0022.uasset" 3929
"../../../Engine/Content/EngineMaterials/Substrate/Glints2/dict_0002_0023.uasset" 3930
"../../../Engine/Content/EngineMaterials/Substrate/Glints2/dict_0002_0024.uasset" 3931
"../../../Engine/Content/EngineMaterials/Substrate/Glints2/dict_0002_0025.uasset" 3932
"../../../Engine/Content/EngineMaterials/Substrate/Glints2/dict_0002_0026.uasset" 3933
"../../../Engine/Content/EngineMaterials/Substrate/Glints2/dict_0002_0027.uasset" 3934
"../../../Engine/Content/EngineMaterials/Substrate/Glints2/dict_0002_0028.uasset" 3935
"../../../Engine/Content/EngineMaterials/Substrate/Glints2/dict_0002_0029.uasset" 3936
"../../../Engine/Content/EngineMaterials/Substrate/Glints2/dict_0002_0030.uasset" 3937
"../../../Engine/Content/EngineMaterials/Substrate/Glints2/dict_0002_0031.uasset" 3938
"../../../Engine/Content/EngineMaterials/Substrate/Glints2/dict_0002_0032.uasset" 3939
"../../../Engine/Content/EngineMaterials/Substrate/Glints2/dict_0002_0033.uasset" 3940
"../../../Engine/Content/EngineMaterials/Substrate/Glints2/dict_0002_0034.uasset" 3941
"../../../Engine/Content/EngineMaterials/Substrate/Glints2/dict_0002_0035.uasset" 3942
"../../../Engine/Content/EngineMaterials/Substrate/Glints2/dict_0002_0036.uasset" 3943
"../../../Engine/Content/EngineMaterials/Substrate/Glints2/dict_0002_0037.uasset" 3944
"../../../Engine/Content/EngineMaterials/Substrate/Glints2/dict_0002_0038.uasset" 3945
"../../../Engine/Content/EngineMaterials/Substrate/Glints2/dict_0002_0039.uasset" 3946
"../../../Engine/Content/EngineMaterials/Substrate/Glints2/dict_0002_0040.uasset" 3947
"../../../Engine/Content/EngineMaterials/Substrate/Glints2/dict_0002_0041.uasset" 3948
"../../../Engine/Content/EngineMaterials/Substrate/Glints2/dict_0002_0042.uasset" 3949
"../../../Engine/Content/EngineMaterials/Substrate/Glints2/dict_0002_0043.uasset" 3950
"../../../Engine/Content/EngineMaterials/Substrate/Glints2/dict_0002_0044.uasset" 3951
"../../../Engine/Content/EngineMaterials/Substrate/Glints2/dict_0002_0045.uasset" 3952
"../../../Engine/Content/EngineMaterials/Substrate/Glints2/dict_0002_0046.uasset" 3953
"../../../Engine/Content/EngineMaterials/Substrate/Glints2/dict_0002_0047.uasset" 3954
"../../../Engine/Content/EngineMaterials/Substrate/Glints2/dict_0002_0048.uasset" 3955
"../../../Engine/Content/EngineMaterials/Substrate/Glints2/dict_0002_0049.uasset" 3956
"../../../Engine/Content/EngineMaterials/Substrate/Glints2/dict_0002_0050.uasset" 3957
"../../../Engine/Content/EngineMaterials/Substrate/Glints2/dict_0002_0051.uasset" 3958
"../../../Engine/Content/EngineMaterials/Substrate/Glints2/dict_0002_0052.uasset" 3959
"../../../Engine/Content/EngineMaterials/Substrate/Glints2/dict_0002_0053.uasset" 3960
"../../../Engine/Content/EngineMaterials/Substrate/Glints2/dict_0002_0054.uasset" 3961
"../../../Engine/Content/EngineMaterials/Substrate/Glints2/dict_0002_0055.uasset" 3962
"../../../Engine/Content/EngineMaterials/Substrate/Glints2/dict_0002_0056.uasset" 3963
"../../../Engine/Content/EngineMaterials/Substrate/Glints2/dict_0002_0057.uasset" 3964
"../../../Engine/Content/EngineMaterials/Substrate/Glints2/dict_0002_0058.uasset" 3965
"../../../Engine/Content/EngineMaterials/Substrate/Glints2/dict_0002_0059.uasset" 3966
"../../../Engine/Content/EngineMaterials/Substrate/Glints2/dict_0002_0060.uasset" 3967
"../../../Engine/Content/EngineMaterials/Substrate/Glints2/dict_0002_0061.uasset" 3968
"../../../Engine/Content/EngineMaterials/Substrate/Glints2/dict_0002_0062.uasset" 3969
"../../../Engine/Content/EngineMaterials/Substrate/Glints2/dict_0002_0063.uasset" 3970
"../../../Engine/Content/EngineMaterials/Substrate/Glints2/dict_0002_0064.uasset" 3971
"../../../Engine/Content/EngineMaterials/Substrate/Glints2/dict_0002_0065.uasset" 3972
"../../../Engine/Content/EngineMaterials/Substrate/Glints2/dict_0002_0066.uasset" 3973
"../../../Engine/Content/EngineMaterials/Substrate/Glints2/dict_0002_0067.uasset" 3974
"../../../Engine/Content/EngineMaterials/Substrate/Glints2/dict_0002_0068.uasset" 3975
"../../../Engine/Content/EngineMaterials/Substrate/Glints2/dict_0002_0069.uasset" 3976
"../../../Engine/Content/EngineMaterials/Substrate/Glints2/dict_0002_0070.uasset" 3977
"../../../Engine/Content/EngineMaterials/Substrate/Glints2/dict_0002_0071.uasset" 3978
"../../../Engine/Content/EngineMaterials/Substrate/Glints2/dict_0002_0072.uasset" 3979
"../../../Engine/Content/EngineMaterials/Substrate/Glints2/dict_0002_0073.uasset" 3980
"../../../Engine/Content/EngineMaterials/Substrate/Glints2/dict_0002_0074.uasset" 3981
"../../../Engine/Content/EngineMaterials/Substrate/Glints2/dict_0002_0075.uasset" 3982
"../../../Engine/Content/EngineMaterials/Substrate/Glints2/dict_0002_0076.uasset" 3983
"../../../Engine/Content/EngineMaterials/Substrate/Glints2/dict_0002_0077.uasset" 3984
"../../../Engine/Content/EngineMaterials/Substrate/Glints2/dict_0002_0078.uasset" 3985
"../../../Engine/Content/EngineMaterials/Substrate/Glints2/dict_0002_0079.uasset" 3986
"../../../Engine/Content/EngineMaterials/Substrate/Glints2/dict_0002_0080.uasset" 3987
"../../../Engine/Content/EngineMaterials/Substrate/Glints2/dict_0002_0081.uasset" 3988
"../../../Engine/Content/EngineMaterials/Substrate/Glints2/dict_0002_0082.uasset" 3989
"../../../Engine/Content/EngineMaterials/Substrate/Glints2/dict_0002_0083.uasset" 3990
"../../../Engine/Content/EngineMaterials/Substrate/Glints2/dict_0002_0084.uasset" 3991
"../../../Engine/Content/EngineMaterials/Substrate/Glints2/dict_0002_0085.uasset" 3992
"../../../Engine/Content/EngineMaterials/Substrate/Glints2/dict_0002_0086.uasset" 3993
"../../../Engine/Content/EngineMaterials/Substrate/Glints2/dict_0002_0087.uasset" 3994
"../../../Engine/Content/EngineMaterials/Substrate/Glints2/dict_0002_0088.uasset" 3995
"../../../Engine/Content/EngineMaterials/Substrate/Glints2/dict_0002_0089.uasset" 3996
"../../../Engine/Content/EngineMaterials/Substrate/Glints2/dict_0002_0090.uasset" 3997
"../../../Engine/Content/EngineMaterials/Substrate/Glints2/dict_0002_0091.uasset" 3998
"../../../Engine/Content/EngineMaterials/Substrate/Glints2/dict_0002_0092.uasset" 3999
"../../../Engine/Content/EngineMaterials/Substrate/Glints2/dict_0002_0093.uasset" 4000
"../../../Engine/Content/EngineMaterials/Substrate/Glints2/dict_0002_0094.uasset" 4001
"../../../Engine/Content/EngineMaterials/Substrate/Glints2/dict_0002_0095.uasset" 4002
"../../../Engine/Content/EngineMaterials/Substrate/Glints2/dict_0002_0096.uasset" 4003
"../../../Engine/Content/EngineMaterials/Substrate/Glints2/dict_0002_0097.uasset" 4004
"../../../Engine/Content/EngineMaterials/Substrate/Glints2/dict_0002_0098.uasset" 4005
"../../../Engine/Content/EngineMaterials/Substrate/Glints2/dict_0002_0099.uasset" 4006
"../../../Engine/Content/EngineMaterials/Substrate/Glints2/dict_0002_0100.uasset" 4007
"../../../Engine/Content/EngineMaterials/Substrate/Glints2/dict_0002_0101.uasset" 4008
"../../../Engine/Content/EngineMaterials/Substrate/Glints2/dict_0002_0102.uasset" 4009
"../../../Engine/Content/EngineMaterials/Substrate/Glints2/dict_0002_0103.uasset" 4010
"../../../Engine/Content/EngineMaterials/Substrate/Glints2/dict_0002_0104.uasset" 4011
"../../../Engine/Content/EngineMaterials/Substrate/Glints2/dict_0002_0105.uasset" 4012
"../../../Engine/Content/EngineMaterials/Substrate/Glints2/dict_0002_0106.uasset" 4013
"../../../Engine/Content/EngineMaterials/Substrate/Glints2/dict_0002_0107.uasset" 4014
"../../../Engine/Content/EngineMaterials/Substrate/Glints2/dict_0002_0108.uasset" 4015
"../../../Engine/Content/EngineMaterials/Substrate/Glints2/dict_0002_0109.uasset" 4016
"../../../Engine/Content/EngineMaterials/Substrate/Glints2/dict_0002_0110.uasset" 4017
"../../../Engine/Content/EngineMaterials/Substrate/Glints2/dict_0002_0111.uasset" 4018
"../../../Engine/Content/EngineMaterials/Substrate/Glints2/dict_0002_0112.uasset" 4019
"../../../Engine/Content/EngineMaterials/Substrate/Glints2/dict_0002_0113.uasset" 4020
"../../../Engine/Content/EngineMaterials/Substrate/Glints2/dict_0002_0114.uasset" 4021
"../../../Engine/Content/EngineMaterials/Substrate/Glints2/dict_0002_0115.uasset" 4022
"../../../Engine/Content/EngineMaterials/Substrate/Glints2/dict_0002_0116.uasset" 4023
"../../../Engine/Content/EngineMaterials/Substrate/Glints2/dict_0002_0117.uasset" 4024
"../../../Engine/Content/EngineMaterials/Substrate/Glints2/dict_0002_0118.uasset" 4025
"../../../Engine/Content/EngineMaterials/Substrate/Glints2/dict_0002_0119.uasset" 4026
"../../../Engine/Content/EngineMaterials/Substrate/Glints2/dict_0002_0120.uasset" 4027
"../../../Engine/Content/EngineMaterials/Substrate/Glints2/dict_0002_0121.uasset" 4028
"../../../Engine/Content/EngineMaterials/Substrate/Glints2/dict_0002_0122.uasset" 4029
"../../../Engine/Content/EngineMaterials/Substrate/Glints2/dict_0002_0123.uasset" 4030
"../../../Engine/Content/EngineMaterials/Substrate/Glints2/dict_0002_0124.uasset" 4031
"../../../Engine/Content/EngineMaterials/Substrate/Glints2/dict_0002_0125.uasset" 4032
"../../../Engine/Content/EngineMaterials/Substrate/Glints2/dict_0002_0126.uasset" 4033
"../../../Engine/Content/EngineMaterials/Substrate/Glints2/dict_0002_0127.uasset" 4034
"../../../Engine/Content/EngineMaterials/Substrate/Glints2/dict_0002_0128.uasset" 4035
"../../../Engine/Content/EngineMaterials/Substrate/Glints2/dict_0002_0129.uasset" 4036
"../../../Engine/Content/EngineMaterials/Substrate/Glints2/dict_0002_0130.uasset" 4037
"../../../Engine/Content/EngineMaterials/Substrate/Glints2/dict_0002_0131.uasset" 4038
"../../../Engine/Content/EngineMaterials/Substrate/Glints2/dict_0002_0132.uasset" 4039
"../../../Engine/Content/EngineMaterials/Substrate/Glints2/dict_0002_0133.uasset" 4040
"../../../Engine/Content/EngineMaterials/Substrate/Glints2/dict_0002_0134.uasset" 4041
"../../../Engine/Content/EngineMaterials/Substrate/Glints2/dict_0002_0135.uasset" 4042
"../../../Engine/Content/EngineMaterials/Substrate/Glints2/dict_0002_0136.uasset" 4043
"../../../Engine/Content/EngineMaterials/Substrate/Glints2/dict_0002_0137.uasset" 4044
"../../../Engine/Content/EngineMaterials/Substrate/Glints2/dict_0002_0138.uasset" 4045
"../../../Engine/Content/EngineMaterials/Substrate/Glints2/dict_0002_0139.uasset" 4046
"../../../Engine/Content/EngineMaterials/Substrate/Glints2/dict_0002_0140.uasset" 4047
"../../../Engine/Content/EngineMaterials/Substrate/Glints2/dict_0002_0141.uasset" 4048
"../../../Engine/Content/EngineMaterials/Substrate/Glints2/dict_0002_0142.uasset" 4049
"../../../Engine/Content/EngineMaterials/Substrate/Glints2/dict_0002_0143.uasset" 4050
"../../../Engine/Content/EngineMaterials/Substrate/Glints2/dict_0002_0144.uasset" 4051
"../../../Engine/Content/EngineMaterials/Substrate/Glints2/dict_0002_0145.uasset" 4052
"../../../Engine/Content/EngineMaterials/Substrate/Glints2/dict_0002_0146.uasset" 4053
"../../../Engine/Content/EngineMaterials/Substrate/Glints2/dict_0002_0147.uasset" 4054
"../../../Engine/Content/EngineMaterials/Substrate/Glints2/dict_0002_0148.uasset" 4055
"../../../Engine/Content/EngineMaterials/Substrate/Glints2/dict_0002_0149.uasset" 4056
"../../../Engine/Content/EngineMaterials/Substrate/Glints2/dict_0002_0150.uasset" 4057
"../../../Engine/Content/EngineMaterials/Substrate/Glints2/dict_0002_0151.uasset" 4058
"../../../Engine/Content/EngineMaterials/Substrate/Glints2/dict_0002_0152.uasset" 4059
"../../../Engine/Content/EngineMaterials/Substrate/Glints2/dict_0002_0153.uasset" 4060
"../../../Engine/Content/EngineMaterials/Substrate/Glints2/dict_0002_0154.uasset" 4061
"../../../Engine/Content/EngineMaterials/Substrate/Glints2/dict_0002_0155.uasset" 4062
"../../../Engine/Content/EngineMaterials/Substrate/Glints2/dict_0002_0156.uasset" 4063
"../../../Engine/Content/EngineMaterials/Substrate/Glints2/dict_0002_0157.uasset" 4064
"../../../Engine/Content/EngineMaterials/Substrate/Glints2/dict_0002_0158.uasset" 4065
"../../../Engine/Content/EngineMaterials/Substrate/Glints2/dict_0002_0159.uasset" 4066
"../../../Engine/Content/EngineMaterials/Substrate/Glints2/dict_0002_0160.uasset" 4067
"../../../Engine/Content/EngineMaterials/Substrate/Glints2/dict_0002_0161.uasset" 4068
"../../../Engine/Content/EngineMaterials/Substrate/Glints2/dict_0002_0162.uasset" 4069
"../../../Engine/Content/EngineMaterials/Substrate/Glints2/dict_0002_0163.uasset" 4070
"../../../Engine/Content/EngineMaterials/Substrate/Glints2/dict_0002_0164.uasset" 4071
"../../../Engine/Content/EngineMaterials/Substrate/Glints2/dict_0002_0165.uasset" 4072
"../../../Engine/Content/EngineMaterials/Substrate/Glints2/dict_0002_0166.uasset" 4073
"../../../Engine/Content/EngineMaterials/Substrate/Glints2/dict_0002_0167.uasset" 4074
"../../../Engine/Content/EngineMaterials/Substrate/Glints2/dict_0002_0168.uasset" 4075
"../../../Engine/Content/EngineMaterials/Substrate/Glints2/dict_0002_0169.uasset" 4076
"../../../Engine/Content/EngineMaterials/Substrate/Glints2/dict_0002_0170.uasset" 4077
"../../../Engine/Content/EngineMaterials/Substrate/Glints2/dict_0002_0171.uasset" 4078
"../../../Engine/Content/EngineMaterials/Substrate/Glints2/dict_0002_0172.uasset" 4079
"../../../Engine/Content/EngineMaterials/Substrate/Glints2/dict_0002_0173.uasset" 4080
"../../../Engine/Content/EngineMaterials/Substrate/Glints2/dict_0002_0174.uasset" 4081
"../../../Engine/Content/EngineMaterials/Substrate/Glints2/dict_0002_0175.uasset" 4082
"../../../Engine/Content/EngineMaterials/Substrate/Glints2/dict_0002_0176.uasset" 4083
"../../../Engine/Content/EngineMaterials/Substrate/Glints2/dict_0002_0177.uasset" 4084
"../../../Engine/Content/EngineMaterials/Substrate/Glints2/dict_0002_0178.uasset" 4085
"../../../Engine/Content/EngineMaterials/Substrate/Glints2/dict_0002_0179.uasset" 4086
"../../../Engine/Content/EngineMaterials/Substrate/Glints2/dict_0002_0180.uasset" 4087
"../../../Engine/Content/EngineMaterials/Substrate/Glints2/dict_0002_0181.uasset" 4088
"../../../Engine/Content/EngineMaterials/Substrate/Glints2/dict_0002_0182.uasset" 4089
"../../../Engine/Content/EngineMaterials/Substrate/Glints2/dict_0002_0183.uasset" 4090
"../../../Engine/Content/EngineMaterials/Substrate/Glints2/dict_0002_0184.uasset" 4091
"../../../Engine/Content/EngineMaterials/Substrate/Glints2/dict_0002_0185.uasset" 4092
"../../../Engine/Content/EngineMaterials/Substrate/Glints2/dict_0002_0186.uasset" 4093
"../../../Engine/Content/EngineMaterials/Substrate/Glints2/dict_0002_0187.uasset" 4094
"../../../Engine/Content/EngineMaterials/Substrate/Glints2/dict_0002_0188.uasset" 4095
"../../../Engine/Content/EngineMaterials/Substrate/Glints2/dict_0002_0189.uasset" 4096
"../../../Engine/Content/EngineMaterials/Substrate/Glints2/dict_0002_0190.uasset" 4097
"../../../Engine/Content/EngineMaterials/Substrate/Glints2/dict_0002_0191.uasset" 4098
"../../../Engine/Content/EngineMaterials/Substrate/Glints2/dict_0002_0192.uasset" 4099
"../../../Engine/Content/EngineMaterials/Substrate/Glints2/dict_0002_0193.uasset" 4100
"../../../Engine/Content/EngineMaterials/Substrate/Glints2/dict_0002_0194.uasset" 4101
"../../../Engine/Content/EngineMaterials/Substrate/Glints2/dict_0002_0195.uasset" 4102
"../../../Engine/Content/EngineMaterials/Substrate/Glints2/dict_0002_0196.uasset" 4103
"../../../Engine/Content/EngineMaterials/Substrate/Glints2/dict_0002_0197.uasset" 4104
"../../../Engine/Content/EngineMaterials/Substrate/Glints2/dict_0002_0198.uasset" 4105
"../../../Engine/Content/EngineMaterials/Substrate/Glints2/dict_0002_0199.uasset" 4106
"../../../Engine/Content/EngineMaterials/Substrate/Glints2/dict_0002_0200.uasset" 4107
"../../../Engine/Content/EngineMaterials/Substrate/Glints2/dict_0002_0201.uasset" 4108
"../../../Engine/Content/EngineMaterials/Substrate/Glints2/dict_0002_0202.uasset" 4109
"../../../Engine/Content/EngineMaterials/Substrate/Glints2/dict_0002_0203.uasset" 4110
"../../../Engine/Content/EngineMaterials/Substrate/Glints2/dict_0002_0204.uasset" 4111
"../../../Engine/Content/EngineMaterials/Substrate/Glints2/dict_0002_0205.uasset" 4112
"../../../Engine/Content/EngineMaterials/Substrate/Glints2/dict_0002_0206.uasset" 4113
"../../../Engine/Content/EngineMaterials/Substrate/Glints2/dict_0002_0207.uasset" 4114
"../../../Engine/Content/EngineMaterials/Substrate/Glints2/dict_0002_0208.uasset" 4115
"../../../Engine/Content/EngineMaterials/Substrate/Glints2/dict_0002_0209.uasset" 4116
"../../../Engine/Content/EngineMaterials/Substrate/Glints2/dict_0002_0210.uasset" 4117
"../../../Engine/Content/EngineMaterials/Substrate/Glints2/dict_0002_0211.uasset" 4118
"../../../Engine/Content/EngineMaterials/Substrate/Glints2/dict_0002_0212.uasset" 4119
"../../../Engine/Content/EngineMaterials/Substrate/Glints2/dict_0002_0213.uasset" 4120
"../../../Engine/Content/EngineMaterials/Substrate/Glints2/dict_0002_0214.uasset" 4121
"../../../Engine/Content/EngineMaterials/Substrate/Glints2/dict_0002_0215.uasset" 4122
"../../../Engine/Content/EngineMaterials/Substrate/Glints2/dict_0002_0216.uasset" 4123
"../../../Engine/Content/EngineMaterials/Substrate/Glints2/dict_0002_0217.uasset" 4124
"../../../Engine/Content/EngineMaterials/Substrate/Glints2/dict_0002_0218.uasset" 4125
"../../../Engine/Content/EngineMaterials/Substrate/Glints2/dict_0002_0219.uasset" 4126
"../../../Engine/Content/EngineMaterials/Substrate/Glints2/dict_0002_0220.uasset" 4127
"../../../Engine/Content/EngineMaterials/Substrate/Glints2/dict_0002_0221.uasset" 4128
"../../../Engine/Content/EngineMaterials/Substrate/Glints2/dict_0002_0222.uasset" 4129
"../../../Engine/Content/EngineMaterials/Substrate/Glints2/dict_0002_0223.uasset" 4130
"../../../Engine/Content/EngineMaterials/Substrate/Glints2/dict_0002_0224.uasset" 4131
"../../../Engine/Content/EngineMaterials/Substrate/Glints2/dict_0002_0225.uasset" 4132
"../../../Engine/Content/EngineMaterials/Substrate/Glints2/dict_0002_0226.uasset" 4133
"../../../Engine/Content/EngineMaterials/Substrate/Glints2/dict_0002_0227.uasset" 4134
"../../../Engine/Content/EngineMaterials/Substrate/Glints2/dict_0002_0228.uasset" 4135
"../../../Engine/Content/EngineMaterials/Substrate/Glints2/dict_0002_0229.uasset" 4136
"../../../Engine/Content/EngineMaterials/Substrate/Glints2/dict_0002_0230.uasset" 4137
"../../../Engine/Content/EngineMaterials/Substrate/Glints2/dict_0002_0231.uasset" 4138
"../../../Engine/Content/EngineMaterials/Substrate/Glints2/dict_0002_0232.uasset" 4139
"../../../Engine/Content/EngineMaterials/Substrate/Glints2/dict_0002_0233.uasset" 4140
"../../../Engine/Content/EngineMaterials/Substrate/Glints2/dict_0002_0234.uasset" 4141
"../../../Engine/Content/EngineMaterials/Substrate/Glints2/dict_0002_0235.uasset" 4142
"../../../Engine/Content/EngineMaterials/Substrate/Glints2/dict_0002_0236.uasset" 4143
"../../../Engine/Content/EngineMaterials/Substrate/Glints2/dict_0002_0237.uasset" 4144
"../../../Engine/Content/EngineMaterials/Substrate/Glints2/dict_0002_0238.uasset" 4145
"../../../Engine/Content/EngineMaterials/Substrate/Glints2/dict_0002_0239.uasset" 4146
"../../../Engine/Content/EngineMaterials/Substrate/Glints2/dict_0002_0240.uasset" 4147
"../../../Engine/Content/EngineMaterials/Substrate/Glints2/dict_0002_0241.uasset" 4148
"../../../Engine/Content/EngineMaterials/Substrate/Glints2/dict_0002_0242.uasset" 4149
"../../../Engine/Content/EngineMaterials/Substrate/Glints2/dict_0002_0243.uasset" 4150
"../../../Engine/Content/EngineMaterials/Substrate/Glints2/dict_0002_0244.uasset" 4151
"../../../Engine/Content/EngineMaterials/Substrate/Glints2/dict_0002_0245.uasset" 4152
"../../../Engine/Content/EngineMaterials/Substrate/Glints2/dict_0002_0246.uasset" 4153
"../../../Engine/Content/EngineMaterials/Substrate/Glints2/dict_0002_0247.uasset" 4154
"../../../Engine/Content/EngineMaterials/Substrate/Glints2/dict_0002_0248.uasset" 4155
"../../../Engine/Content/EngineMaterials/Substrate/Glints2/dict_0002_0249.uasset" 4156
"../../../Engine/Content/EngineMaterials/Substrate/Glints2/dict_0002_0250.uasset" 4157
"../../../Engine/Content/EngineMaterials/Substrate/Glints2/dict_0002_0251.uasset" 4158
"../../../Engine/Content/EngineMaterials/Substrate/Glints2/dict_0002_0252.uasset" 4159
"../../../Engine/Content/EngineMaterials/Substrate/Glints2/dict_0002_0253.uasset" 4160
"../../../Engine/Content/EngineMaterials/Substrate/Glints2/dict_0002_0254.uasset" 4161
"../../../Engine/Content/EngineMaterials/Substrate/Glints2/dict_0002_0255.uasset" 4162
"../../../Engine/Content/EngineMaterials/Substrate/Glints2/dict_0003_0000.uasset" 4163
"../../../Engine/Content/EngineMaterials/Substrate/Glints2/dict_0003_0001.uasset" 4164
"../../../Engine/Content/EngineMaterials/Substrate/Glints2/dict_0003_0002.uasset" 4165
"../../../Engine/Content/EngineMaterials/Substrate/Glints2/dict_0003_0003.uasset" 4166
"../../../Engine/Content/EngineMaterials/Substrate/Glints2/dict_0003_0004.uasset" 4167
"../../../Engine/Content/EngineMaterials/Substrate/Glints2/dict_0003_0005.uasset" 4168
"../../../Engine/Content/EngineMaterials/Substrate/Glints2/dict_0003_0006.uasset" 4169
"../../../Engine/Content/EngineMaterials/Substrate/Glints2/dict_0003_0007.uasset" 4170
"../../../Engine/Content/EngineMaterials/Substrate/Glints2/dict_0003_0008.uasset" 4171
"../../../Engine/Content/EngineMaterials/Substrate/Glints2/dict_0003_0009.uasset" 4172
"../../../Engine/Content/EngineMaterials/Substrate/Glints2/dict_0003_0010.uasset" 4173
"../../../Engine/Content/EngineMaterials/Substrate/Glints2/dict_0003_0011.uasset" 4174
"../../../Engine/Content/EngineMaterials/Substrate/Glints2/dict_0003_0012.uasset" 4175
"../../../Engine/Content/EngineMaterials/Substrate/Glints2/dict_0003_0013.uasset" 4176
"../../../Engine/Content/EngineMaterials/Substrate/Glints2/dict_0003_0014.uasset" 4177
"../../../Engine/Content/EngineMaterials/Substrate/Glints2/dict_0003_0015.uasset" 4178
"../../../Engine/Content/EngineMaterials/Substrate/Glints2/dict_0003_0016.uasset" 4179
"../../../Engine/Content/EngineMaterials/Substrate/Glints2/dict_0003_0017.uasset" 4180
"../../../Engine/Content/EngineMaterials/Substrate/Glints2/dict_0003_0018.uasset" 4181
"../../../Engine/Content/EngineMaterials/Substrate/Glints2/dict_0003_0019.uasset" 4182
"../../../Engine/Content/EngineMaterials/Substrate/Glints2/dict_0003_0020.uasset" 4183
"../../../Engine/Content/EngineMaterials/Substrate/Glints2/dict_0003_0021.uasset" 4184
"../../../Engine/Content/EngineMaterials/Substrate/Glints2/dict_0003_0022.uasset" 4185
"../../../Engine/Content/EngineMaterials/Substrate/Glints2/dict_0003_0023.uasset" 4186
"../../../Engine/Content/EngineMaterials/Substrate/Glints2/dict_0003_0024.uasset" 4187
"../../../Engine/Content/EngineMaterials/Substrate/Glints2/dict_0003_0025.uasset" 4188
"../../../Engine/Content/EngineMaterials/Substrate/Glints2/dict_0003_0026.uasset" 4189
"../../../Engine/Content/EngineMaterials/Substrate/Glints2/dict_0003_0027.uasset" 4190
"../../../Engine/Content/EngineMaterials/Substrate/Glints2/dict_0003_0028.uasset" 4191
"../../../Engine/Content/EngineMaterials/Substrate/Glints2/dict_0003_0029.uasset" 4192
"../../../Engine/Content/EngineMaterials/Substrate/Glints2/dict_0003_0030.uasset" 4193
"../../../Engine/Content/EngineMaterials/Substrate/Glints2/dict_0003_0031.uasset" 4194
"../../../Engine/Content/EngineMaterials/Substrate/Glints2/dict_0003_0032.uasset" 4195
"../../../Engine/Content/EngineMaterials/Substrate/Glints2/dict_0003_0033.uasset" 4196
"../../../Engine/Content/EngineMaterials/Substrate/Glints2/dict_0003_0034.uasset" 4197
"../../../Engine/Content/EngineMaterials/Substrate/Glints2/dict_0003_0035.uasset" 4198
"../../../Engine/Content/EngineMaterials/Substrate/Glints2/dict_0003_0036.uasset" 4199
"../../../Engine/Content/EngineMaterials/Substrate/Glints2/dict_0003_0037.uasset" 4200
"../../../Engine/Content/EngineMaterials/Substrate/Glints2/dict_0003_0038.uasset" 4201
"../../../Engine/Content/EngineMaterials/Substrate/Glints2/dict_0003_0039.uasset" 4202
"../../../Engine/Content/EngineMaterials/Substrate/Glints2/dict_0003_0040.uasset" 4203
"../../../Engine/Content/EngineMaterials/Substrate/Glints2/dict_0003_0041.uasset" 4204
"../../../Engine/Content/EngineMaterials/Substrate/Glints2/dict_0003_0042.uasset" 4205
"../../../Engine/Content/EngineMaterials/Substrate/Glints2/dict_0003_0043.uasset" 4206
"../../../Engine/Content/EngineMaterials/Substrate/Glints2/dict_0003_0044.uasset" 4207
"../../../Engine/Content/EngineMaterials/Substrate/Glints2/dict_0003_0045.uasset" 4208
"../../../Engine/Content/EngineMaterials/Substrate/Glints2/dict_0003_0046.uasset" 4209
"../../../Engine/Content/EngineMaterials/Substrate/Glints2/dict_0003_0047.uasset" 4210
"../../../Engine/Content/EngineMaterials/Substrate/Glints2/dict_0003_0048.uasset" 4211
"../../../Engine/Content/EngineMaterials/Substrate/Glints2/dict_0003_0049.uasset" 4212
"../../../Engine/Content/EngineMaterials/Substrate/Glints2/dict_0003_0050.uasset" 4213
"../../../Engine/Content/EngineMaterials/Substrate/Glints2/dict_0003_0051.uasset" 4214
"../../../Engine/Content/EngineMaterials/Substrate/Glints2/dict_0003_0052.uasset" 4215
"../../../Engine/Content/EngineMaterials/Substrate/Glints2/dict_0003_0053.uasset" 4216
"../../../Engine/Content/EngineMaterials/Substrate/Glints2/dict_0003_0054.uasset" 4217
"../../../Engine/Content/EngineMaterials/Substrate/Glints2/dict_0003_0055.uasset" 4218
"../../../Engine/Content/EngineMaterials/Substrate/Glints2/dict_0003_0056.uasset" 4219
"../../../Engine/Content/EngineMaterials/Substrate/Glints2/dict_0003_0057.uasset" 4220
"../../../Engine/Content/EngineMaterials/Substrate/Glints2/dict_0003_0058.uasset" 4221
"../../../Engine/Content/EngineMaterials/Substrate/Glints2/dict_0003_0059.uasset" 4222
"../../../Engine/Content/EngineMaterials/Substrate/Glints2/dict_0003_0060.uasset" 4223
"../../../Engine/Content/EngineMaterials/Substrate/Glints2/dict_0003_0061.uasset" 4224
"../../../Engine/Content/EngineMaterials/Substrate/Glints2/dict_0003_0062.uasset" 4225
"../../../Engine/Content/EngineMaterials/Substrate/Glints2/dict_0003_0063.uasset" 4226
"../../../Engine/Content/EngineMaterials/Substrate/Glints2/dict_0003_0064.uasset" 4227
"../../../Engine/Content/EngineMaterials/Substrate/Glints2/dict_0003_0065.uasset" 4228
"../../../Engine/Content/EngineMaterials/Substrate/Glints2/dict_0003_0066.uasset" 4229
"../../../Engine/Content/EngineMaterials/Substrate/Glints2/dict_0003_0067.uasset" 4230
"../../../Engine/Content/EngineMaterials/Substrate/Glints2/dict_0003_0068.uasset" 4231
"../../../Engine/Content/EngineMaterials/Substrate/Glints2/dict_0003_0069.uasset" 4232
"../../../Engine/Content/EngineMaterials/Substrate/Glints2/dict_0003_0070.uasset" 4233
"../../../Engine/Content/EngineMaterials/Substrate/Glints2/dict_0003_0071.uasset" 4234
"../../../Engine/Content/EngineMaterials/Substrate/Glints2/dict_0003_0072.uasset" 4235
"../../../Engine/Content/EngineMaterials/Substrate/Glints2/dict_0003_0073.uasset" 4236
"../../../Engine/Content/EngineMaterials/Substrate/Glints2/dict_0003_0074.uasset" 4237
"../../../Engine/Content/EngineMaterials/Substrate/Glints2/dict_0003_0075.uasset" 4238
"../../../Engine/Content/EngineMaterials/Substrate/Glints2/dict_0003_0076.uasset" 4239
"../../../Engine/Content/EngineMaterials/Substrate/Glints2/dict_0003_0077.uasset" 4240
"../../../Engine/Content/EngineMaterials/Substrate/Glints2/dict_0003_0078.uasset" 4241
"../../../Engine/Content/EngineMaterials/Substrate/Glints2/dict_0003_0079.uasset" 4242
"../../../Engine/Content/EngineMaterials/Substrate/Glints2/dict_0003_0080.uasset" 4243
"../../../Engine/Content/EngineMaterials/Substrate/Glints2/dict_0003_0081.uasset" 4244
"../../../Engine/Content/EngineMaterials/Substrate/Glints2/dict_0003_0082.uasset" 4245
"../../../Engine/Content/EngineMaterials/Substrate/Glints2/dict_0003_0083.uasset" 4246
"../../../Engine/Content/EngineMaterials/Substrate/Glints2/dict_0003_0084.uasset" 4247
"../../../Engine/Content/EngineMaterials/Substrate/Glints2/dict_0003_0085.uasset" 4248
"../../../Engine/Content/EngineMaterials/Substrate/Glints2/dict_0003_0086.uasset" 4249
"../../../Engine/Content/EngineMaterials/Substrate/Glints2/dict_0003_0087.uasset" 4250
"../../../Engine/Content/EngineMaterials/Substrate/Glints2/dict_0003_0088.uasset" 4251
"../../../Engine/Content/EngineMaterials/Substrate/Glints2/dict_0003_0089.uasset" 4252
"../../../Engine/Content/EngineMaterials/Substrate/Glints2/dict_0003_0090.uasset" 4253
"../../../Engine/Content/EngineMaterials/Substrate/Glints2/dict_0003_0091.uasset" 4254
"../../../Engine/Content/EngineMaterials/Substrate/Glints2/dict_0003_0092.uasset" 4255
"../../../Engine/Content/EngineMaterials/Substrate/Glints2/dict_0003_0093.uasset" 4256
"../../../Engine/Content/EngineMaterials/Substrate/Glints2/dict_0003_0094.uasset" 4257
"../../../Engine/Content/EngineMaterials/Substrate/Glints2/dict_0003_0095.uasset" 4258
"../../../Engine/Content/EngineMaterials/Substrate/Glints2/dict_0003_0096.uasset" 4259
"../../../Engine/Content/EngineMaterials/Substrate/Glints2/dict_0003_0097.uasset" 4260
"../../../Engine/Content/EngineMaterials/Substrate/Glints2/dict_0003_0098.uasset" 4261
"../../../Engine/Content/EngineMaterials/Substrate/Glints2/dict_0003_0099.uasset" 4262
"../../../Engine/Content/EngineMaterials/Substrate/Glints2/dict_0003_0100.uasset" 4263
"../../../Engine/Content/EngineMaterials/Substrate/Glints2/dict_0003_0101.uasset" 4264
"../../../Engine/Content/EngineMaterials/Substrate/Glints2/dict_0003_0102.uasset" 4265
"../../../Engine/Content/EngineMaterials/Substrate/Glints2/dict_0003_0103.uasset" 4266
"../../../Engine/Content/EngineMaterials/Substrate/Glints2/dict_0003_0104.uasset" 4267
"../../../Engine/Content/EngineMaterials/Substrate/Glints2/dict_0003_0105.uasset" 4268
"../../../Engine/Content/EngineMaterials/Substrate/Glints2/dict_0003_0106.uasset" 4269
"../../../Engine/Content/EngineMaterials/Substrate/Glints2/dict_0003_0107.uasset" 4270
"../../../Engine/Content/EngineMaterials/Substrate/Glints2/dict_0003_0108.uasset" 4271
"../../../Engine/Content/EngineMaterials/Substrate/Glints2/dict_0003_0109.uasset" 4272
"../../../Engine/Content/EngineMaterials/Substrate/Glints2/dict_0003_0110.uasset" 4273
"../../../Engine/Content/EngineMaterials/Substrate/Glints2/dict_0003_0111.uasset" 4274
"../../../Engine/Content/EngineMaterials/Substrate/Glints2/dict_0003_0112.uasset" 4275
"../../../Engine/Content/EngineMaterials/Substrate/Glints2/dict_0003_0113.uasset" 4276
"../../../Engine/Content/EngineMaterials/Substrate/Glints2/dict_0003_0114.uasset" 4277
"../../../Engine/Content/EngineMaterials/Substrate/Glints2/dict_0003_0115.uasset" 4278
"../../../Engine/Content/EngineMaterials/Substrate/Glints2/dict_0003_0116.uasset" 4279
"../../../Engine/Content/EngineMaterials/Substrate/Glints2/dict_0003_0117.uasset" 4280
"../../../Engine/Content/EngineMaterials/Substrate/Glints2/dict_0003_0118.uasset" 4281
"../../../Engine/Content/EngineMaterials/Substrate/Glints2/dict_0003_0119.uasset" 4282
"../../../Engine/Content/EngineMaterials/Substrate/Glints2/dict_0003_0120.uasset" 4283
"../../../Engine/Content/EngineMaterials/Substrate/Glints2/dict_0003_0121.uasset" 4284
"../../../Engine/Content/EngineMaterials/Substrate/Glints2/dict_0003_0122.uasset" 4285
"../../../Engine/Content/EngineMaterials/Substrate/Glints2/dict_0003_0123.uasset" 4286
"../../../Engine/Content/EngineMaterials/Substrate/Glints2/dict_0003_0124.uasset" 4287
"../../../Engine/Content/EngineMaterials/Substrate/Glints2/dict_0003_0125.uasset" 4288
"../../../Engine/Content/EngineMaterials/Substrate/Glints2/dict_0003_0126.uasset" 4289
"../../../Engine/Content/EngineMaterials/Substrate/Glints2/dict_0003_0127.uasset" 4290
"../../../Engine/Content/EngineMaterials/Substrate/Glints2/dict_0003_0128.uasset" 4291
"../../../Engine/Content/EngineMaterials/Substrate/Glints2/dict_0003_0129.uasset" 4292
"../../../Engine/Content/EngineMaterials/Substrate/Glints2/dict_0003_0130.uasset" 4293
"../../../Engine/Content/EngineMaterials/Substrate/Glints2/dict_0003_0131.uasset" 4294
"../../../Engine/Content/EngineMaterials/Substrate/Glints2/dict_0003_0132.uasset" 4295
"../../../Engine/Content/EngineMaterials/Substrate/Glints2/dict_0003_0133.uasset" 4296
"../../../Engine/Content/EngineMaterials/Substrate/Glints2/dict_0003_0134.uasset" 4297
"../../../Engine/Content/EngineMaterials/Substrate/Glints2/dict_0003_0135.uasset" 4298
"../../../Engine/Content/EngineMaterials/Substrate/Glints2/dict_0003_0136.uasset" 4299
"../../../Engine/Content/EngineMaterials/Substrate/Glints2/dict_0003_0137.uasset" 4300
"../../../Engine/Content/EngineMaterials/Substrate/Glints2/dict_0003_0138.uasset" 4301
"../../../Engine/Content/EngineMaterials/Substrate/Glints2/dict_0003_0139.uasset" 4302
"../../../Engine/Content/EngineMaterials/Substrate/Glints2/dict_0003_0140.uasset" 4303
"../../../Engine/Content/EngineMaterials/Substrate/Glints2/dict_0003_0141.uasset" 4304
"../../../Engine/Content/EngineMaterials/Substrate/Glints2/dict_0003_0142.uasset" 4305
"../../../Engine/Content/EngineMaterials/Substrate/Glints2/dict_0003_0143.uasset" 4306
"../../../Engine/Content/EngineMaterials/Substrate/Glints2/dict_0003_0144.uasset" 4307
"../../../Engine/Content/EngineMaterials/Substrate/Glints2/dict_0003_0145.uasset" 4308
"../../../Engine/Content/EngineMaterials/Substrate/Glints2/dict_0003_0146.uasset" 4309
"../../../Engine/Content/EngineMaterials/Substrate/Glints2/dict_0003_0147.uasset" 4310
"../../../Engine/Content/EngineMaterials/Substrate/Glints2/dict_0003_0148.uasset" 4311
"../../../Engine/Content/EngineMaterials/Substrate/Glints2/dict_0003_0149.uasset" 4312
"../../../Engine/Content/EngineMaterials/Substrate/Glints2/dict_0003_0150.uasset" 4313
"../../../Engine/Content/EngineMaterials/Substrate/Glints2/dict_0003_0151.uasset" 4314
"../../../Engine/Content/EngineMaterials/Substrate/Glints2/dict_0003_0152.uasset" 4315
"../../../Engine/Content/EngineMaterials/Substrate/Glints2/dict_0003_0153.uasset" 4316
"../../../Engine/Content/EngineMaterials/Substrate/Glints2/dict_0003_0154.uasset" 4317
"../../../Engine/Content/EngineMaterials/Substrate/Glints2/dict_0003_0155.uasset" 4318
"../../../Engine/Content/EngineMaterials/Substrate/Glints2/dict_0003_0156.uasset" 4319
"../../../Engine/Content/EngineMaterials/Substrate/Glints2/dict_0003_0157.uasset" 4320
"../../../Engine/Content/EngineMaterials/Substrate/Glints2/dict_0003_0158.uasset" 4321
"../../../Engine/Content/EngineMaterials/Substrate/Glints2/dict_0003_0159.uasset" 4322
"../../../Engine/Content/EngineMaterials/Substrate/Glints2/dict_0003_0160.uasset" 4323
"../../../Engine/Content/EngineMaterials/Substrate/Glints2/dict_0003_0161.uasset" 4324
"../../../Engine/Content/EngineMaterials/Substrate/Glints2/dict_0003_0162.uasset" 4325
"../../../Engine/Content/EngineMaterials/Substrate/Glints2/dict_0003_0163.uasset" 4326
"../../../Engine/Content/EngineMaterials/Substrate/Glints2/dict_0003_0164.uasset" 4327
"../../../Engine/Content/EngineMaterials/Substrate/Glints2/dict_0003_0165.uasset" 4328
"../../../Engine/Content/EngineMaterials/Substrate/Glints2/dict_0003_0166.uasset" 4329
"../../../Engine/Content/EngineMaterials/Substrate/Glints2/dict_0003_0167.uasset" 4330
"../../../Engine/Content/EngineMaterials/Substrate/Glints2/dict_0003_0168.uasset" 4331
"../../../Engine/Content/EngineMaterials/Substrate/Glints2/dict_0003_0169.uasset" 4332
"../../../Engine/Content/EngineMaterials/Substrate/Glints2/dict_0003_0170.uasset" 4333
"../../../Engine/Content/EngineMaterials/Substrate/Glints2/dict_0003_0171.uasset" 4334
"../../../Engine/Content/EngineMaterials/Substrate/Glints2/dict_0003_0172.uasset" 4335
"../../../Engine/Content/EngineMaterials/Substrate/Glints2/dict_0003_0173.uasset" 4336
"../../../Engine/Content/EngineMaterials/Substrate/Glints2/dict_0003_0174.uasset" 4337
"../../../Engine/Content/EngineMaterials/Substrate/Glints2/dict_0003_0175.uasset" 4338
"../../../Engine/Content/EngineMaterials/Substrate/Glints2/dict_0003_0176.uasset" 4339
"../../../Engine/Content/EngineMaterials/Substrate/Glints2/dict_0003_0177.uasset" 4340
"../../../Engine/Content/EngineMaterials/Substrate/Glints2/dict_0003_0178.uasset" 4341
"../../../Engine/Content/EngineMaterials/Substrate/Glints2/dict_0003_0179.uasset" 4342
"../../../Engine/Content/EngineMaterials/Substrate/Glints2/dict_0003_0180.uasset" 4343
"../../../Engine/Content/EngineMaterials/Substrate/Glints2/dict_0003_0181.uasset" 4344
"../../../Engine/Content/EngineMaterials/Substrate/Glints2/dict_0003_0182.uasset" 4345
"../../../Engine/Content/EngineMaterials/Substrate/Glints2/dict_0003_0183.uasset" 4346
"../../../Engine/Content/EngineMaterials/Substrate/Glints2/dict_0003_0184.uasset" 4347
"../../../Engine/Content/EngineMaterials/Substrate/Glints2/dict_0003_0185.uasset" 4348
"../../../Engine/Content/EngineMaterials/Substrate/Glints2/dict_0003_0186.uasset" 4349
"../../../Engine/Content/EngineMaterials/Substrate/Glints2/dict_0003_0187.uasset" 4350
"../../../Engine/Content/EngineMaterials/Substrate/Glints2/dict_0003_0188.uasset" 4351
"../../../Engine/Content/EngineMaterials/Substrate/Glints2/dict_0003_0189.uasset" 4352
"../../../Engine/Content/EngineMaterials/Substrate/Glints2/dict_0003_0190.uasset" 4353
"../../../Engine/Content/EngineMaterials/Substrate/Glints2/dict_0003_0191.uasset" 4354
"../../../Engine/Content/EngineMaterials/Substrate/Glints2/dict_0003_0192.uasset" 4355
"../../../Engine/Content/EngineMaterials/Substrate/Glints2/dict_0003_0193.uasset" 4356
"../../../Engine/Content/EngineMaterials/Substrate/Glints2/dict_0003_0194.uasset" 4357
"../../../Engine/Content/EngineMaterials/Substrate/Glints2/dict_0003_0195.uasset" 4358
"../../../Engine/Content/EngineMaterials/Substrate/Glints2/dict_0003_0196.uasset" 4359
"../../../Engine/Content/EngineMaterials/Substrate/Glints2/dict_0003_0197.uasset" 4360
"../../../Engine/Content/EngineMaterials/Substrate/Glints2/dict_0003_0198.uasset" 4361
"../../../Engine/Content/EngineMaterials/Substrate/Glints2/dict_0003_0199.uasset" 4362
"../../../Engine/Content/EngineMaterials/Substrate/Glints2/dict_0003_0200.uasset" 4363
"../../../Engine/Content/EngineMaterials/Substrate/Glints2/dict_0003_0201.uasset" 4364
"../../../Engine/Content/EngineMaterials/Substrate/Glints2/dict_0003_0202.uasset" 4365
"../../../Engine/Content/EngineMaterials/Substrate/Glints2/dict_0003_0203.uasset" 4366
"../../../Engine/Content/EngineMaterials/Substrate/Glints2/dict_0003_0204.uasset" 4367
"../../../Engine/Content/EngineMaterials/Substrate/Glints2/dict_0003_0205.uasset" 4368
"../../../Engine/Content/EngineMaterials/Substrate/Glints2/dict_0003_0206.uasset" 4369
"../../../Engine/Content/EngineMaterials/Substrate/Glints2/dict_0003_0207.uasset" 4370
"../../../Engine/Content/EngineMaterials/Substrate/Glints2/dict_0003_0208.uasset" 4371
"../../../Engine/Content/EngineMaterials/Substrate/Glints2/dict_0003_0209.uasset" 4372
"../../../Engine/Content/EngineMaterials/Substrate/Glints2/dict_0003_0210.uasset" 4373
"../../../Engine/Content/EngineMaterials/Substrate/Glints2/dict_0003_0211.uasset" 4374
"../../../Engine/Content/EngineMaterials/Substrate/Glints2/dict_0003_0212.uasset" 4375
"../../../Engine/Content/EngineMaterials/Substrate/Glints2/dict_0003_0213.uasset" 4376
"../../../Engine/Content/EngineMaterials/Substrate/Glints2/dict_0003_0214.uasset" 4377
"../../../Engine/Content/EngineMaterials/Substrate/Glints2/dict_0003_0215.uasset" 4378
"../../../Engine/Content/EngineMaterials/Substrate/Glints2/dict_0003_0216.uasset" 4379
"../../../Engine/Content/EngineMaterials/Substrate/Glints2/dict_0003_0217.uasset" 4380
"../../../Engine/Content/EngineMaterials/Substrate/Glints2/dict_0003_0218.uasset" 4381
"../../../Engine/Content/EngineMaterials/Substrate/Glints2/dict_0003_0219.uasset" 4382
"../../../Engine/Content/EngineMaterials/Substrate/Glints2/dict_0003_0220.uasset" 4383
"../../../Engine/Content/EngineMaterials/Substrate/Glints2/dict_0003_0221.uasset" 4384
"../../../Engine/Content/EngineMaterials/Substrate/Glints2/dict_0003_0222.uasset" 4385
"../../../Engine/Content/EngineMaterials/Substrate/Glints2/dict_0003_0223.uasset" 4386
"../../../Engine/Content/EngineMaterials/Substrate/Glints2/dict_0003_0224.uasset" 4387
"../../../Engine/Content/EngineMaterials/Substrate/Glints2/dict_0003_0225.uasset" 4388
"../../../Engine/Content/EngineMaterials/Substrate/Glints2/dict_0003_0226.uasset" 4389
"../../../Engine/Content/EngineMaterials/Substrate/Glints2/dict_0003_0227.uasset" 4390
"../../../Engine/Content/EngineMaterials/Substrate/Glints2/dict_0003_0228.uasset" 4391
"../../../Engine/Content/EngineMaterials/Substrate/Glints2/dict_0003_0229.uasset" 4392
"../../../Engine/Content/EngineMaterials/Substrate/Glints2/dict_0003_0230.uasset" 4393
"../../../Engine/Content/EngineMaterials/Substrate/Glints2/dict_0003_0231.uasset" 4394
"../../../Engine/Content/EngineMaterials/Substrate/Glints2/dict_0003_0232.uasset" 4395
"../../../Engine/Content/EngineMaterials/Substrate/Glints2/dict_0003_0233.uasset" 4396
"../../../Engine/Content/EngineMaterials/Substrate/Glints2/dict_0003_0234.uasset" 4397
"../../../Engine/Content/EngineMaterials/Substrate/Glints2/dict_0003_0235.uasset" 4398
"../../../Engine/Content/EngineMaterials/Substrate/Glints2/dict_0003_0236.uasset" 4399
"../../../Engine/Content/EngineMaterials/Substrate/Glints2/dict_0003_0237.uasset" 4400
"../../../Engine/Content/EngineMaterials/Substrate/Glints2/dict_0003_0238.uasset" 4401
"../../../Engine/Content/EngineMaterials/Substrate/Glints2/dict_0003_0239.uasset" 4402
"../../../Engine/Content/EngineMaterials/Substrate/Glints2/dict_0003_0240.uasset" 4403
"../../../Engine/Content/EngineMaterials/Substrate/Glints2/dict_0003_0241.uasset" 4404
"../../../Engine/Content/EngineMaterials/Substrate/Glints2/dict_0003_0242.uasset" 4405
"../../../Engine/Content/EngineMaterials/Substrate/Glints2/dict_0003_0243.uasset" 4406
"../../../Engine/Content/EngineMaterials/Substrate/Glints2/dict_0003_0244.uasset" 4407
"../../../Engine/Content/EngineMaterials/Substrate/Glints2/dict_0003_0245.uasset" 4408
"../../../Engine/Content/EngineMaterials/Substrate/Glints2/dict_0003_0246.uasset" 4409
"../../../Engine/Content/EngineMaterials/Substrate/Glints2/dict_0003_0247.uasset" 4410
"../../../Engine/Content/EngineMaterials/Substrate/Glints2/dict_0003_0248.uasset" 4411
"../../../Engine/Content/EngineMaterials/Substrate/Glints2/dict_0003_0249.uasset" 4412
"../../../Engine/Content/EngineMaterials/Substrate/Glints2/dict_0003_0250.uasset" 4413
"../../../Engine/Content/EngineMaterials/Substrate/Glints2/dict_0003_0251.uasset" 4414
"../../../Engine/Content/EngineMaterials/Substrate/Glints2/dict_0003_0252.uasset" 4415
"../../../Engine/Content/EngineMaterials/Substrate/Glints2/dict_0003_0253.uasset" 4416
"../../../Engine/Content/EngineMaterials/Substrate/Glints2/dict_0003_0254.uasset" 4417
"../../../Engine/Content/EngineMaterials/Substrate/Glints2/dict_0003_0255.uasset" 4418
"../../../Engine/Content/EngineMaterials/Substrate/Glints2/dict_0004_0000.uasset" 4419
"../../../Engine/Content/EngineMaterials/Substrate/Glints2/dict_0004_0001.uasset" 4420
"../../../Engine/Content/EngineMaterials/Substrate/Glints2/dict_0004_0002.uasset" 4421
"../../../Engine/Content/EngineMaterials/Substrate/Glints2/dict_0004_0003.uasset" 4422
"../../../Engine/Content/EngineMaterials/Substrate/Glints2/dict_0004_0004.uasset" 4423
"../../../Engine/Content/EngineMaterials/Substrate/Glints2/dict_0004_0005.uasset" 4424
"../../../Engine/Content/EngineMaterials/Substrate/Glints2/dict_0004_0006.uasset" 4425
"../../../Engine/Content/EngineMaterials/Substrate/Glints2/dict_0004_0007.uasset" 4426
"../../../Engine/Content/EngineMaterials/Substrate/Glints2/dict_0004_0008.uasset" 4427
"../../../Engine/Content/EngineMaterials/Substrate/Glints2/dict_0004_0009.uasset" 4428
"../../../Engine/Content/EngineMaterials/Substrate/Glints2/dict_0004_0010.uasset" 4429
"../../../Engine/Content/EngineMaterials/Substrate/Glints2/dict_0004_0011.uasset" 4430
"../../../Engine/Content/EngineMaterials/Substrate/Glints2/dict_0004_0012.uasset" 4431
"../../../Engine/Content/EngineMaterials/Substrate/Glints2/dict_0004_0013.uasset" 4432
"../../../Engine/Content/EngineMaterials/Substrate/Glints2/dict_0004_0014.uasset" 4433
"../../../Engine/Content/EngineMaterials/Substrate/Glints2/dict_0004_0015.uasset" 4434
"../../../Engine/Content/EngineMaterials/Substrate/Glints2/dict_0004_0016.uasset" 4435
"../../../Engine/Content/EngineMaterials/Substrate/Glints2/dict_0004_0017.uasset" 4436
"../../../Engine/Content/EngineMaterials/Substrate/Glints2/dict_0004_0018.uasset" 4437
"../../../Engine/Content/EngineMaterials/Substrate/Glints2/dict_0004_0019.uasset" 4438
"../../../Engine/Content/EngineMaterials/Substrate/Glints2/dict_0004_0020.uasset" 4439
"../../../Engine/Content/EngineMaterials/Substrate/Glints2/dict_0004_0021.uasset" 4440
"../../../Engine/Content/EngineMaterials/Substrate/Glints2/dict_0004_0022.uasset" 4441
"../../../Engine/Content/EngineMaterials/Substrate/Glints2/dict_0004_0023.uasset" 4442
"../../../Engine/Content/EngineMaterials/Substrate/Glints2/dict_0004_0024.uasset" 4443
"../../../Engine/Content/EngineMaterials/Substrate/Glints2/dict_0004_0025.uasset" 4444
"../../../Engine/Content/EngineMaterials/Substrate/Glints2/dict_0004_0026.uasset" 4445
"../../../Engine/Content/EngineMaterials/Substrate/Glints2/dict_0004_0027.uasset" 4446
"../../../Engine/Content/EngineMaterials/Substrate/Glints2/dict_0004_0028.uasset" 4447
"../../../Engine/Content/EngineMaterials/Substrate/Glints2/dict_0004_0029.uasset" 4448
"../../../Engine/Content/EngineMaterials/Substrate/Glints2/dict_0004_0030.uasset" 4449
"../../../Engine/Content/EngineMaterials/Substrate/Glints2/dict_0004_0031.uasset" 4450
"../../../Engine/Content/EngineMaterials/Substrate/Glints2/dict_0004_0032.uasset" 4451
"../../../Engine/Content/EngineMaterials/Substrate/Glints2/dict_0004_0033.uasset" 4452
"../../../Engine/Content/EngineMaterials/Substrate/Glints2/dict_0004_0034.uasset" 4453
"../../../Engine/Content/EngineMaterials/Substrate/Glints2/dict_0004_0035.uasset" 4454
"../../../Engine/Content/EngineMaterials/Substrate/Glints2/dict_0004_0036.uasset" 4455
"../../../Engine/Content/EngineMaterials/Substrate/Glints2/dict_0004_0037.uasset" 4456
"../../../Engine/Content/EngineMaterials/Substrate/Glints2/dict_0004_0038.uasset" 4457
"../../../Engine/Content/EngineMaterials/Substrate/Glints2/dict_0004_0039.uasset" 4458
"../../../Engine/Content/EngineMaterials/Substrate/Glints2/dict_0004_0040.uasset" 4459
"../../../Engine/Content/EngineMaterials/Substrate/Glints2/dict_0004_0041.uasset" 4460
"../../../Engine/Content/EngineMaterials/Substrate/Glints2/dict_0004_0042.uasset" 4461
"../../../Engine/Content/EngineMaterials/Substrate/Glints2/dict_0004_0043.uasset" 4462
"../../../Engine/Content/EngineMaterials/Substrate/Glints2/dict_0004_0044.uasset" 4463
"../../../Engine/Content/EngineMaterials/Substrate/Glints2/dict_0004_0045.uasset" 4464
"../../../Engine/Content/EngineMaterials/Substrate/Glints2/dict_0004_0046.uasset" 4465
"../../../Engine/Content/EngineMaterials/Substrate/Glints2/dict_0004_0047.uasset" 4466
"../../../Engine/Content/EngineMaterials/Substrate/Glints2/dict_0004_0048.uasset" 4467
"../../../Engine/Content/EngineMaterials/Substrate/Glints2/dict_0004_0049.uasset" 4468
"../../../Engine/Content/EngineMaterials/Substrate/Glints2/dict_0004_0050.uasset" 4469
"../../../Engine/Content/EngineMaterials/Substrate/Glints2/dict_0004_0051.uasset" 4470
"../../../Engine/Content/EngineMaterials/Substrate/Glints2/dict_0004_0052.uasset" 4471
"../../../Engine/Content/EngineMaterials/Substrate/Glints2/dict_0004_0053.uasset" 4472
"../../../Engine/Content/EngineMaterials/Substrate/Glints2/dict_0004_0054.uasset" 4473
"../../../Engine/Content/EngineMaterials/Substrate/Glints2/dict_0004_0055.uasset" 4474
"../../../Engine/Content/EngineMaterials/Substrate/Glints2/dict_0004_0056.uasset" 4475
"../../../Engine/Content/EngineMaterials/Substrate/Glints2/dict_0004_0057.uasset" 4476
"../../../Engine/Content/EngineMaterials/Substrate/Glints2/dict_0004_0058.uasset" 4477
"../../../Engine/Content/EngineMaterials/Substrate/Glints2/dict_0004_0059.uasset" 4478
"../../../Engine/Content/EngineMaterials/Substrate/Glints2/dict_0004_0060.uasset" 4479
"../../../Engine/Content/EngineMaterials/Substrate/Glints2/dict_0004_0061.uasset" 4480
"../../../Engine/Content/EngineMaterials/Substrate/Glints2/dict_0004_0062.uasset" 4481
"../../../Engine/Content/EngineMaterials/Substrate/Glints2/dict_0004_0063.uasset" 4482
"../../../Engine/Content/EngineMaterials/Substrate/Glints2/dict_0004_0064.uasset" 4483
"../../../Engine/Content/EngineMaterials/Substrate/Glints2/dict_0004_0065.uasset" 4484
"../../../Engine/Content/EngineMaterials/Substrate/Glints2/dict_0004_0066.uasset" 4485
"../../../Engine/Content/EngineMaterials/Substrate/Glints2/dict_0004_0067.uasset" 4486
"../../../Engine/Content/EngineMaterials/Substrate/Glints2/dict_0004_0068.uasset" 4487
"../../../Engine/Content/EngineMaterials/Substrate/Glints2/dict_0004_0069.uasset" 4488
"../../../Engine/Content/EngineMaterials/Substrate/Glints2/dict_0004_0070.uasset" 4489
"../../../Engine/Content/EngineMaterials/Substrate/Glints2/dict_0004_0071.uasset" 4490
"../../../Engine/Content/EngineMaterials/Substrate/Glints2/dict_0004_0072.uasset" 4491
"../../../Engine/Content/EngineMaterials/Substrate/Glints2/dict_0004_0073.uasset" 4492
"../../../Engine/Content/EngineMaterials/Substrate/Glints2/dict_0004_0074.uasset" 4493
"../../../Engine/Content/EngineMaterials/Substrate/Glints2/dict_0004_0075.uasset" 4494
"../../../Engine/Content/EngineMaterials/Substrate/Glints2/dict_0004_0076.uasset" 4495
"../../../Engine/Content/EngineMaterials/Substrate/Glints2/dict_0004_0077.uasset" 4496
"../../../Engine/Content/EngineMaterials/Substrate/Glints2/dict_0004_0078.uasset" 4497
"../../../Engine/Content/EngineMaterials/Substrate/Glints2/dict_0004_0079.uasset" 4498
"../../../Engine/Content/EngineMaterials/Substrate/Glints2/dict_0004_0080.uasset" 4499
"../../../Engine/Content/EngineMaterials/Substrate/Glints2/dict_0004_0081.uasset" 4500
"../../../Engine/Content/EngineMaterials/Substrate/Glints2/dict_0004_0082.uasset" 4501
"../../../Engine/Content/EngineMaterials/Substrate/Glints2/dict_0004_0083.uasset" 4502
"../../../Engine/Content/EngineMaterials/Substrate/Glints2/dict_0004_0084.uasset" 4503
"../../../Engine/Content/EngineMaterials/Substrate/Glints2/dict_0004_0085.uasset" 4504
"../../../Engine/Content/EngineMaterials/Substrate/Glints2/dict_0004_0086.uasset" 4505
"../../../Engine/Content/EngineMaterials/Substrate/Glints2/dict_0004_0087.uasset" 4506
"../../../Engine/Content/EngineMaterials/Substrate/Glints2/dict_0004_0088.uasset" 4507
"../../../Engine/Content/EngineMaterials/Substrate/Glints2/dict_0004_0089.uasset" 4508
"../../../Engine/Content/EngineMaterials/Substrate/Glints2/dict_0004_0090.uasset" 4509
"../../../Engine/Content/EngineMaterials/Substrate/Glints2/dict_0004_0091.uasset" 4510
"../../../Engine/Content/EngineMaterials/Substrate/Glints2/dict_0004_0092.uasset" 4511
"../../../Engine/Content/EngineMaterials/Substrate/Glints2/dict_0004_0093.uasset" 4512
"../../../Engine/Content/EngineMaterials/Substrate/Glints2/dict_0004_0094.uasset" 4513
"../../../Engine/Content/EngineMaterials/Substrate/Glints2/dict_0004_0095.uasset" 4514
"../../../Engine/Content/EngineMaterials/Substrate/Glints2/dict_0004_0096.uasset" 4515
"../../../Engine/Content/EngineMaterials/Substrate/Glints2/dict_0004_0097.uasset" 4516
"../../../Engine/Content/EngineMaterials/Substrate/Glints2/dict_0004_0098.uasset" 4517
"../../../Engine/Content/EngineMaterials/Substrate/Glints2/dict_0004_0099.uasset" 4518
"../../../Engine/Content/EngineMaterials/Substrate/Glints2/dict_0004_0100.uasset" 4519
"../../../Engine/Content/EngineMaterials/Substrate/Glints2/dict_0004_0101.uasset" 4520
"../../../Engine/Content/EngineMaterials/Substrate/Glints2/dict_0004_0102.uasset" 4521
"../../../Engine/Content/EngineMaterials/Substrate/Glints2/dict_0004_0103.uasset" 4522
"../../../Engine/Content/EngineMaterials/Substrate/Glints2/dict_0004_0104.uasset" 4523
"../../../Engine/Content/EngineMaterials/Substrate/Glints2/dict_0004_0105.uasset" 4524
"../../../Engine/Content/EngineMaterials/Substrate/Glints2/dict_0004_0106.uasset" 4525
"../../../Engine/Content/EngineMaterials/Substrate/Glints2/dict_0004_0107.uasset" 4526
"../../../Engine/Content/EngineMaterials/Substrate/Glints2/dict_0004_0108.uasset" 4527
"../../../Engine/Content/EngineMaterials/Substrate/Glints2/dict_0004_0109.uasset" 4528
"../../../Engine/Content/EngineMaterials/Substrate/Glints2/dict_0004_0110.uasset" 4529
"../../../Engine/Content/EngineMaterials/Substrate/Glints2/dict_0004_0111.uasset" 4530
"../../../Engine/Content/EngineMaterials/Substrate/Glints2/dict_0004_0112.uasset" 4531
"../../../Engine/Content/EngineMaterials/Substrate/Glints2/dict_0004_0113.uasset" 4532
"../../../Engine/Content/EngineMaterials/Substrate/Glints2/dict_0004_0114.uasset" 4533
"../../../Engine/Content/EngineMaterials/Substrate/Glints2/dict_0004_0115.uasset" 4534
"../../../Engine/Content/EngineMaterials/Substrate/Glints2/dict_0004_0116.uasset" 4535
"../../../Engine/Content/EngineMaterials/Substrate/Glints2/dict_0004_0117.uasset" 4536
"../../../Engine/Content/EngineMaterials/Substrate/Glints2/dict_0004_0118.uasset" 4537
"../../../Engine/Content/EngineMaterials/Substrate/Glints2/dict_0004_0119.uasset" 4538
"../../../Engine/Content/EngineMaterials/Substrate/Glints2/dict_0004_0120.uasset" 4539
"../../../Engine/Content/EngineMaterials/Substrate/Glints2/dict_0004_0121.uasset" 4540
"../../../Engine/Content/EngineMaterials/Substrate/Glints2/dict_0004_0122.uasset" 4541
"../../../Engine/Content/EngineMaterials/Substrate/Glints2/dict_0004_0123.uasset" 4542
"../../../Engine/Content/EngineMaterials/Substrate/Glints2/dict_0004_0124.uasset" 4543
"../../../Engine/Content/EngineMaterials/Substrate/Glints2/dict_0004_0125.uasset" 4544
"../../../Engine/Content/EngineMaterials/Substrate/Glints2/dict_0004_0126.uasset" 4545
"../../../Engine/Content/EngineMaterials/Substrate/Glints2/dict_0004_0127.uasset" 4546
"../../../Engine/Content/EngineMaterials/Substrate/Glints2/dict_0004_0128.uasset" 4547
"../../../Engine/Content/EngineMaterials/Substrate/Glints2/dict_0004_0129.uasset" 4548
"../../../Engine/Content/EngineMaterials/Substrate/Glints2/dict_0004_0130.uasset" 4549
"../../../Engine/Content/EngineMaterials/Substrate/Glints2/dict_0004_0131.uasset" 4550
"../../../Engine/Content/EngineMaterials/Substrate/Glints2/dict_0004_0132.uasset" 4551
"../../../Engine/Content/EngineMaterials/Substrate/Glints2/dict_0004_0133.uasset" 4552
"../../../Engine/Content/EngineMaterials/Substrate/Glints2/dict_0004_0134.uasset" 4553
"../../../Engine/Content/EngineMaterials/Substrate/Glints2/dict_0004_0135.uasset" 4554
"../../../Engine/Content/EngineMaterials/Substrate/Glints2/dict_0004_0136.uasset" 4555
"../../../Engine/Content/EngineMaterials/Substrate/Glints2/dict_0004_0137.uasset" 4556
"../../../Engine/Content/EngineMaterials/Substrate/Glints2/dict_0004_0138.uasset" 4557
"../../../Engine/Content/EngineMaterials/Substrate/Glints2/dict_0004_0139.uasset" 4558
"../../../Engine/Content/EngineMaterials/Substrate/Glints2/dict_0004_0140.uasset" 4559
"../../../Engine/Content/EngineMaterials/Substrate/Glints2/dict_0004_0141.uasset" 4560
"../../../Engine/Content/EngineMaterials/Substrate/Glints2/dict_0004_0142.uasset" 4561
"../../../Engine/Content/EngineMaterials/Substrate/Glints2/dict_0004_0143.uasset" 4562
"../../../Engine/Content/EngineMaterials/Substrate/Glints2/dict_0004_0144.uasset" 4563
"../../../Engine/Content/EngineMaterials/Substrate/Glints2/dict_0004_0145.uasset" 4564
"../../../Engine/Content/EngineMaterials/Substrate/Glints2/dict_0004_0146.uasset" 4565
"../../../Engine/Content/EngineMaterials/Substrate/Glints2/dict_0004_0147.uasset" 4566
"../../../Engine/Content/EngineMaterials/Substrate/Glints2/dict_0004_0148.uasset" 4567
"../../../Engine/Content/EngineMaterials/Substrate/Glints2/dict_0004_0149.uasset" 4568
"../../../Engine/Content/EngineMaterials/Substrate/Glints2/dict_0004_0150.uasset" 4569
"../../../Engine/Content/EngineMaterials/Substrate/Glints2/dict_0004_0151.uasset" 4570
"../../../Engine/Content/EngineMaterials/Substrate/Glints2/dict_0004_0152.uasset" 4571
"../../../Engine/Content/EngineMaterials/Substrate/Glints2/dict_0004_0153.uasset" 4572
"../../../Engine/Content/EngineMaterials/Substrate/Glints2/dict_0004_0154.uasset" 4573
"../../../Engine/Content/EngineMaterials/Substrate/Glints2/dict_0004_0155.uasset" 4574
"../../../Engine/Content/EngineMaterials/Substrate/Glints2/dict_0004_0156.uasset" 4575
"../../../Engine/Content/EngineMaterials/Substrate/Glints2/dict_0004_0157.uasset" 4576
"../../../Engine/Content/EngineMaterials/Substrate/Glints2/dict_0004_0158.uasset" 4577
"../../../Engine/Content/EngineMaterials/Substrate/Glints2/dict_0004_0159.uasset" 4578
"../../../Engine/Content/EngineMaterials/Substrate/Glints2/dict_0004_0160.uasset" 4579
"../../../Engine/Content/EngineMaterials/Substrate/Glints2/dict_0004_0161.uasset" 4580
"../../../Engine/Content/EngineMaterials/Substrate/Glints2/dict_0004_0162.uasset" 4581
"../../../Engine/Content/EngineMaterials/Substrate/Glints2/dict_0004_0163.uasset" 4582
"../../../Engine/Content/EngineMaterials/Substrate/Glints2/dict_0004_0164.uasset" 4583
"../../../Engine/Content/EngineMaterials/Substrate/Glints2/dict_0004_0165.uasset" 4584
"../../../Engine/Content/EngineMaterials/Substrate/Glints2/dict_0004_0166.uasset" 4585
"../../../Engine/Content/EngineMaterials/Substrate/Glints2/dict_0004_0167.uasset" 4586
"../../../Engine/Content/EngineMaterials/Substrate/Glints2/dict_0004_0168.uasset" 4587
"../../../Engine/Content/EngineMaterials/Substrate/Glints2/dict_0004_0169.uasset" 4588
"../../../Engine/Content/EngineMaterials/Substrate/Glints2/dict_0004_0170.uasset" 4589
"../../../Engine/Content/EngineMaterials/Substrate/Glints2/dict_0004_0171.uasset" 4590
"../../../Engine/Content/EngineMaterials/Substrate/Glints2/dict_0004_0172.uasset" 4591
"../../../Engine/Content/EngineMaterials/Substrate/Glints2/dict_0004_0173.uasset" 4592
"../../../Engine/Content/EngineMaterials/Substrate/Glints2/dict_0004_0174.uasset" 4593
"../../../Engine/Content/EngineMaterials/Substrate/Glints2/dict_0004_0175.uasset" 4594
"../../../Engine/Content/EngineMaterials/Substrate/Glints2/dict_0004_0176.uasset" 4595
"../../../Engine/Content/EngineMaterials/Substrate/Glints2/dict_0004_0177.uasset" 4596
"../../../Engine/Content/EngineMaterials/Substrate/Glints2/dict_0004_0178.uasset" 4597
"../../../Engine/Content/EngineMaterials/Substrate/Glints2/dict_0004_0179.uasset" 4598
"../../../Engine/Content/EngineMaterials/Substrate/Glints2/dict_0004_0180.uasset" 4599
"../../../Engine/Content/EngineMaterials/Substrate/Glints2/dict_0004_0181.uasset" 4600
"../../../Engine/Content/EngineMaterials/Substrate/Glints2/dict_0004_0182.uasset" 4601
"../../../Engine/Content/EngineMaterials/Substrate/Glints2/dict_0004_0183.uasset" 4602
"../../../Engine/Content/EngineMaterials/Substrate/Glints2/dict_0004_0184.uasset" 4603
"../../../Engine/Content/EngineMaterials/Substrate/Glints2/dict_0004_0185.uasset" 4604
"../../../Engine/Content/EngineMaterials/Substrate/Glints2/dict_0004_0186.uasset" 4605
"../../../Engine/Content/EngineMaterials/Substrate/Glints2/dict_0004_0187.uasset" 4606
"../../../Engine/Content/EngineMaterials/Substrate/Glints2/dict_0004_0188.uasset" 4607
"../../../Engine/Content/EngineMaterials/Substrate/Glints2/dict_0004_0189.uasset" 4608
"../../../Engine/Content/EngineMaterials/Substrate/Glints2/dict_0004_0190.uasset" 4609
"../../../Engine/Content/EngineMaterials/Substrate/Glints2/dict_0004_0191.uasset" 4610
"../../../Engine/Content/EngineMaterials/Substrate/Glints2/dict_0004_0192.uasset" 4611
"../../../Engine/Content/EngineMaterials/Substrate/Glints2/dict_0004_0193.uasset" 4612
"../../../Engine/Content/EngineMaterials/Substrate/Glints2/dict_0004_0194.uasset" 4613
"../../../Engine/Content/EngineMaterials/Substrate/Glints2/dict_0004_0195.uasset" 4614
"../../../Engine/Content/EngineMaterials/Substrate/Glints2/dict_0004_0196.uasset" 4615
"../../../Engine/Content/EngineMaterials/Substrate/Glints2/dict_0004_0197.uasset" 4616
"../../../Engine/Content/EngineMaterials/Substrate/Glints2/dict_0004_0198.uasset" 4617
"../../../Engine/Content/EngineMaterials/Substrate/Glints2/dict_0004_0199.uasset" 4618
"../../../Engine/Content/EngineMaterials/Substrate/Glints2/dict_0004_0200.uasset" 4619
"../../../Engine/Content/EngineMaterials/Substrate/Glints2/dict_0004_0201.uasset" 4620
"../../../Engine/Content/EngineMaterials/Substrate/Glints2/dict_0004_0202.uasset" 4621
"../../../Engine/Content/EngineMaterials/Substrate/Glints2/dict_0004_0203.uasset" 4622
"../../../Engine/Content/EngineMaterials/Substrate/Glints2/dict_0004_0204.uasset" 4623
"../../../Engine/Content/EngineMaterials/Substrate/Glints2/dict_0004_0205.uasset" 4624
"../../../Engine/Content/EngineMaterials/Substrate/Glints2/dict_0004_0206.uasset" 4625
"../../../Engine/Content/EngineMaterials/Substrate/Glints2/dict_0004_0207.uasset" 4626
"../../../Engine/Content/EngineMaterials/Substrate/Glints2/dict_0004_0208.uasset" 4627
"../../../Engine/Content/EngineMaterials/Substrate/Glints2/dict_0004_0209.uasset" 4628
"../../../Engine/Content/EngineMaterials/Substrate/Glints2/dict_0004_0210.uasset" 4629
"../../../Engine/Content/EngineMaterials/Substrate/Glints2/dict_0004_0211.uasset" 4630
"../../../Engine/Content/EngineMaterials/Substrate/Glints2/dict_0004_0212.uasset" 4631
"../../../Engine/Content/EngineMaterials/Substrate/Glints2/dict_0004_0213.uasset" 4632
"../../../Engine/Content/EngineMaterials/Substrate/Glints2/dict_0004_0214.uasset" 4633
"../../../Engine/Content/EngineMaterials/Substrate/Glints2/dict_0004_0215.uasset" 4634
"../../../Engine/Content/EngineMaterials/Substrate/Glints2/dict_0004_0216.uasset" 4635
"../../../Engine/Content/EngineMaterials/Substrate/Glints2/dict_0004_0217.uasset" 4636
"../../../Engine/Content/EngineMaterials/Substrate/Glints2/dict_0004_0218.uasset" 4637
"../../../Engine/Content/EngineMaterials/Substrate/Glints2/dict_0004_0219.uasset" 4638
"../../../Engine/Content/EngineMaterials/Substrate/Glints2/dict_0004_0220.uasset" 4639
"../../../Engine/Content/EngineMaterials/Substrate/Glints2/dict_0004_0221.uasset" 4640
"../../../Engine/Content/EngineMaterials/Substrate/Glints2/dict_0004_0222.uasset" 4641
"../../../Engine/Content/EngineMaterials/Substrate/Glints2/dict_0004_0223.uasset" 4642
"../../../Engine/Content/EngineMaterials/Substrate/Glints2/dict_0004_0224.uasset" 4643
"../../../Engine/Content/EngineMaterials/Substrate/Glints2/dict_0004_0225.uasset" 4644
"../../../Engine/Content/EngineMaterials/Substrate/Glints2/dict_0004_0226.uasset" 4645
"../../../Engine/Content/EngineMaterials/Substrate/Glints2/dict_0004_0227.uasset" 4646
"../../../Engine/Content/EngineMaterials/Substrate/Glints2/dict_0004_0228.uasset" 4647
"../../../Engine/Content/EngineMaterials/Substrate/Glints2/dict_0004_0229.uasset" 4648
"../../../Engine/Content/EngineMaterials/Substrate/Glints2/dict_0004_0230.uasset" 4649
"../../../Engine/Content/EngineMaterials/Substrate/Glints2/dict_0004_0231.uasset" 4650
"../../../Engine/Content/EngineMaterials/Substrate/Glints2/dict_0004_0232.uasset" 4651
"../../../Engine/Content/EngineMaterials/Substrate/Glints2/dict_0004_0233.uasset" 4652
"../../../Engine/Content/EngineMaterials/Substrate/Glints2/dict_0004_0234.uasset" 4653
"../../../Engine/Content/EngineMaterials/Substrate/Glints2/dict_0004_0235.uasset" 4654
"../../../Engine/Content/EngineMaterials/Substrate/Glints2/dict_0004_0236.uasset" 4655
"../../../Engine/Content/EngineMaterials/Substrate/Glints2/dict_0004_0237.uasset" 4656
"../../../Engine/Content/EngineMaterials/Substrate/Glints2/dict_0004_0238.uasset" 4657
"../../../Engine/Content/EngineMaterials/Substrate/Glints2/dict_0004_0239.uasset" 4658
"../../../Engine/Content/EngineMaterials/Substrate/Glints2/dict_0004_0240.uasset" 4659
"../../../Engine/Content/EngineMaterials/Substrate/Glints2/dict_0004_0241.uasset" 4660
"../../../Engine/Content/EngineMaterials/Substrate/Glints2/dict_0004_0242.uasset" 4661
"../../../Engine/Content/EngineMaterials/Substrate/Glints2/dict_0004_0243.uasset" 4662
"../../../Engine/Content/EngineMaterials/Substrate/Glints2/dict_0004_0244.uasset" 4663
"../../../Engine/Content/EngineMaterials/Substrate/Glints2/dict_0004_0245.uasset" 4664
"../../../Engine/Content/EngineMaterials/Substrate/Glints2/dict_0004_0246.uasset" 4665
"../../../Engine/Content/EngineMaterials/Substrate/Glints2/dict_0004_0247.uasset" 4666
"../../../Engine/Content/EngineMaterials/Substrate/Glints2/dict_0004_0248.uasset" 4667
"../../../Engine/Content/EngineMaterials/Substrate/Glints2/dict_0004_0249.uasset" 4668
"../../../Engine/Content/EngineMaterials/Substrate/Glints2/dict_0004_0250.uasset" 4669
"../../../Engine/Content/EngineMaterials/Substrate/Glints2/dict_0004_0251.uasset" 4670
"../../../Engine/Content/EngineMaterials/Substrate/Glints2/dict_0004_0252.uasset" 4671
"../../../Engine/Content/EngineMaterials/Substrate/Glints2/dict_0004_0253.uasset" 4672
"../../../Engine/Content/EngineMaterials/Substrate/Glints2/dict_0004_0254.uasset" 4673
"../../../Engine/Content/EngineMaterials/Substrate/Glints2/dict_0004_0255.uasset" 4674
"../../../Engine/Content/EngineMaterials/Substrate/Glints2/dict_0005_0000.uasset" 4675
"../../../Engine/Content/EngineMaterials/Substrate/Glints2/dict_0005_0001.uasset" 4676
"../../../Engine/Content/EngineMaterials/Substrate/Glints2/dict_0005_0002.uasset" 4677
"../../../Engine/Content/EngineMaterials/Substrate/Glints2/dict_0005_0003.uasset" 4678
"../../../Engine/Content/EngineMaterials/Substrate/Glints2/dict_0005_0004.uasset" 4679
"../../../Engine/Content/EngineMaterials/Substrate/Glints2/dict_0005_0005.uasset" 4680
"../../../Engine/Content/EngineMaterials/Substrate/Glints2/dict_0005_0006.uasset" 4681
"../../../Engine/Content/EngineMaterials/Substrate/Glints2/dict_0005_0007.uasset" 4682
"../../../Engine/Content/EngineMaterials/Substrate/Glints2/dict_0005_0008.uasset" 4683
"../../../Engine/Content/EngineMaterials/Substrate/Glints2/dict_0005_0009.uasset" 4684
"../../../Engine/Content/EngineMaterials/Substrate/Glints2/dict_0005_0010.uasset" 4685
"../../../Engine/Content/EngineMaterials/Substrate/Glints2/dict_0005_0011.uasset" 4686
"../../../Engine/Content/EngineMaterials/Substrate/Glints2/dict_0005_0012.uasset" 4687
"../../../Engine/Content/EngineMaterials/Substrate/Glints2/dict_0005_0013.uasset" 4688
"../../../Engine/Content/EngineMaterials/Substrate/Glints2/dict_0005_0014.uasset" 4689
"../../../Engine/Content/EngineMaterials/Substrate/Glints2/dict_0005_0015.uasset" 4690
"../../../Engine/Content/EngineMaterials/Substrate/Glints2/dict_0005_0016.uasset" 4691
"../../../Engine/Content/EngineMaterials/Substrate/Glints2/dict_0005_0017.uasset" 4692
"../../../Engine/Content/EngineMaterials/Substrate/Glints2/dict_0005_0018.uasset" 4693
"../../../Engine/Content/EngineMaterials/Substrate/Glints2/dict_0005_0019.uasset" 4694
"../../../Engine/Content/EngineMaterials/Substrate/Glints2/dict_0005_0020.uasset" 4695
"../../../Engine/Content/EngineMaterials/Substrate/Glints2/dict_0005_0021.uasset" 4696
"../../../Engine/Content/EngineMaterials/Substrate/Glints2/dict_0005_0022.uasset" 4697
"../../../Engine/Content/EngineMaterials/Substrate/Glints2/dict_0005_0023.uasset" 4698
"../../../Engine/Content/EngineMaterials/Substrate/Glints2/dict_0005_0024.uasset" 4699
"../../../Engine/Content/EngineMaterials/Substrate/Glints2/dict_0005_0025.uasset" 4700
"../../../Engine/Content/EngineMaterials/Substrate/Glints2/dict_0005_0026.uasset" 4701
"../../../Engine/Content/EngineMaterials/Substrate/Glints2/dict_0005_0027.uasset" 4702
"../../../Engine/Content/EngineMaterials/Substrate/Glints2/dict_0005_0028.uasset" 4703
"../../../Engine/Content/EngineMaterials/Substrate/Glints2/dict_0005_0029.uasset" 4704
"../../../Engine/Content/EngineMaterials/Substrate/Glints2/dict_0005_0030.uasset" 4705
"../../../Engine/Content/EngineMaterials/Substrate/Glints2/dict_0005_0031.uasset" 4706
"../../../Engine/Content/EngineMaterials/Substrate/Glints2/dict_0005_0032.uasset" 4707
"../../../Engine/Content/EngineMaterials/Substrate/Glints2/dict_0005_0033.uasset" 4708
"../../../Engine/Content/EngineMaterials/Substrate/Glints2/dict_0005_0034.uasset" 4709
"../../../Engine/Content/EngineMaterials/Substrate/Glints2/dict_0005_0035.uasset" 4710
"../../../Engine/Content/EngineMaterials/Substrate/Glints2/dict_0005_0036.uasset" 4711
"../../../Engine/Content/EngineMaterials/Substrate/Glints2/dict_0005_0037.uasset" 4712
"../../../Engine/Content/EngineMaterials/Substrate/Glints2/dict_0005_0038.uasset" 4713
"../../../Engine/Content/EngineMaterials/Substrate/Glints2/dict_0005_0039.uasset" 4714
"../../../Engine/Content/EngineMaterials/Substrate/Glints2/dict_0005_0040.uasset" 4715
"../../../Engine/Content/EngineMaterials/Substrate/Glints2/dict_0005_0041.uasset" 4716
"../../../Engine/Content/EngineMaterials/Substrate/Glints2/dict_0005_0042.uasset" 4717
"../../../Engine/Content/EngineMaterials/Substrate/Glints2/dict_0005_0043.uasset" 4718
"../../../Engine/Content/EngineMaterials/Substrate/Glints2/dict_0005_0044.uasset" 4719
"../../../Engine/Content/EngineMaterials/Substrate/Glints2/dict_0005_0045.uasset" 4720
"../../../Engine/Content/EngineMaterials/Substrate/Glints2/dict_0005_0046.uasset" 4721
"../../../Engine/Content/EngineMaterials/Substrate/Glints2/dict_0005_0047.uasset" 4722
"../../../Engine/Content/EngineMaterials/Substrate/Glints2/dict_0005_0048.uasset" 4723
"../../../Engine/Content/EngineMaterials/Substrate/Glints2/dict_0005_0049.uasset" 4724
"../../../Engine/Content/EngineMaterials/Substrate/Glints2/dict_0005_0050.uasset" 4725
"../../../Engine/Content/EngineMaterials/Substrate/Glints2/dict_0005_0051.uasset" 4726
"../../../Engine/Content/EngineMaterials/Substrate/Glints2/dict_0005_0052.uasset" 4727
"../../../Engine/Content/EngineMaterials/Substrate/Glints2/dict_0005_0053.uasset" 4728
"../../../Engine/Content/EngineMaterials/Substrate/Glints2/dict_0005_0054.uasset" 4729
"../../../Engine/Content/EngineMaterials/Substrate/Glints2/dict_0005_0055.uasset" 4730
"../../../Engine/Content/EngineMaterials/Substrate/Glints2/dict_0005_0056.uasset" 4731
"../../../Engine/Content/EngineMaterials/Substrate/Glints2/dict_0005_0057.uasset" 4732
"../../../Engine/Content/EngineMaterials/Substrate/Glints2/dict_0005_0058.uasset" 4733
"../../../Engine/Content/EngineMaterials/Substrate/Glints2/dict_0005_0059.uasset" 4734
"../../../Engine/Content/EngineMaterials/Substrate/Glints2/dict_0005_0060.uasset" 4735
"../../../Engine/Content/EngineMaterials/Substrate/Glints2/dict_0005_0061.uasset" 4736
"../../../Engine/Content/EngineMaterials/Substrate/Glints2/dict_0005_0062.uasset" 4737
"../../../Engine/Content/EngineMaterials/Substrate/Glints2/dict_0005_0063.uasset" 4738
"../../../Engine/Content/EngineMaterials/Substrate/Glints2/dict_0005_0064.uasset" 4739
"../../../Engine/Content/EngineMaterials/Substrate/Glints2/dict_0005_0065.uasset" 4740
"../../../Engine/Content/EngineMaterials/Substrate/Glints2/dict_0005_0066.uasset" 4741
"../../../Engine/Content/EngineMaterials/Substrate/Glints2/dict_0005_0067.uasset" 4742
"../../../Engine/Content/EngineMaterials/Substrate/Glints2/dict_0005_0068.uasset" 4743
"../../../Engine/Content/EngineMaterials/Substrate/Glints2/dict_0005_0069.uasset" 4744
"../../../Engine/Content/EngineMaterials/Substrate/Glints2/dict_0005_0070.uasset" 4745
"../../../Engine/Content/EngineMaterials/Substrate/Glints2/dict_0005_0071.uasset" 4746
"../../../Engine/Content/EngineMaterials/Substrate/Glints2/dict_0005_0072.uasset" 4747
"../../../Engine/Content/EngineMaterials/Substrate/Glints2/dict_0005_0073.uasset" 4748
"../../../Engine/Content/EngineMaterials/Substrate/Glints2/dict_0005_0074.uasset" 4749
"../../../Engine/Content/EngineMaterials/Substrate/Glints2/dict_0005_0075.uasset" 4750
"../../../Engine/Content/EngineMaterials/Substrate/Glints2/dict_0005_0076.uasset" 4751
"../../../Engine/Content/EngineMaterials/Substrate/Glints2/dict_0005_0077.uasset" 4752
"../../../Engine/Content/EngineMaterials/Substrate/Glints2/dict_0005_0078.uasset" 4753
"../../../Engine/Content/EngineMaterials/Substrate/Glints2/dict_0005_0079.uasset" 4754
"../../../Engine/Content/EngineMaterials/Substrate/Glints2/dict_0005_0080.uasset" 4755
"../../../Engine/Content/EngineMaterials/Substrate/Glints2/dict_0005_0081.uasset" 4756
"../../../Engine/Content/EngineMaterials/Substrate/Glints2/dict_0005_0082.uasset" 4757
"../../../Engine/Content/EngineMaterials/Substrate/Glints2/dict_0005_0083.uasset" 4758
"../../../Engine/Content/EngineMaterials/Substrate/Glints2/dict_0005_0084.uasset" 4759
"../../../Engine/Content/EngineMaterials/Substrate/Glints2/dict_0005_0085.uasset" 4760
"../../../Engine/Content/EngineMaterials/Substrate/Glints2/dict_0005_0086.uasset" 4761
"../../../Engine/Content/EngineMaterials/Substrate/Glints2/dict_0005_0087.uasset" 4762
"../../../Engine/Content/EngineMaterials/Substrate/Glints2/dict_0005_0088.uasset" 4763
"../../../Engine/Content/EngineMaterials/Substrate/Glints2/dict_0005_0089.uasset" 4764
"../../../Engine/Content/EngineMaterials/Substrate/Glints2/dict_0005_0090.uasset" 4765
"../../../Engine/Content/EngineMaterials/Substrate/Glints2/dict_0005_0091.uasset" 4766
"../../../Engine/Content/EngineMaterials/Substrate/Glints2/dict_0005_0092.uasset" 4767
"../../../Engine/Content/EngineMaterials/Substrate/Glints2/dict_0005_0093.uasset" 4768
"../../../Engine/Content/EngineMaterials/Substrate/Glints2/dict_0005_0094.uasset" 4769
"../../../Engine/Content/EngineMaterials/Substrate/Glints2/dict_0005_0095.uasset" 4770
"../../../Engine/Content/EngineMaterials/Substrate/Glints2/dict_0005_0096.uasset" 4771
"../../../Engine/Content/EngineMaterials/Substrate/Glints2/dict_0005_0097.uasset" 4772
"../../../Engine/Content/EngineMaterials/Substrate/Glints2/dict_0005_0098.uasset" 4773
"../../../Engine/Content/EngineMaterials/Substrate/Glints2/dict_0005_0099.uasset" 4774
"../../../Engine/Content/EngineMaterials/Substrate/Glints2/dict_0005_0100.uasset" 4775
"../../../Engine/Content/EngineMaterials/Substrate/Glints2/dict_0005_0101.uasset" 4776
"../../../Engine/Content/EngineMaterials/Substrate/Glints2/dict_0005_0102.uasset" 4777
"../../../Engine/Content/EngineMaterials/Substrate/Glints2/dict_0005_0103.uasset" 4778
"../../../Engine/Content/EngineMaterials/Substrate/Glints2/dict_0005_0104.uasset" 4779
"../../../Engine/Content/EngineMaterials/Substrate/Glints2/dict_0005_0105.uasset" 4780
"../../../Engine/Content/EngineMaterials/Substrate/Glints2/dict_0005_0106.uasset" 4781
"../../../Engine/Content/EngineMaterials/Substrate/Glints2/dict_0005_0107.uasset" 4782
"../../../Engine/Content/EngineMaterials/Substrate/Glints2/dict_0005_0108.uasset" 4783
"../../../Engine/Content/EngineMaterials/Substrate/Glints2/dict_0005_0109.uasset" 4784
"../../../Engine/Content/EngineMaterials/Substrate/Glints2/dict_0005_0110.uasset" 4785
"../../../Engine/Content/EngineMaterials/Substrate/Glints2/dict_0005_0111.uasset" 4786
"../../../Engine/Content/EngineMaterials/Substrate/Glints2/dict_0005_0112.uasset" 4787
"../../../Engine/Content/EngineMaterials/Substrate/Glints2/dict_0005_0113.uasset" 4788
"../../../Engine/Content/EngineMaterials/Substrate/Glints2/dict_0005_0114.uasset" 4789
"../../../Engine/Content/EngineMaterials/Substrate/Glints2/dict_0005_0115.uasset" 4790
"../../../Engine/Content/EngineMaterials/Substrate/Glints2/dict_0005_0116.uasset" 4791
"../../../Engine/Content/EngineMaterials/Substrate/Glints2/dict_0005_0117.uasset" 4792
"../../../Engine/Content/EngineMaterials/Substrate/Glints2/dict_0005_0118.uasset" 4793
"../../../Engine/Content/EngineMaterials/Substrate/Glints2/dict_0005_0119.uasset" 4794
"../../../Engine/Content/EngineMaterials/Substrate/Glints2/dict_0005_0120.uasset" 4795
"../../../Engine/Content/EngineMaterials/Substrate/Glints2/dict_0005_0121.uasset" 4796
"../../../Engine/Content/EngineMaterials/Substrate/Glints2/dict_0005_0122.uasset" 4797
"../../../Engine/Content/EngineMaterials/Substrate/Glints2/dict_0005_0123.uasset" 4798
"../../../Engine/Content/EngineMaterials/Substrate/Glints2/dict_0005_0124.uasset" 4799
"../../../Engine/Content/EngineMaterials/Substrate/Glints2/dict_0005_0125.uasset" 4800
"../../../Engine/Content/EngineMaterials/Substrate/Glints2/dict_0005_0126.uasset" 4801
"../../../Engine/Content/EngineMaterials/Substrate/Glints2/dict_0005_0127.uasset" 4802
"../../../Engine/Content/EngineMaterials/Substrate/Glints2/dict_0005_0128.uasset" 4803
"../../../Engine/Content/EngineMaterials/Substrate/Glints2/dict_0005_0129.uasset" 4804
"../../../Engine/Content/EngineMaterials/Substrate/Glints2/dict_0005_0130.uasset" 4805
"../../../Engine/Content/EngineMaterials/Substrate/Glints2/dict_0005_0131.uasset" 4806
"../../../Engine/Content/EngineMaterials/Substrate/Glints2/dict_0005_0132.uasset" 4807
"../../../Engine/Content/EngineMaterials/Substrate/Glints2/dict_0005_0133.uasset" 4808
"../../../Engine/Content/EngineMaterials/Substrate/Glints2/dict_0005_0134.uasset" 4809
"../../../Engine/Content/EngineMaterials/Substrate/Glints2/dict_0005_0135.uasset" 4810
"../../../Engine/Content/EngineMaterials/Substrate/Glints2/dict_0005_0136.uasset" 4811
"../../../Engine/Content/EngineMaterials/Substrate/Glints2/dict_0005_0137.uasset" 4812
"../../../Engine/Content/EngineMaterials/Substrate/Glints2/dict_0005_0138.uasset" 4813
"../../../Engine/Content/EngineMaterials/Substrate/Glints2/dict_0005_0139.uasset" 4814
"../../../Engine/Content/EngineMaterials/Substrate/Glints2/dict_0005_0140.uasset" 4815
"../../../Engine/Content/EngineMaterials/Substrate/Glints2/dict_0005_0141.uasset" 4816
"../../../Engine/Content/EngineMaterials/Substrate/Glints2/dict_0005_0142.uasset" 4817
"../../../Engine/Content/EngineMaterials/Substrate/Glints2/dict_0005_0143.uasset" 4818
"../../../Engine/Content/EngineMaterials/Substrate/Glints2/dict_0005_0144.uasset" 4819
"../../../Engine/Content/EngineMaterials/Substrate/Glints2/dict_0005_0145.uasset" 4820
"../../../Engine/Content/EngineMaterials/Substrate/Glints2/dict_0005_0146.uasset" 4821
"../../../Engine/Content/EngineMaterials/Substrate/Glints2/dict_0005_0147.uasset" 4822
"../../../Engine/Content/EngineMaterials/Substrate/Glints2/dict_0005_0148.uasset" 4823
"../../../Engine/Content/EngineMaterials/Substrate/Glints2/dict_0005_0149.uasset" 4824
"../../../Engine/Content/EngineMaterials/Substrate/Glints2/dict_0005_0150.uasset" 4825
"../../../Engine/Content/EngineMaterials/Substrate/Glints2/dict_0005_0151.uasset" 4826
"../../../Engine/Content/EngineMaterials/Substrate/Glints2/dict_0005_0152.uasset" 4827
"../../../Engine/Content/EngineMaterials/Substrate/Glints2/dict_0005_0153.uasset" 4828
"../../../Engine/Content/EngineMaterials/Substrate/Glints2/dict_0005_0154.uasset" 4829
"../../../Engine/Content/EngineMaterials/Substrate/Glints2/dict_0005_0155.uasset" 4830
"../../../Engine/Content/EngineMaterials/Substrate/Glints2/dict_0005_0156.uasset" 4831
"../../../Engine/Content/EngineMaterials/Substrate/Glints2/dict_0005_0157.uasset" 4832
"../../../Engine/Content/EngineMaterials/Substrate/Glints2/dict_0005_0158.uasset" 4833
"../../../Engine/Content/EngineMaterials/Substrate/Glints2/dict_0005_0159.uasset" 4834
"../../../Engine/Content/EngineMaterials/Substrate/Glints2/dict_0005_0160.uasset" 4835
"../../../Engine/Content/EngineMaterials/Substrate/Glints2/dict_0005_0161.uasset" 4836
"../../../Engine/Content/EngineMaterials/Substrate/Glints2/dict_0005_0162.uasset" 4837
"../../../Engine/Content/EngineMaterials/Substrate/Glints2/dict_0005_0163.uasset" 4838
"../../../Engine/Content/EngineMaterials/Substrate/Glints2/dict_0005_0164.uasset" 4839
"../../../Engine/Content/EngineMaterials/Substrate/Glints2/dict_0005_0165.uasset" 4840
"../../../Engine/Content/EngineMaterials/Substrate/Glints2/dict_0005_0166.uasset" 4841
"../../../Engine/Content/EngineMaterials/Substrate/Glints2/dict_0005_0167.uasset" 4842
"../../../Engine/Content/EngineMaterials/Substrate/Glints2/dict_0005_0168.uasset" 4843
"../../../Engine/Content/EngineMaterials/Substrate/Glints2/dict_0005_0169.uasset" 4844
"../../../Engine/Content/EngineMaterials/Substrate/Glints2/dict_0005_0170.uasset" 4845
"../../../Engine/Content/EngineMaterials/Substrate/Glints2/dict_0005_0171.uasset" 4846
"../../../Engine/Content/EngineMaterials/Substrate/Glints2/dict_0005_0172.uasset" 4847
"../../../Engine/Content/EngineMaterials/Substrate/Glints2/dict_0005_0173.uasset" 4848
"../../../Engine/Content/EngineMaterials/Substrate/Glints2/dict_0005_0174.uasset" 4849
"../../../Engine/Content/EngineMaterials/Substrate/Glints2/dict_0005_0175.uasset" 4850
"../../../Engine/Content/EngineMaterials/Substrate/Glints2/dict_0005_0176.uasset" 4851
"../../../Engine/Content/EngineMaterials/Substrate/Glints2/dict_0005_0177.uasset" 4852
"../../../Engine/Content/EngineMaterials/Substrate/Glints2/dict_0005_0178.uasset" 4853
"../../../Engine/Content/EngineMaterials/Substrate/Glints2/dict_0005_0179.uasset" 4854
"../../../Engine/Content/EngineMaterials/Substrate/Glints2/dict_0005_0180.uasset" 4855
"../../../Engine/Content/EngineMaterials/Substrate/Glints2/dict_0005_0181.uasset" 4856
"../../../Engine/Content/EngineMaterials/Substrate/Glints2/dict_0005_0182.uasset" 4857
"../../../Engine/Content/EngineMaterials/Substrate/Glints2/dict_0005_0183.uasset" 4858
"../../../Engine/Content/EngineMaterials/Substrate/Glints2/dict_0005_0184.uasset" 4859
"../../../Engine/Content/EngineMaterials/Substrate/Glints2/dict_0005_0185.uasset" 4860
"../../../Engine/Content/EngineMaterials/Substrate/Glints2/dict_0005_0186.uasset" 4861
"../../../Engine/Content/EngineMaterials/Substrate/Glints2/dict_0005_0187.uasset" 4862
"../../../Engine/Content/EngineMaterials/Substrate/Glints2/dict_0005_0188.uasset" 4863
"../../../Engine/Content/EngineMaterials/Substrate/Glints2/dict_0005_0189.uasset" 4864
"../../../Engine/Content/EngineMaterials/Substrate/Glints2/dict_0005_0190.uasset" 4865
"../../../Engine/Content/EngineMaterials/Substrate/Glints2/dict_0005_0191.uasset" 4866
"../../../Engine/Content/EngineMaterials/Substrate/Glints2/dict_0005_0192.uasset" 4867
"../../../Engine/Content/EngineMaterials/Substrate/Glints2/dict_0005_0193.uasset" 4868
"../../../Engine/Content/EngineMaterials/Substrate/Glints2/dict_0005_0194.uasset" 4869
"../../../Engine/Content/EngineMaterials/Substrate/Glints2/dict_0005_0195.uasset" 4870
"../../../Engine/Content/EngineMaterials/Substrate/Glints2/dict_0005_0196.uasset" 4871
"../../../Engine/Content/EngineMaterials/Substrate/Glints2/dict_0005_0197.uasset" 4872
"../../../Engine/Content/EngineMaterials/Substrate/Glints2/dict_0005_0198.uasset" 4873
"../../../Engine/Content/EngineMaterials/Substrate/Glints2/dict_0005_0199.uasset" 4874
"../../../Engine/Content/EngineMaterials/Substrate/Glints2/dict_0005_0200.uasset" 4875
"../../../Engine/Content/EngineMaterials/Substrate/Glints2/dict_0005_0201.uasset" 4876
"../../../Engine/Content/EngineMaterials/Substrate/Glints2/dict_0005_0202.uasset" 4877
"../../../Engine/Content/EngineMaterials/Substrate/Glints2/dict_0005_0203.uasset" 4878
"../../../Engine/Content/EngineMaterials/Substrate/Glints2/dict_0005_0204.uasset" 4879
"../../../Engine/Content/EngineMaterials/Substrate/Glints2/dict_0005_0205.uasset" 4880
"../../../Engine/Content/EngineMaterials/Substrate/Glints2/dict_0005_0206.uasset" 4881
"../../../Engine/Content/EngineMaterials/Substrate/Glints2/dict_0005_0207.uasset" 4882
"../../../Engine/Content/EngineMaterials/Substrate/Glints2/dict_0005_0208.uasset" 4883
"../../../Engine/Content/EngineMaterials/Substrate/Glints2/dict_0005_0209.uasset" 4884
"../../../Engine/Content/EngineMaterials/Substrate/Glints2/dict_0005_0210.uasset" 4885
"../../../Engine/Content/EngineMaterials/Substrate/Glints2/dict_0005_0211.uasset" 4886
"../../../Engine/Content/EngineMaterials/Substrate/Glints2/dict_0005_0212.uasset" 4887
"../../../Engine/Content/EngineMaterials/Substrate/Glints2/dict_0005_0213.uasset" 4888
"../../../Engine/Content/EngineMaterials/Substrate/Glints2/dict_0005_0214.uasset" 4889
"../../../Engine/Content/EngineMaterials/Substrate/Glints2/dict_0005_0215.uasset" 4890
"../../../Engine/Content/EngineMaterials/Substrate/Glints2/dict_0005_0216.uasset" 4891
"../../../Engine/Content/EngineMaterials/Substrate/Glints2/dict_0005_0217.uasset" 4892
"../../../Engine/Content/EngineMaterials/Substrate/Glints2/dict_0005_0218.uasset" 4893
"../../../Engine/Content/EngineMaterials/Substrate/Glints2/dict_0005_0219.uasset" 4894
"../../../Engine/Content/EngineMaterials/Substrate/Glints2/dict_0005_0220.uasset" 4895
"../../../Engine/Content/EngineMaterials/Substrate/Glints2/dict_0005_0221.uasset" 4896
"../../../Engine/Content/EngineMaterials/Substrate/Glints2/dict_0005_0222.uasset" 4897
"../../../Engine/Content/EngineMaterials/Substrate/Glints2/dict_0005_0223.uasset" 4898
"../../../Engine/Content/EngineMaterials/Substrate/Glints2/dict_0005_0224.uasset" 4899
"../../../Engine/Content/EngineMaterials/Substrate/Glints2/dict_0005_0225.uasset" 4900
"../../../Engine/Content/EngineMaterials/Substrate/Glints2/dict_0005_0226.uasset" 4901
"../../../Engine/Content/EngineMaterials/Substrate/Glints2/dict_0005_0227.uasset" 4902
"../../../Engine/Content/EngineMaterials/Substrate/Glints2/dict_0005_0228.uasset" 4903
"../../../Engine/Content/EngineMaterials/Substrate/Glints2/dict_0005_0229.uasset" 4904
"../../../Engine/Content/EngineMaterials/Substrate/Glints2/dict_0005_0230.uasset" 4905
"../../../Engine/Content/EngineMaterials/Substrate/Glints2/dict_0005_0231.uasset" 4906
"../../../Engine/Content/EngineMaterials/Substrate/Glints2/dict_0005_0232.uasset" 4907
"../../../Engine/Content/EngineMaterials/Substrate/Glints2/dict_0005_0233.uasset" 4908
"../../../Engine/Content/EngineMaterials/Substrate/Glints2/dict_0005_0234.uasset" 4909
"../../../Engine/Content/EngineMaterials/Substrate/Glints2/dict_0005_0235.uasset" 4910
"../../../Engine/Content/EngineMaterials/Substrate/Glints2/dict_0005_0236.uasset" 4911
"../../../Engine/Content/EngineMaterials/Substrate/Glints2/dict_0005_0237.uasset" 4912
"../../../Engine/Content/EngineMaterials/Substrate/Glints2/dict_0005_0238.uasset" 4913
"../../../Engine/Content/EngineMaterials/Substrate/Glints2/dict_0005_0239.uasset" 4914
"../../../Engine/Content/EngineMaterials/Substrate/Glints2/dict_0005_0240.uasset" 4915
"../../../Engine/Content/EngineMaterials/Substrate/Glints2/dict_0005_0241.uasset" 4916
"../../../Engine/Content/EngineMaterials/Substrate/Glints2/dict_0005_0242.uasset" 4917
"../../../Engine/Content/EngineMaterials/Substrate/Glints2/dict_0005_0243.uasset" 4918
"../../../Engine/Content/EngineMaterials/Substrate/Glints2/dict_0005_0244.uasset" 4919
"../../../Engine/Content/EngineMaterials/Substrate/Glints2/dict_0005_0245.uasset" 4920
"../../../Engine/Content/EngineMaterials/Substrate/Glints2/dict_0005_0246.uasset" 4921
"../../../Engine/Content/EngineMaterials/Substrate/Glints2/dict_0005_0247.uasset" 4922
"../../../Engine/Content/EngineMaterials/Substrate/Glints2/dict_0005_0248.uasset" 4923
"../../../Engine/Content/EngineMaterials/Substrate/Glints2/dict_0005_0249.uasset" 4924
"../../../Engine/Content/EngineMaterials/Substrate/Glints2/dict_0005_0250.uasset" 4925
"../../../Engine/Content/EngineMaterials/Substrate/Glints2/dict_0005_0251.uasset" 4926
"../../../Engine/Content/EngineMaterials/Substrate/Glints2/dict_0005_0252.uasset" 4927
"../../../Engine/Content/EngineMaterials/Substrate/Glints2/dict_0005_0253.uasset" 4928
"../../../Engine/Content/EngineMaterials/Substrate/Glints2/dict_0005_0254.uasset" 4929
"../../../Engine/Content/EngineMaterials/Substrate/Glints2/dict_0005_0255.uasset" 4930
"../../../Engine/Content/EngineMaterials/Substrate/Glints2/dict_0006_0000.uasset" 4931
"../../../Engine/Content/EngineMaterials/Substrate/Glints2/dict_0006_0001.uasset" 4932
"../../../Engine/Content/EngineMaterials/Substrate/Glints2/dict_0006_0002.uasset" 4933
"../../../Engine/Content/EngineMaterials/Substrate/Glints2/dict_0006_0003.uasset" 4934
"../../../Engine/Content/EngineMaterials/Substrate/Glints2/dict_0006_0004.uasset" 4935
"../../../Engine/Content/EngineMaterials/Substrate/Glints2/dict_0006_0005.uasset" 4936
"../../../Engine/Content/EngineMaterials/Substrate/Glints2/dict_0006_0006.uasset" 4937
"../../../Engine/Content/EngineMaterials/Substrate/Glints2/dict_0006_0007.uasset" 4938
"../../../Engine/Content/EngineMaterials/Substrate/Glints2/dict_0006_0008.uasset" 4939
"../../../Engine/Content/EngineMaterials/Substrate/Glints2/dict_0006_0009.uasset" 4940
"../../../Engine/Content/EngineMaterials/Substrate/Glints2/dict_0006_0010.uasset" 4941
"../../../Engine/Content/EngineMaterials/Substrate/Glints2/dict_0006_0011.uasset" 4942
"../../../Engine/Content/EngineMaterials/Substrate/Glints2/dict_0006_0012.uasset" 4943
"../../../Engine/Content/EngineMaterials/Substrate/Glints2/dict_0006_0013.uasset" 4944
"../../../Engine/Content/EngineMaterials/Substrate/Glints2/dict_0006_0014.uasset" 4945
"../../../Engine/Content/EngineMaterials/Substrate/Glints2/dict_0006_0015.uasset" 4946
"../../../Engine/Content/EngineMaterials/Substrate/Glints2/dict_0006_0016.uasset" 4947
"../../../Engine/Content/EngineMaterials/Substrate/Glints2/dict_0006_0017.uasset" 4948
"../../../Engine/Content/EngineMaterials/Substrate/Glints2/dict_0006_0018.uasset" 4949
"../../../Engine/Content/EngineMaterials/Substrate/Glints2/dict_0006_0019.uasset" 4950
"../../../Engine/Content/EngineMaterials/Substrate/Glints2/dict_0006_0020.uasset" 4951
"../../../Engine/Content/EngineMaterials/Substrate/Glints2/dict_0006_0021.uasset" 4952
"../../../Engine/Content/EngineMaterials/Substrate/Glints2/dict_0006_0022.uasset" 4953
"../../../Engine/Content/EngineMaterials/Substrate/Glints2/dict_0006_0023.uasset" 4954
"../../../Engine/Content/EngineMaterials/Substrate/Glints2/dict_0006_0024.uasset" 4955
"../../../Engine/Content/EngineMaterials/Substrate/Glints2/dict_0006_0025.uasset" 4956
"../../../Engine/Content/EngineMaterials/Substrate/Glints2/dict_0006_0026.uasset" 4957
"../../../Engine/Content/EngineMaterials/Substrate/Glints2/dict_0006_0027.uasset" 4958
"../../../Engine/Content/EngineMaterials/Substrate/Glints2/dict_0006_0028.uasset" 4959
"../../../Engine/Content/EngineMaterials/Substrate/Glints2/dict_0006_0029.uasset" 4960
"../../../Engine/Content/EngineMaterials/Substrate/Glints2/dict_0006_0030.uasset" 4961
"../../../Engine/Content/EngineMaterials/Substrate/Glints2/dict_0006_0031.uasset" 4962
"../../../Engine/Content/EngineMaterials/Substrate/Glints2/dict_0006_0032.uasset" 4963
"../../../Engine/Content/EngineMaterials/Substrate/Glints2/dict_0006_0033.uasset" 4964
"../../../Engine/Content/EngineMaterials/Substrate/Glints2/dict_0006_0034.uasset" 4965
"../../../Engine/Content/EngineMaterials/Substrate/Glints2/dict_0006_0035.uasset" 4966
"../../../Engine/Content/EngineMaterials/Substrate/Glints2/dict_0006_0036.uasset" 4967
"../../../Engine/Content/EngineMaterials/Substrate/Glints2/dict_0006_0037.uasset" 4968
"../../../Engine/Content/EngineMaterials/Substrate/Glints2/dict_0006_0038.uasset" 4969
"../../../Engine/Content/EngineMaterials/Substrate/Glints2/dict_0006_0039.uasset" 4970
"../../../Engine/Content/EngineMaterials/Substrate/Glints2/dict_0006_0040.uasset" 4971
"../../../Engine/Content/EngineMaterials/Substrate/Glints2/dict_0006_0041.uasset" 4972
"../../../Engine/Content/EngineMaterials/Substrate/Glints2/dict_0006_0042.uasset" 4973
"../../../Engine/Content/EngineMaterials/Substrate/Glints2/dict_0006_0043.uasset" 4974
"../../../Engine/Content/EngineMaterials/Substrate/Glints2/dict_0006_0044.uasset" 4975
"../../../Engine/Content/EngineMaterials/Substrate/Glints2/dict_0006_0045.uasset" 4976
"../../../Engine/Content/EngineMaterials/Substrate/Glints2/dict_0006_0046.uasset" 4977
"../../../Engine/Content/EngineMaterials/Substrate/Glints2/dict_0006_0047.uasset" 4978
"../../../Engine/Content/EngineMaterials/Substrate/Glints2/dict_0006_0048.uasset" 4979
"../../../Engine/Content/EngineMaterials/Substrate/Glints2/dict_0006_0049.uasset" 4980
"../../../Engine/Content/EngineMaterials/Substrate/Glints2/dict_0006_0050.uasset" 4981
"../../../Engine/Content/EngineMaterials/Substrate/Glints2/dict_0006_0051.uasset" 4982
"../../../Engine/Content/EngineMaterials/Substrate/Glints2/dict_0006_0052.uasset" 4983
"../../../Engine/Content/EngineMaterials/Substrate/Glints2/dict_0006_0053.uasset" 4984
"../../../Engine/Content/EngineMaterials/Substrate/Glints2/dict_0006_0054.uasset" 4985
"../../../Engine/Content/EngineMaterials/Substrate/Glints2/dict_0006_0055.uasset" 4986
"../../../Engine/Content/EngineMaterials/Substrate/Glints2/dict_0006_0056.uasset" 4987
"../../../Engine/Content/EngineMaterials/Substrate/Glints2/dict_0006_0057.uasset" 4988
"../../../Engine/Content/EngineMaterials/Substrate/Glints2/dict_0006_0058.uasset" 4989
"../../../Engine/Content/EngineMaterials/Substrate/Glints2/dict_0006_0059.uasset" 4990
"../../../Engine/Content/EngineMaterials/Substrate/Glints2/dict_0006_0060.uasset" 4991
"../../../Engine/Content/EngineMaterials/Substrate/Glints2/dict_0006_0061.uasset" 4992
"../../../Engine/Content/EngineMaterials/Substrate/Glints2/dict_0006_0062.uasset" 4993
"../../../Engine/Content/EngineMaterials/Substrate/Glints2/dict_0006_0063.uasset" 4994
"../../../Engine/Content/EngineMaterials/Substrate/Glints2/dict_0006_0064.uasset" 4995
"../../../Engine/Content/EngineMaterials/Substrate/Glints2/dict_0006_0065.uasset" 4996
"../../../Engine/Content/EngineMaterials/Substrate/Glints2/dict_0006_0066.uasset" 4997
"../../../Engine/Content/EngineMaterials/Substrate/Glints2/dict_0006_0067.uasset" 4998
"../../../Engine/Content/EngineMaterials/Substrate/Glints2/dict_0006_0068.uasset" 4999
"../../../Engine/Content/EngineMaterials/Substrate/Glints2/dict_0006_0069.uasset" 5000
"../../../Engine/Content/EngineMaterials/Substrate/Glints2/dict_0006_0070.uasset" 5001
"../../../Engine/Content/EngineMaterials/Substrate/Glints2/dict_0006_0071.uasset" 5002
"../../../Engine/Content/EngineMaterials/Substrate/Glints2/dict_0006_0072.uasset" 5003
"../../../Engine/Content/EngineMaterials/Substrate/Glints2/dict_0006_0073.uasset" 5004
"../../../Engine/Content/EngineMaterials/Substrate/Glints2/dict_0006_0074.uasset" 5005
"../../../Engine/Content/EngineMaterials/Substrate/Glints2/dict_0006_0075.uasset" 5006
"../../../Engine/Content/EngineMaterials/Substrate/Glints2/dict_0006_0076.uasset" 5007
"../../../Engine/Content/EngineMaterials/Substrate/Glints2/dict_0006_0077.uasset" 5008
"../../../Engine/Content/EngineMaterials/Substrate/Glints2/dict_0006_0078.uasset" 5009
"../../../Engine/Content/EngineMaterials/Substrate/Glints2/dict_0006_0079.uasset" 5010
"../../../Engine/Content/EngineMaterials/Substrate/Glints2/dict_0006_0080.uasset" 5011
"../../../Engine/Content/EngineMaterials/Substrate/Glints2/dict_0006_0081.uasset" 5012
"../../../Engine/Content/EngineMaterials/Substrate/Glints2/dict_0006_0082.uasset" 5013
"../../../Engine/Content/EngineMaterials/Substrate/Glints2/dict_0006_0083.uasset" 5014
"../../../Engine/Content/EngineMaterials/Substrate/Glints2/dict_0006_0084.uasset" 5015
"../../../Engine/Content/EngineMaterials/Substrate/Glints2/dict_0006_0085.uasset" 5016
"../../../Engine/Content/EngineMaterials/Substrate/Glints2/dict_0006_0086.uasset" 5017
"../../../Engine/Content/EngineMaterials/Substrate/Glints2/dict_0006_0087.uasset" 5018
"../../../Engine/Content/EngineMaterials/Substrate/Glints2/dict_0006_0088.uasset" 5019
"../../../Engine/Content/EngineMaterials/Substrate/Glints2/dict_0006_0089.uasset" 5020
"../../../Engine/Content/EngineMaterials/Substrate/Glints2/dict_0006_0090.uasset" 5021
"../../../Engine/Content/EngineMaterials/Substrate/Glints2/dict_0006_0091.uasset" 5022
"../../../Engine/Content/EngineMaterials/Substrate/Glints2/dict_0006_0092.uasset" 5023
"../../../Engine/Content/EngineMaterials/Substrate/Glints2/dict_0006_0093.uasset" 5024
"../../../Engine/Content/EngineMaterials/Substrate/Glints2/dict_0006_0094.uasset" 5025
"../../../Engine/Content/EngineMaterials/Substrate/Glints2/dict_0006_0095.uasset" 5026
"../../../Engine/Content/EngineMaterials/Substrate/Glints2/dict_0006_0096.uasset" 5027
"../../../Engine/Content/EngineMaterials/Substrate/Glints2/dict_0006_0097.uasset" 5028
"../../../Engine/Content/EngineMaterials/Substrate/Glints2/dict_0006_0098.uasset" 5029
"../../../Engine/Content/EngineMaterials/Substrate/Glints2/dict_0006_0099.uasset" 5030
"../../../Engine/Content/EngineMaterials/Substrate/Glints2/dict_0006_0100.uasset" 5031
"../../../Engine/Content/EngineMaterials/Substrate/Glints2/dict_0006_0101.uasset" 5032
"../../../Engine/Content/EngineMaterials/Substrate/Glints2/dict_0006_0102.uasset" 5033
"../../../Engine/Content/EngineMaterials/Substrate/Glints2/dict_0006_0103.uasset" 5034
"../../../Engine/Content/EngineMaterials/Substrate/Glints2/dict_0006_0104.uasset" 5035
"../../../Engine/Content/EngineMaterials/Substrate/Glints2/dict_0006_0105.uasset" 5036
"../../../Engine/Content/EngineMaterials/Substrate/Glints2/dict_0006_0106.uasset" 5037
"../../../Engine/Content/EngineMaterials/Substrate/Glints2/dict_0006_0107.uasset" 5038
"../../../Engine/Content/EngineMaterials/Substrate/Glints2/dict_0006_0108.uasset" 5039
"../../../Engine/Content/EngineMaterials/Substrate/Glints2/dict_0006_0109.uasset" 5040
"../../../Engine/Content/EngineMaterials/Substrate/Glints2/dict_0006_0110.uasset" 5041
"../../../Engine/Content/EngineMaterials/Substrate/Glints2/dict_0006_0111.uasset" 5042
"../../../Engine/Content/EngineMaterials/Substrate/Glints2/dict_0006_0112.uasset" 5043
"../../../Engine/Content/EngineMaterials/Substrate/Glints2/dict_0006_0113.uasset" 5044
"../../../Engine/Content/EngineMaterials/Substrate/Glints2/dict_0006_0114.uasset" 5045
"../../../Engine/Content/EngineMaterials/Substrate/Glints2/dict_0006_0115.uasset" 5046
"../../../Engine/Content/EngineMaterials/Substrate/Glints2/dict_0006_0116.uasset" 5047
"../../../Engine/Content/EngineMaterials/Substrate/Glints2/dict_0006_0117.uasset" 5048
"../../../Engine/Content/EngineMaterials/Substrate/Glints2/dict_0006_0118.uasset" 5049
"../../../Engine/Content/EngineMaterials/Substrate/Glints2/dict_0006_0119.uasset" 5050
"../../../Engine/Content/EngineMaterials/Substrate/Glints2/dict_0006_0120.uasset" 5051
"../../../Engine/Content/EngineMaterials/Substrate/Glints2/dict_0006_0121.uasset" 5052
"../../../Engine/Content/EngineMaterials/Substrate/Glints2/dict_0006_0122.uasset" 5053
"../../../Engine/Content/EngineMaterials/Substrate/Glints2/dict_0006_0123.uasset" 5054
"../../../Engine/Content/EngineMaterials/Substrate/Glints2/dict_0006_0124.uasset" 5055
"../../../Engine/Content/EngineMaterials/Substrate/Glints2/dict_0006_0125.uasset" 5056
"../../../Engine/Content/EngineMaterials/Substrate/Glints2/dict_0006_0126.uasset" 5057
"../../../Engine/Content/EngineMaterials/Substrate/Glints2/dict_0006_0127.uasset" 5058
"../../../Engine/Content/EngineMaterials/Substrate/Glints2/dict_0006_0128.uasset" 5059
"../../../Engine/Content/EngineMaterials/Substrate/Glints2/dict_0006_0129.uasset" 5060
"../../../Engine/Content/EngineMaterials/Substrate/Glints2/dict_0006_0130.uasset" 5061
"../../../Engine/Content/EngineMaterials/Substrate/Glints2/dict_0006_0131.uasset" 5062
"../../../Engine/Content/EngineMaterials/Substrate/Glints2/dict_0006_0132.uasset" 5063
"../../../Engine/Content/EngineMaterials/Substrate/Glints2/dict_0006_0133.uasset" 5064
"../../../Engine/Content/EngineMaterials/Substrate/Glints2/dict_0006_0134.uasset" 5065
"../../../Engine/Content/EngineMaterials/Substrate/Glints2/dict_0006_0135.uasset" 5066
"../../../Engine/Content/EngineMaterials/Substrate/Glints2/dict_0006_0136.uasset" 5067
"../../../Engine/Content/EngineMaterials/Substrate/Glints2/dict_0006_0137.uasset" 5068
"../../../Engine/Content/EngineMaterials/Substrate/Glints2/dict_0006_0138.uasset" 5069
"../../../Engine/Content/EngineMaterials/Substrate/Glints2/dict_0006_0139.uasset" 5070
"../../../Engine/Content/EngineMaterials/Substrate/Glints2/dict_0006_0140.uasset" 5071
"../../../Engine/Content/EngineMaterials/Substrate/Glints2/dict_0006_0141.uasset" 5072
"../../../Engine/Content/EngineMaterials/Substrate/Glints2/dict_0006_0142.uasset" 5073
"../../../Engine/Content/EngineMaterials/Substrate/Glints2/dict_0006_0143.uasset" 5074
"../../../Engine/Content/EngineMaterials/Substrate/Glints2/dict_0006_0144.uasset" 5075
"../../../Engine/Content/EngineMaterials/Substrate/Glints2/dict_0006_0145.uasset" 5076
"../../../Engine/Content/EngineMaterials/Substrate/Glints2/dict_0006_0146.uasset" 5077
"../../../Engine/Content/EngineMaterials/Substrate/Glints2/dict_0006_0147.uasset" 5078
"../../../Engine/Content/EngineMaterials/Substrate/Glints2/dict_0006_0148.uasset" 5079
"../../../Engine/Content/EngineMaterials/Substrate/Glints2/dict_0006_0149.uasset" 5080
"../../../Engine/Content/EngineMaterials/Substrate/Glints2/dict_0006_0150.uasset" 5081
"../../../Engine/Content/EngineMaterials/Substrate/Glints2/dict_0006_0151.uasset" 5082
"../../../Engine/Content/EngineMaterials/Substrate/Glints2/dict_0006_0152.uasset" 5083
"../../../Engine/Content/EngineMaterials/Substrate/Glints2/dict_0006_0153.uasset" 5084
"../../../Engine/Content/EngineMaterials/Substrate/Glints2/dict_0006_0154.uasset" 5085
"../../../Engine/Content/EngineMaterials/Substrate/Glints2/dict_0006_0155.uasset" 5086
"../../../Engine/Content/EngineMaterials/Substrate/Glints2/dict_0006_0156.uasset" 5087
"../../../Engine/Content/EngineMaterials/Substrate/Glints2/dict_0006_0157.uasset" 5088
"../../../Engine/Content/EngineMaterials/Substrate/Glints2/dict_0006_0158.uasset" 5089
"../../../Engine/Content/EngineMaterials/Substrate/Glints2/dict_0006_0159.uasset" 5090
"../../../Engine/Content/EngineMaterials/Substrate/Glints2/dict_0006_0160.uasset" 5091
"../../../Engine/Content/EngineMaterials/Substrate/Glints2/dict_0006_0161.uasset" 5092
"../../../Engine/Content/EngineMaterials/Substrate/Glints2/dict_0006_0162.uasset" 5093
"../../../Engine/Content/EngineMaterials/Substrate/Glints2/dict_0006_0163.uasset" 5094
"../../../Engine/Content/EngineMaterials/Substrate/Glints2/dict_0006_0164.uasset" 5095
"../../../Engine/Content/EngineMaterials/Substrate/Glints2/dict_0006_0165.uasset" 5096
"../../../Engine/Content/EngineMaterials/Substrate/Glints2/dict_0006_0166.uasset" 5097
"../../../Engine/Content/EngineMaterials/Substrate/Glints2/dict_0006_0167.uasset" 5098
"../../../Engine/Content/EngineMaterials/Substrate/Glints2/dict_0006_0168.uasset" 5099
"../../../Engine/Content/EngineMaterials/Substrate/Glints2/dict_0006_0169.uasset" 5100
"../../../Engine/Content/EngineMaterials/Substrate/Glints2/dict_0006_0170.uasset" 5101
"../../../Engine/Content/EngineMaterials/Substrate/Glints2/dict_0006_0171.uasset" 5102
"../../../Engine/Content/EngineMaterials/Substrate/Glints2/dict_0006_0172.uasset" 5103
"../../../Engine/Content/EngineMaterials/Substrate/Glints2/dict_0006_0173.uasset" 5104
"../../../Engine/Content/EngineMaterials/Substrate/Glints2/dict_0006_0174.uasset" 5105
"../../../Engine/Content/EngineMaterials/Substrate/Glints2/dict_0006_0175.uasset" 5106
"../../../Engine/Content/EngineMaterials/Substrate/Glints2/dict_0006_0176.uasset" 5107
"../../../Engine/Content/EngineMaterials/Substrate/Glints2/dict_0006_0177.uasset" 5108
"../../../Engine/Content/EngineMaterials/Substrate/Glints2/dict_0006_0178.uasset" 5109
"../../../Engine/Content/EngineMaterials/Substrate/Glints2/dict_0006_0179.uasset" 5110
"../../../Engine/Content/EngineMaterials/Substrate/Glints2/dict_0006_0180.uasset" 5111
"../../../Engine/Content/EngineMaterials/Substrate/Glints2/dict_0006_0181.uasset" 5112
"../../../Engine/Content/EngineMaterials/Substrate/Glints2/dict_0006_0182.uasset" 5113
"../../../Engine/Content/EngineMaterials/Substrate/Glints2/dict_0006_0183.uasset" 5114
"../../../Engine/Content/EngineMaterials/Substrate/Glints2/dict_0006_0184.uasset" 5115
"../../../Engine/Content/EngineMaterials/Substrate/Glints2/dict_0006_0185.uasset" 5116
"../../../Engine/Content/EngineMaterials/Substrate/Glints2/dict_0006_0186.uasset" 5117
"../../../Engine/Content/EngineMaterials/Substrate/Glints2/dict_0006_0187.uasset" 5118
"../../../Engine/Content/EngineMaterials/Substrate/Glints2/dict_0006_0188.uasset" 5119
"../../../Engine/Content/EngineMaterials/Substrate/Glints2/dict_0006_0189.uasset" 5120
"../../../Engine/Content/EngineMaterials/Substrate/Glints2/dict_0006_0190.uasset" 5121
"../../../Engine/Content/EngineMaterials/Substrate/Glints2/dict_0006_0191.uasset" 5122
"../../../Engine/Content/EngineMaterials/Substrate/Glints2/dict_0006_0192.uasset" 5123
"../../../Engine/Content/EngineMaterials/Substrate/Glints2/dict_0006_0193.uasset" 5124
"../../../Engine/Content/EngineMaterials/Substrate/Glints2/dict_0006_0194.uasset" 5125
"../../../Engine/Content/EngineMaterials/Substrate/Glints2/dict_0006_0195.uasset" 5126
"../../../Engine/Content/EngineMaterials/Substrate/Glints2/dict_0006_0196.uasset" 5127
"../../../Engine/Content/EngineMaterials/Substrate/Glints2/dict_0006_0197.uasset" 5128
"../../../Engine/Content/EngineMaterials/Substrate/Glints2/dict_0006_0198.uasset" 5129
"../../../Engine/Content/EngineMaterials/Substrate/Glints2/dict_0006_0199.uasset" 5130
"../../../Engine/Content/EngineMaterials/Substrate/Glints2/dict_0006_0200.uasset" 5131
"../../../Engine/Content/EngineMaterials/Substrate/Glints2/dict_0006_0201.uasset" 5132
"../../../Engine/Content/EngineMaterials/Substrate/Glints2/dict_0006_0202.uasset" 5133
"../../../Engine/Content/EngineMaterials/Substrate/Glints2/dict_0006_0203.uasset" 5134
"../../../Engine/Content/EngineMaterials/Substrate/Glints2/dict_0006_0204.uasset" 5135
"../../../Engine/Content/EngineMaterials/Substrate/Glints2/dict_0006_0205.uasset" 5136
"../../../Engine/Content/EngineMaterials/Substrate/Glints2/dict_0006_0206.uasset" 5137
"../../../Engine/Content/EngineMaterials/Substrate/Glints2/dict_0006_0207.uasset" 5138
"../../../Engine/Content/EngineMaterials/Substrate/Glints2/dict_0006_0208.uasset" 5139
"../../../Engine/Content/EngineMaterials/Substrate/Glints2/dict_0006_0209.uasset" 5140
"../../../Engine/Content/EngineMaterials/Substrate/Glints2/dict_0006_0210.uasset" 5141
"../../../Engine/Content/EngineMaterials/Substrate/Glints2/dict_0006_0211.uasset" 5142
"../../../Engine/Content/EngineMaterials/Substrate/Glints2/dict_0006_0212.uasset" 5143
"../../../Engine/Content/EngineMaterials/Substrate/Glints2/dict_0006_0213.uasset" 5144
"../../../Engine/Content/EngineMaterials/Substrate/Glints2/dict_0006_0214.uasset" 5145
"../../../Engine/Content/EngineMaterials/Substrate/Glints2/dict_0006_0215.uasset" 5146
"../../../Engine/Content/EngineMaterials/Substrate/Glints2/dict_0006_0216.uasset" 5147
"../../../Engine/Content/EngineMaterials/Substrate/Glints2/dict_0006_0217.uasset" 5148
"../../../Engine/Content/EngineMaterials/Substrate/Glints2/dict_0006_0218.uasset" 5149
"../../../Engine/Content/EngineMaterials/Substrate/Glints2/dict_0006_0219.uasset" 5150
"../../../Engine/Content/EngineMaterials/Substrate/Glints2/dict_0006_0220.uasset" 5151
"../../../Engine/Content/EngineMaterials/Substrate/Glints2/dict_0006_0221.uasset" 5152
"../../../Engine/Content/EngineMaterials/Substrate/Glints2/dict_0006_0222.uasset" 5153
"../../../Engine/Content/EngineMaterials/Substrate/Glints2/dict_0006_0223.uasset" 5154
"../../../Engine/Content/EngineMaterials/Substrate/Glints2/dict_0006_0224.uasset" 5155
"../../../Engine/Content/EngineMaterials/Substrate/Glints2/dict_0006_0225.uasset" 5156
"../../../Engine/Content/EngineMaterials/Substrate/Glints2/dict_0006_0226.uasset" 5157
"../../../Engine/Content/EngineMaterials/Substrate/Glints2/dict_0006_0227.uasset" 5158
"../../../Engine/Content/EngineMaterials/Substrate/Glints2/dict_0006_0228.uasset" 5159
"../../../Engine/Content/EngineMaterials/Substrate/Glints2/dict_0006_0229.uasset" 5160
"../../../Engine/Content/EngineMaterials/Substrate/Glints2/dict_0006_0230.uasset" 5161
"../../../Engine/Content/EngineMaterials/Substrate/Glints2/dict_0006_0231.uasset" 5162
"../../../Engine/Content/EngineMaterials/Substrate/Glints2/dict_0006_0232.uasset" 5163
"../../../Engine/Content/EngineMaterials/Substrate/Glints2/dict_0006_0233.uasset" 5164
"../../../Engine/Content/EngineMaterials/Substrate/Glints2/dict_0006_0234.uasset" 5165
"../../../Engine/Content/EngineMaterials/Substrate/Glints2/dict_0006_0235.uasset" 5166
"../../../Engine/Content/EngineMaterials/Substrate/Glints2/dict_0006_0236.uasset" 5167
"../../../Engine/Content/EngineMaterials/Substrate/Glints2/dict_0006_0237.uasset" 5168
"../../../Engine/Content/EngineMaterials/Substrate/Glints2/dict_0006_0238.uasset" 5169
"../../../Engine/Content/EngineMaterials/Substrate/Glints2/dict_0006_0239.uasset" 5170
"../../../Engine/Content/EngineMaterials/Substrate/Glints2/dict_0006_0240.uasset" 5171
"../../../Engine/Content/EngineMaterials/Substrate/Glints2/dict_0006_0241.uasset" 5172
"../../../Engine/Content/EngineMaterials/Substrate/Glints2/dict_0006_0242.uasset" 5173
"../../../Engine/Content/EngineMaterials/Substrate/Glints2/dict_0006_0243.uasset" 5174
"../../../Engine/Content/EngineMaterials/Substrate/Glints2/dict_0006_0244.uasset" 5175
"../../../Engine/Content/EngineMaterials/Substrate/Glints2/dict_0006_0245.uasset" 5176
"../../../Engine/Content/EngineMaterials/Substrate/Glints2/dict_0006_0246.uasset" 5177
"../../../Engine/Content/EngineMaterials/Substrate/Glints2/dict_0006_0247.uasset" 5178
"../../../Engine/Content/EngineMaterials/Substrate/Glints2/dict_0006_0248.uasset" 5179
"../../../Engine/Content/EngineMaterials/Substrate/Glints2/dict_0006_0249.uasset" 5180
"../../../Engine/Content/EngineMaterials/Substrate/Glints2/dict_0006_0250.uasset" 5181
"../../../Engine/Content/EngineMaterials/Substrate/Glints2/dict_0006_0251.uasset" 5182
"../../../Engine/Content/EngineMaterials/Substrate/Glints2/dict_0006_0252.uasset" 5183
"../../../Engine/Content/EngineMaterials/Substrate/Glints2/dict_0006_0253.uasset" 5184
"../../../Engine/Content/EngineMaterials/Substrate/Glints2/dict_0006_0254.uasset" 5185
"../../../Engine/Content/EngineMaterials/Substrate/Glints2/dict_0006_0255.uasset" 5186
"../../../Engine/Content/EngineMaterials/Substrate/Glints2/dict_0007_0000.uasset" 5187
"../../../Engine/Content/EngineMaterials/Substrate/Glints2/dict_0007_0001.uasset" 5188
"../../../Engine/Content/EngineMaterials/Substrate/Glints2/dict_0007_0002.uasset" 5189
"../../../Engine/Content/EngineMaterials/Substrate/Glints2/dict_0007_0003.uasset" 5190
"../../../Engine/Content/EngineMaterials/Substrate/Glints2/dict_0007_0004.uasset" 5191
"../../../Engine/Content/EngineMaterials/Substrate/Glints2/dict_0007_0005.uasset" 5192
"../../../Engine/Content/EngineMaterials/Substrate/Glints2/dict_0007_0006.uasset" 5193
"../../../Engine/Content/EngineMaterials/Substrate/Glints2/dict_0007_0007.uasset" 5194
"../../../Engine/Content/EngineMaterials/Substrate/Glints2/dict_0007_0008.uasset" 5195
"../../../Engine/Content/EngineMaterials/Substrate/Glints2/dict_0007_0009.uasset" 5196
"../../../Engine/Content/EngineMaterials/Substrate/Glints2/dict_0007_0010.uasset" 5197
"../../../Engine/Content/EngineMaterials/Substrate/Glints2/dict_0007_0011.uasset" 5198
"../../../Engine/Content/EngineMaterials/Substrate/Glints2/dict_0007_0012.uasset" 5199
"../../../Engine/Content/EngineMaterials/Substrate/Glints2/dict_0007_0013.uasset" 5200
"../../../Engine/Content/EngineMaterials/Substrate/Glints2/dict_0007_0014.uasset" 5201
"../../../Engine/Content/EngineMaterials/Substrate/Glints2/dict_0007_0015.uasset" 5202
"../../../Engine/Content/EngineMaterials/Substrate/Glints2/dict_0007_0016.uasset" 5203
"../../../Engine/Content/EngineMaterials/Substrate/Glints2/dict_0007_0017.uasset" 5204
"../../../Engine/Content/EngineMaterials/Substrate/Glints2/dict_0007_0018.uasset" 5205
"../../../Engine/Content/EngineMaterials/Substrate/Glints2/dict_0007_0019.uasset" 5206
"../../../Engine/Content/EngineMaterials/Substrate/Glints2/dict_0007_0020.uasset" 5207
"../../../Engine/Content/EngineMaterials/Substrate/Glints2/dict_0007_0021.uasset" 5208
"../../../Engine/Content/EngineMaterials/Substrate/Glints2/dict_0007_0022.uasset" 5209
"../../../Engine/Content/EngineMaterials/Substrate/Glints2/dict_0007_0023.uasset" 5210
"../../../Engine/Content/EngineMaterials/Substrate/Glints2/dict_0007_0024.uasset" 5211
"../../../Engine/Content/EngineMaterials/Substrate/Glints2/dict_0007_0025.uasset" 5212
"../../../Engine/Content/EngineMaterials/Substrate/Glints2/dict_0007_0026.uasset" 5213
"../../../Engine/Content/EngineMaterials/Substrate/Glints2/dict_0007_0027.uasset" 5214
"../../../Engine/Content/EngineMaterials/Substrate/Glints2/dict_0007_0028.uasset" 5215
"../../../Engine/Content/EngineMaterials/Substrate/Glints2/dict_0007_0029.uasset" 5216
"../../../Engine/Content/EngineMaterials/Substrate/Glints2/dict_0007_0030.uasset" 5217
"../../../Engine/Content/EngineMaterials/Substrate/Glints2/dict_0007_0031.uasset" 5218
"../../../Engine/Content/EngineMaterials/Substrate/Glints2/dict_0007_0032.uasset" 5219
"../../../Engine/Content/EngineMaterials/Substrate/Glints2/dict_0007_0033.uasset" 5220
"../../../Engine/Content/EngineMaterials/Substrate/Glints2/dict_0007_0034.uasset" 5221
"../../../Engine/Content/EngineMaterials/Substrate/Glints2/dict_0007_0035.uasset" 5222
"../../../Engine/Content/EngineMaterials/Substrate/Glints2/dict_0007_0036.uasset" 5223
"../../../Engine/Content/EngineMaterials/Substrate/Glints2/dict_0007_0037.uasset" 5224
"../../../Engine/Content/EngineMaterials/Substrate/Glints2/dict_0007_0038.uasset" 5225
"../../../Engine/Content/EngineMaterials/Substrate/Glints2/dict_0007_0039.uasset" 5226
"../../../Engine/Content/EngineMaterials/Substrate/Glints2/dict_0007_0040.uasset" 5227
"../../../Engine/Content/EngineMaterials/Substrate/Glints2/dict_0007_0041.uasset" 5228
"../../../Engine/Content/EngineMaterials/Substrate/Glints2/dict_0007_0042.uasset" 5229
"../../../Engine/Content/EngineMaterials/Substrate/Glints2/dict_0007_0043.uasset" 5230
"../../../Engine/Content/EngineMaterials/Substrate/Glints2/dict_0007_0044.uasset" 5231
"../../../Engine/Content/EngineMaterials/Substrate/Glints2/dict_0007_0045.uasset" 5232
"../../../Engine/Content/EngineMaterials/Substrate/Glints2/dict_0007_0046.uasset" 5233
"../../../Engine/Content/EngineMaterials/Substrate/Glints2/dict_0007_0047.uasset" 5234
"../../../Engine/Content/EngineMaterials/Substrate/Glints2/dict_0007_0048.uasset" 5235
"../../../Engine/Content/EngineMaterials/Substrate/Glints2/dict_0007_0049.uasset" 5236
"../../../Engine/Content/EngineMaterials/Substrate/Glints2/dict_0007_0050.uasset" 5237
"../../../Engine/Content/EngineMaterials/Substrate/Glints2/dict_0007_0051.uasset" 5238
"../../../Engine/Content/EngineMaterials/Substrate/Glints2/dict_0007_0052.uasset" 5239
"../../../Engine/Content/EngineMaterials/Substrate/Glints2/dict_0007_0053.uasset" 5240
"../../../Engine/Content/EngineMaterials/Substrate/Glints2/dict_0007_0054.uasset" 5241
"../../../Engine/Content/EngineMaterials/Substrate/Glints2/dict_0007_0055.uasset" 5242
"../../../Engine/Content/EngineMaterials/Substrate/Glints2/dict_0007_0056.uasset" 5243
"../../../Engine/Content/EngineMaterials/Substrate/Glints2/dict_0007_0057.uasset" 5244
"../../../Engine/Content/EngineMaterials/Substrate/Glints2/dict_0007_0058.uasset" 5245
"../../../Engine/Content/EngineMaterials/Substrate/Glints2/dict_0007_0059.uasset" 5246
"../../../Engine/Content/EngineMaterials/Substrate/Glints2/dict_0007_0060.uasset" 5247
"../../../Engine/Content/EngineMaterials/Substrate/Glints2/dict_0007_0061.uasset" 5248
"../../../Engine/Content/EngineMaterials/Substrate/Glints2/dict_0007_0062.uasset" 5249
"../../../Engine/Content/EngineMaterials/Substrate/Glints2/dict_0007_0063.uasset" 5250
"../../../Engine/Content/EngineMaterials/Substrate/Glints2/dict_0007_0064.uasset" 5251
"../../../Engine/Content/EngineMaterials/Substrate/Glints2/dict_0007_0065.uasset" 5252
"../../../Engine/Content/EngineMaterials/Substrate/Glints2/dict_0007_0066.uasset" 5253
"../../../Engine/Content/EngineMaterials/Substrate/Glints2/dict_0007_0067.uasset" 5254
"../../../Engine/Content/EngineMaterials/Substrate/Glints2/dict_0007_0068.uasset" 5255
"../../../Engine/Content/EngineMaterials/Substrate/Glints2/dict_0007_0069.uasset" 5256
"../../../Engine/Content/EngineMaterials/Substrate/Glints2/dict_0007_0070.uasset" 5257
"../../../Engine/Content/EngineMaterials/Substrate/Glints2/dict_0007_0071.uasset" 5258
"../../../Engine/Content/EngineMaterials/Substrate/Glints2/dict_0007_0072.uasset" 5259
"../../../Engine/Content/EngineMaterials/Substrate/Glints2/dict_0007_0073.uasset" 5260
"../../../Engine/Content/EngineMaterials/Substrate/Glints2/dict_0007_0074.uasset" 5261
"../../../Engine/Content/EngineMaterials/Substrate/Glints2/dict_0007_0075.uasset" 5262
"../../../Engine/Content/EngineMaterials/Substrate/Glints2/dict_0007_0076.uasset" 5263
"../../../Engine/Content/EngineMaterials/Substrate/Glints2/dict_0007_0077.uasset" 5264
"../../../Engine/Content/EngineMaterials/Substrate/Glints2/dict_0007_0078.uasset" 5265
"../../../Engine/Content/EngineMaterials/Substrate/Glints2/dict_0007_0079.uasset" 5266
"../../../Engine/Content/EngineMaterials/Substrate/Glints2/dict_0007_0080.uasset" 5267
"../../../Engine/Content/EngineMaterials/Substrate/Glints2/dict_0007_0081.uasset" 5268
"../../../Engine/Content/EngineMaterials/Substrate/Glints2/dict_0007_0082.uasset" 5269
"../../../Engine/Content/EngineMaterials/Substrate/Glints2/dict_0007_0083.uasset" 5270
"../../../Engine/Content/EngineMaterials/Substrate/Glints2/dict_0007_0084.uasset" 5271
"../../../Engine/Content/EngineMaterials/Substrate/Glints2/dict_0007_0085.uasset" 5272
"../../../Engine/Content/EngineMaterials/Substrate/Glints2/dict_0007_0086.uasset" 5273
"../../../Engine/Content/EngineMaterials/Substrate/Glints2/dict_0007_0087.uasset" 5274
"../../../Engine/Content/EngineMaterials/Substrate/Glints2/dict_0007_0088.uasset" 5275
"../../../Engine/Content/EngineMaterials/Substrate/Glints2/dict_0007_0089.uasset" 5276
"../../../Engine/Content/EngineMaterials/Substrate/Glints2/dict_0007_0090.uasset" 5277
"../../../Engine/Content/EngineMaterials/Substrate/Glints2/dict_0007_0091.uasset" 5278
"../../../Engine/Content/EngineMaterials/Substrate/Glints2/dict_0007_0092.uasset" 5279
"../../../Engine/Content/EngineMaterials/Substrate/Glints2/dict_0007_0093.uasset" 5280
"../../../Engine/Content/EngineMaterials/Substrate/Glints2/dict_0007_0094.uasset" 5281
"../../../Engine/Content/EngineMaterials/Substrate/Glints2/dict_0007_0095.uasset" 5282
"../../../Engine/Content/EngineMaterials/Substrate/Glints2/dict_0007_0096.uasset" 5283
"../../../Engine/Content/EngineMaterials/Substrate/Glints2/dict_0007_0097.uasset" 5284
"../../../Engine/Content/EngineMaterials/Substrate/Glints2/dict_0007_0098.uasset" 5285
"../../../Engine/Content/EngineMaterials/Substrate/Glints2/dict_0007_0099.uasset" 5286
"../../../Engine/Content/EngineMaterials/Substrate/Glints2/dict_0007_0100.uasset" 5287
"../../../Engine/Content/EngineMaterials/Substrate/Glints2/dict_0007_0101.uasset" 5288
"../../../Engine/Content/EngineMaterials/Substrate/Glints2/dict_0007_0102.uasset" 5289
"../../../Engine/Content/EngineMaterials/Substrate/Glints2/dict_0007_0103.uasset" 5290
"../../../Engine/Content/EngineMaterials/Substrate/Glints2/dict_0007_0104.uasset" 5291
"../../../Engine/Content/EngineMaterials/Substrate/Glints2/dict_0007_0105.uasset" 5292
"../../../Engine/Content/EngineMaterials/Substrate/Glints2/dict_0007_0106.uasset" 5293
"../../../Engine/Content/EngineMaterials/Substrate/Glints2/dict_0007_0107.uasset" 5294
"../../../Engine/Content/EngineMaterials/Substrate/Glints2/dict_0007_0108.uasset" 5295
"../../../Engine/Content/EngineMaterials/Substrate/Glints2/dict_0007_0109.uasset" 5296
"../../../Engine/Content/EngineMaterials/Substrate/Glints2/dict_0007_0110.uasset" 5297
"../../../Engine/Content/EngineMaterials/Substrate/Glints2/dict_0007_0111.uasset" 5298
"../../../Engine/Content/EngineMaterials/Substrate/Glints2/dict_0007_0112.uasset" 5299
"../../../Engine/Content/EngineMaterials/Substrate/Glints2/dict_0007_0113.uasset" 5300
"../../../Engine/Content/EngineMaterials/Substrate/Glints2/dict_0007_0114.uasset" 5301
"../../../Engine/Content/EngineMaterials/Substrate/Glints2/dict_0007_0115.uasset" 5302
"../../../Engine/Content/EngineMaterials/Substrate/Glints2/dict_0007_0116.uasset" 5303
"../../../Engine/Content/EngineMaterials/Substrate/Glints2/dict_0007_0117.uasset" 5304
"../../../Engine/Content/EngineMaterials/Substrate/Glints2/dict_0007_0118.uasset" 5305
"../../../Engine/Content/EngineMaterials/Substrate/Glints2/dict_0007_0119.uasset" 5306
"../../../Engine/Content/EngineMaterials/Substrate/Glints2/dict_0007_0120.uasset" 5307
"../../../Engine/Content/EngineMaterials/Substrate/Glints2/dict_0007_0121.uasset" 5308
"../../../Engine/Content/EngineMaterials/Substrate/Glints2/dict_0007_0122.uasset" 5309
"../../../Engine/Content/EngineMaterials/Substrate/Glints2/dict_0007_0123.uasset" 5310
"../../../Engine/Content/EngineMaterials/Substrate/Glints2/dict_0007_0124.uasset" 5311
"../../../Engine/Content/EngineMaterials/Substrate/Glints2/dict_0007_0125.uasset" 5312
"../../../Engine/Content/EngineMaterials/Substrate/Glints2/dict_0007_0126.uasset" 5313
"../../../Engine/Content/EngineMaterials/Substrate/Glints2/dict_0007_0127.uasset" 5314
"../../../Engine/Content/EngineMaterials/Substrate/Glints2/dict_0007_0128.uasset" 5315
"../../../Engine/Content/EngineMaterials/Substrate/Glints2/dict_0007_0129.uasset" 5316
"../../../Engine/Content/EngineMaterials/Substrate/Glints2/dict_0007_0130.uasset" 5317
"../../../Engine/Content/EngineMaterials/Substrate/Glints2/dict_0007_0131.uasset" 5318
"../../../Engine/Content/EngineMaterials/Substrate/Glints2/dict_0007_0132.uasset" 5319
"../../../Engine/Content/EngineMaterials/Substrate/Glints2/dict_0007_0133.uasset" 5320
"../../../Engine/Content/EngineMaterials/Substrate/Glints2/dict_0007_0134.uasset" 5321
"../../../Engine/Content/EngineMaterials/Substrate/Glints2/dict_0007_0135.uasset" 5322
"../../../Engine/Content/EngineMaterials/Substrate/Glints2/dict_0007_0136.uasset" 5323
"../../../Engine/Content/EngineMaterials/Substrate/Glints2/dict_0007_0137.uasset" 5324
"../../../Engine/Content/EngineMaterials/Substrate/Glints2/dict_0007_0138.uasset" 5325
"../../../Engine/Content/EngineMaterials/Substrate/Glints2/dict_0007_0139.uasset" 5326
"../../../Engine/Content/EngineMaterials/Substrate/Glints2/dict_0007_0140.uasset" 5327
"../../../Engine/Content/EngineMaterials/Substrate/Glints2/dict_0007_0141.uasset" 5328
"../../../Engine/Content/EngineMaterials/Substrate/Glints2/dict_0007_0142.uasset" 5329
"../../../Engine/Content/EngineMaterials/Substrate/Glints2/dict_0007_0143.uasset" 5330
"../../../Engine/Content/EngineMaterials/Substrate/Glints2/dict_0007_0144.uasset" 5331
"../../../Engine/Content/EngineMaterials/Substrate/Glints2/dict_0007_0145.uasset" 5332
"../../../Engine/Content/EngineMaterials/Substrate/Glints2/dict_0007_0146.uasset" 5333
"../../../Engine/Content/EngineMaterials/Substrate/Glints2/dict_0007_0147.uasset" 5334
"../../../Engine/Content/EngineMaterials/Substrate/Glints2/dict_0007_0148.uasset" 5335
"../../../Engine/Content/EngineMaterials/Substrate/Glints2/dict_0007_0149.uasset" 5336
"../../../Engine/Content/EngineMaterials/Substrate/Glints2/dict_0007_0150.uasset" 5337
"../../../Engine/Content/EngineMaterials/Substrate/Glints2/dict_0007_0151.uasset" 5338
"../../../Engine/Content/EngineMaterials/Substrate/Glints2/dict_0007_0152.uasset" 5339
"../../../Engine/Content/EngineMaterials/Substrate/Glints2/dict_0007_0153.uasset" 5340
"../../../Engine/Content/EngineMaterials/Substrate/Glints2/dict_0007_0154.uasset" 5341
"../../../Engine/Content/EngineMaterials/Substrate/Glints2/dict_0007_0155.uasset" 5342
"../../../Engine/Content/EngineMaterials/Substrate/Glints2/dict_0007_0156.uasset" 5343
"../../../Engine/Content/EngineMaterials/Substrate/Glints2/dict_0007_0157.uasset" 5344
"../../../Engine/Content/EngineMaterials/Substrate/Glints2/dict_0007_0158.uasset" 5345
"../../../Engine/Content/EngineMaterials/Substrate/Glints2/dict_0007_0159.uasset" 5346
"../../../Engine/Content/EngineMaterials/Substrate/Glints2/dict_0007_0160.uasset" 5347
"../../../Engine/Content/EngineMaterials/Substrate/Glints2/dict_0007_0161.uasset" 5348
"../../../Engine/Content/EngineMaterials/Substrate/Glints2/dict_0007_0162.uasset" 5349
"../../../Engine/Content/EngineMaterials/Substrate/Glints2/dict_0007_0163.uasset" 5350
"../../../Engine/Content/EngineMaterials/Substrate/Glints2/dict_0007_0164.uasset" 5351
"../../../Engine/Content/EngineMaterials/Substrate/Glints2/dict_0007_0165.uasset" 5352
"../../../Engine/Content/EngineMaterials/Substrate/Glints2/dict_0007_0166.uasset" 5353
"../../../Engine/Content/EngineMaterials/Substrate/Glints2/dict_0007_0167.uasset" 5354
"../../../Engine/Content/EngineMaterials/Substrate/Glints2/dict_0007_0168.uasset" 5355
"../../../Engine/Content/EngineMaterials/Substrate/Glints2/dict_0007_0169.uasset" 5356
"../../../Engine/Content/EngineMaterials/Substrate/Glints2/dict_0007_0170.uasset" 5357
"../../../Engine/Content/EngineMaterials/Substrate/Glints2/dict_0007_0171.uasset" 5358
"../../../Engine/Content/EngineMaterials/Substrate/Glints2/dict_0007_0172.uasset" 5359
"../../../Engine/Content/EngineMaterials/Substrate/Glints2/dict_0007_0173.uasset" 5360
"../../../Engine/Content/EngineMaterials/Substrate/Glints2/dict_0007_0174.uasset" 5361
"../../../Engine/Content/EngineMaterials/Substrate/Glints2/dict_0007_0175.uasset" 5362
"../../../Engine/Content/EngineMaterials/Substrate/Glints2/dict_0007_0176.uasset" 5363
"../../../Engine/Content/EngineMaterials/Substrate/Glints2/dict_0007_0177.uasset" 5364
"../../../Engine/Content/EngineMaterials/Substrate/Glints2/dict_0007_0178.uasset" 5365
"../../../Engine/Content/EngineMaterials/Substrate/Glints2/dict_0007_0179.uasset" 5366
"../../../Engine/Content/EngineMaterials/Substrate/Glints2/dict_0007_0180.uasset" 5367
"../../../Engine/Content/EngineMaterials/Substrate/Glints2/dict_0007_0181.uasset" 5368
"../../../Engine/Content/EngineMaterials/Substrate/Glints2/dict_0007_0182.uasset" 5369
"../../../Engine/Content/EngineMaterials/Substrate/Glints2/dict_0007_0183.uasset" 5370
"../../../Engine/Content/EngineMaterials/Substrate/Glints2/dict_0007_0184.uasset" 5371
"../../../Engine/Content/EngineMaterials/Substrate/Glints2/dict_0007_0185.uasset" 5372
"../../../Engine/Content/EngineMaterials/Substrate/Glints2/dict_0007_0186.uasset" 5373
"../../../Engine/Content/EngineMaterials/Substrate/Glints2/dict_0007_0187.uasset" 5374
"../../../Engine/Content/EngineMaterials/Substrate/Glints2/dict_0007_0188.uasset" 5375
"../../../Engine/Content/EngineMaterials/Substrate/Glints2/dict_0007_0189.uasset" 5376
"../../../Engine/Content/EngineMaterials/Substrate/Glints2/dict_0007_0190.uasset" 5377
"../../../Engine/Content/EngineMaterials/Substrate/Glints2/dict_0007_0191.uasset" 5378
"../../../Engine/Content/EngineMaterials/Substrate/Glints2/dict_0007_0192.uasset" 5379
"../../../Engine/Content/EngineMaterials/Substrate/Glints2/dict_0007_0193.uasset" 5380
"../../../Engine/Content/EngineMaterials/Substrate/Glints2/dict_0007_0194.uasset" 5381
"../../../Engine/Content/EngineMaterials/Substrate/Glints2/dict_0007_0195.uasset" 5382
"../../../Engine/Content/EngineMaterials/Substrate/Glints2/dict_0007_0196.uasset" 5383
"../../../Engine/Content/EngineMaterials/Substrate/Glints2/dict_0007_0197.uasset" 5384
"../../../Engine/Content/EngineMaterials/Substrate/Glints2/dict_0007_0198.uasset" 5385
"../../../Engine/Content/EngineMaterials/Substrate/Glints2/dict_0007_0199.uasset" 5386
"../../../Engine/Content/EngineMaterials/Substrate/Glints2/dict_0007_0200.uasset" 5387
"../../../Engine/Content/EngineMaterials/Substrate/Glints2/dict_0007_0201.uasset" 5388
"../../../Engine/Content/EngineMaterials/Substrate/Glints2/dict_0007_0202.uasset" 5389
"../../../Engine/Content/EngineMaterials/Substrate/Glints2/dict_0007_0203.uasset" 5390
"../../../Engine/Content/EngineMaterials/Substrate/Glints2/dict_0007_0204.uasset" 5391
"../../../Engine/Content/EngineMaterials/Substrate/Glints2/dict_0007_0205.uasset" 5392
"../../../Engine/Content/EngineMaterials/Substrate/Glints2/dict_0007_0206.uasset" 5393
"../../../Engine/Content/EngineMaterials/Substrate/Glints2/dict_0007_0207.uasset" 5394
"../../../Engine/Content/EngineMaterials/Substrate/Glints2/dict_0007_0208.uasset" 5395
"../../../Engine/Content/EngineMaterials/Substrate/Glints2/dict_0007_0209.uasset" 5396
"../../../Engine/Content/EngineMaterials/Substrate/Glints2/dict_0007_0210.uasset" 5397
"../../../Engine/Content/EngineMaterials/Substrate/Glints2/dict_0007_0211.uasset" 5398
"../../../Engine/Content/EngineMaterials/Substrate/Glints2/dict_0007_0212.uasset" 5399
"../../../Engine/Content/EngineMaterials/Substrate/Glints2/dict_0007_0213.uasset" 5400
"../../../Engine/Content/EngineMaterials/Substrate/Glints2/dict_0007_0214.uasset" 5401
"../../../Engine/Content/EngineMaterials/Substrate/Glints2/dict_0007_0215.uasset" 5402
"../../../Engine/Content/EngineMaterials/Substrate/Glints2/dict_0007_0216.uasset" 5403
"../../../Engine/Content/EngineMaterials/Substrate/Glints2/dict_0007_0217.uasset" 5404
"../../../Engine/Content/EngineMaterials/Substrate/Glints2/dict_0007_0218.uasset" 5405
"../../../Engine/Content/EngineMaterials/Substrate/Glints2/dict_0007_0219.uasset" 5406
"../../../Engine/Content/EngineMaterials/Substrate/Glints2/dict_0007_0220.uasset" 5407
"../../../Engine/Content/EngineMaterials/Substrate/Glints2/dict_0007_0221.uasset" 5408
"../../../Engine/Content/EngineMaterials/Substrate/Glints2/dict_0007_0222.uasset" 5409
"../../../Engine/Content/EngineMaterials/Substrate/Glints2/dict_0007_0223.uasset" 5410
"../../../Engine/Content/EngineMaterials/Substrate/Glints2/dict_0007_0224.uasset" 5411
"../../../Engine/Content/EngineMaterials/Substrate/Glints2/dict_0007_0225.uasset" 5412
"../../../Engine/Content/EngineMaterials/Substrate/Glints2/dict_0007_0226.uasset" 5413
"../../../Engine/Content/EngineMaterials/Substrate/Glints2/dict_0007_0227.uasset" 5414
"../../../Engine/Content/EngineMaterials/Substrate/Glints2/dict_0007_0228.uasset" 5415
"../../../Engine/Content/EngineMaterials/Substrate/Glints2/dict_0007_0229.uasset" 5416
"../../../Engine/Content/EngineMaterials/Substrate/Glints2/dict_0007_0230.uasset" 5417
"../../../Engine/Content/EngineMaterials/Substrate/Glints2/dict_0007_0231.uasset" 5418
"../../../Engine/Content/EngineMaterials/Substrate/Glints2/dict_0007_0232.uasset" 5419
"../../../Engine/Content/EngineMaterials/Substrate/Glints2/dict_0007_0233.uasset" 5420
"../../../Engine/Content/EngineMaterials/Substrate/Glints2/dict_0007_0234.uasset" 5421
"../../../Engine/Content/EngineMaterials/Substrate/Glints2/dict_0007_0235.uasset" 5422
"../../../Engine/Content/EngineMaterials/Substrate/Glints2/dict_0007_0236.uasset" 5423
"../../../Engine/Content/EngineMaterials/Substrate/Glints2/dict_0007_0237.uasset" 5424
"../../../Engine/Content/EngineMaterials/Substrate/Glints2/dict_0007_0238.uasset" 5425
"../../../Engine/Content/EngineMaterials/Substrate/Glints2/dict_0007_0239.uasset" 5426
"../../../Engine/Content/EngineMaterials/Substrate/Glints2/dict_0007_0240.uasset" 5427
"../../../Engine/Content/EngineMaterials/Substrate/Glints2/dict_0007_0241.uasset" 5428
"../../../Engine/Content/EngineMaterials/Substrate/Glints2/dict_0007_0242.uasset" 5429
"../../../Engine/Content/EngineMaterials/Substrate/Glints2/dict_0007_0243.uasset" 5430
"../../../Engine/Content/EngineMaterials/Substrate/Glints2/dict_0007_0244.uasset" 5431
"../../../Engine/Content/EngineMaterials/Substrate/Glints2/dict_0007_0245.uasset" 5432
"../../../Engine/Content/EngineMaterials/Substrate/Glints2/dict_0007_0246.uasset" 5433
"../../../Engine/Content/EngineMaterials/Substrate/Glints2/dict_0007_0247.uasset" 5434
"../../../Engine/Content/EngineMaterials/Substrate/Glints2/dict_0007_0248.uasset" 5435
"../../../Engine/Content/EngineMaterials/Substrate/Glints2/dict_0007_0249.uasset" 5436
"../../../Engine/Content/EngineMaterials/Substrate/Glints2/dict_0007_0250.uasset" 5437
"../../../Engine/Content/EngineMaterials/Substrate/Glints2/dict_0007_0251.uasset" 5438
"../../../Engine/Content/EngineMaterials/Substrate/Glints2/dict_0007_0252.uasset" 5439
"../../../Engine/Content/EngineMaterials/Substrate/Glints2/dict_0007_0253.uasset" 5440
"../../../Engine/Content/EngineMaterials/Substrate/Glints2/dict_0007_0254.uasset" 5441
"../../../Engine/Content/EngineMaterials/Substrate/Glints2/dict_0007_0255.uasset" 5442
"../../../Engine/Plugins/Animation/ControlRig/Content/Controls/ControlRig_Star4_solid.uasset" 5443
"../../../Engine/Content/EngineMaterials/Substrate/GLints/dict_16_192_64_0p5_0p02_0000_0000.uasset" 5444
"../../../Engine/Content/EngineMaterials/Substrate/GLints/dict_16_192_64_0p5_0p02_0000_0001.uasset" 5445
"../../../Engine/Content/EngineMaterials/Substrate/GLints/dict_16_192_64_0p5_0p02_0000_0002.uasset" 5446
"../../../Engine/Content/EngineMaterials/Substrate/GLints/dict_16_192_64_0p5_0p02_0000_0003.uasset" 5447
"../../../Engine/Content/EngineMaterials/Substrate/GLints/dict_16_192_64_0p5_0p02_0000_0004.uasset" 5448
"../../../Engine/Content/EngineMaterials/Substrate/GLints/dict_16_192_64_0p5_0p02_0000_0005.uasset" 5449
"../../../Engine/Content/EngineMaterials/Substrate/GLints/dict_16_192_64_0p5_0p02_0000_0006.uasset" 5450
"../../../Engine/Content/EngineMaterials/Substrate/GLints/dict_16_192_64_0p5_0p02_0000_0007.uasset" 5451
"../../../Engine/Content/EngineMaterials/Substrate/GLints/dict_16_192_64_0p5_0p02_0000_0008.uasset" 5452
"../../../Engine/Content/EngineMaterials/Substrate/GLints/dict_16_192_64_0p5_0p02_0000_0009.uasset" 5453
"../../../Engine/Content/EngineMaterials/Substrate/GLints/dict_16_192_64_0p5_0p02_0000_0010.uasset" 5454
"../../../Engine/Content/EngineMaterials/Substrate/GLints/dict_16_192_64_0p5_0p02_0000_0011.uasset" 5455
"../../../Engine/Content/EngineMaterials/Substrate/GLints/dict_16_192_64_0p5_0p02_0000_0012.uasset" 5456
"../../../Engine/Content/EngineMaterials/Substrate/GLints/dict_16_192_64_0p5_0p02_0000_0013.uasset" 5457
"../../../Engine/Content/EngineMaterials/Substrate/GLints/dict_16_192_64_0p5_0p02_0000_0014.uasset" 5458
"../../../Engine/Content/EngineMaterials/Substrate/GLints/dict_16_192_64_0p5_0p02_0000_0015.uasset" 5459
"../../../Engine/Content/EngineMaterials/Substrate/GLints/dict_16_192_64_0p5_0p02_0001_0000.uasset" 5460
"../../../Engine/Content/EngineMaterials/Substrate/GLints/dict_16_192_64_0p5_0p02_0001_0001.uasset" 5461
"../../../Engine/Content/EngineMaterials/Substrate/GLints/dict_16_192_64_0p5_0p02_0001_0002.uasset" 5462
"../../../Engine/Content/EngineMaterials/Substrate/GLints/dict_16_192_64_0p5_0p02_0001_0003.uasset" 5463
"../../../Engine/Content/EngineMaterials/Substrate/GLints/dict_16_192_64_0p5_0p02_0001_0004.uasset" 5464
"../../../Engine/Content/EngineMaterials/Substrate/GLints/dict_16_192_64_0p5_0p02_0001_0005.uasset" 5465
"../../../Engine/Content/EngineMaterials/Substrate/GLints/dict_16_192_64_0p5_0p02_0001_0006.uasset" 5466
"../../../Engine/Content/EngineMaterials/Substrate/GLints/dict_16_192_64_0p5_0p02_0001_0007.uasset" 5467
"../../../Engine/Content/EngineMaterials/Substrate/GLints/dict_16_192_64_0p5_0p02_0001_0008.uasset" 5468
"../../../Engine/Content/EngineMaterials/Substrate/GLints/dict_16_192_64_0p5_0p02_0001_0009.uasset" 5469
"../../../Engine/Content/EngineMaterials/Substrate/GLints/dict_16_192_64_0p5_0p02_0001_0010.uasset" 5470
"../../../Engine/Content/EngineMaterials/Substrate/GLints/dict_16_192_64_0p5_0p02_0001_0011.uasset" 5471
"../../../Engine/Content/EngineMaterials/Substrate/GLints/dict_16_192_64_0p5_0p02_0001_0012.uasset" 5472
"../../../Engine/Content/EngineMaterials/Substrate/GLints/dict_16_192_64_0p5_0p02_0001_0013.uasset" 5473
"../../../Engine/Content/EngineMaterials/Substrate/GLints/dict_16_192_64_0p5_0p02_0001_0014.uasset" 5474
"../../../Engine/Content/EngineMaterials/Substrate/GLints/dict_16_192_64_0p5_0p02_0001_0015.uasset" 5475
"../../../Engine/Content/EngineMaterials/Substrate/GLints/dict_16_192_64_0p5_0p02_0002_0000.uasset" 5476
"../../../Engine/Content/EngineMaterials/Substrate/GLints/dict_16_192_64_0p5_0p02_0002_0001.uasset" 5477
"../../../Engine/Content/EngineMaterials/Substrate/GLints/dict_16_192_64_0p5_0p02_0002_0002.uasset" 5478
"../../../Engine/Content/EngineMaterials/Substrate/GLints/dict_16_192_64_0p5_0p02_0002_0003.uasset" 5479
"../../../Engine/Content/EngineMaterials/Substrate/GLints/dict_16_192_64_0p5_0p02_0002_0004.uasset" 5480
"../../../Engine/Content/EngineMaterials/Substrate/GLints/dict_16_192_64_0p5_0p02_0002_0005.uasset" 5481
"../../../Engine/Content/EngineMaterials/Substrate/GLints/dict_16_192_64_0p5_0p02_0002_0006.uasset" 5482
"../../../Engine/Content/EngineMaterials/Substrate/GLints/dict_16_192_64_0p5_0p02_0002_0007.uasset" 5483
"../../../Engine/Content/EngineMaterials/Substrate/GLints/dict_16_192_64_0p5_0p02_0002_0008.uasset" 5484
"../../../Engine/Content/EngineMaterials/Substrate/GLints/dict_16_192_64_0p5_0p02_0002_0009.uasset" 5485
"../../../Engine/Content/EngineMaterials/Substrate/GLints/dict_16_192_64_0p5_0p02_0002_0010.uasset" 5486
"../../../Engine/Content/EngineMaterials/Substrate/GLints/dict_16_192_64_0p5_0p02_0002_0011.uasset" 5487
"../../../Engine/Content/EngineMaterials/Substrate/GLints/dict_16_192_64_0p5_0p02_0002_0012.uasset" 5488
"../../../Engine/Content/EngineMaterials/Substrate/GLints/dict_16_192_64_0p5_0p02_0002_0013.uasset" 5489
"../../../Engine/Content/EngineMaterials/Substrate/GLints/dict_16_192_64_0p5_0p02_0002_0014.uasset" 5490
"../../../Engine/Content/EngineMaterials/Substrate/GLints/dict_16_192_64_0p5_0p02_0002_0015.uasset" 5491
"../../../Engine/Content/EngineMaterials/Substrate/GLints/dict_16_192_64_0p5_0p02_0003_0000.uasset" 5492
"../../../Engine/Content/EngineMaterials/Substrate/GLints/dict_16_192_64_0p5_0p02_0003_0001.uasset" 5493
"../../../Engine/Content/EngineMaterials/Substrate/GLints/dict_16_192_64_0p5_0p02_0003_0002.uasset" 5494
"../../../Engine/Content/EngineMaterials/Substrate/GLints/dict_16_192_64_0p5_0p02_0003_0003.uasset" 5495
"../../../Engine/Content/EngineMaterials/Substrate/GLints/dict_16_192_64_0p5_0p02_0003_0004.uasset" 5496
"../../../Engine/Content/EngineMaterials/Substrate/GLints/dict_16_192_64_0p5_0p02_0003_0005.uasset" 5497
"../../../Engine/Content/EngineMaterials/Substrate/GLints/dict_16_192_64_0p5_0p02_0003_0006.uasset" 5498
"../../../Engine/Content/EngineMaterials/Substrate/GLints/dict_16_192_64_0p5_0p02_0003_0007.uasset" 5499
"../../../Engine/Content/EngineMaterials/Substrate/GLints/dict_16_192_64_0p5_0p02_0003_0008.uasset" 5500
"../../../Engine/Content/EngineMaterials/Substrate/GLints/dict_16_192_64_0p5_0p02_0003_0009.uasset" 5501
"../../../Engine/Content/EngineMaterials/Substrate/GLints/dict_16_192_64_0p5_0p02_0003_0010.uasset" 5502
"../../../Engine/Content/EngineMaterials/Substrate/GLints/dict_16_192_64_0p5_0p02_0003_0011.uasset" 5503
"../../../Engine/Content/EngineMaterials/Substrate/GLints/dict_16_192_64_0p5_0p02_0003_0012.uasset" 5504
"../../../Engine/Content/EngineMaterials/Substrate/GLints/dict_16_192_64_0p5_0p02_0003_0013.uasset" 5505
"../../../Engine/Content/EngineMaterials/Substrate/GLints/dict_16_192_64_0p5_0p02_0003_0014.uasset" 5506
"../../../Engine/Content/EngineMaterials/Substrate/GLints/dict_16_192_64_0p5_0p02_0003_0015.uasset" 5507
"../../../Engine/Content/EngineMaterials/Substrate/GLints/dict_16_192_64_0p5_0p02_0004_0000.uasset" 5508
"../../../Engine/Content/EngineMaterials/Substrate/GLints/dict_16_192_64_0p5_0p02_0004_0001.uasset" 5509
"../../../Engine/Content/EngineMaterials/Substrate/GLints/dict_16_192_64_0p5_0p02_0004_0002.uasset" 5510
"../../../Engine/Content/EngineMaterials/Substrate/GLints/dict_16_192_64_0p5_0p02_0004_0003.uasset" 5511
"../../../Engine/Content/EngineMaterials/Substrate/GLints/dict_16_192_64_0p5_0p02_0004_0004.uasset" 5512
"../../../Engine/Content/EngineMaterials/Substrate/GLints/dict_16_192_64_0p5_0p02_0004_0005.uasset" 5513
"../../../Engine/Content/EngineMaterials/Substrate/GLints/dict_16_192_64_0p5_0p02_0004_0006.uasset" 5514
"../../../Engine/Content/EngineMaterials/Substrate/GLints/dict_16_192_64_0p5_0p02_0004_0007.uasset" 5515
"../../../Engine/Content/EngineMaterials/Substrate/GLints/dict_16_192_64_0p5_0p02_0004_0008.uasset" 5516
"../../../Engine/Content/EngineMaterials/Substrate/GLints/dict_16_192_64_0p5_0p02_0004_0009.uasset" 5517
"../../../Engine/Content/EngineMaterials/Substrate/GLints/dict_16_192_64_0p5_0p02_0004_0010.uasset" 5518
"../../../Engine/Content/EngineMaterials/Substrate/GLints/dict_16_192_64_0p5_0p02_0004_0011.uasset" 5519
"../../../Engine/Content/EngineMaterials/Substrate/GLints/dict_16_192_64_0p5_0p02_0004_0012.uasset" 5520
"../../../Engine/Content/EngineMaterials/Substrate/GLints/dict_16_192_64_0p5_0p02_0004_0013.uasset" 5521
"../../../Engine/Content/EngineMaterials/Substrate/GLints/dict_16_192_64_0p5_0p02_0004_0014.uasset" 5522
"../../../Engine/Content/EngineMaterials/Substrate/GLints/dict_16_192_64_0p5_0p02_0004_0015.uasset" 5523
"../../../Engine/Content/EngineMaterials/Substrate/GLints/dict_16_192_64_0p5_0p02_0005_0000.uasset" 5524
"../../../Engine/Content/EngineMaterials/Substrate/GLints/dict_16_192_64_0p5_0p02_0005_0001.uasset" 5525
"../../../Engine/Content/EngineMaterials/Substrate/GLints/dict_16_192_64_0p5_0p02_0005_0002.uasset" 5526
"../../../Engine/Content/EngineMaterials/Substrate/GLints/dict_16_192_64_0p5_0p02_0005_0003.uasset" 5527
"../../../Engine/Content/EngineMaterials/Substrate/GLints/dict_16_192_64_0p5_0p02_0005_0004.uasset" 5528
"../../../Engine/Content/EngineMaterials/Substrate/GLints/dict_16_192_64_0p5_0p02_0005_0005.uasset" 5529
"../../../Engine/Content/EngineMaterials/Substrate/GLints/dict_16_192_64_0p5_0p02_0005_0006.uasset" 5530
"../../../Engine/Content/EngineMaterials/Substrate/GLints/dict_16_192_64_0p5_0p02_0005_0007.uasset" 5531
"../../../Engine/Content/EngineMaterials/Substrate/GLints/dict_16_192_64_0p5_0p02_0005_0008.uasset" 5532
"../../../Engine/Content/EngineMaterials/Substrate/GLints/dict_16_192_64_0p5_0p02_0005_0009.uasset" 5533
"../../../Engine/Content/EngineMaterials/Substrate/GLints/dict_16_192_64_0p5_0p02_0005_0010.uasset" 5534
"../../../Engine/Content/EngineMaterials/Substrate/GLints/dict_16_192_64_0p5_0p02_0005_0011.uasset" 5535
"../../../Engine/Content/EngineMaterials/Substrate/GLints/dict_16_192_64_0p5_0p02_0005_0012.uasset" 5536
"../../../Engine/Content/EngineMaterials/Substrate/GLints/dict_16_192_64_0p5_0p02_0005_0013.uasset" 5537
"../../../Engine/Content/EngineMaterials/Substrate/GLints/dict_16_192_64_0p5_0p02_0005_0014.uasset" 5538
"../../../Engine/Content/EngineMaterials/Substrate/GLints/dict_16_192_64_0p5_0p02_0005_0015.uasset" 5539
"../../../Engine/Content/EngineMaterials/Substrate/GLints/dict_16_192_64_0p5_0p02_0006_0000.uasset" 5540
"../../../Engine/Content/EngineMaterials/Substrate/GLints/dict_16_192_64_0p5_0p02_0006_0001.uasset" 5541
"../../../Engine/Content/EngineMaterials/Substrate/GLints/dict_16_192_64_0p5_0p02_0006_0002.uasset" 5542
"../../../Engine/Content/EngineMaterials/Substrate/GLints/dict_16_192_64_0p5_0p02_0006_0003.uasset" 5543
"../../../Engine/Content/EngineMaterials/Substrate/GLints/dict_16_192_64_0p5_0p02_0006_0004.uasset" 5544
"../../../Engine/Content/EngineMaterials/Substrate/GLints/dict_16_192_64_0p5_0p02_0006_0005.uasset" 5545
"../../../Engine/Content/EngineMaterials/Substrate/GLints/dict_16_192_64_0p5_0p02_0006_0006.uasset" 5546
"../../../Engine/Content/EngineMaterials/Substrate/GLints/dict_16_192_64_0p5_0p02_0006_0007.uasset" 5547
"../../../Engine/Content/EngineMaterials/Substrate/GLints/dict_16_192_64_0p5_0p02_0006_0008.uasset" 5548
"../../../Engine/Content/EngineMaterials/Substrate/GLints/dict_16_192_64_0p5_0p02_0006_0009.uasset" 5549
"../../../Engine/Content/EngineMaterials/Substrate/GLints/dict_16_192_64_0p5_0p02_0006_0010.uasset" 5550
"../../../Engine/Content/EngineMaterials/Substrate/GLints/dict_16_192_64_0p5_0p02_0006_0011.uasset" 5551
"../../../Engine/Content/EngineMaterials/Substrate/GLints/dict_16_192_64_0p5_0p02_0006_0012.uasset" 5552
"../../../Engine/Content/EngineMaterials/Substrate/GLints/dict_16_192_64_0p5_0p02_0006_0013.uasset" 5553
"../../../Engine/Content/EngineMaterials/Substrate/GLints/dict_16_192_64_0p5_0p02_0006_0014.uasset" 5554
"../../../Engine/Content/EngineMaterials/Substrate/GLints/dict_16_192_64_0p5_0p02_0006_0015.uasset" 5555
"../../../Engine/Content/EngineMaterials/Substrate/GLints/dict_16_192_64_0p5_0p02_0007_0000.uasset" 5556
"../../../Engine/Content/EngineMaterials/Substrate/GLints/dict_16_192_64_0p5_0p02_0007_0001.uasset" 5557
"../../../Engine/Content/EngineMaterials/Substrate/GLints/dict_16_192_64_0p5_0p02_0007_0002.uasset" 5558
"../../../Engine/Content/EngineMaterials/Substrate/GLints/dict_16_192_64_0p5_0p02_0007_0003.uasset" 5559
"../../../Engine/Content/EngineMaterials/Substrate/GLints/dict_16_192_64_0p5_0p02_0007_0004.uasset" 5560
"../../../Engine/Content/EngineMaterials/Substrate/GLints/dict_16_192_64_0p5_0p02_0007_0005.uasset" 5561
"../../../Engine/Content/EngineMaterials/Substrate/GLints/dict_16_192_64_0p5_0p02_0007_0006.uasset" 5562
"../../../Engine/Content/EngineMaterials/Substrate/GLints/dict_16_192_64_0p5_0p02_0007_0007.uasset" 5563
"../../../Engine/Content/EngineMaterials/Substrate/GLints/dict_16_192_64_0p5_0p02_0007_0008.uasset" 5564
"../../../Engine/Content/EngineMaterials/Substrate/GLints/dict_16_192_64_0p5_0p02_0007_0009.uasset" 5565
"../../../Engine/Content/EngineMaterials/Substrate/GLints/dict_16_192_64_0p5_0p02_0007_0010.uasset" 5566
"../../../Engine/Content/EngineMaterials/Substrate/GLints/dict_16_192_64_0p5_0p02_0007_0011.uasset" 5567
"../../../Engine/Content/EngineMaterials/Substrate/GLints/dict_16_192_64_0p5_0p02_0007_0012.uasset" 5568
"../../../Engine/Content/EngineMaterials/Substrate/GLints/dict_16_192_64_0p5_0p02_0007_0013.uasset" 5569
"../../../Engine/Content/EngineMaterials/Substrate/GLints/dict_16_192_64_0p5_0p02_0007_0014.uasset" 5570
"../../../Engine/Content/EngineMaterials/Substrate/GLints/dict_16_192_64_0p5_0p02_0007_0015.uasset" 5571
"../../../Engine/Content/EngineMaterials/Substrate/GLints/dict_16_192_64_0p5_0p02_0008_0000.uasset" 5572
"../../../Engine/Content/EngineMaterials/Substrate/GLints/dict_16_192_64_0p5_0p02_0008_0001.uasset" 5573
"../../../Engine/Content/EngineMaterials/Substrate/GLints/dict_16_192_64_0p5_0p02_0008_0002.uasset" 5574
"../../../Engine/Content/EngineMaterials/Substrate/GLints/dict_16_192_64_0p5_0p02_0008_0003.uasset" 5575
"../../../Engine/Content/EngineMaterials/Substrate/GLints/dict_16_192_64_0p5_0p02_0008_0004.uasset" 5576
"../../../Engine/Content/EngineMaterials/Substrate/GLints/dict_16_192_64_0p5_0p02_0008_0005.uasset" 5577
"../../../Engine/Content/EngineMaterials/Substrate/GLints/dict_16_192_64_0p5_0p02_0008_0006.uasset" 5578
"../../../Engine/Content/EngineMaterials/Substrate/GLints/dict_16_192_64_0p5_0p02_0008_0007.uasset" 5579
"../../../Engine/Content/EngineMaterials/Substrate/GLints/dict_16_192_64_0p5_0p02_0008_0008.uasset" 5580
"../../../Engine/Content/EngineMaterials/Substrate/GLints/dict_16_192_64_0p5_0p02_0008_0009.uasset" 5581
"../../../Engine/Content/EngineMaterials/Substrate/GLints/dict_16_192_64_0p5_0p02_0008_0010.uasset" 5582
"../../../Engine/Content/EngineMaterials/Substrate/GLints/dict_16_192_64_0p5_0p02_0008_0011.uasset" 5583
"../../../Engine/Content/EngineMaterials/Substrate/GLints/dict_16_192_64_0p5_0p02_0008_0012.uasset" 5584
"../../../Engine/Content/EngineMaterials/Substrate/GLints/dict_16_192_64_0p5_0p02_0008_0013.uasset" 5585
"../../../Engine/Content/EngineMaterials/Substrate/GLints/dict_16_192_64_0p5_0p02_0008_0014.uasset" 5586
"../../../Engine/Content/EngineMaterials/Substrate/GLints/dict_16_192_64_0p5_0p02_0008_0015.uasset" 5587
"../../../Engine/Content/EngineMaterials/Substrate/GLints/dict_16_192_64_0p5_0p02_0009_0000.uasset" 5588
"../../../Engine/Content/EngineMaterials/Substrate/GLints/dict_16_192_64_0p5_0p02_0009_0001.uasset" 5589
"../../../Engine/Content/EngineMaterials/Substrate/GLints/dict_16_192_64_0p5_0p02_0009_0002.uasset" 5590
"../../../Engine/Content/EngineMaterials/Substrate/GLints/dict_16_192_64_0p5_0p02_0009_0003.uasset" 5591
"../../../Engine/Content/EngineMaterials/Substrate/GLints/dict_16_192_64_0p5_0p02_0009_0004.uasset" 5592
"../../../Engine/Content/EngineMaterials/Substrate/GLints/dict_16_192_64_0p5_0p02_0009_0005.uasset" 5593
"../../../Engine/Content/EngineMaterials/Substrate/GLints/dict_16_192_64_0p5_0p02_0009_0006.uasset" 5594
"../../../Engine/Content/EngineMaterials/Substrate/GLints/dict_16_192_64_0p5_0p02_0009_0007.uasset" 5595
"../../../Engine/Content/EngineMaterials/Substrate/GLints/dict_16_192_64_0p5_0p02_0009_0008.uasset" 5596
"../../../Engine/Content/EngineMaterials/Substrate/GLints/dict_16_192_64_0p5_0p02_0009_0009.uasset" 5597
"../../../Engine/Content/EngineMaterials/Substrate/GLints/dict_16_192_64_0p5_0p02_0009_0010.uasset" 5598
"../../../Engine/Content/EngineMaterials/Substrate/GLints/dict_16_192_64_0p5_0p02_0009_0011.uasset" 5599
"../../../Engine/Content/EngineMaterials/Substrate/GLints/dict_16_192_64_0p5_0p02_0009_0012.uasset" 5600
"../../../Engine/Content/EngineMaterials/Substrate/GLints/dict_16_192_64_0p5_0p02_0009_0013.uasset" 5601
"../../../Engine/Content/EngineMaterials/Substrate/GLints/dict_16_192_64_0p5_0p02_0009_0014.uasset" 5602
"../../../Engine/Content/EngineMaterials/Substrate/GLints/dict_16_192_64_0p5_0p02_0009_0015.uasset" 5603
"../../../Engine/Content/EngineMaterials/Substrate/GLints/dict_16_192_64_0p5_0p02_0010_0000.uasset" 5604
"../../../Engine/Content/EngineMaterials/Substrate/GLints/dict_16_192_64_0p5_0p02_0010_0001.uasset" 5605
"../../../Engine/Content/EngineMaterials/Substrate/GLints/dict_16_192_64_0p5_0p02_0010_0002.uasset" 5606
"../../../Engine/Content/EngineMaterials/Substrate/GLints/dict_16_192_64_0p5_0p02_0010_0003.uasset" 5607
"../../../Engine/Content/EngineMaterials/Substrate/GLints/dict_16_192_64_0p5_0p02_0010_0004.uasset" 5608
"../../../Engine/Content/EngineMaterials/Substrate/GLints/dict_16_192_64_0p5_0p02_0010_0005.uasset" 5609
"../../../Engine/Content/EngineMaterials/Substrate/GLints/dict_16_192_64_0p5_0p02_0010_0006.uasset" 5610
"../../../Engine/Content/EngineMaterials/Substrate/GLints/dict_16_192_64_0p5_0p02_0010_0007.uasset" 5611
"../../../Engine/Content/EngineMaterials/Substrate/GLints/dict_16_192_64_0p5_0p02_0010_0008.uasset" 5612
"../../../Engine/Content/EngineMaterials/Substrate/GLints/dict_16_192_64_0p5_0p02_0010_0009.uasset" 5613
"../../../Engine/Content/EngineMaterials/Substrate/GLints/dict_16_192_64_0p5_0p02_0010_0010.uasset" 5614
"../../../Engine/Content/EngineMaterials/Substrate/GLints/dict_16_192_64_0p5_0p02_0010_0011.uasset" 5615
"../../../Engine/Content/EngineMaterials/Substrate/GLints/dict_16_192_64_0p5_0p02_0010_0012.uasset" 5616
"../../../Engine/Content/EngineMaterials/Substrate/GLints/dict_16_192_64_0p5_0p02_0010_0013.uasset" 5617
"../../../Engine/Content/EngineMaterials/Substrate/GLints/dict_16_192_64_0p5_0p02_0010_0014.uasset" 5618
"../../../Engine/Content/EngineMaterials/Substrate/GLints/dict_16_192_64_0p5_0p02_0010_0015.uasset" 5619
"../../../Engine/Content/EngineMaterials/Substrate/GLints/dict_16_192_64_0p5_0p02_0011_0000.uasset" 5620
"../../../Engine/Content/EngineMaterials/Substrate/GLints/dict_16_192_64_0p5_0p02_0011_0001.uasset" 5621
"../../../Engine/Content/EngineMaterials/Substrate/GLints/dict_16_192_64_0p5_0p02_0011_0002.uasset" 5622
"../../../Engine/Content/EngineMaterials/Substrate/GLints/dict_16_192_64_0p5_0p02_0011_0003.uasset" 5623
"../../../Engine/Content/EngineMaterials/Substrate/GLints/dict_16_192_64_0p5_0p02_0011_0004.uasset" 5624
"../../../Engine/Content/EngineMaterials/Substrate/GLints/dict_16_192_64_0p5_0p02_0011_0005.uasset" 5625
"../../../Engine/Content/EngineMaterials/Substrate/GLints/dict_16_192_64_0p5_0p02_0011_0006.uasset" 5626
"../../../Engine/Content/EngineMaterials/Substrate/GLints/dict_16_192_64_0p5_0p02_0011_0007.uasset" 5627
"../../../Engine/Content/EngineMaterials/Substrate/GLints/dict_16_192_64_0p5_0p02_0011_0008.uasset" 5628
"../../../Engine/Content/EngineMaterials/Substrate/GLints/dict_16_192_64_0p5_0p02_0011_0009.uasset" 5629
"../../../Engine/Content/EngineMaterials/Substrate/GLints/dict_16_192_64_0p5_0p02_0011_0010.uasset" 5630
"../../../Engine/Content/EngineMaterials/Substrate/GLints/dict_16_192_64_0p5_0p02_0011_0011.uasset" 5631
"../../../Engine/Content/EngineMaterials/Substrate/GLints/dict_16_192_64_0p5_0p02_0011_0012.uasset" 5632
"../../../Engine/Content/EngineMaterials/Substrate/GLints/dict_16_192_64_0p5_0p02_0011_0013.uasset" 5633
"../../../Engine/Content/EngineMaterials/Substrate/GLints/dict_16_192_64_0p5_0p02_0011_0014.uasset" 5634
"../../../Engine/Content/EngineMaterials/Substrate/GLints/dict_16_192_64_0p5_0p02_0011_0015.uasset" 5635
"../../../Engine/Content/EngineMaterials/Substrate/GLints/dict_16_192_64_0p5_0p02_0012_0000.uasset" 5636
"../../../Engine/Content/EngineMaterials/Substrate/GLints/dict_16_192_64_0p5_0p02_0012_0001.uasset" 5637
"../../../Engine/Content/EngineMaterials/Substrate/GLints/dict_16_192_64_0p5_0p02_0012_0002.uasset" 5638
"../../../Engine/Content/EngineMaterials/Substrate/GLints/dict_16_192_64_0p5_0p02_0012_0003.uasset" 5639
"../../../Engine/Content/EngineMaterials/Substrate/GLints/dict_16_192_64_0p5_0p02_0012_0004.uasset" 5640
"../../../Engine/Content/EngineMaterials/Substrate/GLints/dict_16_192_64_0p5_0p02_0012_0005.uasset" 5641
"../../../Engine/Content/EngineMaterials/Substrate/GLints/dict_16_192_64_0p5_0p02_0012_0006.uasset" 5642
"../../../Engine/Content/EngineMaterials/Substrate/GLints/dict_16_192_64_0p5_0p02_0012_0007.uasset" 5643
"../../../Engine/Content/EngineMaterials/Substrate/GLints/dict_16_192_64_0p5_0p02_0012_0008.uasset" 5644
"../../../Engine/Content/EngineMaterials/Substrate/GLints/dict_16_192_64_0p5_0p02_0012_0009.uasset" 5645
"../../../Engine/Content/EngineMaterials/Substrate/GLints/dict_16_192_64_0p5_0p02_0012_0010.uasset" 5646
"../../../Engine/Content/EngineMaterials/Substrate/GLints/dict_16_192_64_0p5_0p02_0012_0011.uasset" 5647
"../../../Engine/Content/EngineMaterials/Substrate/GLints/dict_16_192_64_0p5_0p02_0012_0012.uasset" 5648
"../../../Engine/Content/EngineMaterials/Substrate/GLints/dict_16_192_64_0p5_0p02_0012_0013.uasset" 5649
"../../../Engine/Content/EngineMaterials/Substrate/GLints/dict_16_192_64_0p5_0p02_0012_0014.uasset" 5650
"../../../Engine/Content/EngineMaterials/Substrate/GLints/dict_16_192_64_0p5_0p02_0012_0015.uasset" 5651
"../../../Engine/Content/EngineMaterials/Substrate/GLints/dict_16_192_64_0p5_0p02_0013_0000.uasset" 5652
"../../../Engine/Content/EngineMaterials/Substrate/GLints/dict_16_192_64_0p5_0p02_0013_0001.uasset" 5653
"../../../Engine/Content/EngineMaterials/Substrate/GLints/dict_16_192_64_0p5_0p02_0013_0002.uasset" 5654
"../../../Engine/Content/EngineMaterials/Substrate/GLints/dict_16_192_64_0p5_0p02_0013_0003.uasset" 5655
"../../../Engine/Content/EngineMaterials/Substrate/GLints/dict_16_192_64_0p5_0p02_0013_0004.uasset" 5656
"../../../Engine/Content/EngineMaterials/Substrate/GLints/dict_16_192_64_0p5_0p02_0013_0005.uasset" 5657
"../../../Engine/Content/EngineMaterials/Substrate/GLints/dict_16_192_64_0p5_0p02_0013_0006.uasset" 5658
"../../../Engine/Content/EngineMaterials/Substrate/GLints/dict_16_192_64_0p5_0p02_0013_0007.uasset" 5659
"../../../Engine/Content/EngineMaterials/Substrate/GLints/dict_16_192_64_0p5_0p02_0013_0008.uasset" 5660
"../../../Engine/Content/EngineMaterials/Substrate/GLints/dict_16_192_64_0p5_0p02_0013_0009.uasset" 5661
"../../../Engine/Content/EngineMaterials/Substrate/GLints/dict_16_192_64_0p5_0p02_0013_0010.uasset" 5662
"../../../Engine/Content/EngineMaterials/Substrate/GLints/dict_16_192_64_0p5_0p02_0013_0011.uasset" 5663
"../../../Engine/Content/EngineMaterials/Substrate/GLints/dict_16_192_64_0p5_0p02_0013_0012.uasset" 5664
"../../../Engine/Content/EngineMaterials/Substrate/GLints/dict_16_192_64_0p5_0p02_0013_0013.uasset" 5665
"../../../Engine/Content/EngineMaterials/Substrate/GLints/dict_16_192_64_0p5_0p02_0013_0014.uasset" 5666
"../../../Engine/Content/EngineMaterials/Substrate/GLints/dict_16_192_64_0p5_0p02_0013_0015.uasset" 5667
"../../../Engine/Content/EngineMaterials/Substrate/GLints/dict_16_192_64_0p5_0p02_0014_0000.uasset" 5668
"../../../Engine/Content/EngineMaterials/Substrate/GLints/dict_16_192_64_0p5_0p02_0014_0001.uasset" 5669
"../../../Engine/Content/EngineMaterials/Substrate/GLints/dict_16_192_64_0p5_0p02_0014_0002.uasset" 5670
"../../../Engine/Content/EngineMaterials/Substrate/GLints/dict_16_192_64_0p5_0p02_0014_0003.uasset" 5671
"../../../Engine/Content/EngineMaterials/Substrate/GLints/dict_16_192_64_0p5_0p02_0014_0004.uasset" 5672
"../../../Engine/Content/EngineMaterials/Substrate/GLints/dict_16_192_64_0p5_0p02_0014_0005.uasset" 5673
"../../../Engine/Content/EngineMaterials/Substrate/GLints/dict_16_192_64_0p5_0p02_0014_0006.uasset" 5674
"../../../Engine/Content/EngineMaterials/Substrate/GLints/dict_16_192_64_0p5_0p02_0014_0007.uasset" 5675
"../../../Engine/Content/EngineMaterials/Substrate/GLints/dict_16_192_64_0p5_0p02_0014_0008.uasset" 5676
"../../../Engine/Content/EngineMaterials/Substrate/GLints/dict_16_192_64_0p5_0p02_0014_0009.uasset" 5677
"../../../Engine/Content/EngineMaterials/Substrate/GLints/dict_16_192_64_0p5_0p02_0014_0010.uasset" 5678
"../../../Engine/Content/EngineMaterials/Substrate/GLints/dict_16_192_64_0p5_0p02_0014_0011.uasset" 5679
"../../../Engine/Content/EngineMaterials/Substrate/GLints/dict_16_192_64_0p5_0p02_0014_0012.uasset" 5680
"../../../Engine/Content/EngineMaterials/Substrate/GLints/dict_16_192_64_0p5_0p02_0014_0013.uasset" 5681
"../../../Engine/Content/EngineMaterials/Substrate/GLints/dict_16_192_64_0p5_0p02_0014_0014.uasset" 5682
"../../../Engine/Content/EngineMaterials/Substrate/GLints/dict_16_192_64_0p5_0p02_0014_0015.uasset" 5683
"../../../Engine/Content/EngineMaterials/Substrate/GLints/dict_16_192_64_0p5_0p02_0015_0000.uasset" 5684
"../../../Engine/Content/EngineMaterials/Substrate/GLints/dict_16_192_64_0p5_0p02_0015_0001.uasset" 5685
"../../../Engine/Content/EngineMaterials/Substrate/GLints/dict_16_192_64_0p5_0p02_0015_0002.uasset" 5686
"../../../Engine/Content/EngineMaterials/Substrate/GLints/dict_16_192_64_0p5_0p02_0015_0003.uasset" 5687
"../../../Engine/Content/EngineMaterials/Substrate/GLints/dict_16_192_64_0p5_0p02_0015_0004.uasset" 5688
"../../../Engine/Content/EngineMaterials/Substrate/GLints/dict_16_192_64_0p5_0p02_0015_0005.uasset" 5689
"../../../Engine/Content/EngineMaterials/Substrate/GLints/dict_16_192_64_0p5_0p02_0015_0006.uasset" 5690
"../../../Engine/Content/EngineMaterials/Substrate/GLints/dict_16_192_64_0p5_0p02_0015_0007.uasset" 5691
"../../../Engine/Content/EngineMaterials/Substrate/GLints/dict_16_192_64_0p5_0p02_0015_0008.uasset" 5692
"../../../Engine/Content/EngineMaterials/Substrate/GLints/dict_16_192_64_0p5_0p02_0015_0009.uasset" 5693
"../../../Engine/Content/EngineMaterials/Substrate/GLints/dict_16_192_64_0p5_0p02_0015_0010.uasset" 5694
"../../../Engine/Content/EngineMaterials/Substrate/GLints/dict_16_192_64_0p5_0p02_0015_0011.uasset" 5695
"../../../Engine/Content/EngineMaterials/Substrate/GLints/dict_16_192_64_0p5_0p02_0015_0012.uasset" 5696
"../../../Engine/Content/EngineMaterials/Substrate/GLints/dict_16_192_64_0p5_0p02_0015_0013.uasset" 5697
"../../../Engine/Content/EngineMaterials/Substrate/GLints/dict_16_192_64_0p5_0p02_0015_0014.uasset" 5698
"../../../Engine/Content/EngineMaterials/Substrate/GLints/dict_16_192_64_0p5_0p02_0015_0015.uasset" 5699
"../../../Engine/Content/EngineMaterials/Substrate/GLints/dict_16_192_64_0p5_0p02_0016_0000.uasset" 5700
"../../../Engine/Content/EngineMaterials/Substrate/GLints/dict_16_192_64_0p5_0p02_0016_0001.uasset" 5701
"../../../Engine/Content/EngineMaterials/Substrate/GLints/dict_16_192_64_0p5_0p02_0016_0002.uasset" 5702
"../../../Engine/Content/EngineMaterials/Substrate/GLints/dict_16_192_64_0p5_0p02_0016_0003.uasset" 5703
"../../../Engine/Content/EngineMaterials/Substrate/GLints/dict_16_192_64_0p5_0p02_0016_0004.uasset" 5704
"../../../Engine/Content/EngineMaterials/Substrate/GLints/dict_16_192_64_0p5_0p02_0016_0005.uasset" 5705
"../../../Engine/Content/EngineMaterials/Substrate/GLints/dict_16_192_64_0p5_0p02_0016_0006.uasset" 5706
"../../../Engine/Content/EngineMaterials/Substrate/GLints/dict_16_192_64_0p5_0p02_0016_0007.uasset" 5707
"../../../Engine/Content/EngineMaterials/Substrate/GLints/dict_16_192_64_0p5_0p02_0016_0008.uasset" 5708
"../../../Engine/Content/EngineMaterials/Substrate/GLints/dict_16_192_64_0p5_0p02_0016_0009.uasset" 5709
"../../../Engine/Content/EngineMaterials/Substrate/GLints/dict_16_192_64_0p5_0p02_0016_0010.uasset" 5710
"../../../Engine/Content/EngineMaterials/Substrate/GLints/dict_16_192_64_0p5_0p02_0016_0011.uasset" 5711
"../../../Engine/Content/EngineMaterials/Substrate/GLints/dict_16_192_64_0p5_0p02_0016_0012.uasset" 5712
"../../../Engine/Content/EngineMaterials/Substrate/GLints/dict_16_192_64_0p5_0p02_0016_0013.uasset" 5713
"../../../Engine/Content/EngineMaterials/Substrate/GLints/dict_16_192_64_0p5_0p02_0016_0014.uasset" 5714
"../../../Engine/Content/EngineMaterials/Substrate/GLints/dict_16_192_64_0p5_0p02_0016_0015.uasset" 5715
"../../../Engine/Content/EngineMaterials/Substrate/GLints/dict_16_192_64_0p5_0p02_0017_0000.uasset" 5716
"../../../Engine/Content/EngineMaterials/Substrate/GLints/dict_16_192_64_0p5_0p02_0017_0001.uasset" 5717
"../../../Engine/Content/EngineMaterials/Substrate/GLints/dict_16_192_64_0p5_0p02_0017_0002.uasset" 5718
"../../../Engine/Content/EngineMaterials/Substrate/GLints/dict_16_192_64_0p5_0p02_0017_0003.uasset" 5719
"../../../Engine/Content/EngineMaterials/Substrate/GLints/dict_16_192_64_0p5_0p02_0017_0004.uasset" 5720
"../../../Engine/Content/EngineMaterials/Substrate/GLints/dict_16_192_64_0p5_0p02_0017_0005.uasset" 5721
"../../../Engine/Content/EngineMaterials/Substrate/GLints/dict_16_192_64_0p5_0p02_0017_0006.uasset" 5722
"../../../Engine/Content/EngineMaterials/Substrate/GLints/dict_16_192_64_0p5_0p02_0017_0007.uasset" 5723
"../../../Engine/Content/EngineMaterials/Substrate/GLints/dict_16_192_64_0p5_0p02_0017_0008.uasset" 5724
"../../../Engine/Content/EngineMaterials/Substrate/GLints/dict_16_192_64_0p5_0p02_0017_0009.uasset" 5725
"../../../Engine/Content/EngineMaterials/Substrate/GLints/dict_16_192_64_0p5_0p02_0017_0010.uasset" 5726
"../../../Engine/Content/EngineMaterials/Substrate/GLints/dict_16_192_64_0p5_0p02_0017_0011.uasset" 5727
"../../../Engine/Content/EngineMaterials/Substrate/GLints/dict_16_192_64_0p5_0p02_0017_0012.uasset" 5728
"../../../Engine/Content/EngineMaterials/Substrate/GLints/dict_16_192_64_0p5_0p02_0017_0013.uasset" 5729
"../../../Engine/Content/EngineMaterials/Substrate/GLints/dict_16_192_64_0p5_0p02_0017_0014.uasset" 5730
"../../../Engine/Content/EngineMaterials/Substrate/GLints/dict_16_192_64_0p5_0p02_0017_0015.uasset" 5731
"../../../Engine/Content/EngineMaterials/Substrate/GLints/dict_16_192_64_0p5_0p02_0018_0000.uasset" 5732
"../../../Engine/Content/EngineMaterials/Substrate/GLints/dict_16_192_64_0p5_0p02_0018_0001.uasset" 5733
"../../../Engine/Content/EngineMaterials/Substrate/GLints/dict_16_192_64_0p5_0p02_0018_0002.uasset" 5734
"../../../Engine/Content/EngineMaterials/Substrate/GLints/dict_16_192_64_0p5_0p02_0018_0003.uasset" 5735
"../../../Engine/Content/EngineMaterials/Substrate/GLints/dict_16_192_64_0p5_0p02_0018_0004.uasset" 5736
"../../../Engine/Content/EngineMaterials/Substrate/GLints/dict_16_192_64_0p5_0p02_0018_0005.uasset" 5737
"../../../Engine/Content/EngineMaterials/Substrate/GLints/dict_16_192_64_0p5_0p02_0018_0006.uasset" 5738
"../../../Engine/Content/EngineMaterials/Substrate/GLints/dict_16_192_64_0p5_0p02_0018_0007.uasset" 5739
"../../../Engine/Content/EngineMaterials/Substrate/GLints/dict_16_192_64_0p5_0p02_0018_0008.uasset" 5740
"../../../Engine/Content/EngineMaterials/Substrate/GLints/dict_16_192_64_0p5_0p02_0018_0009.uasset" 5741
"../../../Engine/Content/EngineMaterials/Substrate/GLints/dict_16_192_64_0p5_0p02_0018_0010.uasset" 5742
"../../../Engine/Content/EngineMaterials/Substrate/GLints/dict_16_192_64_0p5_0p02_0018_0011.uasset" 5743
"../../../Engine/Content/EngineMaterials/Substrate/GLints/dict_16_192_64_0p5_0p02_0018_0012.uasset" 5744
"../../../Engine/Content/EngineMaterials/Substrate/GLints/dict_16_192_64_0p5_0p02_0018_0013.uasset" 5745
"../../../Engine/Content/EngineMaterials/Substrate/GLints/dict_16_192_64_0p5_0p02_0018_0014.uasset" 5746
"../../../Engine/Content/EngineMaterials/Substrate/GLints/dict_16_192_64_0p5_0p02_0018_0015.uasset" 5747
"../../../Engine/Content/EngineMaterials/Substrate/GLints/dict_16_192_64_0p5_0p02_0019_0000.uasset" 5748
"../../../Engine/Content/EngineMaterials/Substrate/GLints/dict_16_192_64_0p5_0p02_0019_0001.uasset" 5749
"../../../Engine/Content/EngineMaterials/Substrate/GLints/dict_16_192_64_0p5_0p02_0019_0002.uasset" 5750
"../../../Engine/Content/EngineMaterials/Substrate/GLints/dict_16_192_64_0p5_0p02_0019_0003.uasset" 5751
"../../../Engine/Content/EngineMaterials/Substrate/GLints/dict_16_192_64_0p5_0p02_0019_0004.uasset" 5752
"../../../Engine/Content/EngineMaterials/Substrate/GLints/dict_16_192_64_0p5_0p02_0019_0005.uasset" 5753
"../../../Engine/Content/EngineMaterials/Substrate/GLints/dict_16_192_64_0p5_0p02_0019_0006.uasset" 5754
"../../../Engine/Content/EngineMaterials/Substrate/GLints/dict_16_192_64_0p5_0p02_0019_0007.uasset" 5755
"../../../Engine/Content/EngineMaterials/Substrate/GLints/dict_16_192_64_0p5_0p02_0019_0008.uasset" 5756
"../../../Engine/Content/EngineMaterials/Substrate/GLints/dict_16_192_64_0p5_0p02_0019_0009.uasset" 5757
"../../../Engine/Content/EngineMaterials/Substrate/GLints/dict_16_192_64_0p5_0p02_0019_0010.uasset" 5758
"../../../Engine/Content/EngineMaterials/Substrate/GLints/dict_16_192_64_0p5_0p02_0019_0011.uasset" 5759
"../../../Engine/Content/EngineMaterials/Substrate/GLints/dict_16_192_64_0p5_0p02_0019_0012.uasset" 5760
"../../../Engine/Content/EngineMaterials/Substrate/GLints/dict_16_192_64_0p5_0p02_0019_0013.uasset" 5761
"../../../Engine/Content/EngineMaterials/Substrate/GLints/dict_16_192_64_0p5_0p02_0019_0014.uasset" 5762
"../../../Engine/Content/EngineMaterials/Substrate/GLints/dict_16_192_64_0p5_0p02_0019_0015.uasset" 5763
"../../../Engine/Content/EngineMaterials/Substrate/GLints/dict_16_192_64_0p5_0p02_0020_0000.uasset" 5764
"../../../Engine/Content/EngineMaterials/Substrate/GLints/dict_16_192_64_0p5_0p02_0020_0001.uasset" 5765
"../../../Engine/Content/EngineMaterials/Substrate/GLints/dict_16_192_64_0p5_0p02_0020_0002.uasset" 5766
"../../../Engine/Content/EngineMaterials/Substrate/GLints/dict_16_192_64_0p5_0p02_0020_0003.uasset" 5767
"../../../Engine/Content/EngineMaterials/Substrate/GLints/dict_16_192_64_0p5_0p02_0020_0004.uasset" 5768
"../../../Engine/Content/EngineMaterials/Substrate/GLints/dict_16_192_64_0p5_0p02_0020_0005.uasset" 5769
"../../../Engine/Content/EngineMaterials/Substrate/GLints/dict_16_192_64_0p5_0p02_0020_0006.uasset" 5770
"../../../Engine/Content/EngineMaterials/Substrate/GLints/dict_16_192_64_0p5_0p02_0020_0007.uasset" 5771
"../../../Engine/Content/EngineMaterials/Substrate/GLints/dict_16_192_64_0p5_0p02_0020_0008.uasset" 5772
"../../../Engine/Content/EngineMaterials/Substrate/GLints/dict_16_192_64_0p5_0p02_0020_0009.uasset" 5773
"../../../Engine/Content/EngineMaterials/Substrate/GLints/dict_16_192_64_0p5_0p02_0020_0010.uasset" 5774
"../../../Engine/Content/EngineMaterials/Substrate/GLints/dict_16_192_64_0p5_0p02_0020_0011.uasset" 5775
"../../../Engine/Content/EngineMaterials/Substrate/GLints/dict_16_192_64_0p5_0p02_0020_0012.uasset" 5776
"../../../Engine/Content/EngineMaterials/Substrate/GLints/dict_16_192_64_0p5_0p02_0020_0013.uasset" 5777
"../../../Engine/Content/EngineMaterials/Substrate/GLints/dict_16_192_64_0p5_0p02_0020_0014.uasset" 5778
"../../../Engine/Content/EngineMaterials/Substrate/GLints/dict_16_192_64_0p5_0p02_0020_0015.uasset" 5779
"../../../Engine/Content/EngineMaterials/Substrate/GLints/dict_16_192_64_0p5_0p02_0021_0000.uasset" 5780
"../../../Engine/Content/EngineMaterials/Substrate/GLints/dict_16_192_64_0p5_0p02_0021_0001.uasset" 5781
"../../../Engine/Content/EngineMaterials/Substrate/GLints/dict_16_192_64_0p5_0p02_0021_0002.uasset" 5782
"../../../Engine/Content/EngineMaterials/Substrate/GLints/dict_16_192_64_0p5_0p02_0021_0003.uasset" 5783
"../../../Engine/Content/EngineMaterials/Substrate/GLints/dict_16_192_64_0p5_0p02_0021_0004.uasset" 5784
"../../../Engine/Content/EngineMaterials/Substrate/GLints/dict_16_192_64_0p5_0p02_0021_0005.uasset" 5785
"../../../Engine/Content/EngineMaterials/Substrate/GLints/dict_16_192_64_0p5_0p02_0021_0006.uasset" 5786
"../../../Engine/Content/EngineMaterials/Substrate/GLints/dict_16_192_64_0p5_0p02_0021_0007.uasset" 5787
"../../../Engine/Content/EngineMaterials/Substrate/GLints/dict_16_192_64_0p5_0p02_0021_0008.uasset" 5788
"../../../Engine/Content/EngineMaterials/Substrate/GLints/dict_16_192_64_0p5_0p02_0021_0009.uasset" 5789
"../../../Engine/Content/EngineMaterials/Substrate/GLints/dict_16_192_64_0p5_0p02_0021_0010.uasset" 5790
"../../../Engine/Content/EngineMaterials/Substrate/GLints/dict_16_192_64_0p5_0p02_0021_0011.uasset" 5791
"../../../Engine/Content/EngineMaterials/Substrate/GLints/dict_16_192_64_0p5_0p02_0021_0012.uasset" 5792
"../../../Engine/Content/EngineMaterials/Substrate/GLints/dict_16_192_64_0p5_0p02_0021_0013.uasset" 5793
"../../../Engine/Content/EngineMaterials/Substrate/GLints/dict_16_192_64_0p5_0p02_0021_0014.uasset" 5794
"../../../Engine/Content/EngineMaterials/Substrate/GLints/dict_16_192_64_0p5_0p02_0021_0015.uasset" 5795
"../../../Engine/Content/EngineMaterials/Substrate/GLints/dict_16_192_64_0p5_0p02_0022_0000.uasset" 5796
"../../../Engine/Content/EngineMaterials/Substrate/GLints/dict_16_192_64_0p5_0p02_0022_0001.uasset" 5797
"../../../Engine/Content/EngineMaterials/Substrate/GLints/dict_16_192_64_0p5_0p02_0022_0002.uasset" 5798
"../../../Engine/Content/EngineMaterials/Substrate/GLints/dict_16_192_64_0p5_0p02_0022_0003.uasset" 5799
"../../../Engine/Content/EngineMaterials/Substrate/GLints/dict_16_192_64_0p5_0p02_0022_0004.uasset" 5800
"../../../Engine/Content/EngineMaterials/Substrate/GLints/dict_16_192_64_0p5_0p02_0022_0005.uasset" 5801
"../../../Engine/Content/EngineMaterials/Substrate/GLints/dict_16_192_64_0p5_0p02_0022_0006.uasset" 5802
"../../../Engine/Content/EngineMaterials/Substrate/GLints/dict_16_192_64_0p5_0p02_0022_0007.uasset" 5803
"../../../Engine/Content/EngineMaterials/Substrate/GLints/dict_16_192_64_0p5_0p02_0022_0008.uasset" 5804
"../../../Engine/Content/EngineMaterials/Substrate/GLints/dict_16_192_64_0p5_0p02_0022_0009.uasset" 5805
"../../../Engine/Content/EngineMaterials/Substrate/GLints/dict_16_192_64_0p5_0p02_0022_0010.uasset" 5806
"../../../Engine/Content/EngineMaterials/Substrate/GLints/dict_16_192_64_0p5_0p02_0022_0011.uasset" 5807
"../../../Engine/Content/EngineMaterials/Substrate/GLints/dict_16_192_64_0p5_0p02_0022_0012.uasset" 5808
"../../../Engine/Content/EngineMaterials/Substrate/GLints/dict_16_192_64_0p5_0p02_0022_0013.uasset" 5809
"../../../Engine/Content/EngineMaterials/Substrate/GLints/dict_16_192_64_0p5_0p02_0022_0014.uasset" 5810
"../../../Engine/Content/EngineMaterials/Substrate/GLints/dict_16_192_64_0p5_0p02_0022_0015.uasset" 5811
"../../../Engine/Content/EngineMaterials/Substrate/GLints/dict_16_192_64_0p5_0p02_0023_0000.uasset" 5812
"../../../Engine/Content/EngineMaterials/Substrate/GLints/dict_16_192_64_0p5_0p02_0023_0001.uasset" 5813
"../../../Engine/Content/EngineMaterials/Substrate/GLints/dict_16_192_64_0p5_0p02_0023_0002.uasset" 5814
"../../../Engine/Content/EngineMaterials/Substrate/GLints/dict_16_192_64_0p5_0p02_0023_0003.uasset" 5815
"../../../Engine/Content/EngineMaterials/Substrate/GLints/dict_16_192_64_0p5_0p02_0023_0004.uasset" 5816
"../../../Engine/Content/EngineMaterials/Substrate/GLints/dict_16_192_64_0p5_0p02_0023_0005.uasset" 5817
"../../../Engine/Content/EngineMaterials/Substrate/GLints/dict_16_192_64_0p5_0p02_0023_0006.uasset" 5818
"../../../Engine/Content/EngineMaterials/Substrate/GLints/dict_16_192_64_0p5_0p02_0023_0007.uasset" 5819
"../../../Engine/Content/EngineMaterials/Substrate/GLints/dict_16_192_64_0p5_0p02_0023_0008.uasset" 5820
"../../../Engine/Content/EngineMaterials/Substrate/GLints/dict_16_192_64_0p5_0p02_0023_0009.uasset" 5821
"../../../Engine/Content/EngineMaterials/Substrate/GLints/dict_16_192_64_0p5_0p02_0023_0010.uasset" 5822
"../../../Engine/Content/EngineMaterials/Substrate/GLints/dict_16_192_64_0p5_0p02_0023_0011.uasset" 5823
"../../../Engine/Content/EngineMaterials/Substrate/GLints/dict_16_192_64_0p5_0p02_0023_0012.uasset" 5824
"../../../Engine/Content/EngineMaterials/Substrate/GLints/dict_16_192_64_0p5_0p02_0023_0013.uasset" 5825
"../../../Engine/Content/EngineMaterials/Substrate/GLints/dict_16_192_64_0p5_0p02_0023_0014.uasset" 5826
"../../../Engine/Content/EngineMaterials/Substrate/GLints/dict_16_192_64_0p5_0p02_0023_0015.uasset" 5827
"../../../Engine/Content/EngineMaterials/Substrate/GLints/dict_16_192_64_0p5_0p02_0024_0000.uasset" 5828
"../../../Engine/Content/EngineMaterials/Substrate/GLints/dict_16_192_64_0p5_0p02_0024_0001.uasset" 5829
"../../../Engine/Content/EngineMaterials/Substrate/GLints/dict_16_192_64_0p5_0p02_0024_0002.uasset" 5830
"../../../Engine/Content/EngineMaterials/Substrate/GLints/dict_16_192_64_0p5_0p02_0024_0003.uasset" 5831
"../../../Engine/Content/EngineMaterials/Substrate/GLints/dict_16_192_64_0p5_0p02_0024_0004.uasset" 5832
"../../../Engine/Content/EngineMaterials/Substrate/GLints/dict_16_192_64_0p5_0p02_0024_0005.uasset" 5833
"../../../Engine/Content/EngineMaterials/Substrate/GLints/dict_16_192_64_0p5_0p02_0024_0006.uasset" 5834
"../../../Engine/Content/EngineMaterials/Substrate/GLints/dict_16_192_64_0p5_0p02_0024_0007.uasset" 5835
"../../../Engine/Content/EngineMaterials/Substrate/GLints/dict_16_192_64_0p5_0p02_0024_0008.uasset" 5836
"../../../Engine/Content/EngineMaterials/Substrate/GLints/dict_16_192_64_0p5_0p02_0024_0009.uasset" 5837
"../../../Engine/Content/EngineMaterials/Substrate/GLints/dict_16_192_64_0p5_0p02_0024_0010.uasset" 5838
"../../../Engine/Content/EngineMaterials/Substrate/GLints/dict_16_192_64_0p5_0p02_0024_0011.uasset" 5839
"../../../Engine/Content/EngineMaterials/Substrate/GLints/dict_16_192_64_0p5_0p02_0024_0012.uasset" 5840
"../../../Engine/Content/EngineMaterials/Substrate/GLints/dict_16_192_64_0p5_0p02_0024_0013.uasset" 5841
"../../../Engine/Content/EngineMaterials/Substrate/GLints/dict_16_192_64_0p5_0p02_0024_0014.uasset" 5842
"../../../Engine/Content/EngineMaterials/Substrate/GLints/dict_16_192_64_0p5_0p02_0024_0015.uasset" 5843
"../../../Engine/Content/EngineMaterials/Substrate/GLints/dict_16_192_64_0p5_0p02_0025_0000.uasset" 5844
"../../../Engine/Content/EngineMaterials/Substrate/GLints/dict_16_192_64_0p5_0p02_0025_0001.uasset" 5845
"../../../Engine/Content/EngineMaterials/Substrate/GLints/dict_16_192_64_0p5_0p02_0025_0002.uasset" 5846
"../../../Engine/Content/EngineMaterials/Substrate/GLints/dict_16_192_64_0p5_0p02_0025_0003.uasset" 5847
"../../../Engine/Content/EngineMaterials/Substrate/GLints/dict_16_192_64_0p5_0p02_0025_0004.uasset" 5848
"../../../Engine/Content/EngineMaterials/Substrate/GLints/dict_16_192_64_0p5_0p02_0025_0005.uasset" 5849
"../../../Engine/Content/EngineMaterials/Substrate/GLints/dict_16_192_64_0p5_0p02_0025_0006.uasset" 5850
"../../../Engine/Content/EngineMaterials/Substrate/GLints/dict_16_192_64_0p5_0p02_0025_0007.uasset" 5851
"../../../Engine/Content/EngineMaterials/Substrate/GLints/dict_16_192_64_0p5_0p02_0025_0008.uasset" 5852
"../../../Engine/Content/EngineMaterials/Substrate/GLints/dict_16_192_64_0p5_0p02_0025_0009.uasset" 5853
"../../../Engine/Content/EngineMaterials/Substrate/GLints/dict_16_192_64_0p5_0p02_0025_0010.uasset" 5854
"../../../Engine/Content/EngineMaterials/Substrate/GLints/dict_16_192_64_0p5_0p02_0025_0011.uasset" 5855
"../../../Engine/Content/EngineMaterials/Substrate/GLints/dict_16_192_64_0p5_0p02_0025_0012.uasset" 5856
"../../../Engine/Content/EngineMaterials/Substrate/GLints/dict_16_192_64_0p5_0p02_0025_0013.uasset" 5857
"../../../Engine/Content/EngineMaterials/Substrate/GLints/dict_16_192_64_0p5_0p02_0025_0014.uasset" 5858
"../../../Engine/Content/EngineMaterials/Substrate/GLints/dict_16_192_64_0p5_0p02_0025_0015.uasset" 5859
"../../../Engine/Content/EngineMaterials/Substrate/GLints/dict_16_192_64_0p5_0p02_0026_0000.uasset" 5860
"../../../Engine/Content/EngineMaterials/Substrate/GLints/dict_16_192_64_0p5_0p02_0026_0001.uasset" 5861
"../../../Engine/Content/EngineMaterials/Substrate/GLints/dict_16_192_64_0p5_0p02_0026_0002.uasset" 5862
"../../../Engine/Content/EngineMaterials/Substrate/GLints/dict_16_192_64_0p5_0p02_0026_0003.uasset" 5863
"../../../Engine/Content/EngineMaterials/Substrate/GLints/dict_16_192_64_0p5_0p02_0026_0004.uasset" 5864
"../../../Engine/Content/EngineMaterials/Substrate/GLints/dict_16_192_64_0p5_0p02_0026_0005.uasset" 5865
"../../../Engine/Content/EngineMaterials/Substrate/GLints/dict_16_192_64_0p5_0p02_0026_0006.uasset" 5866
"../../../Engine/Content/EngineMaterials/Substrate/GLints/dict_16_192_64_0p5_0p02_0026_0007.uasset" 5867
"../../../Engine/Content/EngineMaterials/Substrate/GLints/dict_16_192_64_0p5_0p02_0026_0008.uasset" 5868
"../../../Engine/Content/EngineMaterials/Substrate/GLints/dict_16_192_64_0p5_0p02_0026_0009.uasset" 5869
"../../../Engine/Content/EngineMaterials/Substrate/GLints/dict_16_192_64_0p5_0p02_0026_0010.uasset" 5870
"../../../Engine/Content/EngineMaterials/Substrate/GLints/dict_16_192_64_0p5_0p02_0026_0011.uasset" 5871
"../../../Engine/Content/EngineMaterials/Substrate/GLints/dict_16_192_64_0p5_0p02_0026_0012.uasset" 5872
"../../../Engine/Content/EngineMaterials/Substrate/GLints/dict_16_192_64_0p5_0p02_0026_0013.uasset" 5873
"../../../Engine/Content/EngineMaterials/Substrate/GLints/dict_16_192_64_0p5_0p02_0026_0014.uasset" 5874
"../../../Engine/Content/EngineMaterials/Substrate/GLints/dict_16_192_64_0p5_0p02_0026_0015.uasset" 5875
"../../../Engine/Content/EngineMaterials/Substrate/GLints/dict_16_192_64_0p5_0p02_0027_0000.uasset" 5876
"../../../Engine/Content/EngineMaterials/Substrate/GLints/dict_16_192_64_0p5_0p02_0027_0001.uasset" 5877
"../../../Engine/Content/EngineMaterials/Substrate/GLints/dict_16_192_64_0p5_0p02_0027_0002.uasset" 5878
"../../../Engine/Content/EngineMaterials/Substrate/GLints/dict_16_192_64_0p5_0p02_0027_0003.uasset" 5879
"../../../Engine/Content/EngineMaterials/Substrate/GLints/dict_16_192_64_0p5_0p02_0027_0004.uasset" 5880
"../../../Engine/Content/EngineMaterials/Substrate/GLints/dict_16_192_64_0p5_0p02_0027_0005.uasset" 5881
"../../../Engine/Content/EngineMaterials/Substrate/GLints/dict_16_192_64_0p5_0p02_0027_0006.uasset" 5882
"../../../Engine/Content/EngineMaterials/Substrate/GLints/dict_16_192_64_0p5_0p02_0027_0007.uasset" 5883
"../../../Engine/Content/EngineMaterials/Substrate/GLints/dict_16_192_64_0p5_0p02_0027_0008.uasset" 5884
"../../../Engine/Content/EngineMaterials/Substrate/GLints/dict_16_192_64_0p5_0p02_0027_0009.uasset" 5885
"../../../Engine/Content/EngineMaterials/Substrate/GLints/dict_16_192_64_0p5_0p02_0027_0010.uasset" 5886
"../../../Engine/Content/EngineMaterials/Substrate/GLints/dict_16_192_64_0p5_0p02_0027_0011.uasset" 5887
"../../../Engine/Content/EngineMaterials/Substrate/GLints/dict_16_192_64_0p5_0p02_0027_0012.uasset" 5888
"../../../Engine/Content/EngineMaterials/Substrate/GLints/dict_16_192_64_0p5_0p02_0027_0013.uasset" 5889
"../../../Engine/Content/EngineMaterials/Substrate/GLints/dict_16_192_64_0p5_0p02_0027_0014.uasset" 5890
"../../../Engine/Content/EngineMaterials/Substrate/GLints/dict_16_192_64_0p5_0p02_0027_0015.uasset" 5891
"../../../Engine/Content/EngineMaterials/Substrate/GLints/dict_16_192_64_0p5_0p02_0028_0000.uasset" 5892
"../../../Engine/Content/EngineMaterials/Substrate/GLints/dict_16_192_64_0p5_0p02_0028_0001.uasset" 5893
"../../../Engine/Content/EngineMaterials/Substrate/GLints/dict_16_192_64_0p5_0p02_0028_0002.uasset" 5894
"../../../Engine/Content/EngineMaterials/Substrate/GLints/dict_16_192_64_0p5_0p02_0028_0003.uasset" 5895
"../../../Engine/Content/EngineMaterials/Substrate/GLints/dict_16_192_64_0p5_0p02_0028_0004.uasset" 5896
"../../../Engine/Content/EngineMaterials/Substrate/GLints/dict_16_192_64_0p5_0p02_0028_0005.uasset" 5897
"../../../Engine/Content/EngineMaterials/Substrate/GLints/dict_16_192_64_0p5_0p02_0028_0006.uasset" 5898
"../../../Engine/Content/EngineMaterials/Substrate/GLints/dict_16_192_64_0p5_0p02_0028_0007.uasset" 5899
"../../../Engine/Content/EngineMaterials/Substrate/GLints/dict_16_192_64_0p5_0p02_0028_0008.uasset" 5900
"../../../Engine/Content/EngineMaterials/Substrate/GLints/dict_16_192_64_0p5_0p02_0028_0009.uasset" 5901
"../../../Engine/Content/EngineMaterials/Substrate/GLints/dict_16_192_64_0p5_0p02_0028_0010.uasset" 5902
"../../../Engine/Content/EngineMaterials/Substrate/GLints/dict_16_192_64_0p5_0p02_0028_0011.uasset" 5903
"../../../Engine/Content/EngineMaterials/Substrate/GLints/dict_16_192_64_0p5_0p02_0028_0012.uasset" 5904
"../../../Engine/Content/EngineMaterials/Substrate/GLints/dict_16_192_64_0p5_0p02_0028_0013.uasset" 5905
"../../../Engine/Content/EngineMaterials/Substrate/GLints/dict_16_192_64_0p5_0p02_0028_0014.uasset" 5906
"../../../Engine/Content/EngineMaterials/Substrate/GLints/dict_16_192_64_0p5_0p02_0028_0015.uasset" 5907
"../../../Engine/Content/EngineMaterials/Substrate/GLints/dict_16_192_64_0p5_0p02_0029_0000.uasset" 5908
"../../../Engine/Content/EngineMaterials/Substrate/GLints/dict_16_192_64_0p5_0p02_0029_0001.uasset" 5909
"../../../Engine/Content/EngineMaterials/Substrate/GLints/dict_16_192_64_0p5_0p02_0029_0002.uasset" 5910
"../../../Engine/Content/EngineMaterials/Substrate/GLints/dict_16_192_64_0p5_0p02_0029_0003.uasset" 5911
"../../../Engine/Content/EngineMaterials/Substrate/GLints/dict_16_192_64_0p5_0p02_0029_0004.uasset" 5912
"../../../Engine/Content/EngineMaterials/Substrate/GLints/dict_16_192_64_0p5_0p02_0029_0005.uasset" 5913
"../../../Engine/Content/EngineMaterials/Substrate/GLints/dict_16_192_64_0p5_0p02_0029_0006.uasset" 5914
"../../../Engine/Content/EngineMaterials/Substrate/GLints/dict_16_192_64_0p5_0p02_0029_0007.uasset" 5915
"../../../Engine/Content/EngineMaterials/Substrate/GLints/dict_16_192_64_0p5_0p02_0029_0008.uasset" 5916
"../../../Engine/Content/EngineMaterials/Substrate/GLints/dict_16_192_64_0p5_0p02_0029_0009.uasset" 5917
"../../../Engine/Content/EngineMaterials/Substrate/GLints/dict_16_192_64_0p5_0p02_0029_0010.uasset" 5918
"../../../Engine/Content/EngineMaterials/Substrate/GLints/dict_16_192_64_0p5_0p02_0029_0011.uasset" 5919
"../../../Engine/Content/EngineMaterials/Substrate/GLints/dict_16_192_64_0p5_0p02_0029_0012.uasset" 5920
"../../../Engine/Content/EngineMaterials/Substrate/GLints/dict_16_192_64_0p5_0p02_0029_0013.uasset" 5921
"../../../Engine/Content/EngineMaterials/Substrate/GLints/dict_16_192_64_0p5_0p02_0029_0014.uasset" 5922
"../../../Engine/Content/EngineMaterials/Substrate/GLints/dict_16_192_64_0p5_0p02_0029_0015.uasset" 5923
"../../../Engine/Content/EngineMaterials/Substrate/GLints/dict_16_192_64_0p5_0p02_0030_0000.uasset" 5924
"../../../Engine/Content/EngineMaterials/Substrate/GLints/dict_16_192_64_0p5_0p02_0030_0001.uasset" 5925
"../../../Engine/Content/EngineMaterials/Substrate/GLints/dict_16_192_64_0p5_0p02_0030_0002.uasset" 5926
"../../../Engine/Content/EngineMaterials/Substrate/GLints/dict_16_192_64_0p5_0p02_0030_0003.uasset" 5927
"../../../Engine/Content/EngineMaterials/Substrate/GLints/dict_16_192_64_0p5_0p02_0030_0004.uasset" 5928
"../../../Engine/Content/EngineMaterials/Substrate/GLints/dict_16_192_64_0p5_0p02_0030_0005.uasset" 5929
"../../../Engine/Content/EngineMaterials/Substrate/GLints/dict_16_192_64_0p5_0p02_0030_0006.uasset" 5930
"../../../Engine/Content/EngineMaterials/Substrate/GLints/dict_16_192_64_0p5_0p02_0030_0007.uasset" 5931
"../../../Engine/Content/EngineMaterials/Substrate/GLints/dict_16_192_64_0p5_0p02_0030_0008.uasset" 5932
"../../../Engine/Content/EngineMaterials/Substrate/GLints/dict_16_192_64_0p5_0p02_0030_0009.uasset" 5933
"../../../Engine/Content/EngineMaterials/Substrate/GLints/dict_16_192_64_0p5_0p02_0030_0010.uasset" 5934
"../../../Engine/Content/EngineMaterials/Substrate/GLints/dict_16_192_64_0p5_0p02_0030_0011.uasset" 5935
"../../../Engine/Content/EngineMaterials/Substrate/GLints/dict_16_192_64_0p5_0p02_0030_0012.uasset" 5936
"../../../Engine/Content/EngineMaterials/Substrate/GLints/dict_16_192_64_0p5_0p02_0030_0013.uasset" 5937
"../../../Engine/Content/EngineMaterials/Substrate/GLints/dict_16_192_64_0p5_0p02_0030_0014.uasset" 5938
"../../../Engine/Content/EngineMaterials/Substrate/GLints/dict_16_192_64_0p5_0p02_0030_0015.uasset" 5939
"../../../Engine/Content/EngineMaterials/Substrate/GLints/dict_16_192_64_0p5_0p02_0031_0000.uasset" 5940
"../../../Engine/Content/EngineMaterials/Substrate/GLints/dict_16_192_64_0p5_0p02_0031_0001.uasset" 5941
"../../../Engine/Content/EngineMaterials/Substrate/GLints/dict_16_192_64_0p5_0p02_0031_0002.uasset" 5942
"../../../Engine/Content/EngineMaterials/Substrate/GLints/dict_16_192_64_0p5_0p02_0031_0003.uasset" 5943
"../../../Engine/Content/EngineMaterials/Substrate/GLints/dict_16_192_64_0p5_0p02_0031_0004.uasset" 5944
"../../../Engine/Content/EngineMaterials/Substrate/GLints/dict_16_192_64_0p5_0p02_0031_0005.uasset" 5945
"../../../Engine/Content/EngineMaterials/Substrate/GLints/dict_16_192_64_0p5_0p02_0031_0006.uasset" 5946
"../../../Engine/Content/EngineMaterials/Substrate/GLints/dict_16_192_64_0p5_0p02_0031_0007.uasset" 5947
"../../../Engine/Content/EngineMaterials/Substrate/GLints/dict_16_192_64_0p5_0p02_0031_0008.uasset" 5948
"../../../Engine/Content/EngineMaterials/Substrate/GLints/dict_16_192_64_0p5_0p02_0031_0009.uasset" 5949
"../../../Engine/Content/EngineMaterials/Substrate/GLints/dict_16_192_64_0p5_0p02_0031_0010.uasset" 5950
"../../../Engine/Content/EngineMaterials/Substrate/GLints/dict_16_192_64_0p5_0p02_0031_0011.uasset" 5951
"../../../Engine/Content/EngineMaterials/Substrate/GLints/dict_16_192_64_0p5_0p02_0031_0012.uasset" 5952
"../../../Engine/Content/EngineMaterials/Substrate/GLints/dict_16_192_64_0p5_0p02_0031_0013.uasset" 5953
"../../../Engine/Content/EngineMaterials/Substrate/GLints/dict_16_192_64_0p5_0p02_0031_0014.uasset" 5954
"../../../Engine/Content/EngineMaterials/Substrate/GLints/dict_16_192_64_0p5_0p02_0031_0015.uasset" 5955
"../../../Engine/Content/EngineMaterials/Substrate/GLints/dict_16_192_64_0p5_0p02_0032_0000.uasset" 5956
"../../../Engine/Content/EngineMaterials/Substrate/GLints/dict_16_192_64_0p5_0p02_0032_0001.uasset" 5957
"../../../Engine/Content/EngineMaterials/Substrate/GLints/dict_16_192_64_0p5_0p02_0032_0002.uasset" 5958
"../../../Engine/Content/EngineMaterials/Substrate/GLints/dict_16_192_64_0p5_0p02_0032_0003.uasset" 5959
"../../../Engine/Content/EngineMaterials/Substrate/GLints/dict_16_192_64_0p5_0p02_0032_0004.uasset" 5960
"../../../Engine/Content/EngineMaterials/Substrate/GLints/dict_16_192_64_0p5_0p02_0032_0005.uasset" 5961
"../../../Engine/Content/EngineMaterials/Substrate/GLints/dict_16_192_64_0p5_0p02_0032_0006.uasset" 5962
"../../../Engine/Content/EngineMaterials/Substrate/GLints/dict_16_192_64_0p5_0p02_0032_0007.uasset" 5963
"../../../Engine/Content/EngineMaterials/Substrate/GLints/dict_16_192_64_0p5_0p02_0032_0008.uasset" 5964
"../../../Engine/Content/EngineMaterials/Substrate/GLints/dict_16_192_64_0p5_0p02_0032_0009.uasset" 5965
"../../../Engine/Content/EngineMaterials/Substrate/GLints/dict_16_192_64_0p5_0p02_0032_0010.uasset" 5966
"../../../Engine/Content/EngineMaterials/Substrate/GLints/dict_16_192_64_0p5_0p02_0032_0011.uasset" 5967
"../../../Engine/Content/EngineMaterials/Substrate/GLints/dict_16_192_64_0p5_0p02_0032_0012.uasset" 5968
"../../../Engine/Content/EngineMaterials/Substrate/GLints/dict_16_192_64_0p5_0p02_0032_0013.uasset" 5969
"../../../Engine/Content/EngineMaterials/Substrate/GLints/dict_16_192_64_0p5_0p02_0032_0014.uasset" 5970
"../../../Engine/Content/EngineMaterials/Substrate/GLints/dict_16_192_64_0p5_0p02_0032_0015.uasset" 5971
"../../../Engine/Content/EngineMaterials/Substrate/GLints/dict_16_192_64_0p5_0p02_0033_0000.uasset" 5972
"../../../Engine/Content/EngineMaterials/Substrate/GLints/dict_16_192_64_0p5_0p02_0033_0001.uasset" 5973
"../../../Engine/Content/EngineMaterials/Substrate/GLints/dict_16_192_64_0p5_0p02_0033_0002.uasset" 5974
"../../../Engine/Content/EngineMaterials/Substrate/GLints/dict_16_192_64_0p5_0p02_0033_0003.uasset" 5975
"../../../Engine/Content/EngineMaterials/Substrate/GLints/dict_16_192_64_0p5_0p02_0033_0004.uasset" 5976
"../../../Engine/Content/EngineMaterials/Substrate/GLints/dict_16_192_64_0p5_0p02_0033_0005.uasset" 5977
"../../../Engine/Content/EngineMaterials/Substrate/GLints/dict_16_192_64_0p5_0p02_0033_0006.uasset" 5978
"../../../Engine/Content/EngineMaterials/Substrate/GLints/dict_16_192_64_0p5_0p02_0033_0007.uasset" 5979
"../../../Engine/Content/EngineMaterials/Substrate/GLints/dict_16_192_64_0p5_0p02_0033_0008.uasset" 5980
"../../../Engine/Content/EngineMaterials/Substrate/GLints/dict_16_192_64_0p5_0p02_0033_0009.uasset" 5981
"../../../Engine/Content/EngineMaterials/Substrate/GLints/dict_16_192_64_0p5_0p02_0033_0010.uasset" 5982
"../../../Engine/Content/EngineMaterials/Substrate/GLints/dict_16_192_64_0p5_0p02_0033_0011.uasset" 5983
"../../../Engine/Content/EngineMaterials/Substrate/GLints/dict_16_192_64_0p5_0p02_0033_0012.uasset" 5984
"../../../Engine/Content/EngineMaterials/Substrate/GLints/dict_16_192_64_0p5_0p02_0033_0013.uasset" 5985
"../../../Engine/Content/EngineMaterials/Substrate/GLints/dict_16_192_64_0p5_0p02_0033_0014.uasset" 5986
"../../../Engine/Content/EngineMaterials/Substrate/GLints/dict_16_192_64_0p5_0p02_0033_0015.uasset" 5987
"../../../Engine/Content/EngineMaterials/Substrate/GLints/dict_16_192_64_0p5_0p02_0034_0000.uasset" 5988
"../../../Engine/Content/EngineMaterials/Substrate/GLints/dict_16_192_64_0p5_0p02_0034_0001.uasset" 5989
"../../../Engine/Content/EngineMaterials/Substrate/GLints/dict_16_192_64_0p5_0p02_0034_0002.uasset" 5990
"../../../Engine/Content/EngineMaterials/Substrate/GLints/dict_16_192_64_0p5_0p02_0034_0003.uasset" 5991
"../../../Engine/Content/EngineMaterials/Substrate/GLints/dict_16_192_64_0p5_0p02_0034_0004.uasset" 5992
"../../../Engine/Content/EngineMaterials/Substrate/GLints/dict_16_192_64_0p5_0p02_0034_0005.uasset" 5993
"../../../Engine/Content/EngineMaterials/Substrate/GLints/dict_16_192_64_0p5_0p02_0034_0006.uasset" 5994
"../../../Engine/Content/EngineMaterials/Substrate/GLints/dict_16_192_64_0p5_0p02_0034_0007.uasset" 5995
"../../../Engine/Content/EngineMaterials/Substrate/GLints/dict_16_192_64_0p5_0p02_0034_0008.uasset" 5996
"../../../Engine/Content/EngineMaterials/Substrate/GLints/dict_16_192_64_0p5_0p02_0034_0009.uasset" 5997
"../../../Engine/Content/EngineMaterials/Substrate/GLints/dict_16_192_64_0p5_0p02_0034_0010.uasset" 5998
"../../../Engine/Content/EngineMaterials/Substrate/GLints/dict_16_192_64_0p5_0p02_0034_0011.uasset" 5999
"../../../Engine/Content/EngineMaterials/Substrate/GLints/dict_16_192_64_0p5_0p02_0034_0012.uasset" 6000
"../../../Engine/Content/EngineMaterials/Substrate/GLints/dict_16_192_64_0p5_0p02_0034_0013.uasset" 6001
"../../../Engine/Content/EngineMaterials/Substrate/GLints/dict_16_192_64_0p5_0p02_0034_0014.uasset" 6002
"../../../Engine/Content/EngineMaterials/Substrate/GLints/dict_16_192_64_0p5_0p02_0034_0015.uasset" 6003
"../../../Engine/Content/EngineMaterials/Substrate/GLints/dict_16_192_64_0p5_0p02_0035_0000.uasset" 6004
"../../../Engine/Content/EngineMaterials/Substrate/GLints/dict_16_192_64_0p5_0p02_0035_0001.uasset" 6005
"../../../Engine/Content/EngineMaterials/Substrate/GLints/dict_16_192_64_0p5_0p02_0035_0002.uasset" 6006
"../../../Engine/Content/EngineMaterials/Substrate/GLints/dict_16_192_64_0p5_0p02_0035_0003.uasset" 6007
"../../../Engine/Content/EngineMaterials/Substrate/GLints/dict_16_192_64_0p5_0p02_0035_0004.uasset" 6008
"../../../Engine/Content/EngineMaterials/Substrate/GLints/dict_16_192_64_0p5_0p02_0035_0005.uasset" 6009
"../../../Engine/Content/EngineMaterials/Substrate/GLints/dict_16_192_64_0p5_0p02_0035_0006.uasset" 6010
"../../../Engine/Content/EngineMaterials/Substrate/GLints/dict_16_192_64_0p5_0p02_0035_0007.uasset" 6011
"../../../Engine/Content/EngineMaterials/Substrate/GLints/dict_16_192_64_0p5_0p02_0035_0008.uasset" 6012
"../../../Engine/Content/EngineMaterials/Substrate/GLints/dict_16_192_64_0p5_0p02_0035_0009.uasset" 6013
"../../../Engine/Content/EngineMaterials/Substrate/GLints/dict_16_192_64_0p5_0p02_0035_0010.uasset" 6014
"../../../Engine/Content/EngineMaterials/Substrate/GLints/dict_16_192_64_0p5_0p02_0035_0011.uasset" 6015
"../../../Engine/Content/EngineMaterials/Substrate/GLints/dict_16_192_64_0p5_0p02_0035_0012.uasset" 6016
"../../../Engine/Content/EngineMaterials/Substrate/GLints/dict_16_192_64_0p5_0p02_0035_0013.uasset" 6017
"../../../Engine/Content/EngineMaterials/Substrate/GLints/dict_16_192_64_0p5_0p02_0035_0014.uasset" 6018
"../../../Engine/Content/EngineMaterials/Substrate/GLints/dict_16_192_64_0p5_0p02_0035_0015.uasset" 6019
"../../../Engine/Content/EngineMaterials/Substrate/GLints/dict_16_192_64_0p5_0p02_0036_0000.uasset" 6020
"../../../Engine/Content/EngineMaterials/Substrate/GLints/dict_16_192_64_0p5_0p02_0036_0001.uasset" 6021
"../../../Engine/Content/EngineMaterials/Substrate/GLints/dict_16_192_64_0p5_0p02_0036_0002.uasset" 6022
"../../../Engine/Content/EngineMaterials/Substrate/GLints/dict_16_192_64_0p5_0p02_0036_0003.uasset" 6023
"../../../Engine/Content/EngineMaterials/Substrate/GLints/dict_16_192_64_0p5_0p02_0036_0004.uasset" 6024
"../../../Engine/Content/EngineMaterials/Substrate/GLints/dict_16_192_64_0p5_0p02_0036_0005.uasset" 6025
"../../../Engine/Content/EngineMaterials/Substrate/GLints/dict_16_192_64_0p5_0p02_0036_0006.uasset" 6026
"../../../Engine/Content/EngineMaterials/Substrate/GLints/dict_16_192_64_0p5_0p02_0036_0007.uasset" 6027
"../../../Engine/Content/EngineMaterials/Substrate/GLints/dict_16_192_64_0p5_0p02_0036_0008.uasset" 6028
"../../../Engine/Content/EngineMaterials/Substrate/GLints/dict_16_192_64_0p5_0p02_0036_0009.uasset" 6029
"../../../Engine/Content/EngineMaterials/Substrate/GLints/dict_16_192_64_0p5_0p02_0036_0010.uasset" 6030
"../../../Engine/Content/EngineMaterials/Substrate/GLints/dict_16_192_64_0p5_0p02_0036_0011.uasset" 6031
"../../../Engine/Content/EngineMaterials/Substrate/GLints/dict_16_192_64_0p5_0p02_0036_0012.uasset" 6032
"../../../Engine/Content/EngineMaterials/Substrate/GLints/dict_16_192_64_0p5_0p02_0036_0013.uasset" 6033
"../../../Engine/Content/EngineMaterials/Substrate/GLints/dict_16_192_64_0p5_0p02_0036_0014.uasset" 6034
"../../../Engine/Content/EngineMaterials/Substrate/GLints/dict_16_192_64_0p5_0p02_0036_0015.uasset" 6035
"../../../Engine/Content/EngineMaterials/Substrate/GLints/dict_16_192_64_0p5_0p02_0037_0000.uasset" 6036
"../../../Engine/Content/EngineMaterials/Substrate/GLints/dict_16_192_64_0p5_0p02_0037_0001.uasset" 6037
"../../../Engine/Content/EngineMaterials/Substrate/GLints/dict_16_192_64_0p5_0p02_0037_0002.uasset" 6038
"../../../Engine/Content/EngineMaterials/Substrate/GLints/dict_16_192_64_0p5_0p02_0037_0003.uasset" 6039
"../../../Engine/Content/EngineMaterials/Substrate/GLints/dict_16_192_64_0p5_0p02_0037_0004.uasset" 6040
"../../../Engine/Content/EngineMaterials/Substrate/GLints/dict_16_192_64_0p5_0p02_0037_0005.uasset" 6041
"../../../Engine/Content/EngineMaterials/Substrate/GLints/dict_16_192_64_0p5_0p02_0037_0006.uasset" 6042
"../../../Engine/Content/EngineMaterials/Substrate/GLints/dict_16_192_64_0p5_0p02_0037_0007.uasset" 6043
"../../../Engine/Content/EngineMaterials/Substrate/GLints/dict_16_192_64_0p5_0p02_0037_0008.uasset" 6044
"../../../Engine/Content/EngineMaterials/Substrate/GLints/dict_16_192_64_0p5_0p02_0037_0009.uasset" 6045
"../../../Engine/Content/EngineMaterials/Substrate/GLints/dict_16_192_64_0p5_0p02_0037_0010.uasset" 6046
"../../../Engine/Content/EngineMaterials/Substrate/GLints/dict_16_192_64_0p5_0p02_0037_0011.uasset" 6047
"../../../Engine/Content/EngineMaterials/Substrate/GLints/dict_16_192_64_0p5_0p02_0037_0012.uasset" 6048
"../../../Engine/Content/EngineMaterials/Substrate/GLints/dict_16_192_64_0p5_0p02_0037_0013.uasset" 6049
"../../../Engine/Content/EngineMaterials/Substrate/GLints/dict_16_192_64_0p5_0p02_0037_0014.uasset" 6050
"../../../Engine/Content/EngineMaterials/Substrate/GLints/dict_16_192_64_0p5_0p02_0037_0015.uasset" 6051
"../../../Engine/Content/EngineMaterials/Substrate/GLints/dict_16_192_64_0p5_0p02_0038_0000.uasset" 6052
"../../../Engine/Content/EngineMaterials/Substrate/GLints/dict_16_192_64_0p5_0p02_0038_0001.uasset" 6053
"../../../Engine/Content/EngineMaterials/Substrate/GLints/dict_16_192_64_0p5_0p02_0038_0002.uasset" 6054
"../../../Engine/Content/EngineMaterials/Substrate/GLints/dict_16_192_64_0p5_0p02_0038_0003.uasset" 6055
"../../../Engine/Content/EngineMaterials/Substrate/GLints/dict_16_192_64_0p5_0p02_0038_0004.uasset" 6056
"../../../Engine/Content/EngineMaterials/Substrate/GLints/dict_16_192_64_0p5_0p02_0038_0005.uasset" 6057
"../../../Engine/Content/EngineMaterials/Substrate/GLints/dict_16_192_64_0p5_0p02_0038_0006.uasset" 6058
"../../../Engine/Content/EngineMaterials/Substrate/GLints/dict_16_192_64_0p5_0p02_0038_0007.uasset" 6059
"../../../Engine/Content/EngineMaterials/Substrate/GLints/dict_16_192_64_0p5_0p02_0038_0008.uasset" 6060
"../../../Engine/Content/EngineMaterials/Substrate/GLints/dict_16_192_64_0p5_0p02_0038_0009.uasset" 6061
"../../../Engine/Content/EngineMaterials/Substrate/GLints/dict_16_192_64_0p5_0p02_0038_0010.uasset" 6062
"../../../Engine/Content/EngineMaterials/Substrate/GLints/dict_16_192_64_0p5_0p02_0038_0011.uasset" 6063
"../../../Engine/Content/EngineMaterials/Substrate/GLints/dict_16_192_64_0p5_0p02_0038_0012.uasset" 6064
"../../../Engine/Content/EngineMaterials/Substrate/GLints/dict_16_192_64_0p5_0p02_0038_0013.uasset" 6065
"../../../Engine/Content/EngineMaterials/Substrate/GLints/dict_16_192_64_0p5_0p02_0038_0014.uasset" 6066
"../../../Engine/Content/EngineMaterials/Substrate/GLints/dict_16_192_64_0p5_0p02_0038_0015.uasset" 6067
"../../../Engine/Content/EngineMaterials/Substrate/GLints/dict_16_192_64_0p5_0p02_0039_0000.uasset" 6068
"../../../Engine/Content/EngineMaterials/Substrate/GLints/dict_16_192_64_0p5_0p02_0039_0001.uasset" 6069
"../../../Engine/Content/EngineMaterials/Substrate/GLints/dict_16_192_64_0p5_0p02_0039_0002.uasset" 6070
"../../../Engine/Content/EngineMaterials/Substrate/GLints/dict_16_192_64_0p5_0p02_0039_0003.uasset" 6071
"../../../Engine/Content/EngineMaterials/Substrate/GLints/dict_16_192_64_0p5_0p02_0039_0004.uasset" 6072
"../../../Engine/Content/EngineMaterials/Substrate/GLints/dict_16_192_64_0p5_0p02_0039_0005.uasset" 6073
"../../../Engine/Content/EngineMaterials/Substrate/GLints/dict_16_192_64_0p5_0p02_0039_0006.uasset" 6074
"../../../Engine/Content/EngineMaterials/Substrate/GLints/dict_16_192_64_0p5_0p02_0039_0007.uasset" 6075
"../../../Engine/Content/EngineMaterials/Substrate/GLints/dict_16_192_64_0p5_0p02_0039_0008.uasset" 6076
"../../../Engine/Content/EngineMaterials/Substrate/GLints/dict_16_192_64_0p5_0p02_0039_0009.uasset" 6077
"../../../Engine/Content/EngineMaterials/Substrate/GLints/dict_16_192_64_0p5_0p02_0039_0010.uasset" 6078
"../../../Engine/Content/EngineMaterials/Substrate/GLints/dict_16_192_64_0p5_0p02_0039_0011.uasset" 6079
"../../../Engine/Content/EngineMaterials/Substrate/GLints/dict_16_192_64_0p5_0p02_0039_0012.uasset" 6080
"../../../Engine/Content/EngineMaterials/Substrate/GLints/dict_16_192_64_0p5_0p02_0039_0013.uasset" 6081
"../../../Engine/Content/EngineMaterials/Substrate/GLints/dict_16_192_64_0p5_0p02_0039_0014.uasset" 6082
"../../../Engine/Content/EngineMaterials/Substrate/GLints/dict_16_192_64_0p5_0p02_0039_0015.uasset" 6083
"../../../Engine/Content/EngineMaterials/Substrate/GLints/dict_16_192_64_0p5_0p02_0040_0000.uasset" 6084
"../../../Engine/Content/EngineMaterials/Substrate/GLints/dict_16_192_64_0p5_0p02_0040_0001.uasset" 6085
"../../../Engine/Content/EngineMaterials/Substrate/GLints/dict_16_192_64_0p5_0p02_0040_0002.uasset" 6086
"../../../Engine/Content/EngineMaterials/Substrate/GLints/dict_16_192_64_0p5_0p02_0040_0003.uasset" 6087
"../../../Engine/Content/EngineMaterials/Substrate/GLints/dict_16_192_64_0p5_0p02_0040_0004.uasset" 6088
"../../../Engine/Content/EngineMaterials/Substrate/GLints/dict_16_192_64_0p5_0p02_0040_0005.uasset" 6089
"../../../Engine/Content/EngineMaterials/Substrate/GLints/dict_16_192_64_0p5_0p02_0040_0006.uasset" 6090
"../../../Engine/Content/EngineMaterials/Substrate/GLints/dict_16_192_64_0p5_0p02_0040_0007.uasset" 6091
"../../../Engine/Content/EngineMaterials/Substrate/GLints/dict_16_192_64_0p5_0p02_0040_0008.uasset" 6092
"../../../Engine/Content/EngineMaterials/Substrate/GLints/dict_16_192_64_0p5_0p02_0040_0009.uasset" 6093
"../../../Engine/Content/EngineMaterials/Substrate/GLints/dict_16_192_64_0p5_0p02_0040_0010.uasset" 6094
"../../../Engine/Content/EngineMaterials/Substrate/GLints/dict_16_192_64_0p5_0p02_0040_0011.uasset" 6095
"../../../Engine/Content/EngineMaterials/Substrate/GLints/dict_16_192_64_0p5_0p02_0040_0012.uasset" 6096
"../../../Engine/Content/EngineMaterials/Substrate/GLints/dict_16_192_64_0p5_0p02_0040_0013.uasset" 6097
"../../../Engine/Content/EngineMaterials/Substrate/GLints/dict_16_192_64_0p5_0p02_0040_0014.uasset" 6098
"../../../Engine/Content/EngineMaterials/Substrate/GLints/dict_16_192_64_0p5_0p02_0040_0015.uasset" 6099
"../../../Engine/Content/EngineMaterials/Substrate/GLints/dict_16_192_64_0p5_0p02_0041_0000.uasset" 6100
"../../../Engine/Content/EngineMaterials/Substrate/GLints/dict_16_192_64_0p5_0p02_0041_0001.uasset" 6101
"../../../Engine/Content/EngineMaterials/Substrate/GLints/dict_16_192_64_0p5_0p02_0041_0002.uasset" 6102
"../../../Engine/Content/EngineMaterials/Substrate/GLints/dict_16_192_64_0p5_0p02_0041_0003.uasset" 6103
"../../../Engine/Content/EngineMaterials/Substrate/GLints/dict_16_192_64_0p5_0p02_0041_0004.uasset" 6104
"../../../Engine/Content/EngineMaterials/Substrate/GLints/dict_16_192_64_0p5_0p02_0041_0005.uasset" 6105
"../../../Engine/Content/EngineMaterials/Substrate/GLints/dict_16_192_64_0p5_0p02_0041_0006.uasset" 6106
"../../../Engine/Content/EngineMaterials/Substrate/GLints/dict_16_192_64_0p5_0p02_0041_0007.uasset" 6107
"../../../Engine/Content/EngineMaterials/Substrate/GLints/dict_16_192_64_0p5_0p02_0041_0008.uasset" 6108
"../../../Engine/Content/EngineMaterials/Substrate/GLints/dict_16_192_64_0p5_0p02_0041_0009.uasset" 6109
"../../../Engine/Content/EngineMaterials/Substrate/GLints/dict_16_192_64_0p5_0p02_0041_0010.uasset" 6110
"../../../Engine/Content/EngineMaterials/Substrate/GLints/dict_16_192_64_0p5_0p02_0041_0011.uasset" 6111
"../../../Engine/Content/EngineMaterials/Substrate/GLints/dict_16_192_64_0p5_0p02_0041_0012.uasset" 6112
"../../../Engine/Content/EngineMaterials/Substrate/GLints/dict_16_192_64_0p5_0p02_0041_0013.uasset" 6113
"../../../Engine/Content/EngineMaterials/Substrate/GLints/dict_16_192_64_0p5_0p02_0041_0014.uasset" 6114
"../../../Engine/Content/EngineMaterials/Substrate/GLints/dict_16_192_64_0p5_0p02_0041_0015.uasset" 6115
"../../../Engine/Content/EngineMaterials/Substrate/GLints/dict_16_192_64_0p5_0p02_0042_0000.uasset" 6116
"../../../Engine/Content/EngineMaterials/Substrate/GLints/dict_16_192_64_0p5_0p02_0042_0001.uasset" 6117
"../../../Engine/Content/EngineMaterials/Substrate/GLints/dict_16_192_64_0p5_0p02_0042_0002.uasset" 6118
"../../../Engine/Content/EngineMaterials/Substrate/GLints/dict_16_192_64_0p5_0p02_0042_0003.uasset" 6119
"../../../Engine/Content/EngineMaterials/Substrate/GLints/dict_16_192_64_0p5_0p02_0042_0004.uasset" 6120
"../../../Engine/Content/EngineMaterials/Substrate/GLints/dict_16_192_64_0p5_0p02_0042_0005.uasset" 6121
"../../../Engine/Content/EngineMaterials/Substrate/GLints/dict_16_192_64_0p5_0p02_0042_0006.uasset" 6122
"../../../Engine/Content/EngineMaterials/Substrate/GLints/dict_16_192_64_0p5_0p02_0042_0007.uasset" 6123
"../../../Engine/Content/EngineMaterials/Substrate/GLints/dict_16_192_64_0p5_0p02_0042_0008.uasset" 6124
"../../../Engine/Content/EngineMaterials/Substrate/GLints/dict_16_192_64_0p5_0p02_0042_0009.uasset" 6125
"../../../Engine/Content/EngineMaterials/Substrate/GLints/dict_16_192_64_0p5_0p02_0042_0010.uasset" 6126
"../../../Engine/Content/EngineMaterials/Substrate/GLints/dict_16_192_64_0p5_0p02_0042_0011.uasset" 6127
"../../../Engine/Content/EngineMaterials/Substrate/GLints/dict_16_192_64_0p5_0p02_0042_0012.uasset" 6128
"../../../Engine/Content/EngineMaterials/Substrate/GLints/dict_16_192_64_0p5_0p02_0042_0013.uasset" 6129
"../../../Engine/Content/EngineMaterials/Substrate/GLints/dict_16_192_64_0p5_0p02_0042_0014.uasset" 6130
"../../../Engine/Content/EngineMaterials/Substrate/GLints/dict_16_192_64_0p5_0p02_0042_0015.uasset" 6131
"../../../Engine/Content/EngineMaterials/Substrate/GLints/dict_16_192_64_0p5_0p02_0043_0000.uasset" 6132
"../../../Engine/Content/EngineMaterials/Substrate/GLints/dict_16_192_64_0p5_0p02_0043_0001.uasset" 6133
"../../../Engine/Content/EngineMaterials/Substrate/GLints/dict_16_192_64_0p5_0p02_0043_0002.uasset" 6134
"../../../Engine/Content/EngineMaterials/Substrate/GLints/dict_16_192_64_0p5_0p02_0043_0003.uasset" 6135
"../../../Engine/Content/EngineMaterials/Substrate/GLints/dict_16_192_64_0p5_0p02_0043_0004.uasset" 6136
"../../../Engine/Content/EngineMaterials/Substrate/GLints/dict_16_192_64_0p5_0p02_0043_0005.uasset" 6137
"../../../Engine/Content/EngineMaterials/Substrate/GLints/dict_16_192_64_0p5_0p02_0043_0006.uasset" 6138
"../../../Engine/Content/EngineMaterials/Substrate/GLints/dict_16_192_64_0p5_0p02_0043_0007.uasset" 6139
"../../../Engine/Content/EngineMaterials/Substrate/GLints/dict_16_192_64_0p5_0p02_0043_0008.uasset" 6140
"../../../Engine/Content/EngineMaterials/Substrate/GLints/dict_16_192_64_0p5_0p02_0043_0009.uasset" 6141
"../../../Engine/Content/EngineMaterials/Substrate/GLints/dict_16_192_64_0p5_0p02_0043_0010.uasset" 6142
"../../../Engine/Content/EngineMaterials/Substrate/GLints/dict_16_192_64_0p5_0p02_0043_0011.uasset" 6143
"../../../Engine/Content/EngineMaterials/Substrate/GLints/dict_16_192_64_0p5_0p02_0043_0012.uasset" 6144
"../../../Engine/Content/EngineMaterials/Substrate/GLints/dict_16_192_64_0p5_0p02_0043_0013.uasset" 6145
"../../../Engine/Content/EngineMaterials/Substrate/GLints/dict_16_192_64_0p5_0p02_0043_0014.uasset" 6146
"../../../Engine/Content/EngineMaterials/Substrate/GLints/dict_16_192_64_0p5_0p02_0043_0015.uasset" 6147
"../../../Engine/Content/EngineMaterials/Substrate/GLints/dict_16_192_64_0p5_0p02_0044_0000.uasset" 6148
"../../../Engine/Content/EngineMaterials/Substrate/GLints/dict_16_192_64_0p5_0p02_0044_0001.uasset" 6149
"../../../Engine/Content/EngineMaterials/Substrate/GLints/dict_16_192_64_0p5_0p02_0044_0002.uasset" 6150
"../../../Engine/Content/EngineMaterials/Substrate/GLints/dict_16_192_64_0p5_0p02_0044_0003.uasset" 6151
"../../../Engine/Content/EngineMaterials/Substrate/GLints/dict_16_192_64_0p5_0p02_0044_0004.uasset" 6152
"../../../Engine/Content/EngineMaterials/Substrate/GLints/dict_16_192_64_0p5_0p02_0044_0005.uasset" 6153
"../../../Engine/Content/EngineMaterials/Substrate/GLints/dict_16_192_64_0p5_0p02_0044_0006.uasset" 6154
"../../../Engine/Content/EngineMaterials/Substrate/GLints/dict_16_192_64_0p5_0p02_0044_0007.uasset" 6155
"../../../Engine/Content/EngineMaterials/Substrate/GLints/dict_16_192_64_0p5_0p02_0044_0008.uasset" 6156
"../../../Engine/Content/EngineMaterials/Substrate/GLints/dict_16_192_64_0p5_0p02_0044_0009.uasset" 6157
"../../../Engine/Content/EngineMaterials/Substrate/GLints/dict_16_192_64_0p5_0p02_0044_0010.uasset" 6158
"../../../Engine/Content/EngineMaterials/Substrate/GLints/dict_16_192_64_0p5_0p02_0044_0011.uasset" 6159
"../../../Engine/Content/EngineMaterials/Substrate/GLints/dict_16_192_64_0p5_0p02_0044_0012.uasset" 6160
"../../../Engine/Content/EngineMaterials/Substrate/GLints/dict_16_192_64_0p5_0p02_0044_0013.uasset" 6161
"../../../Engine/Content/EngineMaterials/Substrate/GLints/dict_16_192_64_0p5_0p02_0044_0014.uasset" 6162
"../../../Engine/Content/EngineMaterials/Substrate/GLints/dict_16_192_64_0p5_0p02_0044_0015.uasset" 6163
"../../../Engine/Content/EngineMaterials/Substrate/GLints/dict_16_192_64_0p5_0p02_0045_0000.uasset" 6164
"../../../Engine/Content/EngineMaterials/Substrate/GLints/dict_16_192_64_0p5_0p02_0045_0001.uasset" 6165
"../../../Engine/Content/EngineMaterials/Substrate/GLints/dict_16_192_64_0p5_0p02_0045_0002.uasset" 6166
"../../../Engine/Content/EngineMaterials/Substrate/GLints/dict_16_192_64_0p5_0p02_0045_0003.uasset" 6167
"../../../Engine/Content/EngineMaterials/Substrate/GLints/dict_16_192_64_0p5_0p02_0045_0004.uasset" 6168
"../../../Engine/Content/EngineMaterials/Substrate/GLints/dict_16_192_64_0p5_0p02_0045_0005.uasset" 6169
"../../../Engine/Content/EngineMaterials/Substrate/GLints/dict_16_192_64_0p5_0p02_0045_0006.uasset" 6170
"../../../Engine/Content/EngineMaterials/Substrate/GLints/dict_16_192_64_0p5_0p02_0045_0007.uasset" 6171
"../../../Engine/Content/EngineMaterials/Substrate/GLints/dict_16_192_64_0p5_0p02_0045_0008.uasset" 6172
"../../../Engine/Content/EngineMaterials/Substrate/GLints/dict_16_192_64_0p5_0p02_0045_0009.uasset" 6173
"../../../Engine/Content/EngineMaterials/Substrate/GLints/dict_16_192_64_0p5_0p02_0045_0010.uasset" 6174
"../../../Engine/Content/EngineMaterials/Substrate/GLints/dict_16_192_64_0p5_0p02_0045_0011.uasset" 6175
"../../../Engine/Content/EngineMaterials/Substrate/GLints/dict_16_192_64_0p5_0p02_0045_0012.uasset" 6176
"../../../Engine/Content/EngineMaterials/Substrate/GLints/dict_16_192_64_0p5_0p02_0045_0013.uasset" 6177
"../../../Engine/Content/EngineMaterials/Substrate/GLints/dict_16_192_64_0p5_0p02_0045_0014.uasset" 6178
"../../../Engine/Content/EngineMaterials/Substrate/GLints/dict_16_192_64_0p5_0p02_0045_0015.uasset" 6179
"../../../Engine/Content/EngineMaterials/Substrate/GLints/dict_16_192_64_0p5_0p02_0046_0000.uasset" 6180
"../../../Engine/Content/EngineMaterials/Substrate/GLints/dict_16_192_64_0p5_0p02_0046_0001.uasset" 6181
"../../../Engine/Content/EngineMaterials/Substrate/GLints/dict_16_192_64_0p5_0p02_0046_0002.uasset" 6182
"../../../Engine/Content/EngineMaterials/Substrate/GLints/dict_16_192_64_0p5_0p02_0046_0003.uasset" 6183
"../../../Engine/Content/EngineMaterials/Substrate/GLints/dict_16_192_64_0p5_0p02_0046_0004.uasset" 6184
"../../../Engine/Content/EngineMaterials/Substrate/GLints/dict_16_192_64_0p5_0p02_0046_0005.uasset" 6185
"../../../Engine/Content/EngineMaterials/Substrate/GLints/dict_16_192_64_0p5_0p02_0046_0006.uasset" 6186
"../../../Engine/Content/EngineMaterials/Substrate/GLints/dict_16_192_64_0p5_0p02_0046_0007.uasset" 6187
"../../../Engine/Content/EngineMaterials/Substrate/GLints/dict_16_192_64_0p5_0p02_0046_0008.uasset" 6188
"../../../Engine/Content/EngineMaterials/Substrate/GLints/dict_16_192_64_0p5_0p02_0046_0009.uasset" 6189
"../../../Engine/Content/EngineMaterials/Substrate/GLints/dict_16_192_64_0p5_0p02_0046_0010.uasset" 6190
"../../../Engine/Content/EngineMaterials/Substrate/GLints/dict_16_192_64_0p5_0p02_0046_0011.uasset" 6191
"../../../Engine/Content/EngineMaterials/Substrate/GLints/dict_16_192_64_0p5_0p02_0046_0012.uasset" 6192
"../../../Engine/Content/EngineMaterials/Substrate/GLints/dict_16_192_64_0p5_0p02_0046_0013.uasset" 6193
"../../../Engine/Content/EngineMaterials/Substrate/GLints/dict_16_192_64_0p5_0p02_0046_0014.uasset" 6194
"../../../Engine/Content/EngineMaterials/Substrate/GLints/dict_16_192_64_0p5_0p02_0046_0015.uasset" 6195
"../../../Engine/Content/EngineMaterials/Substrate/GLints/dict_16_192_64_0p5_0p02_0047_0000.uasset" 6196
"../../../Engine/Content/EngineMaterials/Substrate/GLints/dict_16_192_64_0p5_0p02_0047_0001.uasset" 6197
"../../../Engine/Content/EngineMaterials/Substrate/GLints/dict_16_192_64_0p5_0p02_0047_0002.uasset" 6198
"../../../Engine/Content/EngineMaterials/Substrate/GLints/dict_16_192_64_0p5_0p02_0047_0003.uasset" 6199
"../../../Engine/Content/EngineMaterials/Substrate/GLints/dict_16_192_64_0p5_0p02_0047_0004.uasset" 6200
"../../../Engine/Content/EngineMaterials/Substrate/GLints/dict_16_192_64_0p5_0p02_0047_0005.uasset" 6201
"../../../Engine/Content/EngineMaterials/Substrate/GLints/dict_16_192_64_0p5_0p02_0047_0006.uasset" 6202
"../../../Engine/Content/EngineMaterials/Substrate/GLints/dict_16_192_64_0p5_0p02_0047_0007.uasset" 6203
"../../../Engine/Content/EngineMaterials/Substrate/GLints/dict_16_192_64_0p5_0p02_0047_0008.uasset" 6204
"../../../Engine/Content/EngineMaterials/Substrate/GLints/dict_16_192_64_0p5_0p02_0047_0009.uasset" 6205
"../../../Engine/Content/EngineMaterials/Substrate/GLints/dict_16_192_64_0p5_0p02_0047_0010.uasset" 6206
"../../../Engine/Content/EngineMaterials/Substrate/GLints/dict_16_192_64_0p5_0p02_0047_0011.uasset" 6207
"../../../Engine/Content/EngineMaterials/Substrate/GLints/dict_16_192_64_0p5_0p02_0047_0012.uasset" 6208
"../../../Engine/Content/EngineMaterials/Substrate/GLints/dict_16_192_64_0p5_0p02_0047_0013.uasset" 6209
"../../../Engine/Content/EngineMaterials/Substrate/GLints/dict_16_192_64_0p5_0p02_0047_0014.uasset" 6210
"../../../Engine/Content/EngineMaterials/Substrate/GLints/dict_16_192_64_0p5_0p02_0047_0015.uasset" 6211
"../../../Engine/Content/EngineMaterials/Substrate/GLints/dict_16_192_64_0p5_0p02_0048_0000.uasset" 6212
"../../../Engine/Content/EngineMaterials/Substrate/GLints/dict_16_192_64_0p5_0p02_0048_0001.uasset" 6213
"../../../Engine/Content/EngineMaterials/Substrate/GLints/dict_16_192_64_0p5_0p02_0048_0002.uasset" 6214
"../../../Engine/Content/EngineMaterials/Substrate/GLints/dict_16_192_64_0p5_0p02_0048_0003.uasset" 6215
"../../../Engine/Content/EngineMaterials/Substrate/GLints/dict_16_192_64_0p5_0p02_0048_0004.uasset" 6216
"../../../Engine/Content/EngineMaterials/Substrate/GLints/dict_16_192_64_0p5_0p02_0048_0005.uasset" 6217
"../../../Engine/Content/EngineMaterials/Substrate/GLints/dict_16_192_64_0p5_0p02_0048_0006.uasset" 6218
"../../../Engine/Content/EngineMaterials/Substrate/GLints/dict_16_192_64_0p5_0p02_0048_0007.uasset" 6219
"../../../Engine/Content/EngineMaterials/Substrate/GLints/dict_16_192_64_0p5_0p02_0048_0008.uasset" 6220
"../../../Engine/Content/EngineMaterials/Substrate/GLints/dict_16_192_64_0p5_0p02_0048_0009.uasset" 6221
"../../../Engine/Content/EngineMaterials/Substrate/GLints/dict_16_192_64_0p5_0p02_0048_0010.uasset" 6222
"../../../Engine/Content/EngineMaterials/Substrate/GLints/dict_16_192_64_0p5_0p02_0048_0011.uasset" 6223
"../../../Engine/Content/EngineMaterials/Substrate/GLints/dict_16_192_64_0p5_0p02_0048_0012.uasset" 6224
"../../../Engine/Content/EngineMaterials/Substrate/GLints/dict_16_192_64_0p5_0p02_0048_0013.uasset" 6225
"../../../Engine/Content/EngineMaterials/Substrate/GLints/dict_16_192_64_0p5_0p02_0048_0014.uasset" 6226
"../../../Engine/Content/EngineMaterials/Substrate/GLints/dict_16_192_64_0p5_0p02_0048_0015.uasset" 6227
"../../../Engine/Content/EngineMaterials/Substrate/GLints/dict_16_192_64_0p5_0p02_0049_0000.uasset" 6228
"../../../Engine/Content/EngineMaterials/Substrate/GLints/dict_16_192_64_0p5_0p02_0049_0001.uasset" 6229
"../../../Engine/Content/EngineMaterials/Substrate/GLints/dict_16_192_64_0p5_0p02_0049_0002.uasset" 6230
"../../../Engine/Content/EngineMaterials/Substrate/GLints/dict_16_192_64_0p5_0p02_0049_0003.uasset" 6231
"../../../Engine/Content/EngineMaterials/Substrate/GLints/dict_16_192_64_0p5_0p02_0049_0004.uasset" 6232
"../../../Engine/Content/EngineMaterials/Substrate/GLints/dict_16_192_64_0p5_0p02_0049_0005.uasset" 6233
"../../../Engine/Content/EngineMaterials/Substrate/GLints/dict_16_192_64_0p5_0p02_0049_0006.uasset" 6234
"../../../Engine/Content/EngineMaterials/Substrate/GLints/dict_16_192_64_0p5_0p02_0049_0007.uasset" 6235
"../../../Engine/Content/EngineMaterials/Substrate/GLints/dict_16_192_64_0p5_0p02_0049_0008.uasset" 6236
"../../../Engine/Content/EngineMaterials/Substrate/GLints/dict_16_192_64_0p5_0p02_0049_0009.uasset" 6237
"../../../Engine/Content/EngineMaterials/Substrate/GLints/dict_16_192_64_0p5_0p02_0049_0010.uasset" 6238
"../../../Engine/Content/EngineMaterials/Substrate/GLints/dict_16_192_64_0p5_0p02_0049_0011.uasset" 6239
"../../../Engine/Content/EngineMaterials/Substrate/GLints/dict_16_192_64_0p5_0p02_0049_0012.uasset" 6240
"../../../Engine/Content/EngineMaterials/Substrate/GLints/dict_16_192_64_0p5_0p02_0049_0013.uasset" 6241
"../../../Engine/Content/EngineMaterials/Substrate/GLints/dict_16_192_64_0p5_0p02_0049_0014.uasset" 6242
"../../../Engine/Content/EngineMaterials/Substrate/GLints/dict_16_192_64_0p5_0p02_0049_0015.uasset" 6243
"../../../Engine/Content/EngineMaterials/Substrate/GLints/dict_16_192_64_0p5_0p02_0050_0000.uasset" 6244
"../../../Engine/Content/EngineMaterials/Substrate/GLints/dict_16_192_64_0p5_0p02_0050_0001.uasset" 6245
"../../../Engine/Content/EngineMaterials/Substrate/GLints/dict_16_192_64_0p5_0p02_0050_0002.uasset" 6246
"../../../Engine/Content/EngineMaterials/Substrate/GLints/dict_16_192_64_0p5_0p02_0050_0003.uasset" 6247
"../../../Engine/Content/EngineMaterials/Substrate/GLints/dict_16_192_64_0p5_0p02_0050_0004.uasset" 6248
"../../../Engine/Content/EngineMaterials/Substrate/GLints/dict_16_192_64_0p5_0p02_0050_0005.uasset" 6249
"../../../Engine/Content/EngineMaterials/Substrate/GLints/dict_16_192_64_0p5_0p02_0050_0006.uasset" 6250
"../../../Engine/Content/EngineMaterials/Substrate/GLints/dict_16_192_64_0p5_0p02_0050_0007.uasset" 6251
"../../../Engine/Content/EngineMaterials/Substrate/GLints/dict_16_192_64_0p5_0p02_0050_0008.uasset" 6252
"../../../Engine/Content/EngineMaterials/Substrate/GLints/dict_16_192_64_0p5_0p02_0050_0009.uasset" 6253
"../../../Engine/Content/EngineMaterials/Substrate/GLints/dict_16_192_64_0p5_0p02_0050_0010.uasset" 6254
"../../../Engine/Content/EngineMaterials/Substrate/GLints/dict_16_192_64_0p5_0p02_0050_0011.uasset" 6255
"../../../Engine/Content/EngineMaterials/Substrate/GLints/dict_16_192_64_0p5_0p02_0050_0012.uasset" 6256
"../../../Engine/Content/EngineMaterials/Substrate/GLints/dict_16_192_64_0p5_0p02_0050_0013.uasset" 6257
"../../../Engine/Content/EngineMaterials/Substrate/GLints/dict_16_192_64_0p5_0p02_0050_0014.uasset" 6258
"../../../Engine/Content/EngineMaterials/Substrate/GLints/dict_16_192_64_0p5_0p02_0050_0015.uasset" 6259
"../../../Engine/Content/EngineMaterials/Substrate/GLints/dict_16_192_64_0p5_0p02_0051_0000.uasset" 6260
"../../../Engine/Content/EngineMaterials/Substrate/GLints/dict_16_192_64_0p5_0p02_0051_0001.uasset" 6261
"../../../Engine/Content/EngineMaterials/Substrate/GLints/dict_16_192_64_0p5_0p02_0051_0002.uasset" 6262
"../../../Engine/Content/EngineMaterials/Substrate/GLints/dict_16_192_64_0p5_0p02_0051_0003.uasset" 6263
"../../../Engine/Content/EngineMaterials/Substrate/GLints/dict_16_192_64_0p5_0p02_0051_0004.uasset" 6264
"../../../Engine/Content/EngineMaterials/Substrate/GLints/dict_16_192_64_0p5_0p02_0051_0005.uasset" 6265
"../../../Engine/Content/EngineMaterials/Substrate/GLints/dict_16_192_64_0p5_0p02_0051_0006.uasset" 6266
"../../../Engine/Content/EngineMaterials/Substrate/GLints/dict_16_192_64_0p5_0p02_0051_0007.uasset" 6267
"../../../Engine/Content/EngineMaterials/Substrate/GLints/dict_16_192_64_0p5_0p02_0051_0008.uasset" 6268
"../../../Engine/Content/EngineMaterials/Substrate/GLints/dict_16_192_64_0p5_0p02_0051_0009.uasset" 6269
"../../../Engine/Content/EngineMaterials/Substrate/GLints/dict_16_192_64_0p5_0p02_0051_0010.uasset" 6270
"../../../Engine/Content/EngineMaterials/Substrate/GLints/dict_16_192_64_0p5_0p02_0051_0011.uasset" 6271
"../../../Engine/Content/EngineMaterials/Substrate/GLints/dict_16_192_64_0p5_0p02_0051_0012.uasset" 6272
"../../../Engine/Content/EngineMaterials/Substrate/GLints/dict_16_192_64_0p5_0p02_0051_0013.uasset" 6273
"../../../Engine/Content/EngineMaterials/Substrate/GLints/dict_16_192_64_0p5_0p02_0051_0014.uasset" 6274
"../../../Engine/Content/EngineMaterials/Substrate/GLints/dict_16_192_64_0p5_0p02_0051_0015.uasset" 6275
"../../../Engine/Content/EngineMaterials/Substrate/GLints/dict_16_192_64_0p5_0p02_0052_0000.uasset" 6276
"../../../Engine/Content/EngineMaterials/Substrate/GLints/dict_16_192_64_0p5_0p02_0052_0001.uasset" 6277
"../../../Engine/Content/EngineMaterials/Substrate/GLints/dict_16_192_64_0p5_0p02_0052_0002.uasset" 6278
"../../../Engine/Content/EngineMaterials/Substrate/GLints/dict_16_192_64_0p5_0p02_0052_0003.uasset" 6279
"../../../Engine/Content/EngineMaterials/Substrate/GLints/dict_16_192_64_0p5_0p02_0052_0004.uasset" 6280
"../../../Engine/Content/EngineMaterials/Substrate/GLints/dict_16_192_64_0p5_0p02_0052_0005.uasset" 6281
"../../../Engine/Content/EngineMaterials/Substrate/GLints/dict_16_192_64_0p5_0p02_0052_0006.uasset" 6282
"../../../Engine/Content/EngineMaterials/Substrate/GLints/dict_16_192_64_0p5_0p02_0052_0007.uasset" 6283
"../../../Engine/Content/EngineMaterials/Substrate/GLints/dict_16_192_64_0p5_0p02_0052_0008.uasset" 6284
"../../../Engine/Content/EngineMaterials/Substrate/GLints/dict_16_192_64_0p5_0p02_0052_0009.uasset" 6285
"../../../Engine/Content/EngineMaterials/Substrate/GLints/dict_16_192_64_0p5_0p02_0052_0010.uasset" 6286
"../../../Engine/Content/EngineMaterials/Substrate/GLints/dict_16_192_64_0p5_0p02_0052_0011.uasset" 6287
"../../../Engine/Content/EngineMaterials/Substrate/GLints/dict_16_192_64_0p5_0p02_0052_0012.uasset" 6288
"../../../Engine/Content/EngineMaterials/Substrate/GLints/dict_16_192_64_0p5_0p02_0052_0013.uasset" 6289
"../../../Engine/Content/EngineMaterials/Substrate/GLints/dict_16_192_64_0p5_0p02_0052_0014.uasset" 6290
"../../../Engine/Content/EngineMaterials/Substrate/GLints/dict_16_192_64_0p5_0p02_0052_0015.uasset" 6291
"../../../Engine/Content/EngineMaterials/Substrate/GLints/dict_16_192_64_0p5_0p02_0053_0000.uasset" 6292
"../../../Engine/Content/EngineMaterials/Substrate/GLints/dict_16_192_64_0p5_0p02_0053_0001.uasset" 6293
"../../../Engine/Content/EngineMaterials/Substrate/GLints/dict_16_192_64_0p5_0p02_0053_0002.uasset" 6294
"../../../Engine/Content/EngineMaterials/Substrate/GLints/dict_16_192_64_0p5_0p02_0053_0003.uasset" 6295
"../../../Engine/Content/EngineMaterials/Substrate/GLints/dict_16_192_64_0p5_0p02_0053_0004.uasset" 6296
"../../../Engine/Content/EngineMaterials/Substrate/GLints/dict_16_192_64_0p5_0p02_0053_0005.uasset" 6297
"../../../Engine/Content/EngineMaterials/Substrate/GLints/dict_16_192_64_0p5_0p02_0053_0006.uasset" 6298
"../../../Engine/Content/EngineMaterials/Substrate/GLints/dict_16_192_64_0p5_0p02_0053_0007.uasset" 6299
"../../../Engine/Content/EngineMaterials/Substrate/GLints/dict_16_192_64_0p5_0p02_0053_0008.uasset" 6300
"../../../Engine/Content/EngineMaterials/Substrate/GLints/dict_16_192_64_0p5_0p02_0053_0009.uasset" 6301
"../../../Engine/Content/EngineMaterials/Substrate/GLints/dict_16_192_64_0p5_0p02_0053_0010.uasset" 6302
"../../../Engine/Content/EngineMaterials/Substrate/GLints/dict_16_192_64_0p5_0p02_0053_0011.uasset" 6303
"../../../Engine/Content/EngineMaterials/Substrate/GLints/dict_16_192_64_0p5_0p02_0053_0012.uasset" 6304
"../../../Engine/Content/EngineMaterials/Substrate/GLints/dict_16_192_64_0p5_0p02_0053_0013.uasset" 6305
"../../../Engine/Content/EngineMaterials/Substrate/GLints/dict_16_192_64_0p5_0p02_0053_0014.uasset" 6306
"../../../Engine/Content/EngineMaterials/Substrate/GLints/dict_16_192_64_0p5_0p02_0053_0015.uasset" 6307
"../../../Engine/Content/EngineMaterials/Substrate/GLints/dict_16_192_64_0p5_0p02_0054_0000.uasset" 6308
"../../../Engine/Content/EngineMaterials/Substrate/GLints/dict_16_192_64_0p5_0p02_0054_0001.uasset" 6309
"../../../Engine/Content/EngineMaterials/Substrate/GLints/dict_16_192_64_0p5_0p02_0054_0002.uasset" 6310
"../../../Engine/Content/EngineMaterials/Substrate/GLints/dict_16_192_64_0p5_0p02_0054_0003.uasset" 6311
"../../../Engine/Content/EngineMaterials/Substrate/GLints/dict_16_192_64_0p5_0p02_0054_0004.uasset" 6312
"../../../Engine/Content/EngineMaterials/Substrate/GLints/dict_16_192_64_0p5_0p02_0054_0005.uasset" 6313
"../../../Engine/Content/EngineMaterials/Substrate/GLints/dict_16_192_64_0p5_0p02_0054_0006.uasset" 6314
"../../../Engine/Content/EngineMaterials/Substrate/GLints/dict_16_192_64_0p5_0p02_0054_0007.uasset" 6315
"../../../Engine/Content/EngineMaterials/Substrate/GLints/dict_16_192_64_0p5_0p02_0054_0008.uasset" 6316
"../../../Engine/Content/EngineMaterials/Substrate/GLints/dict_16_192_64_0p5_0p02_0054_0009.uasset" 6317
"../../../Engine/Content/EngineMaterials/Substrate/GLints/dict_16_192_64_0p5_0p02_0054_0010.uasset" 6318
"../../../Engine/Content/EngineMaterials/Substrate/GLints/dict_16_192_64_0p5_0p02_0054_0011.uasset" 6319
"../../../Engine/Content/EngineMaterials/Substrate/GLints/dict_16_192_64_0p5_0p02_0054_0012.uasset" 6320
"../../../Engine/Content/EngineMaterials/Substrate/GLints/dict_16_192_64_0p5_0p02_0054_0013.uasset" 6321
"../../../Engine/Content/EngineMaterials/Substrate/GLints/dict_16_192_64_0p5_0p02_0054_0014.uasset" 6322
"../../../Engine/Content/EngineMaterials/Substrate/GLints/dict_16_192_64_0p5_0p02_0054_0015.uasset" 6323
"../../../Engine/Content/EngineMaterials/Substrate/GLints/dict_16_192_64_0p5_0p02_0055_0000.uasset" 6324
"../../../Engine/Content/EngineMaterials/Substrate/GLints/dict_16_192_64_0p5_0p02_0055_0001.uasset" 6325
"../../../Engine/Content/EngineMaterials/Substrate/GLints/dict_16_192_64_0p5_0p02_0055_0002.uasset" 6326
"../../../Engine/Content/EngineMaterials/Substrate/GLints/dict_16_192_64_0p5_0p02_0055_0003.uasset" 6327
"../../../Engine/Content/EngineMaterials/Substrate/GLints/dict_16_192_64_0p5_0p02_0055_0004.uasset" 6328
"../../../Engine/Content/EngineMaterials/Substrate/GLints/dict_16_192_64_0p5_0p02_0055_0005.uasset" 6329
"../../../Engine/Content/EngineMaterials/Substrate/GLints/dict_16_192_64_0p5_0p02_0055_0006.uasset" 6330
"../../../Engine/Content/EngineMaterials/Substrate/GLints/dict_16_192_64_0p5_0p02_0055_0007.uasset" 6331
"../../../Engine/Content/EngineMaterials/Substrate/GLints/dict_16_192_64_0p5_0p02_0055_0008.uasset" 6332
"../../../Engine/Content/EngineMaterials/Substrate/GLints/dict_16_192_64_0p5_0p02_0055_0009.uasset" 6333
"../../../Engine/Content/EngineMaterials/Substrate/GLints/dict_16_192_64_0p5_0p02_0055_0010.uasset" 6334
"../../../Engine/Content/EngineMaterials/Substrate/GLints/dict_16_192_64_0p5_0p02_0055_0011.uasset" 6335
"../../../Engine/Content/EngineMaterials/Substrate/GLints/dict_16_192_64_0p5_0p02_0055_0012.uasset" 6336
"../../../Engine/Content/EngineMaterials/Substrate/GLints/dict_16_192_64_0p5_0p02_0055_0013.uasset" 6337
"../../../Engine/Content/EngineMaterials/Substrate/GLints/dict_16_192_64_0p5_0p02_0055_0014.uasset" 6338
"../../../Engine/Content/EngineMaterials/Substrate/GLints/dict_16_192_64_0p5_0p02_0055_0015.uasset" 6339
"../../../Engine/Content/EngineMaterials/Substrate/GLints/dict_16_192_64_0p5_0p02_0056_0000.uasset" 6340
"../../../Engine/Content/EngineMaterials/Substrate/GLints/dict_16_192_64_0p5_0p02_0056_0001.uasset" 6341
"../../../Engine/Content/EngineMaterials/Substrate/GLints/dict_16_192_64_0p5_0p02_0056_0002.uasset" 6342
"../../../Engine/Content/EngineMaterials/Substrate/GLints/dict_16_192_64_0p5_0p02_0056_0003.uasset" 6343
"../../../Engine/Content/EngineMaterials/Substrate/GLints/dict_16_192_64_0p5_0p02_0056_0004.uasset" 6344
"../../../Engine/Content/EngineMaterials/Substrate/GLints/dict_16_192_64_0p5_0p02_0056_0005.uasset" 6345
"../../../Engine/Content/EngineMaterials/Substrate/GLints/dict_16_192_64_0p5_0p02_0056_0006.uasset" 6346
"../../../Engine/Content/EngineMaterials/Substrate/GLints/dict_16_192_64_0p5_0p02_0056_0007.uasset" 6347
"../../../Engine/Content/EngineMaterials/Substrate/GLints/dict_16_192_64_0p5_0p02_0056_0008.uasset" 6348
"../../../Engine/Content/EngineMaterials/Substrate/GLints/dict_16_192_64_0p5_0p02_0056_0009.uasset" 6349
"../../../Engine/Content/EngineMaterials/Substrate/GLints/dict_16_192_64_0p5_0p02_0056_0010.uasset" 6350
"../../../Engine/Content/EngineMaterials/Substrate/GLints/dict_16_192_64_0p5_0p02_0056_0011.uasset" 6351
"../../../Engine/Content/EngineMaterials/Substrate/GLints/dict_16_192_64_0p5_0p02_0056_0012.uasset" 6352
"../../../Engine/Content/EngineMaterials/Substrate/GLints/dict_16_192_64_0p5_0p02_0056_0013.uasset" 6353
"../../../Engine/Content/EngineMaterials/Substrate/GLints/dict_16_192_64_0p5_0p02_0056_0014.uasset" 6354
"../../../Engine/Content/EngineMaterials/Substrate/GLints/dict_16_192_64_0p5_0p02_0056_0015.uasset" 6355
"../../../Engine/Content/EngineMaterials/Substrate/GLints/dict_16_192_64_0p5_0p02_0057_0000.uasset" 6356
"../../../Engine/Content/EngineMaterials/Substrate/GLints/dict_16_192_64_0p5_0p02_0057_0001.uasset" 6357
"../../../Engine/Content/EngineMaterials/Substrate/GLints/dict_16_192_64_0p5_0p02_0057_0002.uasset" 6358
"../../../Engine/Content/EngineMaterials/Substrate/GLints/dict_16_192_64_0p5_0p02_0057_0003.uasset" 6359
"../../../Engine/Content/EngineMaterials/Substrate/GLints/dict_16_192_64_0p5_0p02_0057_0004.uasset" 6360
"../../../Engine/Content/EngineMaterials/Substrate/GLints/dict_16_192_64_0p5_0p02_0057_0005.uasset" 6361
"../../../Engine/Content/EngineMaterials/Substrate/GLints/dict_16_192_64_0p5_0p02_0057_0006.uasset" 6362
"../../../Engine/Content/EngineMaterials/Substrate/GLints/dict_16_192_64_0p5_0p02_0057_0007.uasset" 6363
"../../../Engine/Content/EngineMaterials/Substrate/GLints/dict_16_192_64_0p5_0p02_0057_0008.uasset" 6364
"../../../Engine/Content/EngineMaterials/Substrate/GLints/dict_16_192_64_0p5_0p02_0057_0009.uasset" 6365
"../../../Engine/Content/EngineMaterials/Substrate/GLints/dict_16_192_64_0p5_0p02_0057_0010.uasset" 6366
"../../../Engine/Content/EngineMaterials/Substrate/GLints/dict_16_192_64_0p5_0p02_0057_0011.uasset" 6367
"../../../Engine/Content/EngineMaterials/Substrate/GLints/dict_16_192_64_0p5_0p02_0057_0012.uasset" 6368
"../../../Engine/Content/EngineMaterials/Substrate/GLints/dict_16_192_64_0p5_0p02_0057_0013.uasset" 6369
"../../../Engine/Content/EngineMaterials/Substrate/GLints/dict_16_192_64_0p5_0p02_0057_0014.uasset" 6370
"../../../Engine/Content/EngineMaterials/Substrate/GLints/dict_16_192_64_0p5_0p02_0057_0015.uasset" 6371
"../../../Engine/Content/EngineMaterials/Substrate/GLints/dict_16_192_64_0p5_0p02_0058_0000.uasset" 6372
"../../../Engine/Content/EngineMaterials/Substrate/GLints/dict_16_192_64_0p5_0p02_0058_0001.uasset" 6373
"../../../Engine/Content/EngineMaterials/Substrate/GLints/dict_16_192_64_0p5_0p02_0058_0002.uasset" 6374
"../../../Engine/Content/EngineMaterials/Substrate/GLints/dict_16_192_64_0p5_0p02_0058_0003.uasset" 6375
"../../../Engine/Content/EngineMaterials/Substrate/GLints/dict_16_192_64_0p5_0p02_0058_0004.uasset" 6376
"../../../Engine/Content/EngineMaterials/Substrate/GLints/dict_16_192_64_0p5_0p02_0058_0005.uasset" 6377
"../../../Engine/Content/EngineMaterials/Substrate/GLints/dict_16_192_64_0p5_0p02_0058_0006.uasset" 6378
"../../../Engine/Content/EngineMaterials/Substrate/GLints/dict_16_192_64_0p5_0p02_0058_0007.uasset" 6379
"../../../Engine/Content/EngineMaterials/Substrate/GLints/dict_16_192_64_0p5_0p02_0058_0008.uasset" 6380
"../../../Engine/Content/EngineMaterials/Substrate/GLints/dict_16_192_64_0p5_0p02_0058_0009.uasset" 6381
"../../../Engine/Content/EngineMaterials/Substrate/GLints/dict_16_192_64_0p5_0p02_0058_0010.uasset" 6382
"../../../Engine/Content/EngineMaterials/Substrate/GLints/dict_16_192_64_0p5_0p02_0058_0011.uasset" 6383
"../../../Engine/Content/EngineMaterials/Substrate/GLints/dict_16_192_64_0p5_0p02_0058_0012.uasset" 6384
"../../../Engine/Content/EngineMaterials/Substrate/GLints/dict_16_192_64_0p5_0p02_0058_0013.uasset" 6385
"../../../Engine/Content/EngineMaterials/Substrate/GLints/dict_16_192_64_0p5_0p02_0058_0014.uasset" 6386
"../../../Engine/Content/EngineMaterials/Substrate/GLints/dict_16_192_64_0p5_0p02_0058_0015.uasset" 6387
"../../../Engine/Content/EngineMaterials/Substrate/GLints/dict_16_192_64_0p5_0p02_0059_0000.uasset" 6388
"../../../Engine/Content/EngineMaterials/Substrate/GLints/dict_16_192_64_0p5_0p02_0059_0001.uasset" 6389
"../../../Engine/Content/EngineMaterials/Substrate/GLints/dict_16_192_64_0p5_0p02_0059_0002.uasset" 6390
"../../../Engine/Content/EngineMaterials/Substrate/GLints/dict_16_192_64_0p5_0p02_0059_0003.uasset" 6391
"../../../Engine/Content/EngineMaterials/Substrate/GLints/dict_16_192_64_0p5_0p02_0059_0004.uasset" 6392
"../../../Engine/Content/EngineMaterials/Substrate/GLints/dict_16_192_64_0p5_0p02_0059_0005.uasset" 6393
"../../../Engine/Content/EngineMaterials/Substrate/GLints/dict_16_192_64_0p5_0p02_0059_0006.uasset" 6394
"../../../Engine/Content/EngineMaterials/Substrate/GLints/dict_16_192_64_0p5_0p02_0059_0007.uasset" 6395
"../../../Engine/Content/EngineMaterials/Substrate/GLints/dict_16_192_64_0p5_0p02_0059_0008.uasset" 6396
"../../../Engine/Content/EngineMaterials/Substrate/GLints/dict_16_192_64_0p5_0p02_0059_0009.uasset" 6397
"../../../Engine/Content/EngineMaterials/Substrate/GLints/dict_16_192_64_0p5_0p02_0059_0010.uasset" 6398
"../../../Engine/Content/EngineMaterials/Substrate/GLints/dict_16_192_64_0p5_0p02_0059_0011.uasset" 6399
"../../../Engine/Content/EngineMaterials/Substrate/GLints/dict_16_192_64_0p5_0p02_0059_0012.uasset" 6400
"../../../Engine/Content/EngineMaterials/Substrate/GLints/dict_16_192_64_0p5_0p02_0059_0013.uasset" 6401
"../../../Engine/Content/EngineMaterials/Substrate/GLints/dict_16_192_64_0p5_0p02_0059_0014.uasset" 6402
"../../../Engine/Content/EngineMaterials/Substrate/GLints/dict_16_192_64_0p5_0p02_0059_0015.uasset" 6403
"../../../Engine/Content/EngineMaterials/Substrate/GLints/dict_16_192_64_0p5_0p02_0060_0000.uasset" 6404
"../../../Engine/Content/EngineMaterials/Substrate/GLints/dict_16_192_64_0p5_0p02_0060_0001.uasset" 6405
"../../../Engine/Content/EngineMaterials/Substrate/GLints/dict_16_192_64_0p5_0p02_0060_0002.uasset" 6406
"../../../Engine/Content/EngineMaterials/Substrate/GLints/dict_16_192_64_0p5_0p02_0060_0003.uasset" 6407
"../../../Engine/Content/EngineMaterials/Substrate/GLints/dict_16_192_64_0p5_0p02_0060_0004.uasset" 6408
"../../../Engine/Content/EngineMaterials/Substrate/GLints/dict_16_192_64_0p5_0p02_0060_0005.uasset" 6409
"../../../Engine/Content/EngineMaterials/Substrate/GLints/dict_16_192_64_0p5_0p02_0060_0006.uasset" 6410
"../../../Engine/Content/EngineMaterials/Substrate/GLints/dict_16_192_64_0p5_0p02_0060_0007.uasset" 6411
"../../../Engine/Content/EngineMaterials/Substrate/GLints/dict_16_192_64_0p5_0p02_0060_0008.uasset" 6412
"../../../Engine/Content/EngineMaterials/Substrate/GLints/dict_16_192_64_0p5_0p02_0060_0009.uasset" 6413
"../../../Engine/Content/EngineMaterials/Substrate/GLints/dict_16_192_64_0p5_0p02_0060_0010.uasset" 6414
"../../../Engine/Content/EngineMaterials/Substrate/GLints/dict_16_192_64_0p5_0p02_0060_0011.uasset" 6415
"../../../Engine/Content/EngineMaterials/Substrate/GLints/dict_16_192_64_0p5_0p02_0060_0012.uasset" 6416
"../../../Engine/Content/EngineMaterials/Substrate/GLints/dict_16_192_64_0p5_0p02_0060_0013.uasset" 6417
"../../../Engine/Content/EngineMaterials/Substrate/GLints/dict_16_192_64_0p5_0p02_0060_0014.uasset" 6418
"../../../Engine/Content/EngineMaterials/Substrate/GLints/dict_16_192_64_0p5_0p02_0060_0015.uasset" 6419
"../../../Engine/Content/EngineMaterials/Substrate/GLints/dict_16_192_64_0p5_0p02_0061_0000.uasset" 6420
"../../../Engine/Content/EngineMaterials/Substrate/GLints/dict_16_192_64_0p5_0p02_0061_0001.uasset" 6421
"../../../Engine/Content/EngineMaterials/Substrate/GLints/dict_16_192_64_0p5_0p02_0061_0002.uasset" 6422
"../../../Engine/Content/EngineMaterials/Substrate/GLints/dict_16_192_64_0p5_0p02_0061_0003.uasset" 6423
"../../../Engine/Content/EngineMaterials/Substrate/GLints/dict_16_192_64_0p5_0p02_0061_0004.uasset" 6424
"../../../Engine/Content/EngineMaterials/Substrate/GLints/dict_16_192_64_0p5_0p02_0061_0005.uasset" 6425
"../../../Engine/Content/EngineMaterials/Substrate/GLints/dict_16_192_64_0p5_0p02_0061_0006.uasset" 6426
"../../../Engine/Content/EngineMaterials/Substrate/GLints/dict_16_192_64_0p5_0p02_0061_0007.uasset" 6427
"../../../Engine/Content/EngineMaterials/Substrate/GLints/dict_16_192_64_0p5_0p02_0061_0008.uasset" 6428
"../../../Engine/Content/EngineMaterials/Substrate/GLints/dict_16_192_64_0p5_0p02_0061_0009.uasset" 6429
"../../../Engine/Content/EngineMaterials/Substrate/GLints/dict_16_192_64_0p5_0p02_0061_0010.uasset" 6430
"../../../Engine/Content/EngineMaterials/Substrate/GLints/dict_16_192_64_0p5_0p02_0061_0011.uasset" 6431
"../../../Engine/Content/EngineMaterials/Substrate/GLints/dict_16_192_64_0p5_0p02_0061_0012.uasset" 6432
"../../../Engine/Content/EngineMaterials/Substrate/GLints/dict_16_192_64_0p5_0p02_0061_0013.uasset" 6433
"../../../Engine/Content/EngineMaterials/Substrate/GLints/dict_16_192_64_0p5_0p02_0061_0014.uasset" 6434
"../../../Engine/Content/EngineMaterials/Substrate/GLints/dict_16_192_64_0p5_0p02_0061_0015.uasset" 6435
"../../../Engine/Content/EngineMaterials/Substrate/GLints/dict_16_192_64_0p5_0p02_0062_0000.uasset" 6436
"../../../Engine/Content/EngineMaterials/Substrate/GLints/dict_16_192_64_0p5_0p02_0062_0001.uasset" 6437
"../../../Engine/Content/EngineMaterials/Substrate/GLints/dict_16_192_64_0p5_0p02_0062_0002.uasset" 6438
"../../../Engine/Content/EngineMaterials/Substrate/GLints/dict_16_192_64_0p5_0p02_0062_0003.uasset" 6439
"../../../Engine/Content/EngineMaterials/Substrate/GLints/dict_16_192_64_0p5_0p02_0062_0004.uasset" 6440
"../../../Engine/Content/EngineMaterials/Substrate/GLints/dict_16_192_64_0p5_0p02_0062_0005.uasset" 6441
"../../../Engine/Content/EngineMaterials/Substrate/GLints/dict_16_192_64_0p5_0p02_0062_0006.uasset" 6442
"../../../Engine/Content/EngineMaterials/Substrate/GLints/dict_16_192_64_0p5_0p02_0062_0007.uasset" 6443
"../../../Engine/Content/EngineMaterials/Substrate/GLints/dict_16_192_64_0p5_0p02_0062_0008.uasset" 6444
"../../../Engine/Content/EngineMaterials/Substrate/GLints/dict_16_192_64_0p5_0p02_0062_0009.uasset" 6445
"../../../Engine/Content/EngineMaterials/Substrate/GLints/dict_16_192_64_0p5_0p02_0062_0010.uasset" 6446
"../../../Engine/Content/EngineMaterials/Substrate/GLints/dict_16_192_64_0p5_0p02_0062_0011.uasset" 6447
"../../../Engine/Content/EngineMaterials/Substrate/GLints/dict_16_192_64_0p5_0p02_0062_0012.uasset" 6448
"../../../Engine/Content/EngineMaterials/Substrate/GLints/dict_16_192_64_0p5_0p02_0062_0013.uasset" 6449
"../../../Engine/Content/EngineMaterials/Substrate/GLints/dict_16_192_64_0p5_0p02_0062_0014.uasset" 6450
"../../../Engine/Content/EngineMaterials/Substrate/GLints/dict_16_192_64_0p5_0p02_0062_0015.uasset" 6451
"../../../Engine/Content/EngineMaterials/Substrate/GLints/dict_16_192_64_0p5_0p02_0063_0000.uasset" 6452
"../../../Engine/Content/EngineMaterials/Substrate/GLints/dict_16_192_64_0p5_0p02_0063_0001.uasset" 6453
"../../../Engine/Content/EngineMaterials/Substrate/GLints/dict_16_192_64_0p5_0p02_0063_0002.uasset" 6454
"../../../Engine/Content/EngineMaterials/Substrate/GLints/dict_16_192_64_0p5_0p02_0063_0003.uasset" 6455
"../../../Engine/Content/EngineMaterials/Substrate/GLints/dict_16_192_64_0p5_0p02_0063_0004.uasset" 6456
"../../../Engine/Content/EngineMaterials/Substrate/GLints/dict_16_192_64_0p5_0p02_0063_0005.uasset" 6457
"../../../Engine/Content/EngineMaterials/Substrate/GLints/dict_16_192_64_0p5_0p02_0063_0006.uasset" 6458
"../../../Engine/Content/EngineMaterials/Substrate/GLints/dict_16_192_64_0p5_0p02_0063_0007.uasset" 6459
"../../../Engine/Content/EngineMaterials/Substrate/GLints/dict_16_192_64_0p5_0p02_0063_0008.uasset" 6460
"../../../Engine/Content/EngineMaterials/Substrate/GLints/dict_16_192_64_0p5_0p02_0063_0009.uasset" 6461
"../../../Engine/Content/EngineMaterials/Substrate/GLints/dict_16_192_64_0p5_0p02_0063_0010.uasset" 6462
"../../../Engine/Content/EngineMaterials/Substrate/GLints/dict_16_192_64_0p5_0p02_0063_0011.uasset" 6463
"../../../Engine/Content/EngineMaterials/Substrate/GLints/dict_16_192_64_0p5_0p02_0063_0012.uasset" 6464
"../../../Engine/Content/EngineMaterials/Substrate/GLints/dict_16_192_64_0p5_0p02_0063_0013.uasset" 6465
"../../../Engine/Content/EngineMaterials/Substrate/GLints/dict_16_192_64_0p5_0p02_0063_0014.uasset" 6466
"../../../Engine/Content/EngineMaterials/Substrate/GLints/dict_16_192_64_0p5_0p02_0063_0015.uasset" 6467
"../../../Engine/Plugins/Animation/ControlRig/Content/Controls/ControlRig_Star4_3mm.uasset" 6468
"../../../Engine/Plugins/Animation/ControlRig/Content/Controls/ControlRig_Star4_1mm.uasset" 6469
"../../../Engine/Plugins/Animation/ControlRig/Content/Controls/ControlRig_Square_solid.uasset" 6470
"../../../Engine/Plugins/Animation/ControlRig/Content/Controls/ControlRig_Square_3mm.uasset" 6471
"../../../Engine/Plugins/Animation/ControlRig/Content/Controls/ControlRig_Square_1mm.uasset" 6472
"../../../Engine/Plugins/Animation/ControlRig/Content/Controls/ControlRig_Sphere_3mm.uasset" 6473
"../../../Engine/Plugins/Animation/ControlRig/Content/Controls/ControlRig_Sphere_1mm.uasset" 6474
"../../../Engine/Plugins/Animation/ControlRig/Content/Controls/ControlRig_RoundedTriangle_3mm.uasset" 6475
"../../../Engine/Plugins/Animation/ControlRig/Content/Controls/ControlRig_RoundedTriangle_solid.uasset" 6476
"../../../Engine/Plugins/Animation/ControlRig/Content/Controls/ControlRig_RoundedSquare_1mm.uasset" 6477
"../../../Engine/Plugins/Animation/ControlRig/Content/Controls/ControlRig_RoundedSquare_3mm.uasset" 6478
"../../../Engine/Plugins/Animation/ControlRig/Content/Controls/ControlRig_RoundedSquare_solid.uasset" 6479
"../../../Engine/Plugins/Animation/ControlRig/Content/Controls/ControlRig_RoundedTriangle_1mm.uasset" 6480
"../../../Engine/Plugins/Animation/ControlRig/Content/Controls/ControlRig_QuarterCircle_solid.uasset" 6481
"../../../Engine/Plugins/Animation/ControlRig/Content/Controls/ControlRig_QuarterCircle_1mm.uasset" 6482
"../../../Engine/Plugins/Animation/ControlRig/Content/Controls/ControlRig_QuarterCircle_3mm.uasset" 6483
"../../../Engine/Plugins/Animation/ControlRig/Content/Controls/ControlRig_Pyramid_solid.uasset" 6484
"../../../Engine/Plugins/Animation/ControlRig/Content/Controls/ControlRig_Pyramid_3mm.uasset" 6485
"../../../Engine/Plugins/Animation/ControlRig/Content/Controls/ControlRig_Octagon_solid.uasset" 6486
"../../../Engine/Plugins/Animation/ControlRig/Content/Controls/ControlRig_Octagon_3mm.uasset" 6487
"../../../Engine/Plugins/Animation/ControlRig/Content/Controls/ControlRig_Octagon_1mm.uasset" 6488
"../../../Engine/Plugins/Animation/ControlRig/Content/Controls/ControlRig_Pyramid_1mm.uasset" 6489
"../../../Engine/Plugins/Animation/ControlRig/Content/Controls/ControlRig_Hexagon_solid.uasset" 6490
"../../../Engine/Plugins/Animation/ControlRig/Content/Controls/ControlRig_Hexagon_3mm.uasset" 6491
"../../../Engine/Plugins/Animation/ControlRig/Content/Controls/ControlRig_Hexagon_1mm.uasset" 6492
"../../../Engine/Plugins/Animation/ControlRig/Content/Controls/ControlRig_HalfCircle_solid.uasset" 6493
"../../../Engine/Plugins/Animation/ControlRig/Content/Controls/ControlRig_Diamond_solid.uasset" 6494
"../../../Engine/Plugins/Animation/ControlRig/Content/Controls/ControlRig_HalfCircle_1mm.uasset" 6495
"../../../Engine/Plugins/Animation/ControlRig/Content/Controls/ControlRig_HalfCircle_3mm.uasset" 6496
"../../../Engine/Plugins/Animation/ControlRig/Content/Controls/ControlRig_Circle_3mm.uasset" 6497
"../../../Engine/Plugins/Animation/ControlRig/Content/Controls/ControlRig_Diamond_3mm.uasset" 6498
"../../../Engine/Plugins/Animation/ControlRig/Content/Controls/ControlRig_Diamond_1mm.uasset" 6499
"../../../Engine/Plugins/Animation/ControlRig/Content/Controls/ControlRig_Circle_solid.uasset" 6500
"../../../Engine/Plugins/Animation/ControlRig/Content/Controls/ControlRig_Circle_1mm.uasset" 6501
"../../../Engine/Plugins/Animation/ControlRig/Content/Controls/ControlRig_Box_3mm.uasset" 6502
"../../../Engine/Plugins/Animation/ControlRig/Content/Controls/ControlRig_Box_solid.uasset" 6503
"../../../Engine/Plugins/Animation/ControlRig/Content/Controls/ControlRig_Box_1mm.uasset" 6504
"../../../Engine/Plugins/Animation/ControlRig/Content/Controls/ControlRig_Arrow_solid.uasset" 6505
"../../../Engine/Plugins/Animation/ControlRig/Content/Controls/ControlRig_Arrow4_3mm.uasset" 6506
"../../../Engine/Plugins/Animation/ControlRig/Content/Controls/ControlRig_Arrow4_solid.uasset" 6507
"../../../Engine/Plugins/Animation/ControlRig/Content/Controls/ControlRig_Arrow_3mm.uasset" 6508
"../../../Engine/Plugins/Animation/ControlRig/Content/Controls/ControlRig_Arrow_1mm.uasset" 6509
"../../../Engine/Content/VREditor/LaserPointer/CursorPointer.uasset" 6510
"../../../Engine/Plugins/Animation/ControlRig/Content/Controls/ControlRig_Arrow4_1mm.uasset" 6511
"C:/24CI0433/Magic_Project/Content/Satou/Widget/UI_ResultText.uasset" 6512
"../../../Engine/Plugins/Animation/ControlRig/Content/Controls/ControlRig_Arrow2_solid.uasset" 6513
"../../../Engine/Plugins/Animation/ControlRig/Content/Controls/ControlRig_Arrow2_3mm.uasset" 6514
"../../../Engine/Plugins/Animation/ControlRig/Content/Controls/ControlRig_Sphere_solid.uasset" 6515
"../../../Engine/Plugins/Animation/ControlRig/Content/Controls/ControlRig_Arrow2_1mm.uasset" 6516
"C:/24CI0433/Magic_Project/Content/Characters/MannequinsXR/Materials/Functions/MF_Diffraction.uasset" 6517
"../../../Engine/Plugins/Interchange/Runtime/Content/Functions/MX_OpenPBR_Opaque.uasset" 6518
"../../../Engine/Plugins/Interchange/Runtime/Content/gltf/M_Unlit.uasset" 6519
"C:/24CI0433/Magic_Project/Content/Characters/MannequinsXR/Materials/M_Mannequin.uasset" 6520
"../../../Engine/Plugins/Interchange/Runtime/Content/Functions/MX_TransmissionSurface.uasset" 6521
"../../../Engine/Plugins/Interchange/Runtime/Content/gltf/MaterialInstances/MI_Unlit_Blend_DS.uasset" 6522
"../../../Engine/Plugins/Interchange/Runtime/Content/gltf/MaterialInstances/MI_Unlit_Mask_DS.uasset" 6523
"../../../Engine/Plugins/Interchange/Runtime/Content/gltf/MaterialInstances/MI_Unlit_Opaque_DS.uasset" 6524
"../../../Engine/Plugins/Interchange/Runtime/Content/gltf/MaterialInstances/MI_Unlit_Mask.uasset" 6525
"../../../Engine/Plugins/Interchange/Runtime/Content/gltf/MaterialInstances/MI_Unlit_Blend.uasset" 6526
"C:/24CI0433/Magic_Project/Content/Characters/MannequinsXR/Materials/Instances/Manny/MI_Manny_01.uasset" 6527
"C:/24CI0433/Magic_Project/Content/Satou/Effect/N_Star.uasset" 6528
"../../../Engine/Plugins/Interchange/Runtime/Content/gltf/MaterialInstances/MI_Unlit_Opaque.uasset" 6529
"C:/24CI0433/Magic_Project/Content/Satou/KTP_Effect/Particles/Bottom/Bottom02-07.uasset" 6530
"../../../Engine/Plugins/Interchange/Runtime/Content/Functions/MX_OpenPBR_Translucent.uasset" 6531
"C:/24CI0433/Magic_Project/Content/VRTemplate/VFX/NS_TeleportTrace.uasset" 6532
"../../../Engine/Plugins/Interchange/Runtime/Content/gltf/M_SpecularGlossiness.uasset" 6533
"../../../Engine/Plugins/Interchange/Runtime/Content/gltf/M_Transmission.uasset" 6534
"../../../Engine/Plugins/Interchange/Runtime/Content/gltf/M_Default.uasset" 6535
"C:/24CI0433/Magic_Project/Content/Characters/MannequinsXR/Materials/Instances/Manny/MI_Manny_02.uasset" 6536
"C:/24CI0433/Magic_Project/Content/Oonishi/TestMagicCircle.uasset" 6537
"../../../Engine/Plugins/Interchange/Runtime/Content/gltf/M_Sheen.uasset" 6538
"../../../Engine/Plugins/Interchange/Runtime/Content/gltf/M_ClearCoat.uasset" 6539
"../../../Engine/Plugins/Interchange/Runtime/Content/gltf/MaterialInstances/MI_SpecularGlossiness_Blend_DS.uasset" 6540
"../../../Engine/Plugins/Interchange/Runtime/Content/gltf/MaterialInstances/MI_SpecularGlossiness_Mask_DS.uasset" 6541
"../../../Engine/Plugins/Interchange/Runtime/Content/gltf/MaterialInstances/MI_SpecularGlossiness_Opaque_DS.uasset" 6542
"../../../Engine/Plugins/Interchange/Runtime/Content/gltf/MaterialInstances/MI_SpecularGlossiness_Blend.uasset" 6543
"../../../Engine/Plugins/Interchange/Runtime/Content/gltf/MaterialInstances/MI_SpecularGlossiness_Mask.uasset" 6544
"../../../Engine/Plugins/Interchange/Runtime/Content/gltf/MaterialInstances/MI_SpecularGlossiness_Opaque.uasset" 6545
"../../../Engine/Plugins/Interchange/Runtime/Content/gltf/MaterialInstances/MI_Transmission_DS.uasset" 6546
"../../../Engine/Plugins/Interchange/Runtime/Content/gltf/MaterialInstances/MI_Sheen_Blend_DS.uasset" 6547
"../../../Engine/Plugins/Interchange/Runtime/Content/gltf/MaterialInstances/MI_Transmission.uasset" 6548
"../../../Engine/Plugins/Interchange/Runtime/Content/gltf/MaterialInstances/MI_Sheen_Blend.uasset" 6549
"../../../Engine/Plugins/Interchange/Runtime/Content/gltf/MaterialInstances/MI_Sheen_Opaque_DS.uasset" 6550
"../../../Engine/Plugins/Interchange/Runtime/Content/gltf/MaterialInstances/MI_Sheen_Mask_DS.uasset" 6551
"../../../Engine/Plugins/Interchange/Runtime/Content/gltf/MaterialInstances/MI_Sheen_Mask.uasset" 6552
"../../../Engine/Plugins/Interchange/Runtime/Content/gltf/MaterialInstances/MI_Sheen_Opaque.uasset" 6553
"../../../Engine/Plugins/Interchange/Runtime/Content/gltf/MaterialInstances/MI_ClearCoat_Blend_DS.uasset" 6554
"../../../Engine/Plugins/Interchange/Runtime/Content/gltf/MaterialInstances/MI_ClearCoat_Mask_DS.uasset" 6555
"../../../Engine/Plugins/Interchange/Runtime/Content/gltf/MaterialInstances/MI_ClearCoat_Opaque_DS.uasset" 6556
"../../../Engine/Plugins/Interchange/Runtime/Content/gltf/MaterialInstances/MI_ClearCoat_Blend.uasset" 6557
"../../../Engine/Plugins/Interchange/Runtime/Content/gltf/MaterialInstances/MI_ClearCoat_Opaque.uasset" 6558
"../../../Engine/Plugins/Interchange/Runtime/Content/gltf/MaterialInstances/MI_ClearCoat_Mask.uasset" 6559
"../../../Engine/Plugins/Interchange/Runtime/Content/gltf/MaterialInstances/MI_Default_Blend_DS.uasset" 6560
"../../Plugins/FX/Niagara/Content/DynamicInputs/UniformRange/V2/RandomRangeFloat.uasset" 6561
"../../Plugins/FX/Niagara/Content/Modules/Spawn/Location/V2/ShapeLocation.uasset" 6562
"../../Plugins/FX/Niagara/Content/Functions/NormalizedExecutionIndex.uasset" 6563
"../../Plugins/FX/Niagara/Content/Functions/ParametricTorus.uasset" 6564
"../../Plugins/FX/Niagara/Content/Functions/ParametricTorusKnot.uasset" 6565
"../../Plugins/FX/Niagara/Content/Functions/PolarToCartesianCoordinates.uasset" 6566
"../../Plugins/FX/Niagara/Content/Functions/RandomPointInBox.uasset" 6567
"../../Plugins/FX/Niagara/Content/Functions/IsolateLongestVectorComponent.uasset" 6568
"../../Plugins/FX/Niagara/Content/Functions/Rotation/RotateVector2D.uasset" 6569
"../../Plugins/FX/Niagara/Content/Enums/ENiagara_AttributeSamplingApplyOutput.uasset" 6570
"../../Plugins/FX/Niagara/Content/Enums/ENiagaraShapeTorusMode.uasset" 6571
"../../Plugins/FX/Niagara/Content/Enums/ENiagaraTorusDistributionMode.uasset" 6572
"../../Plugins/FX/Niagara/Content/Enums/Location/ENiagara_BoxPlaneMode.uasset" 6573
"../../Plugins/FX/Niagara/Content/Enums/Location/ENiagara_ConeMode.uasset" 6574
"../../Plugins/FX/Niagara/Content/Enums/Location/ENiagara_CylinderMode.uasset" 6575
"../../Plugins/FX/Niagara/Content/Enums/Location/ENiagara_LocationShapes.uasset" 6576
"../../Plugins/FX/Niagara/Content/Enums/Location/ENiagaraRingDiscMode.uasset" 6577
"../../Plugins/FX/Niagara/Content/Enums/Transforms/ENiagara_OffsetMode.uasset" 6578
"../../Plugins/FX/Niagara/Content/Enums/Transforms/ENiagara_ScaleMode.uasset" 6579
"../../Plugins/FX/Niagara/Content/Enums/Transforms/ENiagara_TransformOrder.uasset" 6580
"../../Plugins/FX/Niagara/Content/Enums/Transforms/ENiagara_TransformType.uasset" 6581
"../../Plugins/FX/Niagara/Content/Modules/Update/Forces/GravityForce.uasset" 6582
"../../Plugins/FX/Niagara/Content/Modules/Spawn/Location/BoxLocation.uasset" 6583
"../../../Engine/Plugins/Interchange/Runtime/Content/gltf/MaterialInstances/MI_Default_Opaque_DS.uasset" 6584
"../../Plugins/FX/Niagara/Content/Functions/Rotation/RotateAngleOnAxis.uasset" 6585
"../../../Engine/Plugins/Interchange/Runtime/Content/gltf/MaterialInstances/MI_Default_Mask_DS.uasset" 6586
"../../Plugins/FX/Niagara/Content/DynamicInputs/Helpers/SimulationPosition.uasset" 6587
"../../Plugins/FX/Niagara/Content/DynamicInputs/Multiply/Multiply_VectorByFloat.uasset" 6588
"../../Plugins/FX/Niagara/Content/DynamicInputs/ValueFromCurve/ColorFromCurve.uasset" 6589
"../../Plugins/FX/Niagara/Content/Modules/Beams/BeamEmitterSetup.uasset" 6590
"../../Plugins/FX/Niagara/Content/Modules/Beams/BeamWidth.uasset" 6591
"../../Plugins/FX/Niagara/Content/Modules/Beams/SpawnBeam.uasset" 6592
"../../Plugins/FX/Niagara/Content/Functions/Spline/FindPositionOnBezierSpline.uasset" 6593
"../../Plugins/FX/Niagara/Content/Modules/Spawn/Initialization/InitializeParticle.uasset" 6594
"../../Plugins/FX/Niagara/Content/Modules/Update/Color/Color.uasset" 6595
"../../../Engine/Plugins/Interchange/Runtime/Content/gltf/MaterialInstances/MI_Default_Blend.uasset" 6596
"../../../Engine/Plugins/Interchange/Runtime/Content/gltf/MaterialInstances/MI_Default_Mask.uasset" 6597
"C:/24CI0433/Magic_Project/Content/Characters/MannequinsXR/Meshes/SKM_MannyXR_right.uasset" 6598
"../../../Engine/Plugins/Interchange/Runtime/Content/gltf/MaterialInstances/MI_Default_Opaque.uasset" 6599
"C:/24CI0433/Magic_Project/Content/Characters/MannequinsXR/Meshes/SKM_MannyXR_left.uasset" 6600
"../../../../../../24CI0433/Magic_Project/Content/Satou/KTP_Effect/Particles/Bottom/Bottom02-07.uasset" 6601
"C:/24CI0433/Magic_Project/Content/Li/TargetMesh/target1v2.uasset" 6602
"C:/24CI0433/Magic_Project/Content/Li/TargetMesh/wooden_target1v2.uasset" 6603
"../../../Engine/Content/EngineSounds/Submixes/MasterEQSubmixDefault.uasset" 6604
"../../../Engine/Content/EngineSounds/Submixes/MasterSubmixDefault.uasset" 6605
"../../../Engine/Content/EngineSounds/Submixes/MasterReverbSubmixDefault.uasset" 6606
"../../../Engine/Content/EngineSounds/Normal_Attack.uasset" 6607
"../../../Engine/Content/EngineSounds/SFX.uasset" 6608
"../../../Engine/Content/EngineSounds/Special_Attack_PSM.uasset" 6609
"../../../Engine/Content/EngineSounds/Duck_Normal_Attack_MixMod.uasset" 6610
"C:/24CI0433/Magic_Project/Content/Li/WG_Title.uasset" 6611
"C:/24CI0433/Magic_Project/Content/Satou/Blueprints/BP_kariPawn.uasset" 6612
"C:/24CI0433/Magic_Project/Content/VRTemplate/Blueprints/VRGameMode.uasset" 6613
"C:/24CI0433/Magic_Project/Content/Satou/BP_Actor_Honnpen.uasset" 6614
"C:/24CI0433/Magic_Project/Content/Satou/Widget/WG_RestCountDown_Honnpen.uasset" 6615
"C:/24CI0433/Magic_Project/Content/Satou/Widget/WG_MagicCountDown_Honnpen.uasset" 6616
"../../../../../../24CI0433/Magic_Project/Content/Characters/MannequinsXR/Meshes/SkeletalMeshLODSettings_MannequinsXR.uasset" 6617
"../../../../../../24CI0433/Magic_Project/Content/Characters/MannequinsXR/Meshes/SKM_MannyXR_right.uasset" 6618
"../../../../../../24CI0433/Magic_Project/Content/Characters/MannequinsXR/Meshes/SKM_MannyXR_left.uasset" 6619
"../../../Engine/Content/EditorBlueprintResources/StandardMacros.uasset" 6620
"C:/24CI0433/Magic_Project/Content/Satou/GameMode_Honnpen.uasset" 6621
"C:/24CI0433/Magic_Project/Content/Li/Honnpen.umap" 6622
"C:/24CI0433/Magic_Project/Content/Satou/satou01.umap" 6623
"C:/24CI0433/Magic_Project/Content/Li/BP_Actor_Tutorial.uasset" 6624
"C:/24CI0433/Magic_Project/Content/Li/WG_RestCountDown.uasset" 6625
"C:/24CI0433/Magic_Project/Content/Li/WG_Instruction.uasset" 6626
"C:/24CI0433/Magic_Project/Content/Li/GameMode_Tutorial.uasset" 6627
"C:/24CI0433/Magic_Project/Content/Li/BP_HitTarget.uasset" 6628
"C:/24CI0433/Magic_Project/Content/Li/WG_MagicCountDown.uasset" 6629
"C:/24CI0433/Magic_Project/Content/Li/Tutorial.umap" 6630
"C:/24CI0433/Magic_Project/Content/Characters/MannequinsXR/B_MannequinsXR.uasset" 6631
"C:/24CI0433/Magic_Project/Content/Characters/MannequinsXR/Meshes/ABP_MannequinsXR.uasset" 6632
"C:/24CI0433/Magic_Project/Content/Satou/BP_TitlePawn.uasset" 6633
"C:/24CI0433/Magic_Project/Content/Satou/Gamemode_Title.uasset" 6634
"C:/24CI0433/Magic_Project/Content/Li/TitleLevel.umap" 6635
"../../../../../../24CI0433/Magic_Project/Content/Satou/satou01_HLOD0_Instancing.uasset" 6636
"../../../../../../24CI0433/Magic_Project/Content/__ExternalActors__/Li/Honnpen/8/TA/68067PH7A7GAENTP3UKJYP.uasset" 6637
"../../../../../../24CI0433/Magic_Project/Content/__ExternalActors__/Satou/satou01/4/YH/MV2DU9HCB8Z7TW24QKSYP1.uasset" 6638
"../../../../../../24CI0433/Magic_Project/Content/__ExternalActors__/Li/Tutorial/1/2L/7JNEJZQBBOK6Q9UBPT2LGQ.uasset" 6639
"../../../../../../24CI0433/Magic_Project/Content/Li/TitleLevel.umap" 6640
"../../../../../../24CI0433/Magic_Project/Content/__ExternalActors__/Li/Honnpen/0/6T/AA6CC2W7F3Q741TZP43QGF.uasset" 6641
"../../../../../../24CI0433/Magic_Project/Content/WindmillValley/Blueprint/BP_Fence_01.uasset" 6642
"../../../../../../24CI0433/Magic_Project/Content/WindmillValley/Materials/MaterialInstances/MI_Board.uasset" 6643
"../../../../../../24CI0433/Magic_Project/Content/WindmillValley/Materials/MasterMaterials/M_Standard_02.uasset" 6644
"../../../../../../24CI0433/Magic_Project/Content/WindmillValley/Textures/RVT_Env.uasset" 6645
"../../../../../../24CI0433/Magic_Project/Content/WindmillValley/Textures/RVT_Height.uasset" 6646
"../../../../../../24CI0433/Magic_Project/Content/WindmillValley/Textures/T_Helix_N.uasset" 6647
"../../../../../../24CI0433/Magic_Project/Content/WindmillValley/Textures/T_WhiteColor_B.uasset" 6648
"../../../../../../24CI0433/Magic_Project/Content/WindmillValley/Textures/T_WindowUnderRoof_ORM.uasset" 6649
"../../../../../../24CI0433/Magic_Project/Content/WindmillValley/Textures/T_Board_01_D.uasset" 6650
"../../../../../../24CI0433/Magic_Project/Content/WindmillValley/Textures/T_Board_01_N.uasset" 6651
"../../../../../../24CI0433/Magic_Project/Content/WindmillValley/Textures/T_Board_01_ORM.uasset" 6652
"../../../../../../24CI0433/Magic_Project/Content/WindmillValley/Materials/MaterialInstances/MI_Fence_01.uasset" 6653
"../../../../../../24CI0433/Magic_Project/Content/WindmillValley/Textures/T_Fence_02_D.uasset" 6654
"../../../../../../24CI0433/Magic_Project/Content/WindmillValley/Textures/T_Fence_02_N.uasset" 6655
"../../../../../../24CI0433/Magic_Project/Content/WindmillValley/Textures/T_Fence_02_ORM.uasset" 6656
"../../../../../../24CI0433/Magic_Project/Content/WindmillValley/Meshes/SM_Board.uasset" 6657
"../../../../../../24CI0433/Magic_Project/Content/WindmillValley/Meshes/SM_Fence_01.uasset" 6658
"../../../../../../24CI0433/Magic_Project/Content/__ExternalActors__/Li/Honnpen/0/8V/P07IE8ZODFYM46JFWEO2GK.uasset" 6659
"../../../../../../24CI0433/Magic_Project/Content/WindmillValley/Blueprint/BP_Rocks_04.uasset" 6660
"../../../../../../24CI0433/Magic_Project/Content/WindmillValley/Meshes/SM_Rock_01.uasset" 6661
"../../../../../../24CI0433/Magic_Project/Content/WindmillValley/Materials/MaterialInstances/MI_Rock.uasset" 6662
"../../../../../../24CI0433/Magic_Project/Content/WindmillValley/Textures/T_Rock_D.uasset" 6663
"../../../../../../24CI0433/Magic_Project/Content/WindmillValley/Textures/T_Rock_N.uasset" 6664
"../../../../../../24CI0433/Magic_Project/Content/WindmillValley/Textures/T_Rock_ORM.uasset" 6665
"../../../../../../24CI0433/Magic_Project/Content/WindmillValley/Meshes/SM_Rock_02.uasset" 6666
"../../../../../../24CI0433/Magic_Project/Content/WindmillValley/Materials/MaterialInstances/MI_Sasso_02.uasset" 6667
"../../../../../../24CI0433/Magic_Project/Content/WindmillValley/Textures/T_Rock_01_D.uasset" 6668
"../../../../../../24CI0433/Magic_Project/Content/WindmillValley/Textures/T_Rock_01_N.uasset" 6669
"../../../../../../24CI0433/Magic_Project/Content/WindmillValley/Textures/T_Rock_01_ORM.uasset" 6670
"../../../../../../24CI0433/Magic_Project/Content/__ExternalActors__/Li/Honnpen/0/EZ/5TS77GHJZQ5XY48KU43H47.uasset" 6671
"../../../../../../24CI0433/Magic_Project/Content/Satou/Stylized_PBR_Nature/Foliage/Assets/SM_Bush_FoliageType.uasset" 6672
"../../../../../../24CI0433/Magic_Project/Content/Satou/Stylized_PBR_Nature/Foliage/Assets/SM_Bush.uasset" 6673
"../../../../../../24CI0433/Magic_Project/Content/Satou/Stylized_PBR_Nature/Foliage/Materials/MI_Bush.uasset" 6674
"../../../../../../24CI0433/Magic_Project/Content/Satou/Stylized_PBR_Nature/Foliage/Materials/M_Foliage_Master.uasset" 6675
"../../../Engine/Content/Functions/Engine_MaterialFunctions01/WorldPositionOffset/SimpleGrassWind.uasset" 6676
"../../../../../../24CI0433/Magic_Project/Content/Satou/Stylized_PBR_Nature/Foliage/Textures/T_Grass_D.uasset" 6677
"../../../../../../24CI0433/Magic_Project/Content/Satou/Stylized_PBR_Nature/Foliage/Textures/T_Common_Tree_Leaves_D.uasset" 6678
"../../../../../../24CI0433/Magic_Project/Content/Satou/Stylized_PBR_Nature/Foliage/Assets/SM_Fern_FoliageType.uasset" 6679
"../../../../../../24CI0433/Magic_Project/Content/Satou/Stylized_PBR_Nature/Foliage/Assets/SM_Fern.uasset" 6680
"../../../../../../24CI0433/Magic_Project/Content/Satou/Stylized_PBR_Nature/Foliage/Materials/MI_Fern.uasset" 6681
"../../../../../../24CI0433/Magic_Project/Content/Satou/Stylized_PBR_Nature/Foliage/Textures/T_Fern_D.uasset" 6682
"../../../../../../24CI0433/Magic_Project/Content/Satou/Stylized_PBR_Nature/Foliage/Assets/SM_Grass_FoliageType.uasset" 6683
"../../../../../../24CI0433/Magic_Project/Content/Satou/Stylized_PBR_Nature/Foliage/Assets/SM_Grass.uasset" 6684
"../../../../../../24CI0433/Magic_Project/Content/Satou/Stylized_PBR_Nature/Foliage/Materials/MI_Grass.uasset" 6685
"../../../../../../24CI0433/Magic_Project/Content/Satou/Stylized_PBR_Nature/Foliage/FoliageTypes/SM_Common_Tree_03_FoliageType.uasset" 6686
"../../../../../../24CI0433/Magic_Project/Content/Satou/Stylized_PBR_Nature/Foliage/Assets/SM_Common_Tree_03.uasset" 6687
"../../../../../../24CI0433/Magic_Project/Content/Satou/Stylized_PBR_Nature/Foliage/Materials/MI_Common_Tree_03.uasset" 6688
"../../../../../../24CI0433/Magic_Project/Content/Satou/Stylized_PBR_Nature/Foliage/Materials/M_Tree_Trunk_Master.uasset" 6689
"../../../../../../24CI0433/Magic_Project/Content/Satou/Stylized_PBR_Nature/Foliage/Textures/T_Pine_Tree_Trunk_D.uasset" 6690
"../../../../../../24CI0433/Magic_Project/Content/Satou/Stylized_PBR_Nature/Foliage/Textures/T_Pine_Tree_Trunk_N.uasset" 6691
"../../../../../../24CI0433/Magic_Project/Content/Satou/Stylized_PBR_Nature/Foliage/Textures/T_Pine_Tree_Trunk_ORM.uasset" 6692
"../../../../../../24CI0433/Magic_Project/Content/Satou/Stylized_PBR_Nature/Foliage/Textures/T_Common_Tree_03_D.uasset" 6693
"../../../../../../24CI0433/Magic_Project/Content/Satou/Stylized_PBR_Nature/Foliage/Textures/T_Common_Tree_03_N.uasset" 6694
"../../../../../../24CI0433/Magic_Project/Content/Satou/Stylized_PBR_Nature/Foliage/Textures/T_Common_Tree_03_ORM.uasset" 6695
"../../../../../../24CI0433/Magic_Project/Content/Satou/Stylized_PBR_Nature/Foliage/Materials/MI_Common_Tree_Leaves.uasset" 6696
"../../../../../../24CI0433/Magic_Project/Content/Satou/Stylized_PBR_Nature/Foliage/FoliageTypes/SM_Common_Tree_07_FoliageType.uasset" 6697
"../../../../../../24CI0433/Magic_Project/Content/Satou/Stylized_PBR_Nature/Foliage/Assets/SM_Common_Tree_07.uasset" 6698
"../../../../../../24CI0433/Magic_Project/Content/Satou/Stylized_PBR_Nature/Foliage/Materials/MI_Common_Tree_07.uasset" 6699
"../../../../../../24CI0433/Magic_Project/Content/Satou/Stylized_PBR_Nature/Foliage/Textures/T_Common_Tree_07_D.uasset" 6700
"../../../../../../24CI0433/Magic_Project/Content/Satou/Stylized_PBR_Nature/Foliage/Textures/T_Common_Tree_07_N.uasset" 6701
"../../../../../../24CI0433/Magic_Project/Content/Satou/Stylized_PBR_Nature/Foliage/Textures/T_Common_Tree_07_ORM.uasset" 6702
"../../../../../../24CI0433/Magic_Project/Content/Satou/Stylized_PBR_Nature/Foliage/FoliageTypes/SM_Common_Tree_10_FoliageType.uasset" 6703
"../../../../../../24CI0433/Magic_Project/Content/Satou/Stylized_PBR_Nature/Foliage/Assets/SM_Common_Tree_10.uasset" 6704
"../../../../../../24CI0433/Magic_Project/Content/Satou/Stylized_PBR_Nature/Foliage/Materials/MI_Common_Tree_10.uasset" 6705
"../../../../../../24CI0433/Magic_Project/Content/Satou/Stylized_PBR_Nature/Foliage/Textures/T_Common_Tree_10_D.uasset" 6706
"../../../../../../24CI0433/Magic_Project/Content/Satou/Stylized_PBR_Nature/Foliage/Textures/T_Common_Tree_10_N.uasset" 6707
"../../../../../../24CI0433/Magic_Project/Content/Satou/Stylized_PBR_Nature/Foliage/FoliageTypes/SM_Pine_Tree_1_FoliageType.uasset" 6708
"../../../../../../24CI0433/Magic_Project/Content/Satou/Stylized_PBR_Nature/Foliage/Assets/SM_Pine_Tree_1.uasset" 6709
"../../../../../../24CI0433/Magic_Project/Content/Satou/Stylized_PBR_Nature/Foliage/Materials/MI_Pine_Tree_Leaves.uasset" 6710
"../../../../../../24CI0433/Magic_Project/Content/Satou/Stylized_PBR_Nature/Foliage/Textures/T_Pine_Tree_Leaves_D.uasset" 6711
"../../../../../../24CI0433/Magic_Project/Content/Satou/Stylized_PBR_Nature/Foliage/Materials/MI_Pine_Trunk.uasset" 6712
"../../../../../../24CI0433/Magic_Project/Content/Satou/Stylized_PBR_Nature/Foliage/FoliageTypes/SM_Pine_Tree_2_FoliageType.uasset" 6713
"../../../../../../24CI0433/Magic_Project/Content/Satou/Stylized_PBR_Nature/Foliage/Assets/SM_Pine_Tree_2.uasset" 6714
"../../../../../../24CI0433/Magic_Project/Content/Satou/Stylized_PBR_Nature/Foliage/FoliageTypes/SM_Pine_Tree_3_FoliageType.uasset" 6715
"../../../../../../24CI0433/Magic_Project/Content/Satou/Stylized_PBR_Nature/Foliage/Assets/SM_Pine_Tree_3.uasset" 6716
"../../../../../../24CI0433/Magic_Project/Content/__ExternalActors__/Li/Honnpen/0/P2/J0GZ4CT3YFOO5LTUOH3QJF.uasset" 6717
"../../../../../../24CI0433/Magic_Project/Content/StylizedProvencal/Meshes/SM_Fence_01.uasset" 6718
"../../../../../../24CI0433/Magic_Project/Content/StylizedProvencal/Materials/MI_Atlas.uasset" 6719
"../../../../../../24CI0433/Magic_Project/Content/StylizedProvencal/Materials/MM_Master_Default.uasset" 6720
"../../../Engine/Content/Functions/Engine_MaterialFunctions02/Texturing/CustomRotator.uasset" 6721
"../../../../../../24CI0433/Magic_Project/Content/StylizedProvencal/Textures/T_Default_White.uasset" 6722
"../../../../../../24CI0433/Magic_Project/Content/StylizedProvencal/Textures/T_Wood_A0RM.uasset" 6723
"../../../../../../24CI0433/Magic_Project/Content/StylizedProvencal/Textures/T_Wood_B.uasset" 6724
"../../../../../../24CI0433/Magic_Project/Content/StylizedProvencal/Textures/T_Wood_N.uasset" 6725
"../../../../../../24CI0433/Magic_Project/Content/StylizedProvencal/Textures/T_Atlas_House_AORM.uasset" 6726
"../../../../../../24CI0433/Magic_Project/Content/StylizedProvencal/Textures/T_Atlas_House_B.uasset" 6727
"../../../../../../24CI0433/Magic_Project/Content/StylizedProvencal/Textures/T_Atlas_House_N.uasset" 6728
"../../../../../../24CI0433/Magic_Project/Content/StylizedProvencal/Materials/MI_WoodenMeshes.uasset" 6729
"../../../../../../24CI0433/Magic_Project/Content/StylizedProvencal/Textures/T_WoodenMeshes_AORM.uasset" 6730
"../../../../../../24CI0433/Magic_Project/Content/StylizedProvencal/Textures/T_WoodenMeshes_B.uasset" 6731
"../../../../../../24CI0433/Magic_Project/Content/StylizedProvencal/Textures/T_WoodenMeshes_N.uasset" 6732
"../../../../../../24CI0433/Magic_Project/Content/__ExternalActors__/Li/Honnpen/0/TL/M8PGMZ45CQSSA0IJAA2IGR.uasset" 6733
"../../../../../../24CI0433/Magic_Project/Content/__ExternalActors__/Li/Honnpen/0/UJ/33PF8B6BIC61RF937O7ARR.uasset" 6734
"../../../../../../24CI0433/Magic_Project/Content/__ExternalActors__/Li/Honnpen/0/V4/GUUUXJLTX1UE5TR8NA1CSZ.uasset" 6735
"../../../../../../24CI0433/Magic_Project/Content/AdvancedVillagePack/Meshes/SM_SackWithApples.uasset" 6736
"../../../../../../24CI0433/Magic_Project/Content/AdvancedVillagePack/Materials/M_Inst_Pack_02.uasset" 6737
"../../../../../../24CI0433/Magic_Project/Content/AdvancedVillagePack/Materials/M_Uber.uasset" 6738
"../../../../../../24CI0433/Magic_Project/Content/AdvancedVillagePack/Textures/T_Detail_N.uasset" 6739
"../../../../../../24CI0433/Magic_Project/Content/AdvancedVillagePack/Textures/T_Pack_01_D.uasset" 6740
"../../../../../../24CI0433/Magic_Project/Content/AdvancedVillagePack/Textures/T_Pack_01_N.uasset" 6741
"../../../../../../24CI0433/Magic_Project/Content/AdvancedVillagePack/Textures/T_Pack_01_RM.uasset" 6742
"../../../../../../24CI0433/Magic_Project/Content/AdvancedVillagePack/Textures/T_Pack_03_E.uasset" 6743
"../../../../../../24CI0433/Magic_Project/Content/AdvancedVillagePack/Textures/T_Pack_02_D.uasset" 6744
"../../../../../../24CI0433/Magic_Project/Content/AdvancedVillagePack/Textures/T_Pack_02_N.uasset" 6745
"../../../../../../24CI0433/Magic_Project/Content/AdvancedVillagePack/Textures/T_Pack_02_RM.uasset" 6746
"../../../../../../24CI0433/Magic_Project/Content/__ExternalActors__/Li/Honnpen/0/XF/7A3ZUTF6IIAS2UNNL1YIGD.uasset" 6747
"../../../../../../24CI0433/Magic_Project/Content/__ExternalActors__/Li/Honnpen/1/1J/SZWZH2745CXNGFKRV1CM7A.uasset" 6748
"../../../../../../24CI0433/Magic_Project/Content/Satou/Satou_sharedassets/Grass_01_LayerInfo.uasset" 6749
"../../../../../../24CI0433/Magic_Project/Content/Satou/Stylized_PBR_Nature/Terrain/M_Landscape.uasset" 6750
"../../../../../../24CI0433/Magic_Project/Content/Satou/Stylized_PBR_Nature/Terrain/T_Dirt.uasset" 6751
"../../../../../../24CI0433/Magic_Project/Content/Satou/Stylized_PBR_Nature/Terrain/T_Grass_1.uasset" 6752
"../../../../../../24CI0433/Magic_Project/Content/Satou/Stylized_PBR_Nature/Terrain/T_Grass_2.uasset" 6753
"../../../../../../24CI0433/Magic_Project/Content/Satou/Stylized_PBR_Nature/Terrain/T_rock.uasset" 6754
"../../../../../../24CI0433/Magic_Project/Content/__ExternalActors__/Li/Honnpen/1/3S/QZGJS9HJEBERANKN4XUF25.uasset" 6755
"../../../../../../24CI0433/Magic_Project/Content/Stylized_Village/Assets/VFX/WaterFall/SM_SM_Waterfall.uasset" 6756
"../../../../../../24CI0433/Magic_Project/Content/Stylized_Village/Assets/VFX/WaterFall/Materials/MI_Waterfall_01.uasset" 6757
"../../../../../../24CI0433/Magic_Project/Content/Stylized_Village/Assets/VFX/WaterFall/Materials/MM_Waterfall.uasset" 6758
"../../../Engine/Content/Functions/Engine_MaterialFunctions01/Gradient/LinearGradient.uasset" 6759
"../../../Engine/Content/Functions/Engine_MaterialFunctions01/ImageAdjustment/CheapContrast.uasset" 6760
"../../../../../../24CI0433/Magic_Project/Content/Stylized_Village/Assets/VFX/WaterFall/Materials/MaterialFunctions/MF_NormalBlend.uasset" 6761
"../../../../../../24CI0433/Magic_Project/Content/Stylized_Village/Assets/VFX/WaterFall/Materials/MaterialFunctions/MF_RiverMotionColor.uasset" 6762
"../../../../../../24CI0433/Magic_Project/Content/Stylized_Village/Assets/VFX/WaterFall/Textures/T_WaterRipples_02_M.uasset" 6763
"../../../../../../24CI0433/Magic_Project/Content/Stylized_Village/Assets/VFX/WaterFall/Materials/MaterialFunctions/MF_RiverMotionNormal.uasset" 6764
"../../../../../../24CI0433/Magic_Project/Content/Stylized_Village/Assets/VFX/WaterFall/Textures/T_Water_N.uasset" 6765
"../../../../../../24CI0433/Magic_Project/Content/Stylized_Village/Assets/VFX/WaterFall/Materials/MaterialFunctions/MF_WaterfallProceduralNoise.uasset" 6766
"../../../../../../24CI0433/Magic_Project/Content/Stylized_Village/Assets/VFX/WaterFall/Textures/HDRI_Sky.uasset" 6767
"../../../../../../24CI0433/Magic_Project/Content/Stylized_Village/Assets/VFX/WaterFall/Textures/T_Foam_04_M.uasset" 6768
"../../../../../../24CI0433/Magic_Project/Content/Stylized_Village/Assets/VFX/WaterFall/Textures/T_Foam_06_M.uasset" 6769
"../../../../../../24CI0433/Magic_Project/Content/Stylized_Village/Assets/VFX/WaterFall/Textures/T_TilingNoise03_M.uasset" 6770
"../../../../../../24CI0433/Magic_Project/Content/Stylized_Village/Assets/VFX/WaterFall/Textures/T_Waterfall_01_N.uasset" 6771
"../../../../../../24CI0433/Magic_Project/Content/__ExternalActors__/Li/Honnpen/1/81/AQ6N3ATV1JHIM1XM5VSZ2Q.uasset" 6772
"../../../../../../24CI0433/Magic_Project/Content/__ExternalActors__/Li/Honnpen/1/9T/GQX1FMR851T92QODA1JZMM.uasset" 6773
"../../../../../../24CI0433/Magic_Project/Content/KTP_Effect/Particles/Fly/Explosion_01_01.uasset" 6774
"../../../../../../24CI0433/Magic_Project/Content/KTP_Effect/Materials/M_fire01_1.uasset" 6775
"../../../../../../24CI0433/Magic_Project/Content/KTP_Effect/Textures/T_fly01_1.uasset" 6776
"../../../../../../24CI0433/Magic_Project/Content/Satou/KTP_Effect/Particles/Fly/Expolison_09_06.uasset" 6777
"../../../../../../24CI0433/Magic_Project/Content/Satou/KTP_Effect/Materials/M_fly09_6.uasset" 6778
"../../../../../../24CI0433/Magic_Project/Content/Satou/KTP_Effect/Textures/PublicTextures/T_Aura_07.uasset" 6779
"../../../../../../24CI0433/Magic_Project/Content/Satou/KTP_Effect/Textures/T_fly09_6.uasset" 6780
"../../../../../../24CI0433/Magic_Project/Content/Satou/KTP_Effect/Materials/PublicMaterials/M_FX_Aura_10.uasset" 6781
"../../../../../../24CI0433/Magic_Project/Content/Satou/KTP_Effect/Materials/PublicMaterials/M_FX_Glow_AS_fly05_09.uasset" 6782
"../../../../../../24CI0433/Magic_Project/Content/Satou/KTP_Effect/Textures/PublicTextures/T_Star_01.uasset" 6783
"../../../../../../24CI0433/Magic_Project/Content/Satou/KTP_Effect/Materials/PublicMaterials/M_wave_fly10.uasset" 6784
"../../Plugins/FX/Niagara/Content/Modules/Update/Orientation/V3/UpdateMeshOrientation.uasset" 6785
"../../Plugins/FX/Niagara/Content/Functions/CalculateMeshRadius.uasset" 6786
"../../Plugins/FX/Niagara/Content/Enums/ENiagaraCalculateRadiusOptions.uasset" 6787
"../../Plugins/FX/Niagara/Content/Functions/DeriveThirdOrthogonalVector.uasset" 6788
"../../Plugins/FX/Niagara/Content/Functions/Helpers/DoOnce_fn.uasset" 6789
"../../Plugins/FX/Niagara/Content/Functions/Helpers/FN_FirstFrame_Numeric.uasset" 6790
"../../Plugins/FX/Niagara/Content/Functions/MakeVectorsOrthogonal.uasset" 6791
"../../Plugins/FX/Niagara/Content/Functions/Math/InterpolateOverTime_V3_.uasset" 6792
"../../Plugins/FX/Niagara/Content/Functions/Math/V2/SmoothLerpOverTime.uasset" 6793
"../../Plugins/FX/Niagara/Content/Functions/ProjectVectorOnPlane.uasset" 6794
"../../Plugins/FX/Niagara/Content/Functions/Rotation/LerpQuaternion.uasset" 6795
"../../Plugins/FX/Niagara/Content/Functions/Rotation/MakeQuaternionFromXAndYVectors.uasset" 6796
"../../Plugins/FX/Niagara/Content/Functions/Rotation/MakeQuaternionFromXAndZVectors.uasset" 6797
"../../Plugins/FX/Niagara/Content/Functions/Rotation/TwoVectorsToQuaternion.uasset" 6798
"../../Plugins/FX/Niagara/Content/Enums/Utility/ENiagara_OrientVectorCount.uasset" 6799
"../../Plugins/FX/Niagara/Content/Enums/Utility/ENiagara_UpdateMeshOrientationMode.uasset" 6800
"../../../../../../24CI0433/Magic_Project/Content/Satou/KTP_Effect/Mesh/SM_FX_wave.uasset" 6801
"../../Plugins/FX/Niagara/Content/DefaultAssets/Templates/Systems/AttributeReaderTrails.uasset" 6802
"../../Plugins/FX/Niagara/Content/DefaultAssets/DefaultSpriteMaterial.uasset" 6803
"../../Plugins/FX/Niagara/Content/DynamicInputs/TypeConversions/Vector2DFromFloat.uasset" 6804
"../../Plugins/FX/Niagara/Content/DynamicInputs/UniformRange/UniformRangedFloat.uasset" 6805
"../../Plugins/FX/Niagara/Content/DynamicInputs/UniformRange/V2/RandomRangeInt.uasset" 6806
"../../Plugins/FX/Niagara/Content/Modules/AttributeReader/SampleParticlesFromOtherEmitter.uasset" 6807
"../../Plugins/FX/Niagara/Content/Functions/RandomRangeInteger.uasset" 6808
"../../Plugins/FX/Niagara/Content/Enums/ENiagara_DirectReadApplicationMode.uasset" 6809
"../../Plugins/FX/Niagara/Content/Enums/ENiagara_DirectReadParticleIDSampling.uasset" 6810
"../../Plugins/FX/Niagara/Content/Enums/ENiagara_DirectReadSamplingMode.uasset" 6811
"../../Plugins/FX/Niagara/Content/Enums/ENiagara_EmitterLocSamplingMode.uasset" 6812
"../../Plugins/FX/Niagara/Content/Enums/ENiagara_LifetimeInheritanceOptions.uasset" 6813
"../../Plugins/FX/Niagara/Content/Modules/AttributeReader/SpawnParticlesFromOtherEmitter.uasset" 6814
"../../Plugins/FX/Niagara/Content/Modules/Collision/Collision.uasset" 6815
"../../Plugins/FX/Niagara/Content/Functions/CalculateRadiusFromSpriteSize.uasset" 6816
"../../Plugins/FX/Niagara/Content/Modules/Collision/CollisionQueryAndResponse.uasset" 6817
"../../Plugins/FX/Niagara/Content/Functions/Collision/PlaneSphereCollisionDetection.uasset" 6818
"../../Plugins/FX/Niagara/Content/Functions/Collision/RandomizeCollisionNormals.uasset" 6819
"../../Plugins/FX/Niagara/Content/Functions/ReflectVector.uasset" 6820
"../../Plugins/FX/Niagara/Content/Functions/Textures/CalculateA_VolumeTexturesDistanceFieldGradient.uasset" 6821
"../../Plugins/FX/Niagara/Content/Enums/ENiagara_Float4Channel.uasset" 6822
"../../Plugins/FX/Niagara/Content/Modules/Collision/NiagaraDistanceFieldCollisions.uasset" 6823
"../../Plugins/FX/Niagara/Content/Modules/Collision/SceneDepthTest.uasset" 6824
"../../Plugins/FX/Niagara/Content/Enums/Collision/SceneDepthCollisionQueryMethod.uasset" 6825
"../../Plugins/FX/Niagara/Content/Enums/ENiagara_CPUCollisionType.uasset" 6826
"../../Plugins/FX/Niagara/Content/Enums/ENiagara_GPUCollisionType.uasset" 6827
"../../Plugins/FX/Niagara/Content/Enums/ENiagaraFrictionMergeType.uasset" 6828
"../../Plugins/FX/Niagara/Content/Enums/ENiagaraRestitutionMergeType.uasset" 6829
"../../Plugins/FX/Niagara/Content/Enums/ENiagaraCollisionRadiusOptions.uasset" 6830
"../../../../../../24CI0433/Magic_Project/Content/__ExternalActors__/Li/Honnpen/1/CU/MV2E236VP3ZHL492H5Z07U.uasset" 6831
"../../../../../../24CI0433/Magic_Project/Content/__ExternalActors__/Li/Honnpen/1/F5/CVA4U6KM0238XHA93WB95K.uasset" 6832
"../../../../../../24CI0433/Magic_Project/Content/__ExternalActors__/Li/Honnpen/1/JC/TV37QZTLPYZWQ5XIWD0AZW.uasset" 6833
"../../../../../../24CI0433/Magic_Project/Content/StylizedProvencal/Meshes/SM_House_Barn.uasset" 6834
"../../../../../../24CI0433/Magic_Project/Content/StylizedProvencal/Materials/MI_RoofTile_Meshes_VertexPaint.uasset" 6835
"../../../../../../24CI0433/Magic_Project/Content/StylizedProvencal/Materials/MM_Master_VertexPaint_Rooftiles.uasset" 6836
"../../../Engine/Content/Functions/Engine_MaterialFunctions02/Texturing/HeightLerp.uasset" 6837
"../../../../../../24CI0433/Magic_Project/Content/StylizedProvencal/Materials/MF_Master.uasset" 6838
"../../../../../../24CI0433/Magic_Project/Content/StylizedProvencal/Materials/MF_Plaster.uasset" 6839
"../../../Engine/Content/EngineVolumetrics/Fogsheet/Materials/T_EV_BlankWhite_01.uasset" 6840
"../../../../../../24CI0433/Magic_Project/Content/StylizedProvencal/Materials/MF_StoneBricks.uasset" 6841
"../../../../../../24CI0433/Magic_Project/Content/StylizedProvencal/Textures/T_RoofTileMeshes_01_B.uasset" 6842
"../../../../../../24CI0433/Magic_Project/Content/StylizedProvencal/Textures/T_RoofTileMeshes_02_B.uasset" 6843
"../../../../../../24CI0433/Magic_Project/Content/StylizedProvencal/Textures/T_RoofTileMeshes_03_B.uasset" 6844
"../../../../../../24CI0433/Magic_Project/Content/StylizedProvencal/Textures/T_RoofTileMeshes_AORM.uasset" 6845
"../../../../../../24CI0433/Magic_Project/Content/StylizedProvencal/Textures/T_RoofTileMeshes_N.uasset" 6846
"../../../../../../24CI0433/Magic_Project/Content/StylizedProvencal/Materials/MI_RoofTile_VertexPaint.uasset" 6847
"../../../../../../24CI0433/Magic_Project/Content/StylizedProvencal/Textures/T_RoofTiles_01_B.uasset" 6848
"../../../../../../24CI0433/Magic_Project/Content/StylizedProvencal/Textures/T_RoofTiles_02_B.uasset" 6849
"../../../../../../24CI0433/Magic_Project/Content/StylizedProvencal/Textures/T_RoofTiles_03_B.uasset" 6850
"../../../../../../24CI0433/Magic_Project/Content/StylizedProvencal/Textures/T_RoofTiles_AORM.uasset" 6851
"../../../../../../24CI0433/Magic_Project/Content/StylizedProvencal/Textures/T_RoofTiles_H.uasset" 6852
"../../../../../../24CI0433/Magic_Project/Content/StylizedProvencal/Textures/T_RoofTiles_Normal.uasset" 6853
"../../../../../../24CI0433/Magic_Project/Content/__ExternalActors__/Li/Honnpen/1/MN/1089QNMY9879P9AESU4Q56.uasset" 6854
"../../../../../../24CI0433/Magic_Project/Content/AdvancedVillagePack/Meshes/SM_Treestump_Var02.uasset" 6855
"../../../../../../24CI0433/Magic_Project/Content/AdvancedVillagePack/Materials/M_Inst_Pack_06.uasset" 6856
"../../../../../../24CI0433/Magic_Project/Content/AdvancedVillagePack/Textures/T_Pack_06_D.uasset" 6857
"../../../../../../24CI0433/Magic_Project/Content/AdvancedVillagePack/Textures/T_Pack_06_N.uasset" 6858
"../../../../../../24CI0433/Magic_Project/Content/AdvancedVillagePack/Textures/T_Pack_06_RM.uasset" 6859
"../../../../../../24CI0433/Magic_Project/Content/__ExternalActors__/Li/Honnpen/1/NI/7RNMPXEJNEFT1R8670JNCF.uasset" 6860
"../../../../../../24CI0433/Magic_Project/Content/__ExternalActors__/Li/Honnpen/1/P4/R2FIBY85TA17ZIAFQR2CNH.uasset" 6861
"../../../../../../24CI0433/Magic_Project/Content/WindmillValley/Blueprint/BP_Rocks_01.uasset" 6862
"../../../../../../24CI0433/Magic_Project/Content/WindmillValley/Materials/MaterialInstances/MI_Sasso_03.uasset" 6863
"../../../../../../24CI0433/Magic_Project/Content/__ExternalActors__/Li/Honnpen/1/RQ/9TLPNVB2M2VF7OK82ZH6N1.uasset" 6864
"../../../../../../24CI0433/Magic_Project/Content/StylizedProvencal/Blueprints/BP_WaterMill_Wheel.uasset" 6865
"../../../../../../24CI0433/Magic_Project/Content/StylizedProvencal/Meshes/SM_WaterMill_Wheel.uasset" 6866
"../../../../../../24CI0433/Magic_Project/Content/StylizedProvencal/Materials/MI_WaterMill_Wheel.uasset" 6867
"../../../../../../24CI0433/Magic_Project/Content/StylizedProvencal/Textures/T_WaterMill_Wheel_AORM.uasset" 6868
"../../../../../../24CI0433/Magic_Project/Content/StylizedProvencal/Textures/T_WaterMill_Wheel_B.uasset" 6869
"../../../../../../24CI0433/Magic_Project/Content/StylizedProvencal/Textures/T_WaterMill_Wheel_N.uasset" 6870
"../../../../../../24CI0433/Magic_Project/Content/__ExternalActors__/Li/Honnpen/1/SY/4L8ASIS7VXQSCD4TKFWMQD.uasset" 6871
"../../../../../../24CI0433/Magic_Project/Content/AdvancedVillagePack/Meshes/SM_Logs_Var01.uasset" 6872
"../../../../../../24CI0433/Magic_Project/Content/__ExternalActors__/Li/Honnpen/2/0A/Q1BOFXE1SNZL8T6O0XQ0U8.uasset" 6873
"../../../../../../24CI0433/Magic_Project/Content/AdvancedVillagePack/Meshes/SM_Axe.uasset" 6874
"../../../../../../24CI0433/Magic_Project/Content/__ExternalActors__/Li/Honnpen/2/4R/7F750D16TIV5NA43BY42D5.uasset" 6875
"../../../../../../24CI0433/Magic_Project/Content/Satou/Satou_sharedassets/dirt_LayerInfo.uasset" 6876
"../../../../../../24CI0433/Magic_Project/Content/Satou/Satou_sharedassets/Rock_LayerInfo.uasset" 6877
"../../../../../../24CI0433/Magic_Project/Content/__ExternalActors__/Li/Honnpen/2/58/VKLPKFLNGSIUTDVT7B8HKE.uasset" 6878
"../../../../../../24CI0433/Magic_Project/Content/__ExternalActors__/Li/Honnpen/2/6J/UMF7N1EL74WJGM638F1489.uasset" 6879
"../../../../../../24CI0433/Magic_Project/Content/__ExternalActors__/Li/Honnpen/2/8R/RE32CY0XVN836SQ3P1EXQ4.uasset" 6880
"../../../../../../24CI0433/Magic_Project/Content/StylizedProvencal/Meshes/SM_Bridge.uasset" 6881
"../../../../../../24CI0433/Magic_Project/Content/__ExternalActors__/Li/Honnpen/2/9F/NI2HLD22HK8GPF4RKOGCXA.uasset" 6882
"../../../../../../24CI0433/Magic_Project/Content/StylizedProvencal/Blueprints/BP_Windmill.uasset" 6883
"../../../../../../24CI0433/Magic_Project/Content/StylizedProvencal/Meshes/SM_WindMill_Palms.uasset" 6884
"../../../../../../24CI0433/Magic_Project/Content/StylizedProvencal/Materials/MI_WindMill_Palms.uasset" 6885
"../../../../../../24CI0433/Magic_Project/Content/StylizedProvencal/Textures/T_WindMill_AORM.uasset" 6886
"../../../../../../24CI0433/Magic_Project/Content/StylizedProvencal/Textures/T_WindMill_B.uasset" 6887
"../../../../../../24CI0433/Magic_Project/Content/StylizedProvencal/Textures/T_WindMill_N.uasset" 6888
"../../../../../../24CI0433/Magic_Project/Content/StylizedProvencal/Meshes/SM_WindMill_SM_WindMill.uasset" 6889
"../../../../../../24CI0433/Magic_Project/Content/StylizedProvencal/Materials/MM_Decals_Basecolor.uasset" 6890
"../../../../../../24CI0433/Magic_Project/Content/StylizedProvencal/Textures/T_Decals_B.uasset" 6891
"../../../../../../24CI0433/Magic_Project/Content/StylizedProvencal/Materials/MI_House_Walls_VertexPaint.uasset" 6892
"../../../../../../24CI0433/Magic_Project/Content/StylizedProvencal/Materials/MM_Master_VertexPaint_Wall.uasset" 6893
"../../../Engine/Content/Functions/Engine_MaterialFunctions02/Utility/BlendAngleCorrectedNormals.uasset" 6894
"../../../Engine/Content/Functions/Engine_MaterialFunctions03/Procedurals/PerturbNormalHQ.uasset" 6895
"../../../Engine/Content/Functions/Engine_MaterialFunctions03/Procedurals/PreparePerturbNormalHQ.uasset" 6896
"../../../../../../24CI0433/Magic_Project/Content/StylizedProvencal/Textures/T_Noise_02_M.uasset" 6897
"../../../../../../24CI0433/Magic_Project/Content/StylizedProvencal/Textures/T_Plaster_AORM.uasset" 6898
"../../../../../../24CI0433/Magic_Project/Content/StylizedProvencal/Textures/T_Plaster_B.uasset" 6899
"../../../../../../24CI0433/Magic_Project/Content/StylizedProvencal/Textures/T_Plaster_N.uasset" 6900
"../../../../../../24CI0433/Magic_Project/Content/StylizedProvencal/Textures/T_StoneWall03_A0RM.uasset" 6901
"../../../../../../24CI0433/Magic_Project/Content/StylizedProvencal/Textures/T_StoneWall03_B.uasset" 6902
"../../../../../../24CI0433/Magic_Project/Content/StylizedProvencal/Textures/T_StoneWall03_H.uasset" 6903
"../../../../../../24CI0433/Magic_Project/Content/StylizedProvencal/Textures/T_StoneWall03_N.uasset" 6904
"../../../../../../24CI0433/Magic_Project/Content/StylizedProvencal/Materials/MI_Rocks_Bricks.uasset" 6905
"../../../../../../24CI0433/Magic_Project/Content/StylizedProvencal/Materials/MM_Master_RVT_Top.uasset" 6906
"../../../Engine/Content/Functions/Engine_MaterialFunctions01/AlphaBlend/WorldAlignedBlend.uasset" 6907
"../../../../../../24CI0433/Magic_Project/Content/StylizedProvencal/Materials/Landscape/RVT_Landscape_Color_2.uasset" 6908
"../../../../../../24CI0433/Magic_Project/Content/StylizedProvencal/Materials/Landscape/RVT_Landscape_Height.uasset" 6909
"../../../../../../24CI0433/Magic_Project/Content/StylizedProvencal/Textures/T_Grass_B.uasset" 6910
"../../../../../../24CI0433/Magic_Project/Content/StylizedProvencal/Textures/T_Rocks_Bricks_B.uasset" 6911
"../../../../../../24CI0433/Magic_Project/Content/StylizedProvencal/Textures/T_Rocks_Bricks_AORM.uasset" 6912
"../../../../../../24CI0433/Magic_Project/Content/StylizedProvencal/Textures/T_Rocks_Bricks_N.uasset" 6913
"../../../../../../24CI0433/Magic_Project/Content/StylizedProvencal/Materials/MI_Rocks_Bricks_02.uasset" 6914
"../../../../../../24CI0433/Magic_Project/Content/StylizedProvencal/Materials/MI_Windows.uasset" 6915
"../../../../../../24CI0433/Magic_Project/Content/StylizedProvencal/Textures/T_Windows_AORM.uasset" 6916
"../../../../../../24CI0433/Magic_Project/Content/StylizedProvencal/Textures/T_Windows_B.uasset" 6917
"../../../../../../24CI0433/Magic_Project/Content/StylizedProvencal/Textures/T_Windows_E.uasset" 6918
"../../../../../../24CI0433/Magic_Project/Content/StylizedProvencal/Textures/T_Windows_N.uasset" 6919
"../../../../../../24CI0433/Magic_Project/Content/__ExternalActors__/Li/Honnpen/2/FX/KX9GNE3728Y9Z6G6R3B4K7.uasset" 6920
"../../../../../../24CI0433/Magic_Project/Content/__ExternalActors__/Li/Honnpen/2/ML/SK5F94VZOSAOZZX8ONJRNS.uasset" 6921
"../../../../../../24CI0433/Magic_Project/Content/__ExternalActors__/Li/Honnpen/2/O4/3L72R9J8CV6HNI9QBACLGR.uasset" 6922
"../../../../../../24CI0433/Magic_Project/Content/__ExternalActors__/Li/Honnpen/2/SP/KMXKM3CVGJ2UKKL0PH68D6.uasset" 6923
"../../../../../../24CI0433/Magic_Project/Content/__ExternalActors__/Li/Honnpen/2/TU/31X8CLKH024DBWQO3YIH5K.uasset" 6924
"../../../../../../24CI0433/Magic_Project/Content/__ExternalActors__/Li/Honnpen/2/UU/FJCMO39AK9PGBIYIOAR5LX.uasset" 6925
"../../../../../../24CI0433/Magic_Project/Content/Stylized_Village/Assets/VFX/Water/Mesh/SM_WaterMesh.uasset" 6926
"../../../../../../24CI0433/Magic_Project/Content/Stylized_Village/Assets/VFX/Water/Material/MI_Water.uasset" 6927
"../../../../../../24CI0433/Magic_Project/Content/Stylized_Village/Assets/VFX/Water/Material/MM_Water.uasset" 6928
"../../../Engine/Content/Functions/Engine_MaterialFunctions03/ComplexMotion/Motion_4WayChaos_Normal.uasset" 6929
"../../../Engine/Content/Engine_MI_Shaders/T_Base_Tile_Normal.uasset" 6930
"../../../../../../24CI0433/Magic_Project/Content/Stylized_Village/Assets/VFX/Water/Texture/T_Caustic_01a_M.uasset" 6931
"../../../../../../24CI0433/Magic_Project/Content/Stylized_Village/Assets/VFX/Water/Texture/T_StylizedWater_03_N.uasset" 6932
"../../../../../../24CI0433/Magic_Project/Content/Stylized_Village/Assets/VFX/Water/Texture/T_TilingNoise03_M.uasset" 6933
"../../../../../../24CI0433/Magic_Project/Content/__ExternalActors__/Li/Honnpen/2/YI/3D8S7AD5AK1E6RRKOCIUK8.uasset" 6934
"../../../../../../24CI0433/Magic_Project/Content/__ExternalActors__/Li/Honnpen/2/Z8/5ZPEF380SFIZ6RM31DZBHC.uasset" 6935
"../../../../../../24CI0433/Magic_Project/Content/Stylized_Village/Assets/BP_Assets/BP_WindMill_Body.uasset" 6936
"../../../../../../24CI0433/Magic_Project/Content/Stylized_Village/Assets/Architecture/Doors/SM_Door_02.uasset" 6937
"../../../../../../24CI0433/Magic_Project/Content/Stylized_Village/Assets/Architecture/Doors/_Materials/MI_Door.uasset" 6938
"../../../../../../24CI0433/Magic_Project/Content/Stylized_Village/MasterMaterials/MM_Props/Material/MIM_Props_Snow.uasset" 6939
"../../../../../../24CI0433/Magic_Project/Content/Stylized_Village/MasterMaterials/MM_Props/Material/MM_MasterMaterial.uasset" 6940
"../../../Engine/Content/Functions/Engine_MaterialFunctions01/Shading/FuzzyShading.uasset" 6941
"../../../Engine/Content/Functions/Engine_MaterialFunctions01/Texturing/WorldAlignedTexture.uasset" 6942
"../../../Engine/Content/Functions/Engine_MaterialFunctions02/Math/Pi.uasset" 6943
"../../../Engine/Content/Functions/Engine_MaterialFunctions02/Utility/DitherTemporalAA.uasset" 6944
"../../../Engine/Content/Functions/Engine_MaterialFunctions03/Blends/Blend_Overlay.uasset" 6945
"../../../Engine/Content/EngineMaterials/BlendFunc_DefBase.uasset" 6946
"../../../Engine/Content/EngineMaterials/BlendFunc_DefBlend.uasset" 6947
"../../../../../../24CI0433/Magic_Project/Content/Stylized_Village/MasterMaterials/MM_Props/Material_Function/MF_AODirt.uasset" 6948
"../../../../../../24CI0433/Magic_Project/Content/Stylized_Village/MasterMaterials/MM_Props/Material_Function/MF_ColorVar.uasset" 6949
"../../../../../../24CI0433/Magic_Project/Content/Stylized_Village/MasterMaterials/MM_Props/Material_Function/MF_Vertexpaint.uasset" 6950
"../../../../../../24CI0433/Magic_Project/Content/Stylized_Village/MasterMaterials/MM_Props/Material_Function/MF_FuzzyMasterlayer.uasset" 6951
"../../../../../../24CI0433/Magic_Project/Content/Stylized_Village/MasterMaterials/MM_Props/Texture/T_Mask_MRO.uasset" 6952
"../../../../../../24CI0433/Magic_Project/Content/Stylized_Village/MasterMaterials/MM_Props/Material_Function/MF_HeightExtracted.uasset" 6953
"../../../../../../24CI0433/Magic_Project/Content/Stylized_Village/MasterMaterials/MM_Props/Material_Function/MF_MacroAlbedo.uasset" 6954
"../../../../../../24CI0433/Magic_Project/Content/Stylized_Village/MasterMaterials/MM_Props/Material_Function/MF_Masterlayer.uasset" 6955
"../../../../../../24CI0433/Magic_Project/Content/Stylized_Village/MasterMaterials/MM_Props/Material_Function/MF_MatLayerBlend.uasset" 6956
"../../../../../../24CI0433/Magic_Project/Content/Stylized_Village/MasterMaterials/MM_Props/Material_Function/MF_ScaleBaseTile.uasset" 6957
"../../../../../../24CI0433/Magic_Project/Content/Stylized_Village/MasterMaterials/MM_Props/Material_Function/MF_Snowlayer.uasset" 6958
"../../../../../../24CI0433/Magic_Project/Content/Stylized_Village/MasterMaterials/Texture/Snow/T_Splatter_Mask.uasset" 6959
"../../../../../../24CI0433/Magic_Project/Content/Stylized_Village/MasterMaterials/MM_Props/Material_Function/MF_Upvector.uasset" 6960
"../../../../../../24CI0433/Magic_Project/Content/Stylized_Village/MasterMaterials/MM_Props/Material_Function/MF_Wetness.uasset" 6961
"../../../../../../24CI0433/Magic_Project/Content/Stylized_Village/MasterMaterials/MM_Props/Texture/T_Water_N.uasset" 6962
"../../../../../../24CI0433/Magic_Project/Content/Stylized_Village/A_WeatherControl/MC_WorldSeason.uasset" 6963
"../../../Engine/Content/EngineResources/AICON-Green_Low.uasset" 6964
"../../../Engine/Content/EngineResources/Gray.uasset" 6965
"../../../../../../24CI0433/Magic_Project/Content/Stylized_Village/MasterMaterials/MM_Props/Texture/T_MT.uasset" 6966
"../../../../../../24CI0433/Magic_Project/Content/Stylized_Village/MasterMaterials/MM_Props/Texture/T_SnowSof01a_N.uasset" 6967
"../../../../../../24CI0433/Magic_Project/Content/Stylized_Village/MasterMaterials/Texture/T_Grunge/T_Grunge_02a.uasset" 6968
"../../../../../../24CI0433/Magic_Project/Content/Stylized_Village/MasterMaterials/MM_Props/Texture/T_SnowRough_01a_N.uasset" 6969
"../../../../../../24CI0433/Magic_Project/Content/Stylized_Village/MasterMaterials/MM_Props/Texture/T_SnowSof01a_H.uasset" 6970
"../../../../../../24CI0433/Magic_Project/Content/Stylized_Village/Assets/Architecture/Doors/_Textures/T_Doors_01_BC.uasset" 6971
"../../../../../../24CI0433/Magic_Project/Content/Stylized_Village/Assets/Architecture/Doors/_Textures/T_Doors_01_MRO.uasset" 6972
"../../../../../../24CI0433/Magic_Project/Content/Stylized_Village/Assets/Architecture/Doors/_Textures/T_Doors_01_N.uasset" 6973
"../../../../../../24CI0433/Magic_Project/Content/Stylized_Village/Assets/Architecture/Doors/_Textures/T_Doorseal_01_BC.uasset" 6974
"../../../../../../24CI0433/Magic_Project/Content/Stylized_Village/Assets/Architecture/Doors/_Textures/T_Doorseal_01_MRO.uasset" 6975
"../../../../../../24CI0433/Magic_Project/Content/Stylized_Village/Assets/Architecture/Doors/_Textures/T_Doorseal_01_N.uasset" 6976
"../../../../../../24CI0433/Magic_Project/Content/Stylized_Village/Assets/Architecture/Doors/SM_DoorFrame_01.uasset" 6977
"../../../../../../24CI0433/Magic_Project/Content/Stylized_Village/Assets/Architecture/Flagstone/Curved/SM_Flagstone_FullXFull_30.uasset" 6978
"../../../../../../24CI0433/Magic_Project/Content/Stylized_Village/Assets/Architecture/Flagstone/_Materials/MI_Flagstone_Wall_FullxFull.uasset" 6979
"../../../../../../24CI0433/Magic_Project/Content/Stylized_Village/Assets/Architecture/Flagstone/_Materials/MIM_Flagstone.uasset" 6980
"../../../../../../24CI0433/Magic_Project/Content/Stylized_Village/MasterMaterials/Texture/T_Grunge/T_Grunge_04a.uasset" 6981
"../../../../../../24CI0433/Magic_Project/Content/Stylized_Village/Assets/Architecture/Flagstone/_Textures/T_Flagstone_Flabasecolor.uasset" 6982
"../../../../../../24CI0433/Magic_Project/Content/Stylized_Village/Assets/Architecture/Flagstone/_Textures/T_Flagstone_FullXFull_BC.uasset" 6983
"../../../../../../24CI0433/Magic_Project/Content/Stylized_Village/Assets/Architecture/Flagstone/_Textures/T_Flagstone_FullXFull_MROH.uasset" 6984
"../../../../../../24CI0433/Magic_Project/Content/Stylized_Village/Assets/Architecture/Flagstone/_Textures/T_Flagstone_FullXFull_N.uasset" 6985
"../../../../../../24CI0433/Magic_Project/Content/Stylized_Village/Assets/Architecture/Flagstone/Curved/SM_FlagStone_Steps_01_30.uasset" 6986
"../../../../../../24CI0433/Magic_Project/Content/Stylized_Village/Assets/Architecture/Flagstone/_Materials/MI_Flagstone_Wall_Stairs.uasset" 6987
"../../../../../../24CI0433/Magic_Project/Content/Stylized_Village/Assets/Architecture/Flagstone/_Textures/T_Flagstone_Stairs_BC.uasset" 6988
"../../../../../../24CI0433/Magic_Project/Content/Stylized_Village/Assets/Architecture/Flagstone/_Textures/T_Flagstone_Stairs_MRO.uasset" 6989
"../../../../../../24CI0433/Magic_Project/Content/Stylized_Village/Assets/Architecture/Flagstone/_Textures/T_Flagstone_Stairs_N.uasset" 6990
"../../../../../../24CI0433/Magic_Project/Content/Stylized_Village/Assets/Architecture/Flagstone/Curved/SM_FlagStone_TrimThick_Full_30.uasset" 6991
"../../../../../../24CI0433/Magic_Project/Content/Stylized_Village/Assets/Architecture/Flagstone/_Materials/MI_Flagstone_Wall_Trims.uasset" 6992
"../../../../../../24CI0433/Magic_Project/Content/Stylized_Village/Assets/Architecture/Flagstone/_Textures/T_Flagstonerims_BC.uasset" 6993
"../../../../../../24CI0433/Magic_Project/Content/Stylized_Village/Assets/Architecture/Flagstone/_Textures/T_Flagstonerims_MRO.uasset" 6994
"../../../../../../24CI0433/Magic_Project/Content/Stylized_Village/Assets/Architecture/Flagstone/_Textures/T_Flagstonerims_N.uasset" 6995
"../../../../../../24CI0433/Magic_Project/Content/Stylized_Village/Assets/Architecture/Flagstone/Trims/SM_Flagstone_Tiles_Diamonds.uasset" 6996
"../../../../../../24CI0433/Magic_Project/Content/Stylized_Village/Assets/Architecture/Flagstone/_Materials/MI_Flagstone_Wall_Tiles.uasset" 6997
"../../../../../../24CI0433/Magic_Project/Content/Stylized_Village/Assets/Architecture/Flagstone/_Textures/T_Flagstoneiles_BC.uasset" 6998
"../../../../../../24CI0433/Magic_Project/Content/Stylized_Village/Assets/Architecture/Flagstone/_Textures/T_Flagstoneiles_MRO.uasset" 6999
"../../../../../../24CI0433/Magic_Project/Content/Stylized_Village/Assets/Architecture/Flagstone/_Textures/T_Flagstoneiles_N.uasset" 7000
"../../../../../../24CI0433/Magic_Project/Content/Stylized_Village/Assets/Architecture/RoofTiles/Round/SM_RoofTiles_Round_HalfXHalf.uasset" 7001
"../../../../../../24CI0433/Magic_Project/Content/Stylized_Village/Assets/Architecture/RoofTiles/Round/_Materials/MI_RoofTiles_Round_Half.uasset" 7002
"../../../../../../24CI0433/Magic_Project/Content/Stylized_Village/Assets/Architecture/RoofTiles/Round/_Materials/MIM_RoofTiles.uasset" 7003
"../../../../../../24CI0433/Magic_Project/Content/Stylized_Village/Assets/Architecture/RoofTiles/Round/_Textures/T_Moss_BC.uasset" 7004
"../../../../../../24CI0433/Magic_Project/Content/Stylized_Village/Assets/Architecture/RoofTiles/Round/_Textures/T_Moss_MRO.uasset" 7005
"../../../../../../24CI0433/Magic_Project/Content/Stylized_Village/Assets/Architecture/RoofTiles/Round/_Textures/T_Moss_N.uasset" 7006
"../../../../../../24CI0433/Magic_Project/Content/Stylized_Village/Assets/Architecture/RoofTiles/Round/_Textures/T_RoofTiles_Round_HalfXHalf_BC.uasset" 7007
"../../../../../../24CI0433/Magic_Project/Content/Stylized_Village/Assets/Architecture/RoofTiles/Round/_Textures/T_RoofTiles_Round_HalfXHalf_MROH.uasset" 7008
"../../../../../../24CI0433/Magic_Project/Content/Stylized_Village/Assets/Architecture/RoofTiles/Round/_Textures/T_RoofTiles_Round_HalfXHalf_N.uasset" 7009
"../../../../../../24CI0433/Magic_Project/Content/Stylized_Village/Assets/Architecture/Windows/SM_Window_DiamondPanes_Full.uasset" 7010
"../../../../../../24CI0433/Magic_Project/Content/Stylized_Village/Assets/Architecture/Windows/_Materials/MI_Windows_Brown.uasset" 7011
"../../../../../../24CI0433/Magic_Project/Content/Stylized_Village/Assets/Architecture/Windows/_Materials/MIM_Window.uasset" 7012
"../../../../../../24CI0433/Magic_Project/Content/Stylized_Village/Assets/Architecture/Windows/_Textures/T_Windows_01_BC.uasset" 7013
"../../../../../../24CI0433/Magic_Project/Content/Stylized_Village/Assets/Architecture/Windows/_Textures/T_Windows_01_MRO.uasset" 7014
"../../../../../../24CI0433/Magic_Project/Content/Stylized_Village/Assets/Architecture/Windows/_Textures/T_Windows_01_N.uasset" 7015
"../../../../../../24CI0433/Magic_Project/Content/Stylized_Village/Assets/Architecture/Wood/Curved/SM_Wood_Floor_Wall_FullxHalf_30.uasset" 7016
"../../../../../../24CI0433/Magic_Project/Content/Stylized_Village/Assets/Architecture/Wood/_Materials/MI_Wood_Floors.uasset" 7017
"../../../../../../24CI0433/Magic_Project/Content/Stylized_Village/Assets/Architecture/Wood/_Materials/MIM_Wood.uasset" 7018
"../../../../../../24CI0433/Magic_Project/Content/Stylized_Village/Assets/Architecture/Wood/_Textures/T_Floors_BC.uasset" 7019
"../../../../../../24CI0433/Magic_Project/Content/Stylized_Village/Assets/Architecture/Wood/_Textures/T_Floors_MROH.uasset" 7020
"../../../../../../24CI0433/Magic_Project/Content/Stylized_Village/Assets/Architecture/Wood/_Textures/T_Floors_N.uasset" 7021
"../../../../../../24CI0433/Magic_Project/Content/Stylized_Village/Assets/Architecture/Wood/Curved/SM_Wood_Wall_FullXHalf_30.uasset" 7022
"../../../../../../24CI0433/Magic_Project/Content/Stylized_Village/Assets/Architecture/Wood/_Materials/MI_Wood_WallsFull.uasset" 7023
"../../../../../../24CI0433/Magic_Project/Content/Stylized_Village/Assets/Architecture/Wood/_Textures/T_Wall_Full_BC.uasset" 7024
"../../../../../../24CI0433/Magic_Project/Content/Stylized_Village/Assets/Architecture/Wood/_Textures/T_Wall_Full_MROH.uasset" 7025
"../../../../../../24CI0433/Magic_Project/Content/Stylized_Village/Assets/Architecture/Wood/_Textures/T_Wall_Full_N.uasset" 7026
"../../../../../../24CI0433/Magic_Project/Content/Stylized_Village/Assets/Architecture/Wood/Curved/SM_Wood_Wall_HalfXHalf_45.uasset" 7027
"../../../../../../24CI0433/Magic_Project/Content/Stylized_Village/Assets/Architecture/Wood/_Materials/MI_Wood_Roof.uasset" 7028
"../../../../../../24CI0433/Magic_Project/Content/Stylized_Village/Assets/Architecture/Wood/_Textures/T_RoofWall_Large_WallHalf_BC.uasset" 7029
"../../../../../../24CI0433/Magic_Project/Content/Stylized_Village/Assets/Architecture/Wood/_Textures/T_RoofWall_Large_WallHalf_MROH.uasset" 7030
"../../../../../../24CI0433/Magic_Project/Content/Stylized_Village/Assets/Architecture/Wood/_Textures/T_RoofWall_Large_WallHalf_N.uasset" 7031
"../../../../../../24CI0433/Magic_Project/Content/Stylized_Village/Assets/Architecture/Wood/Pieces/SM_Log_Large.uasset" 7032
"../../../../../../24CI0433/Magic_Project/Content/Stylized_Village/Assets/Architecture/Wood/_Materials/MI_Wood_PiecesBeams_Logs.uasset" 7033
"../../../../../../24CI0433/Magic_Project/Content/Stylized_Village/Assets/Architecture/Wood/_Textures/T_Pieces_Logs_BC.uasset" 7034
"../../../../../../24CI0433/Magic_Project/Content/Stylized_Village/Assets/Architecture/Wood/_Textures/T_Pieces_Logs_MROH.uasset" 7035
"../../../../../../24CI0433/Magic_Project/Content/Stylized_Village/Assets/Architecture/Wood/_Textures/T_Pieces_Logs_N.uasset" 7036
"../../../../../../24CI0433/Magic_Project/Content/Stylized_Village/Assets/Architecture/Wood/Walls/SM_Wood_Wall_BeamCross_FullXFull_LP.uasset" 7037
"../../../../../../24CI0433/Magic_Project/Content/Stylized_Village/Assets/Architecture/Wood/Walls/SM_Wood_Wall_HalfArch_LP.uasset" 7038
"../../../../../../24CI0433/Magic_Project/Content/Stylized_Village/Assets/Architecture/Wood/_Materials/MI_Wood_Arches.uasset" 7039
"../../../../../../24CI0433/Magic_Project/Content/Stylized_Village/Assets/Architecture/Wood/_Textures/T_ArchesRoofWall_Small_BC.uasset" 7040
"../../../../../../24CI0433/Magic_Project/Content/Stylized_Village/Assets/Architecture/Wood/_Textures/T_ArchesRoofWall_Small_MROH.uasset" 7041
"../../../../../../24CI0433/Magic_Project/Content/Stylized_Village/Assets/Architecture/Wood/_Textures/T_ArchesRoofWall_Small_N.uasset" 7042
"../../../../../../24CI0433/Magic_Project/Content/Stylized_Village/Assets/Architecture/Wood/Walls/SM_Wood_Wall_HorizontalSlats_Half_LP.uasset" 7043
"../../../../../../24CI0433/Magic_Project/Content/Stylized_Village/Assets/Architecture/Wood/_Materials/MI_Wood_WallsSlats.uasset" 7044
"../../../../../../24CI0433/Magic_Project/Content/Stylized_Village/Assets/Architecture/Wood/_Textures/T_Wall_Slats_BC.uasset" 7045
"../../../../../../24CI0433/Magic_Project/Content/Stylized_Village/Assets/Architecture/Wood/_Textures/T_Wall_Slats_MROH.uasset" 7046
"../../../../../../24CI0433/Magic_Project/Content/Stylized_Village/Assets/Architecture/Wood/_Textures/T_Wall_Slats_N.uasset" 7047
"../../../../../../24CI0433/Magic_Project/Content/Stylized_Village/Assets/Architecture/Wood/Walls/SM_Wood_Wall_QuarterXFull_LP.uasset" 7048
"../../../../../../24CI0433/Magic_Project/Content/Stylized_Village/Assets/Architecture/Wood/Walls/SM_Wood_Wall_QuarterXHalf_LP.uasset" 7049
"../../../../../../24CI0433/Magic_Project/Content/__ExternalActors__/Li/Honnpen/B/WI/VFF69ZBU0CUQ9ZRFFR4TTS.uasset" 7050
"../../../../../../24CI0433/Magic_Project/Content/Stylized_Village/Assets/BP_Assets/BP_WindMill.uasset" 7051
"../../../../../../24CI0433/Magic_Project/Content/Stylized_Village/Assets/Props/Tarps/SM_Windmill_Sail_01.uasset" 7052
"../../../../../../24CI0433/Magic_Project/Content/Stylized_Village/Assets/Architecture/Wood/_Materials/MI_Wood_PiecesBeams_Large.uasset" 7053
"../../../../../../24CI0433/Magic_Project/Content/Stylized_Village/Assets/Architecture/Wood/_Textures/T_Pieces_Beams_Large_BC.uasset" 7054
"../../../../../../24CI0433/Magic_Project/Content/Stylized_Village/Assets/Architecture/Wood/_Textures/T_Pieces_Beams_Large_MROH.uasset" 7055
"../../../../../../24CI0433/Magic_Project/Content/Stylized_Village/Assets/Architecture/Wood/_Textures/T_Pieces_Beams_Large_N.uasset" 7056
"../../../../../../24CI0433/Magic_Project/Content/Stylized_Village/Assets/Architecture/Wood/_Materials/MI_Wood_PiecesBeams_Small.uasset" 7057
"../../../../../../24CI0433/Magic_Project/Content/Stylized_Village/Assets/Architecture/Wood/_Textures/T_Pieces_Beams_Small_BC.uasset" 7058
"../../../../../../24CI0433/Magic_Project/Content/Stylized_Village/Assets/Architecture/Wood/_Textures/T_Pieces_Beams_Small_MROH.uasset" 7059
"../../../../../../24CI0433/Magic_Project/Content/Stylized_Village/Assets/Architecture/Wood/_Textures/T_Pieces_Beams_Small_N.uasset" 7060
"../../../../../../24CI0433/Magic_Project/Content/Stylized_Village/Assets/Props/Tarps/_Materials/MI_Tarps_02.uasset" 7061
"../../../../../../24CI0433/Magic_Project/Content/Stylized_Village/Assets/Props/Tarps/_Textures/T_Tarps_01_BC.uasset" 7062
"../../../../../../24CI0433/Magic_Project/Content/Stylized_Village/Assets/Props/Tarps/_Textures/T_Tarps_01_MRO.uasset" 7063
"../../../../../../24CI0433/Magic_Project/Content/Stylized_Village/Assets/Props/Tarps/_Textures/T_Tarps_01_N.uasset" 7064
"../../../../../../24CI0433/Magic_Project/Content/__ExternalActors__/Li/Honnpen/2/ZS/J3KGFD7WAP1ULB1E44FAAW.uasset" 7065
"../../../../../../24CI0433/Magic_Project/Content/__ExternalActors__/Li/Honnpen/3/0L/KWRFLFS2WLXFAB9Y0XY7HO.uasset" 7066
"../../../../../../24CI0433/Magic_Project/Content/WindmillValley/Blueprint/BP_Fence_02.uasset" 7067
"../../../../../../24CI0433/Magic_Project/Content/WindmillValley/Materials/MaterialInstances/MI_Fence_02.uasset" 7068
"../../../../../../24CI0433/Magic_Project/Content/WindmillValley/Textures/T_Fence_01_D.uasset" 7069
"../../../../../../24CI0433/Magic_Project/Content/WindmillValley/Textures/T_Fence_01_N.uasset" 7070
"../../../../../../24CI0433/Magic_Project/Content/WindmillValley/Textures/T_Fence_01_ORM.uasset" 7071
"../../../../../../24CI0433/Magic_Project/Content/WindmillValley/Meshes/SM_Fence_02.uasset" 7072
"../../../../../../24CI0433/Magic_Project/Content/__ExternalActors__/Li/Honnpen/3/4O/L9NE4JMLP4ZAXQ6FVYAKAA.uasset" 7073
"../../../../../../24CI0433/Magic_Project/Content/__ExternalActors__/Li/Honnpen/3/67/ZCS1JXPDTQTI4GBOMM8HA8.uasset" 7074
"../../../../../../24CI0433/Magic_Project/Content/__ExternalActors__/Li/Honnpen/3/A0/3ONE1HGQPKS4WE0OZWC731.uasset" 7075
"../../../../../../24CI0433/Magic_Project/Content/__ExternalActors__/Li/Honnpen/3/AU/D302HUOQQSFTJBHTGX33Y5.uasset" 7076
"../../../../../../24CI0433/Magic_Project/Content/__ExternalActors__/Li/Honnpen/3/E0/VRL4PBT3CNINND4J2H4FI6.uasset" 7077
"../../../../../../24CI0433/Magic_Project/Content/__ExternalActors__/Li/Honnpen/3/ES/HYODKENLWTDKDVK9KHQ84C.uasset" 7078
"../../../../../../24CI0433/Magic_Project/Content/WindmillValley/Blueprint/BP_Barrels_02.uasset" 7079
"../../../../../../24CI0433/Magic_Project/Content/WindmillValley/Meshes/SM_Barrel.uasset" 7080
"../../../../../../24CI0433/Magic_Project/Content/WindmillValley/Materials/MaterialInstances/MI_Barrel.uasset" 7081
"../../../../../../24CI0433/Magic_Project/Content/WindmillValley/Textures/T_BarrellWindow_D.uasset" 7082
"../../../../../../24CI0433/Magic_Project/Content/WindmillValley/Textures/T_BarrellWindow_N.uasset" 7083
"../../../../../../24CI0433/Magic_Project/Content/WindmillValley/Textures/T_BarrellWindow_ORM.uasset" 7084
"../../../../../../24CI0433/Magic_Project/Content/__ExternalActors__/Li/Honnpen/3/GE/ZN0LIRMHHZYYAJ4Q9L9RJM.uasset" 7085
"../../../../../../24CI0433/Magic_Project/Content/__ExternalActors__/Li/Honnpen/3/PG/6JF8EPOVMQL8LP0G2KP7G7.uasset" 7086
"../../../../../../24CI0433/Magic_Project/Content/WindmillValley/Blueprint/BP_Rocks_02.uasset" 7087
"../../../../../../24CI0433/Magic_Project/Content/__ExternalActors__/Li/Honnpen/3/UG/MH7BI7V6CIS0MKXVFXMHCK.uasset" 7088
"../../../../../../24CI0433/Magic_Project/Content/__ExternalActors__/Li/Honnpen/4/5C/52HEIEFJLGE3UFKE5S0O6B.uasset" 7089
"../../../../../../24CI0433/Magic_Project/Content/__ExternalActors__/Li/Honnpen/4/8L/BQ2HWKMKWBU02GI5NXWAJY.uasset" 7090
"../../../../../../24CI0433/Magic_Project/Content/__ExternalActors__/Li/Honnpen/4/8N/CO22E5ZUMNZJBNEQM7GGCR.uasset" 7091
"../../../../../../24CI0433/Magic_Project/Content/__ExternalActors__/Li/Honnpen/4/H6/GC4BHDQATN6N8Q8B4RHGVP.uasset" 7092
"../../../../../../24CI0433/Magic_Project/Content/__ExternalActors__/Li/Honnpen/4/I8/6BQDCV654QUTS964SZ7EMA.uasset" 7093
"../../../../../../24CI0433/Magic_Project/Content/__ExternalActors__/Li/Honnpen/4/IV/3Q97GRWYRK4LFQQK82MQF3.uasset" 7094
"../../../../../../24CI0433/Magic_Project/Content/__ExternalActors__/Li/Honnpen/4/LZ/J0KIMIQCUD8H12IU70VQDE.uasset" 7095
"../../../../../../24CI0433/Magic_Project/Content/__ExternalActors__/Li/Honnpen/4/PT/XH5O8SKZUBE5ZFBGDSYR86.uasset" 7096
"../../../../../../24CI0433/Magic_Project/Content/__ExternalActors__/Li/Honnpen/4/R2/0BUSJ52MFC8YSJFT2MASTI.uasset" 7097
"../../../../../../24CI0433/Magic_Project/Content/__ExternalActors__/Li/Honnpen/4/T5/G0BTL6OJ71UX82JABV9GGV.uasset" 7098
"../../../../../../24CI0433/Magic_Project/Content/StylizedProvencal/Meshes/SM_Fence_02.uasset" 7099
"../../../../../../24CI0433/Magic_Project/Content/__ExternalActors__/Li/Honnpen/4/TV/S3Q6II2YJRYG39E0PAQBL2.uasset" 7100
"../../../../../../24CI0433/Magic_Project/Content/WindmillValley/Blueprint/BP_Dock_01.uasset" 7101
"../../../../../../24CI0433/Magic_Project/Content/WindmillValley/Materials/MaterialInstances/MI_Bridge_02.uasset" 7102
"../../../../../../24CI0433/Magic_Project/Content/WindmillValley/Textures/T_ColumnBridge_D.uasset" 7103
"../../../../../../24CI0433/Magic_Project/Content/WindmillValley/Textures/T_ColumnBridge_N.uasset" 7104
"../../../../../../24CI0433/Magic_Project/Content/WindmillValley/Textures/T_ColumnBridge_ORM.uasset" 7105
"../../../../../../24CI0433/Magic_Project/Content/WindmillValley/Meshes/SM_BoardBridge.uasset" 7106
"../../../../../../24CI0433/Magic_Project/Content/WindmillValley/Meshes/SM_ColumnBridge.uasset" 7107
"../../../../../../24CI0433/Magic_Project/Content/WindmillValley/Meshes/SM_Scalino.uasset" 7108
"../../../../../../24CI0433/Magic_Project/Content/WindmillValley/Materials/MaterialInstances/MI_Stair.uasset" 7109
"../../../../../../24CI0433/Magic_Project/Content/WindmillValley/Textures/T_Stair_D.uasset" 7110
"../../../../../../24CI0433/Magic_Project/Content/WindmillValley/Textures/T_Stair_N.uasset" 7111
"../../../../../../24CI0433/Magic_Project/Content/WindmillValley/Textures/T_Stair_ORM.uasset" 7112
"../../../../../../24CI0433/Magic_Project/Content/__ExternalActors__/Li/Honnpen/4/YR/GNHTPNXOLN0LOZB268XTBG.uasset" 7113
"../../../../../../24CI0433/Magic_Project/Content/__ExternalActors__/Li/Honnpen/5/00/32ZCRVRVHSEKS4B4UYTQP0.uasset" 7114
"../../../../../../24CI0433/Magic_Project/Content/__ExternalActors__/Li/Honnpen/5/09/YDJUSKBYOUPH6A0X1B74R0.uasset" 7115
"../../../../../../24CI0433/Magic_Project/Content/WindmillValley/Blueprint/BP_Wheat.uasset" 7116
"../../../../../../24CI0433/Magic_Project/Content/WindmillValley/Meshes/SM_Wheat_01.uasset" 7117
"../../../../../../24CI0433/Magic_Project/Content/WindmillValley/Materials/MaterialInstances/MI_Fieno.uasset" 7118
"../../../../../../24CI0433/Magic_Project/Content/WindmillValley/Materials/MasterMaterials/M_Standard_01.uasset" 7119
"../../../Engine/Content/Functions/Engine_MaterialFunctions01/ImageAdjustment/CheapContrast_RGB.uasset" 7120
"../../../Engine/Content/EngineDebugMaterials/HeatmapGradient.uasset" 7121
"../../../../../../24CI0433/Magic_Project/Content/WindmillValley/Textures/T_Erba_01_Mask.uasset" 7122
"../../../../../../24CI0433/Magic_Project/Content/WindmillValley/Textures/T_Whaet_01_Mask.uasset" 7123
"../../../../../../24CI0433/Magic_Project/Content/WindmillValley/Textures/T_WheatAlpha_D.uasset" 7124
"../../../../../../24CI0433/Magic_Project/Content/WindmillValley/Textures/T_WheatAlpha_N.uasset" 7125
"../../../../../../24CI0433/Magic_Project/Content/WindmillValley/Textures/T_WheatAlpha_ORM.uasset" 7126
"../../../../../../24CI0433/Magic_Project/Content/WindmillValley/Meshes/SM_Wheat_02.uasset" 7127
"../../../../../../24CI0433/Magic_Project/Content/WindmillValley/Materials/MaterialInstances/MI_PlaneWheat.uasset" 7128
"../../../../../../24CI0433/Magic_Project/Content/WindmillValley/Materials/MasterMaterials/M_Wall.uasset" 7129
"../../../../../../24CI0433/Magic_Project/Content/WindmillValley/Materials/MasterMaterials/M_Default.uasset" 7130
"../../../../../../24CI0433/Magic_Project/Content/WindmillValley/Textures/T_Wall_H.uasset" 7131
"../../../../../../24CI0433/Magic_Project/Content/WindmillValley/Textures/T_Wheat_01_AO.uasset" 7132
"../../../../../../24CI0433/Magic_Project/Content/WindmillValley/Textures/T_Wheat_01_H.uasset" 7133
"../../../../../../24CI0433/Magic_Project/Content/WindmillValley/Textures/T_Wheat_02_D.uasset" 7134
"../../../../../../24CI0433/Magic_Project/Content/WindmillValley/Textures/T_Wheat_02_N.uasset" 7135
"../../../../../../24CI0433/Magic_Project/Content/WindmillValley/Materials/MaterialInstances/MI_Whaet.uasset" 7136
"../../../../../../24CI0433/Magic_Project/Content/WindmillValley/Textures/T_Wheat_01_D.uasset" 7137
"../../../../../../24CI0433/Magic_Project/Content/WindmillValley/Textures/T_Wheat_01_N.uasset" 7138
"../../../../../../24CI0433/Magic_Project/Content/WindmillValley/Textures/T_Wheat_01_ORM.uasset" 7139
"../../../../../../24CI0433/Magic_Project/Content/__ExternalActors__/Li/Honnpen/5/1C/8I3TSDUFYK5WNE5PH80O9G.uasset" 7140
"../../../../../../24CI0433/Magic_Project/Content/__ExternalActors__/Li/Honnpen/5/1N/9ZUR68L5YVYAL3NGZXWUPS.uasset" 7141
"../../../../../../24CI0433/Magic_Project/Content/__ExternalActors__/Li/Honnpen/5/34/0Y62O1OKRSKAFZ48Z79V0W.uasset" 7142
"../../../../../../24CI0433/Magic_Project/Content/StylizedProvencal/Meshes/SM_Tunnel.uasset" 7143
"../../../../../../24CI0433/Magic_Project/Content/StylizedProvencal/Materials/MI_Ground_VertexPaint.uasset" 7144
"../../../../../../24CI0433/Magic_Project/Content/StylizedProvencal/Textures/T_Default_AORM.uasset" 7145
"../../../../../../24CI0433/Magic_Project/Content/StylizedProvencal/Textures/T_Default_N.uasset" 7146
"../../../../../../24CI0433/Magic_Project/Content/StylizedProvencal/Textures/T_Dirt_A0RM.uasset" 7147
"../../../../../../24CI0433/Magic_Project/Content/StylizedProvencal/Textures/T_Dirt_B.uasset" 7148
"../../../../../../24CI0433/Magic_Project/Content/StylizedProvencal/Textures/T_Dirt_M.uasset" 7149
"../../../../../../24CI0433/Magic_Project/Content/StylizedProvencal/Textures/T_Plaster_02_B.uasset" 7150
"../../../../../../24CI0433/Magic_Project/Content/StylizedProvencal/Materials/MI_Rocks_Bricks_2.uasset" 7151
"../../../../../../24CI0433/Magic_Project/Content/__ExternalActors__/Li/Honnpen/5/7V/80LGKVUAM9SL12FVA7MI39.uasset" 7152
"../../../../../../24CI0433/Magic_Project/Content/StylizedProvencal/Meshes/SM_Bench.uasset" 7153
"../../../../../../24CI0433/Magic_Project/Content/StylizedProvencal/Materials/MI_Cart.uasset" 7154
"../../../../../../24CI0433/Magic_Project/Content/StylizedProvencal/Textures/T_Cart_AORM.uasset" 7155
"../../../../../../24CI0433/Magic_Project/Content/StylizedProvencal/Textures/T_Cart_B.uasset" 7156
"../../../../../../24CI0433/Magic_Project/Content/StylizedProvencal/Textures/T_Cart_N.uasset" 7157
"../../../../../../24CI0433/Magic_Project/Content/__ExternalActors__/Li/Honnpen/5/86/UIFNBCHCF68PS0T4C7N8WD.uasset" 7158
"../../../../../../24CI0433/Magic_Project/Content/__ExternalActors__/Li/Honnpen/5/DI/SYKTUZI1L3XKQMD13HZQOG.uasset" 7159
"../../../../../../24CI0433/Magic_Project/Content/AdvancedVillagePack/Blueprints/BP_Well.uasset" 7160
"../../../../../../24CI0433/Magic_Project/Content/AdvancedVillagePack/Meshes/SM_Well.uasset" 7161
"../../../../../../24CI0433/Magic_Project/Content/AdvancedVillagePack/Materials/M_Inst_Pack_03.uasset" 7162
"../../../../../../24CI0433/Magic_Project/Content/AdvancedVillagePack/Textures/T_Pack_03_D.uasset" 7163
"../../../../../../24CI0433/Magic_Project/Content/AdvancedVillagePack/Textures/T_Pack_03_N.uasset" 7164
"../../../../../../24CI0433/Magic_Project/Content/AdvancedVillagePack/Textures/T_Pack_03_RM.uasset" 7165
"../../../../../../24CI0433/Magic_Project/Content/AdvancedVillagePack/Meshes/SM_Well_Extra01.uasset" 7166
"../../../../../../24CI0433/Magic_Project/Content/AdvancedVillagePack/Meshes/SM_Well_Extra02.uasset" 7167
"../../../../../../24CI0433/Magic_Project/Content/AdvancedVillagePack/Meshes/SM_Well_Extra03.uasset" 7168
"../../../../../../24CI0433/Magic_Project/Content/AdvancedVillagePack/Meshes/SM_Well_Extra04.uasset" 7169
"../../../../../../24CI0433/Magic_Project/Content/__ExternalActors__/Li/Honnpen/5/I1/5Z975JDCS58ZSP42BD0NJR.uasset" 7170
"../../../../../../24CI0433/Magic_Project/Content/__ExternalActors__/Li/Honnpen/5/I3/N7R6OYMWC625GEZK0JGPLK.uasset" 7171
"../../../../../../24CI0433/Magic_Project/Content/StylizedProvencal/Meshes/SM_Vines_Group_03_b.uasset" 7172
"../../../../../../24CI0433/Magic_Project/Content/StylizedProvencal/Materials/MI_Flora.uasset" 7173
"../../../../../../24CI0433/Magic_Project/Content/StylizedProvencal/Materials/MM_Master_Flora.uasset" 7174
"../../../../../../24CI0433/Magic_Project/Content/StylizedProvencal/Materials/Landscape/RVT_Landscape_Color.uasset" 7175
"../../../../../../24CI0433/Magic_Project/Content/StylizedProvencal/Textures/T_Flora_Atlas_01_B.uasset" 7176
"../../../../../../24CI0433/Magic_Project/Content/__ExternalActors__/Li/Honnpen/5/IJ/4UF4OEOIKBURFK892TGOYH.uasset" 7177
"../../../../../../24CI0433/Magic_Project/Content/__ExternalActors__/Li/Honnpen/5/JV/KBUNG9TP1N56D6BD4HW4N7.uasset" 7178
"../../../../../../24CI0433/Magic_Project/Content/__ExternalActors__/Li/Honnpen/5/KP/07TS3K6KFH76IMWEGZ9T3V.uasset" 7179
"../../../../../../24CI0433/Magic_Project/Content/__ExternalActors__/Li/Honnpen/5/L8/4S1R1B2JYHNELSGD33QQQM.uasset" 7180
"../../../../../../24CI0433/Magic_Project/Content/Stylized_Village/Assets/Foliage/Flowers/BabyBlueEyesAndPoppies/SM_BabyBlueEyes_Large_01_FoliageType.uasset" 7181
"../../../../../../24CI0433/Magic_Project/Content/Stylized_Village/Assets/Foliage/Flowers/BabyBlueEyesAndPoppies/SM_BabyBlueEyes_Large_01.uasset" 7182
"../../../../../../24CI0433/Magic_Project/Content/Stylized_Village/Assets/Foliage/Flowers/BabyBlueEyesAndPoppies/_Materials/MI_BabyBlueEyes.uasset" 7183
"../../../../../../24CI0433/Magic_Project/Content/Stylized_Village/Assets/Foliage/Flowers/BabyBlueEyesAndPoppies/_Materials/MI_Poppies.uasset" 7184
"../../../../../../24CI0433/Magic_Project/Content/Stylized_Village/Assets/Foliage/Grass/_Materials/M_StylizedFoliage.uasset" 7185
"../../../Engine/Content/Functions/Engine_MaterialFunctions01/ImageAdjustment/3ColorBlend.uasset" 7186
"../../../Engine/Content/Functions/Engine_MaterialFunctions02/3PointLevels.uasset" 7187
"../../../Engine/Content/Functions/Engine_MaterialFunctions02/Math/InverseTransformMatrix.uasset" 7188
"../../../../../../24CI0433/Magic_Project/Content/Stylized_Village/Assets/Foliage/Grass/_Materials/MaterialFunction/ImposterCaptureSwitch.uasset" 7189
"../../../../../../24CI0433/Magic_Project/Content/Stylized_Village/Assets/Foliage/Grass/_Materials/MaterialFunction/MPC_ImposterCapture.uasset" 7190
"../../../../../../24CI0433/Magic_Project/Content/Stylized_Village/Assets/_Global/Materials/_UtilityTextures/T_Moisture_Grunge_BC.uasset" 7191
"../../../../../../24CI0433/Magic_Project/Content/Stylized_Village/Assets/_Global/Materials/_UtilityTextures/T_Wave_Utility.uasset" 7192
"../../../../../../24CI0433/Magic_Project/Content/Stylized_Village/Assets/_Global/Materials/_UtilityTextures/T_Wave_Utility_02.uasset" 7193
"../../../../../../24CI0433/Magic_Project/Content/Stylized_Village/Assets/Foliage/Grass/_Textures/T_SimpleGrass_01_A_BC.uasset" 7194
"../../../../../../24CI0433/Magic_Project/Content/Stylized_Village/Assets/Foliage/Grass/_Textures/T_SimpleGrass_01_A_MROH.uasset" 7195
"../../../../../../24CI0433/Magic_Project/Content/Stylized_Village/Assets/Foliage/Grass/_Textures/T_SimpleGrass_01_A_N.uasset" 7196
"../../../../../../24CI0433/Magic_Project/Content/Stylized_Village/MasterMaterials/MM_Props/Texture/T_SnowRough_01a_H.uasset" 7197
"../../../../../../24CI0433/Magic_Project/Content/Stylized_Village/Assets/Foliage/Flowers/BabyBlueEyesAndPoppies/_Textures/T_BabyBlueEyesAndPoppies_BC.uasset" 7198
"../../../../../../24CI0433/Magic_Project/Content/Stylized_Village/Assets/Foliage/Flowers/BabyBlueEyesAndPoppies/_Textures/T_BabyBlueEyesAndPoppies_MRO.uasset" 7199
"../../../../../../24CI0433/Magic_Project/Content/Stylized_Village/Assets/Foliage/Flowers/BabyBlueEyesAndPoppies/_Textures/T_BabyBlueEyesAndPoppies_N.uasset" 7200
"../../../../../../24CI0433/Magic_Project/Content/Stylized_Village/Assets/Foliage/Flowers/BabyBlueEyesAndPoppies/SM_BabyBlueEyes_Medium_01_FoliageType.uasset" 7201
"../../../../../../24CI0433/Magic_Project/Content/Stylized_Village/Assets/Foliage/Flowers/BabyBlueEyesAndPoppies/SM_BabyBlueEyes_Medium_01.uasset" 7202
"../../../../../../24CI0433/Magic_Project/Content/Stylized_Village/Assets/Foliage/Flowers/BabyBlueEyesAndPoppies/SM_BabyBlueEyes_Small_01_FoliageType.uasset" 7203
"../../../../../../24CI0433/Magic_Project/Content/Stylized_Village/Assets/Foliage/Flowers/BabyBlueEyesAndPoppies/SM_BabyBlueEyes_Small_01.uasset" 7204
"../../../../../../24CI0433/Magic_Project/Content/Stylized_Village/Assets/Foliage/Flowers/BabyBlueEyesAndPoppies/SM_Poppy_Small_01_FoliageType.uasset" 7205
"../../../../../../24CI0433/Magic_Project/Content/Stylized_Village/Assets/Foliage/Flowers/BabyBlueEyesAndPoppies/SM_Poppy_Small_01.uasset" 7206
"../../../../../../24CI0433/Magic_Project/Content/Stylized_Village/Assets/Foliage/Flowers/RosesAndDandelions/SM_Dandelion_01_FoliageType.uasset" 7207
"../../../../../../24CI0433/Magic_Project/Content/Stylized_Village/Assets/Foliage/Flowers/RosesAndDandelions/SM_Dandelion_01.uasset" 7208
"../../../../../../24CI0433/Magic_Project/Content/Stylized_Village/Assets/Foliage/Flowers/RosesAndDandelions/_Materials/MI_Dandelions.uasset" 7209
"../../../../../../24CI0433/Magic_Project/Content/Stylized_Village/Assets/Foliage/Flowers/RosesAndDandelions/_Materials/MI_Roses.uasset" 7210
"../../../../../../24CI0433/Magic_Project/Content/Stylized_Village/Assets/Foliage/Flowers/RosesAndDandelions/_Textures/T_DandelionAndRoses_BC.uasset" 7211
"../../../../../../24CI0433/Magic_Project/Content/Stylized_Village/Assets/Foliage/Flowers/RosesAndDandelions/_Textures/T_DandelionAndRoses_MRO.uasset" 7212
"../../../../../../24CI0433/Magic_Project/Content/Stylized_Village/Assets/Foliage/Flowers/RosesAndDandelions/_Textures/T_DandelionAndRoses_N.uasset" 7213
"../../../../../../24CI0433/Magic_Project/Content/Stylized_Village/Assets/Foliage/Flowers/RosesAndDandelions/SM_Dandelion_02_FoliageType.uasset" 7214
"../../../../../../24CI0433/Magic_Project/Content/Stylized_Village/Assets/Foliage/Flowers/RosesAndDandelions/SM_Dandelion_02.uasset" 7215
"../../../../../../24CI0433/Magic_Project/Content/Stylized_Village/Assets/Foliage/Flowers/RosesAndDandelions/SM_Dandelion_03_FoliageType.uasset" 7216
"../../../../../../24CI0433/Magic_Project/Content/Stylized_Village/Assets/Foliage/Flowers/RosesAndDandelions/SM_Dandelion_03.uasset" 7217
"../../../../../../24CI0433/Magic_Project/Content/Stylized_Village/Assets/Foliage/Flowers/RosesAndDandelions/SM_Rose_Bush_Flat_01_FoliageType.uasset" 7218
"../../../../../../24CI0433/Magic_Project/Content/Stylized_Village/Assets/Foliage/Flowers/RosesAndDandelions/SM_Rose_Bush_Flat_01.uasset" 7219
"../../../../../../24CI0433/Magic_Project/Content/Stylized_Village/Assets/Foliage/Flowers/RosesAndDandelions/_Materials/MI_RoseStems.uasset" 7220
"../../../../../../24CI0433/Magic_Project/Content/Stylized_Village/Assets/Foliage/Grass/_Materials/M_BaseColorUtility.uasset" 7221
"../../../../../../24CI0433/Magic_Project/Content/__ExternalActors__/Li/Honnpen/5/M5/3U45HMEZWNHRZP9S5TF5RP.uasset" 7222
"../../../../../../24CI0433/Magic_Project/Content/__ExternalActors__/Li/Honnpen/5/O0/ZE5KMTIHYNRPOXZANNN568.uasset" 7223
"../../../../../../24CI0433/Magic_Project/Content/__ExternalActors__/Li/Honnpen/5/RR/2ELGIVH6YWJQZXJVVNID3V.uasset" 7224
"../../../../../../24CI0433/Magic_Project/Content/__ExternalActors__/Li/Honnpen/5/T7/CZS655I624EIR7ULMYAYNB.uasset" 7225
"../../../../../../24CI0433/Magic_Project/Content/__ExternalActors__/Li/Honnpen/5/U3/LMLCG0BPI1JZ43NTL8PW0G.uasset" 7226
"../../../../../../24CI0433/Magic_Project/Content/__ExternalActors__/Li/Honnpen/5/VN/G0YGEGSJZPMGTQYH3N14FE.uasset" 7227
"../../../../../../24CI0433/Magic_Project/Content/WindmillValley/Blueprint/BP_Cart_Pumpkin.uasset" 7228
"../../../../../../24CI0433/Magic_Project/Content/WindmillValley/Meshes/SM_Cart.uasset" 7229
"../../../../../../24CI0433/Magic_Project/Content/WindmillValley/Materials/MaterialInstances/MI_Cart.uasset" 7230
"../../../../../../24CI0433/Magic_Project/Content/WindmillValley/Textures/T_Cart_D.uasset" 7231
"../../../../../../24CI0433/Magic_Project/Content/WindmillValley/Textures/T_Cart_N.uasset" 7232
"../../../../../../24CI0433/Magic_Project/Content/WindmillValley/Textures/T_Cart_ORM.uasset" 7233
"../../../../../../24CI0433/Magic_Project/Content/WindmillValley/Meshes/SM_Pumpkin.uasset" 7234
"../../../../../../24CI0433/Magic_Project/Content/WindmillValley/Materials/MaterialInstances/MI_Object.uasset" 7235
"../../../../../../24CI0433/Magic_Project/Content/WindmillValley/Textures/T_Lantern_D.uasset" 7236
"../../../../../../24CI0433/Magic_Project/Content/WindmillValley/Textures/T_Lantern_N.uasset" 7237
"../../../../../../24CI0433/Magic_Project/Content/WindmillValley/Textures/T_Lantern_ORM.uasset" 7238
"../../../../../../24CI0433/Magic_Project/Content/__ExternalActors__/Li/Honnpen/5/Z1/3L3CVT2GY5Z9DB6F0I4XDC.uasset" 7239
"../../../../../../24CI0433/Magic_Project/Content/__ExternalActors__/Li/Honnpen/6/5H/ALH1KBOOZN5IVGGMAHTWIX.uasset" 7240
"../../../../../../24CI0433/Magic_Project/Content/__ExternalActors__/Li/Honnpen/6/9D/KEV5TM1KK5J0YFFC384Z3T.uasset" 7241
"../../../../../../24CI0433/Magic_Project/Content/WindmillValley/Blueprint/BP_LittleHouse_02.uasset" 7242
"../../../../../../24CI0433/Magic_Project/Content/WindmillValley/Materials/MaterialInstances/MI_RoofTiles_01.uasset" 7243
"../../../../../../24CI0433/Magic_Project/Content/WindmillValley/Materials/MasterMaterials/M_RoofTiles.uasset" 7244
"../../../../../../24CI0433/Magic_Project/Content/WindmillValley/Textures/T_RoofTiles_01_D.uasset" 7245
"../../../../../../24CI0433/Magic_Project/Content/WindmillValley/Textures/T_RoofTiles_01_N.uasset" 7246
"../../../../../../24CI0433/Magic_Project/Content/WindmillValley/Textures/T_RoofTiles_01_ORM.uasset" 7247
"../../../../../../24CI0433/Magic_Project/Content/WindmillValley/Materials/MaterialInstances/MI_RoofTiles_02.uasset" 7248
"../../../../../../24CI0433/Magic_Project/Content/WindmillValley/Textures/T_RoofTiles_02_D_.uasset" 7249
"../../../../../../24CI0433/Magic_Project/Content/WindmillValley/Textures/T_RoofTiles_02_N.uasset" 7250
"../../../../../../24CI0433/Magic_Project/Content/WindmillValley/Textures/T_RoofTiles_02_ORM.uasset" 7251
"../../../../../../24CI0433/Magic_Project/Content/WindmillValley/Materials/MaterialInstances/MI_RoofTiles_03.uasset" 7252
"../../../../../../24CI0433/Magic_Project/Content/WindmillValley/Textures/T_RoofTiles_03_D.uasset" 7253
"../../../../../../24CI0433/Magic_Project/Content/WindmillValley/Textures/T_RoofTiles_03_N.uasset" 7254
"../../../../../../24CI0433/Magic_Project/Content/WindmillValley/Textures/T_RoofTiles_03_ORM.uasset" 7255
"../../../../../../24CI0433/Magic_Project/Content/WindmillValley/Meshes/SM_Door.uasset" 7256
"../../../../../../24CI0433/Magic_Project/Content/WindmillValley/Materials/MaterialInstances/MI_Door.uasset" 7257
"../../../../../../24CI0433/Magic_Project/Content/WindmillValley/Textures/T_Door_D.uasset" 7258
"../../../../../../24CI0433/Magic_Project/Content/WindmillValley/Textures/T_Door_N.uasset" 7259
"../../../../../../24CI0433/Magic_Project/Content/WindmillValley/Textures/T_Door_ORM.uasset" 7260
"../../../../../../24CI0433/Magic_Project/Content/WindmillValley/Meshes/SM_Finestra.uasset" 7261
"../../../../../../24CI0433/Magic_Project/Content/WindmillValley/Meshes/SM_LittleHouse.uasset" 7262
"../../../../../../24CI0433/Magic_Project/Content/WindmillValley/Materials/MaterialInstances/MI_LittleHouse_01.uasset" 7263
"../../../../../../24CI0433/Magic_Project/Content/WindmillValley/Textures/T_HouseWindmill_D.uasset" 7264
"../../../../../../24CI0433/Magic_Project/Content/WindmillValley/Textures/T_HouseWindmill_N.uasset" 7265
"../../../../../../24CI0433/Magic_Project/Content/WindmillValley/Textures/T_HouseWindmill_ORM.uasset" 7266
"../../../../../../24CI0433/Magic_Project/Content/WindmillValley/Materials/MaterialInstances/MI_LittleHouse_02.uasset" 7267
"../../../../../../24CI0433/Magic_Project/Content/WindmillValley/Textures/T_BoardWindmill_01_D.uasset" 7268
"../../../../../../24CI0433/Magic_Project/Content/WindmillValley/Textures/T_BoardWindmill_01_N.uasset" 7269
"../../../../../../24CI0433/Magic_Project/Content/WindmillValley/Textures/T_BoardWindmill_01_ORM.uasset" 7270
"../../../../../../24CI0433/Magic_Project/Content/WindmillValley/Materials/MaterialInstances/MI_LittleHouse_03.uasset" 7271
"../../../../../../24CI0433/Magic_Project/Content/WindmillValley/Textures/T_LittleHouse_D.uasset" 7272
"../../../../../../24CI0433/Magic_Project/Content/WindmillValley/Textures/T_LittleHouse_N.uasset" 7273
"../../../../../../24CI0433/Magic_Project/Content/WindmillValley/Textures/T_LittleHouse_ORM.uasset" 7274
"../../../../../../24CI0433/Magic_Project/Content/WindmillValley/Materials/MaterialInstances/MI_Wall_03.uasset" 7275
"../../../../../../24CI0433/Magic_Project/Content/WindmillValley/Textures/T_Brick_D.uasset" 7276
"../../../../../../24CI0433/Magic_Project/Content/WindmillValley/Textures/T_Stucco_01_H.uasset" 7277
"../../../../../../24CI0433/Magic_Project/Content/WindmillValley/Textures/T_Stucco_01_N.uasset" 7278
"../../../../../../24CI0433/Magic_Project/Content/WindmillValley/Textures/T_Stucco_02_AO.uasset" 7279
"../../../../../../24CI0433/Magic_Project/Content/WindmillValley/Textures/T_Stucco_02_D.uasset" 7280
"../../../../../../24CI0433/Magic_Project/Content/WindmillValley/Textures/T_Wall_AO.uasset" 7281
"../../../../../../24CI0433/Magic_Project/Content/WindmillValley/Textures/T_Wall_N.uasset" 7282
"../../../../../../24CI0433/Magic_Project/Content/WindmillValley/Meshes/SM_Tegola.uasset" 7283
"../../../../../../24CI0433/Magic_Project/Content/__ExternalActors__/Li/Honnpen/6/A4/BIJBGCHHVOU2J0015EMT3K.uasset" 7284
"../../../../../../24CI0433/Magic_Project/Content/__ExternalActors__/Li/Honnpen/6/AG/3QBHZL2FM5RH79SV3STWHQ.uasset" 7285
"../../../../../../24CI0433/Magic_Project/Content/__ExternalActors__/Li/Honnpen/6/D5/7TH0TWYF1CA79RC54LAO9A.uasset" 7286
"../../../../../../24CI0433/Magic_Project/Content/__ExternalActors__/Li/Honnpen/6/JK/7U82L5CEJTDZ7JMGUPZX0B.uasset" 7287
"../../../../../../24CI0433/Magic_Project/Content/StylizedProvencal/Meshes/SM_House_02.uasset" 7288
"../../../../../../24CI0433/Magic_Project/Content/StylizedProvencal/Materials/MI_House_Decals_Normal.uasset" 7289
"../../../../../../24CI0433/Magic_Project/Content/StylizedProvencal/Materials/MM_Decals_Normal.uasset" 7290
"../../../../../../24CI0433/Magic_Project/Content/StylizedProvencal/Textures/T_Decals_N.uasset" 7291
"../../../../../../24CI0433/Magic_Project/Content/StylizedProvencal/Textures/T_Decals_Normal_O.uasset" 7292
"../../../../../../24CI0433/Magic_Project/Content/__ExternalActors__/Li/Honnpen/6/LZ/NZ9ORZ7LSKUTFJRTLOHLVT.uasset" 7293
"../../../../../../24CI0433/Magic_Project/Content/AdvancedVillagePack/Meshes/SM_Crate_Closed.uasset" 7294
"../../../../../../24CI0433/Magic_Project/Content/__ExternalActors__/Li/Honnpen/6/OK/8AG6SRG8VEAHFYUO6GOTSD.uasset" 7295
"../../../../../../24CI0433/Magic_Project/Content/__ExternalActors__/Li/Honnpen/6/RC/8AS12E3X45HY1GDM3JOL60.uasset" 7296
"../../../../../../24CI0433/Magic_Project/Content/__ExternalActors__/Li/Honnpen/6/WM/EQBNNEBN5FEOT21S0BTWB6.uasset" 7297
"../../../../../../24CI0433/Magic_Project/Content/__ExternalActors__/Li/Honnpen/7/36/5FYOOZ8ZI1T7HIEDFL7XPR.uasset" 7298
"../../../../../../24CI0433/Magic_Project/Content/__ExternalActors__/Li/Honnpen/7/4G/DA1I64TX8WHVKTTBSYVZHR.uasset" 7299
"../../../../../../24CI0433/Magic_Project/Content/__ExternalActors__/Li/Honnpen/7/J0/03LCVVSP0XJCLIP2784778.uasset" 7300
"../../../../../../24CI0433/Magic_Project/Content/Li/BP_Crystal.uasset" 7301
"../../../../../../24CI0433/Magic_Project/Content/Li/Crystal/enchanted_crystal.uasset" 7302
"../../../../../../24CI0433/Magic_Project/Content/Li/Crystal/Crystal.uasset" 7303
"../../../../../../24CI0433/Magic_Project/Content/Li/Crystal/enchanted_crystal_texture_0.uasset" 7304
"../../../../../../24CI0433/Magic_Project/Content/Li/Crystal/enchanted_crystal_texture_1.uasset" 7305
"../../../../../../24CI0433/Magic_Project/Content/Li/Crystal/enchanted_crystal_texture_2.uasset" 7306
"../../../../../../24CI0433/Magic_Project/Content/Li/Crystal/enchanted_crystal_texture_3.uasset" 7307
"../../../../../../24CI0433/Magic_Project/Content/__ExternalActors__/Li/Honnpen/7/KP/GHF1VS8TDBOKOJQG3ILS0N.uasset" 7308
"../../../../../../24CI0433/Magic_Project/Content/__ExternalActors__/Li/Honnpen/7/MM/NTCYQI7QJXI2Z7OKLPDKCS.uasset" 7309
"../../../../../../24CI0433/Magic_Project/Content/WindmillValley/Blueprint/BP_Rocks_03.uasset" 7310
"../../../../../../24CI0433/Magic_Project/Content/__ExternalActors__/Li/Honnpen/7/SE/49RQUWBP3FPI0L46IZZSJ9.uasset" 7311
"../../../../../../24CI0433/Magic_Project/Content/__ExternalActors__/Li/Honnpen/7/XB/24YHY6R5DD8JUJ766A7CPF.uasset" 7312
"../../../../../../24CI0433/Magic_Project/Content/__ExternalActors__/Li/Honnpen/7/XG/AYRY3N31SUX2BNU6W257NV.uasset" 7313
"../../../../../../24CI0433/Magic_Project/Content/AdvancedVillagePack/Meshes/SM_Barrel.uasset" 7314
"../../../../../../24CI0433/Magic_Project/Content/AdvancedVillagePack/Materials/M_Inst_Pack_01.uasset" 7315
"../../../../../../24CI0433/Magic_Project/Content/__ExternalActors__/Li/Honnpen/7/ZB/1W0B9CXLTAKUOSCXKZRAGB.uasset" 7316
"../../../../../../24CI0433/Magic_Project/Content/__ExternalActors__/Li/Honnpen/7/ZW/LNF1QT07ENGJ9NU482BX2V.uasset" 7317
"../../../../../../24CI0433/Magic_Project/Content/StylizedProvencal/Meshes/SM_House_Main.uasset" 7318
"../../../../../../24CI0433/Magic_Project/Content/__ExternalActors__/Li/Honnpen/8/13/6F1P64MLIV8A42XYCYFBKG.uasset" 7319
"../../../../../../24CI0433/Magic_Project/Content/WindmillValley/Blueprint/BP_Barrels_01.uasset" 7320
"../../../../../../24CI0433/Magic_Project/Content/__ExternalActors__/Li/Honnpen/8/2X/1BWTTBDUWMG9O8Z8YOFX1Y.uasset" 7321
"../../../../../../24CI0433/Magic_Project/Content/__ExternalActors__/Li/Honnpen/8/5M/31KQWDW8R4REMJGI2SSW36.uasset" 7322
"../../../../../../24CI0433/Magic_Project/Content/__ExternalActors__/Li/Honnpen/8/6O/791DSUSQNEX5E8U58LK4GT.uasset" 7323
"../../../../../../24CI0433/Magic_Project/Content/__ExternalActors__/Li/Honnpen/8/IE/WRKF6R0BMCEODOE6YX109V.uasset" 7324
"../../../../../../24CI0433/Magic_Project/Content/__ExternalActors__/Li/Honnpen/8/JK/1X33L6QGVXMQU8CZGI2XS6.uasset" 7325
"../../../../../../24CI0433/Magic_Project/Content/__ExternalActors__/Li/Honnpen/8/KE/TP6JWM0XOK04NX0J805CAX.uasset" 7326
"../../../../../../24CI0433/Magic_Project/Content/__ExternalActors__/Li/Honnpen/8/RD/W3BADLQQW30N7KG0W3WGGK.uasset" 7327
"../../../../../../24CI0433/Magic_Project/Content/__ExternalActors__/Li/Honnpen/8/WM/ZSMLUWPT1EVK5BRRSHT2Q1.uasset" 7328
"../../../../../../24CI0433/Magic_Project/Content/StylizedProvencal/Meshes/SM_House_Passage.uasset" 7329
"../../../../../../24CI0433/Magic_Project/Content/StylizedProvencal/Materials/MI_TunnelProps.uasset" 7330
"../../../../../../24CI0433/Magic_Project/Content/StylizedProvencal/Textures/T_TunnelProps_AORM.uasset" 7331
"../../../../../../24CI0433/Magic_Project/Content/StylizedProvencal/Textures/T_TunnelProps_B.uasset" 7332
"../../../../../../24CI0433/Magic_Project/Content/StylizedProvencal/Textures/T_TunnelProps_N.uasset" 7333
"../../../../../../24CI0433/Magic_Project/Content/__ExternalActors__/Li/Honnpen/9/0X/H47KRKD7GLLM7V67X673FX.uasset" 7334
"../../../../../../24CI0433/Magic_Project/Content/Satou/Satou_sharedassets/Grass_02_LayerInfo.uasset" 7335
"../../../../../../24CI0433/Magic_Project/Content/__ExternalActors__/Li/Honnpen/8/ZU/GOTPNBTMLX4MNC7HMRR5B9.uasset" 7336
"../../../../../../24CI0433/Magic_Project/Content/__ExternalActors__/Li/Honnpen/9/03/VZGYLA8V4WPK3AQCGJ148P.uasset" 7337
"../../../../../../24CI0433/Magic_Project/Content/WindmillValley/Blueprint/BP_Mailbox.uasset" 7338
"../../../../../../24CI0433/Magic_Project/Content/WindmillValley/Materials/MaterialInstances/MI_Postemail.uasset" 7339
"../../../../../../24CI0433/Magic_Project/Content/WindmillValley/Textures/T_Postmail_D.uasset" 7340
"../../../../../../24CI0433/Magic_Project/Content/WindmillValley/Textures/T_Postmail_N.uasset" 7341
"../../../../../../24CI0433/Magic_Project/Content/WindmillValley/Textures/T_Postmail_ORM.uasset" 7342
"../../../../../../24CI0433/Magic_Project/Content/WindmillValley/Meshes/SM_Postemail.uasset" 7343
"../../../../../../24CI0433/Magic_Project/Content/__ExternalActors__/Li/Honnpen/9/3B/0VAS6TJ7RZ6G71KLI1QPGX.uasset" 7344
"../../../../../../24CI0433/Magic_Project/Content/WindmillValley/Blueprint/BP_Fence_04.uasset" 7345
"../../../../../../24CI0433/Magic_Project/Content/__ExternalActors__/Li/Honnpen/9/5M/YB8GEU0JLCEY1W7B5D5N7T.uasset" 7346
"../../../../../../24CI0433/Magic_Project/Content/__ExternalActors__/Li/Honnpen/9/7K/GAOWO91AXEP1NBMVZ8MY79.uasset" 7347
"../../../../../../24CI0433/Magic_Project/Content/__ExternalActors__/Li/Honnpen/9/B2/WM89AR3LJGKLM1SZN3ROED.uasset" 7348
"../../../../../../24CI0433/Magic_Project/Content/__ExternalActors__/Li/Honnpen/9/ED/98JYPVHFLH3GTDI4MZL5WA.uasset" 7349
"../../../../../../24CI0433/Magic_Project/Content/__ExternalActors__/Li/Honnpen/9/I1/3Z5840J9F42LB1OHZFIHAN.uasset" 7350
"../../../../../../24CI0433/Magic_Project/Content/__ExternalActors__/Li/Honnpen/9/LQ/0W3YEV1YWPH4BRKW4CHLML.uasset" 7351
"../../../../../../24CI0433/Magic_Project/Content/WindmillValley/Blueprint/BP_Rocks_05.uasset" 7352
"../../../../../../24CI0433/Magic_Project/Content/__ExternalActors__/Li/Honnpen/9/M9/09LA4BEJVKH7A2KH7MR1XI.uasset" 7353
"../../../../../../24CI0433/Magic_Project/Content/__ExternalActors__/Li/Honnpen/9/M9/SO3KDK8Q485DOUVUWTWX4X.uasset" 7354
"../../../../../../24CI0433/Magic_Project/Content/__ExternalActors__/Li/Honnpen/9/UH/KOP8QBG8DKFXL92F364BU4.uasset" 7355
"../../../../../../24CI0433/Magic_Project/Content/__ExternalActors__/Li/Honnpen/9/WM/B02VCROX3ZPKJEMKRGIURG.uasset" 7356
"../../../../../../24CI0433/Magic_Project/Content/__ExternalActors__/Li/Honnpen/A/1C/3AKZ3636TJ139HUQEWXTD0.uasset" 7357
"../../../../../../24CI0433/Magic_Project/Content/__ExternalActors__/Li/Honnpen/A/2Y/1WB2EECO8TPCX6Y0GJECTT.uasset" 7358
"../../../../../../24CI0433/Magic_Project/Content/StylizedProvencal/Meshes/SM_Vines_Group_02_b.uasset" 7359
"../../../../../../24CI0433/Magic_Project/Content/__ExternalActors__/Li/Honnpen/A/4I/BNFI21HECV44NXL3Q7W56G.uasset" 7360
"../../../../../../24CI0433/Magic_Project/Content/__ExternalActors__/Li/Honnpen/A/7Q/DOTOZ7GIZQOEQWQ467XI04.uasset" 7361
"../../../../../../24CI0433/Magic_Project/Content/__ExternalActors__/Li/Honnpen/A/D6/IZTWMT2TWZRQ1QUEL02WOH.uasset" 7362
"../../../../../../24CI0433/Magic_Project/Content/__ExternalActors__/Li/Honnpen/A/E0/FTVL81JAOB4QZVV2TXXUCC.uasset" 7363
"../../../../../../24CI0433/Magic_Project/Content/AdvancedVillagePack/Meshes/SM_Sack_Var01.uasset" 7364
"../../../../../../24CI0433/Magic_Project/Content/__ExternalActors__/Li/Honnpen/A/F0/70LVVP2NQTHMYNEU5XK64N.uasset" 7365
"../../../../../../24CI0433/Magic_Project/Content/__ExternalActors__/Li/Honnpen/A/G8/0RZBSY0M46R9JY0AVLR6C4.uasset" 7366
"../../../../../../24CI0433/Magic_Project/Content/__ExternalActors__/Li/Honnpen/A/K7/6X82KR0CRKLA2W2TID682B.uasset" 7367
"../../../../../../24CI0433/Magic_Project/Content/StylizedProvencal/Meshes/SM_House_Tower.uasset" 7368
"../../../../../../24CI0433/Magic_Project/Content/__ExternalActors__/Li/Honnpen/A/MS/5MYLTTXAHLDLSC3F3R3PXQ.uasset" 7369
"../../../../../../24CI0433/Magic_Project/Content/__ExternalActors__/Li/Honnpen/A/RG/BEVWEDGFN3AWVMIU2BZ3NC.uasset" 7370
"../../../../../../24CI0433/Magic_Project/Content/__ExternalActors__/Li/Honnpen/A/TV/FX96358QBJJPGT6ZVAQ4KR.uasset" 7371
"../../../../../../24CI0433/Magic_Project/Content/__ExternalActors__/Li/Honnpen/A/XT/W5ULZKPBO19RYE5I225K6Y.uasset" 7372
"../../../../../../24CI0433/Magic_Project/Content/__ExternalActors__/Li/Honnpen/A/ZC/SDZH8MIUHQ62VI01W9XGMF.uasset" 7373
"../../../../../../24CI0433/Magic_Project/Content/__ExternalActors__/Li/Honnpen/B/03/DW8WDSWF43L3T8WYYVNE45.uasset" 7374
"../../../../../../24CI0433/Magic_Project/Content/StylizedProvencal/Meshes/SM_WaterMill_House.uasset" 7375
"../../../../../../24CI0433/Magic_Project/Content/__ExternalActors__/Li/Honnpen/B/17/KBFKCRO1YPQCJJ5YY58H4X.uasset" 7376
"../../../../../../24CI0433/Magic_Project/Content/__ExternalActors__/Li/Honnpen/B/77/BSNP1ZQAKJABNMMVM57NKZ.uasset" 7377
"../../../../../../24CI0433/Magic_Project/Content/__ExternalActors__/Li/Honnpen/B/A7/PZETBOCRSG7NG7VY5QTFCV.uasset" 7378
"../../../../../../24CI0433/Magic_Project/Content/__ExternalActors__/Li/Honnpen/B/AW/JUYITBTQPN9TNQSM8P6AP4.uasset" 7379
"../../../../../../24CI0433/Magic_Project/Content/__ExternalActors__/Li/Honnpen/B/C2/JI2LPOM34TN5RTEOYLOIC9.uasset" 7380
"../../../../../../24CI0433/Magic_Project/Content/WindmillValley/Blueprint/BP_LargeHouse.uasset" 7381
"../../../../../../24CI0433/Magic_Project/Content/WindmillValley/Meshes/SM_LargeHouse_Portico.uasset" 7382
"../../../../../../24CI0433/Magic_Project/Content/WindmillValley/Materials/MaterialInstances/MI_Entrata_01.uasset" 7383
"../../../../../../24CI0433/Magic_Project/Content/WindmillValley/Textures/T_Entrata_D.uasset" 7384
"../../../../../../24CI0433/Magic_Project/Content/WindmillValley/Textures/T_Entrata_N.uasset" 7385
"../../../../../../24CI0433/Magic_Project/Content/WindmillValley/Textures/T_Entrata_ORM.uasset" 7386
"../../../../../../24CI0433/Magic_Project/Content/WindmillValley/Materials/MaterialInstances/MI_Insigna.uasset" 7387
"../../../../../../24CI0433/Magic_Project/Content/WindmillValley/Textures/T_Insigna_D.uasset" 7388
"../../../../../../24CI0433/Magic_Project/Content/WindmillValley/Textures/T_Insigna_N.uasset" 7389
"../../../../../../24CI0433/Magic_Project/Content/WindmillValley/Textures/T_Insigna_ORM.uasset" 7390
"../../../../../../24CI0433/Magic_Project/Content/WindmillValley/Materials/MaterialInstances/MI_Portico.uasset" 7391
"../../../../../../24CI0433/Magic_Project/Content/WindmillValley/Textures/T_Portico_D.uasset" 7392
"../../../../../../24CI0433/Magic_Project/Content/WindmillValley/Textures/T_Portico_N.uasset" 7393
"../../../../../../24CI0433/Magic_Project/Content/WindmillValley/Textures/T_Portico_ORM.uasset" 7394
"../../../../../../24CI0433/Magic_Project/Content/WindmillValley/Materials/MaterialInstances/MI_Standard.uasset" 7395
"../../../../../../24CI0433/Magic_Project/Content/WindmillValley/Materials/MasterMaterials/M_Standard_03.uasset" 7396
"../../../../../../24CI0433/Magic_Project/Content/WindmillValley/Textures/T_Lantern_E.uasset" 7397
"../../../../../../24CI0433/Magic_Project/Content/WindmillValley/Materials/MaterialInstances/MI_Tendaggi.uasset" 7398
"../../../../../../24CI0433/Magic_Project/Content/WindmillValley/Textures/T_Tenda_D.uasset" 7399
"../../../../../../24CI0433/Magic_Project/Content/WindmillValley/Textures/T_Tenda_N.uasset" 7400
"../../../../../../24CI0433/Magic_Project/Content/WindmillValley/Textures/T_Tenda_ORM.uasset" 7401
"../../../../../../24CI0433/Magic_Project/Content/WindmillValley/Materials/MaterialInstances/MI_WallWindow.uasset" 7402
"../../../../../../24CI0433/Magic_Project/Content/WindmillValley/Textures/T_WallWindow_D.uasset" 7403
"../../../../../../24CI0433/Magic_Project/Content/WindmillValley/Textures/T_WallWindow_E.uasset" 7404
"../../../../../../24CI0433/Magic_Project/Content/WindmillValley/Textures/T_WallWindow_N.uasset" 7405
"../../../../../../24CI0433/Magic_Project/Content/WindmillValley/Textures/T_WallWindow_ORM.uasset" 7406
"../../../../../../24CI0433/Magic_Project/Content/WindmillValley/Materials/MaterialInstances/MI_WheatMezzanino.uasset" 7407
"../../../../../../24CI0433/Magic_Project/Content/WindmillValley/Meshes/SM_LargeHouse_Roof.uasset" 7408
"../../../../../../24CI0433/Magic_Project/Content/WindmillValley/Materials/MaterialInstances/MI_Chimney.uasset" 7409
"../../../../../../24CI0433/Magic_Project/Content/WindmillValley/Textures/T_Chimney_D.uasset" 7410
"../../../../../../24CI0433/Magic_Project/Content/WindmillValley/Textures/T_Chimney_N.uasset" 7411
"../../../../../../24CI0433/Magic_Project/Content/WindmillValley/Textures/T_Chimney_ORM.uasset" 7412
"../../../../../../24CI0433/Magic_Project/Content/WindmillValley/Materials/MaterialInstances/MI_Cornice_01.uasset" 7413
"../../../../../../24CI0433/Magic_Project/Content/WindmillValley/Textures/T_Cornice_02_B.uasset" 7414
"../../../../../../24CI0433/Magic_Project/Content/WindmillValley/Textures/T_Cornice_02_N.uasset" 7415
"../../../../../../24CI0433/Magic_Project/Content/WindmillValley/Textures/T_Cornice_02_ORM.uasset" 7416
"../../../../../../24CI0433/Magic_Project/Content/WindmillValley/Materials/MaterialInstances/MI_FloorWindow_01.uasset" 7417
"../../../../../../24CI0433/Magic_Project/Content/WindmillValley/Textures/T_FloorWindow_D.uasset" 7418
"../../../../../../24CI0433/Magic_Project/Content/WindmillValley/Textures/T_FloorWindow_E.uasset" 7419
"../../../../../../24CI0433/Magic_Project/Content/WindmillValley/Textures/T_Floorwindow_N.uasset" 7420
"../../../../../../24CI0433/Magic_Project/Content/WindmillValley/Textures/T_FloorWindow_ORM.uasset" 7421
"../../../../../../24CI0433/Magic_Project/Content/WindmillValley/Materials/MaterialInstances/MI_FloorWindow_02.uasset" 7422
"../../../../../../24CI0433/Magic_Project/Content/WindmillValley/Textures/T_Stucco_01_AO.uasset" 7423
"../../../../../../24CI0433/Magic_Project/Content/WindmillValley/Textures/T_Stucco_01_D.uasset" 7424
"../../../../../../24CI0433/Magic_Project/Content/WindmillValley/Textures/T_Stucco_02_H.uasset" 7425
"../../../../../../24CI0433/Magic_Project/Content/WindmillValley/Textures/T_Stucco_02_N.uasset" 7426
"../../../../../../24CI0433/Magic_Project/Content/WindmillValley/Materials/MaterialInstances/MI_Trave.uasset" 7427
"../../../../../../24CI0433/Magic_Project/Content/WindmillValley/Textures/T_Trave_D.uasset" 7428
"../../../../../../24CI0433/Magic_Project/Content/WindmillValley/Textures/T_Trave_N.uasset" 7429
"../../../../../../24CI0433/Magic_Project/Content/WindmillValley/Textures/T_Trave_ORM.uasset" 7430
"../../../../../../24CI0433/Magic_Project/Content/WindmillValley/Materials/MaterialInstances/MI_Wall_04.uasset" 7431
"../../../../../../24CI0433/Magic_Project/Content/WindmillValley/Materials/MaterialInstances/MI_WheatRoof.uasset" 7432
"../../../../../../24CI0433/Magic_Project/Content/WindmillValley/Materials/MaterialInstances/MI_WindowUnderRoof_01.uasset" 7433
"../../../../../../24CI0433/Magic_Project/Content/WindmillValley/Textures/T_WindowUnderRoof_D.uasset" 7434
"../../../../../../24CI0433/Magic_Project/Content/WindmillValley/Textures/T_WindowUnderRoof_E.uasset" 7435
"../../../../../../24CI0433/Magic_Project/Content/WindmillValley/Textures/T_WindowUnderRoof_N.uasset" 7436
"../../../../../../24CI0433/Magic_Project/Content/WindmillValley/Materials/MaterialInstances/MI_WindowUnderRoof_02.uasset" 7437
"../../../../../../24CI0433/Magic_Project/Content/WindmillValley/Meshes/SM_LargeHouse_Side.uasset" 7438
"../../../../../../24CI0433/Magic_Project/Content/WindmillValley/Materials/MaterialInstances/MI_Bord.uasset" 7439
"../../../../../../24CI0433/Magic_Project/Content/WindmillValley/Textures/T_Bord_D.uasset" 7440
"../../../../../../24CI0433/Magic_Project/Content/WindmillValley/Textures/T_Bord_N.uasset" 7441
"../../../../../../24CI0433/Magic_Project/Content/WindmillValley/Textures/T_Bord_ORM.uasset" 7442
"../../../../../../24CI0433/Magic_Project/Content/WindmillValley/Materials/MaterialInstances/MI_Cornice_02.uasset" 7443
"../../../../../../24CI0433/Magic_Project/Content/WindmillValley/Textures/T_Cornice_01_B.uasset" 7444
"../../../../../../24CI0433/Magic_Project/Content/WindmillValley/Textures/T_Cornice_01_N.uasset" 7445
"../../../../../../24CI0433/Magic_Project/Content/WindmillValley/Textures/T_Cornice_01_ORM.uasset" 7446
"../../../../../../24CI0433/Magic_Project/Content/WindmillValley/Materials/MaterialInstances/MI_Wall_01.uasset" 7447
"../../../../../../24CI0433/Magic_Project/Content/WindmillValley/Materials/MaterialInstances/MI_WallCurved_01.uasset" 7448
"../../../../../../24CI0433/Magic_Project/Content/WindmillValley/Materials/MaterialInstances/MI_WindowCurved.uasset" 7449
"../../../../../../24CI0433/Magic_Project/Content/WindmillValley/Textures/T_WindowCurved_D.uasset" 7450
"../../../../../../24CI0433/Magic_Project/Content/WindmillValley/Textures/T_WindowCurved_N.uasset" 7451
"../../../../../../24CI0433/Magic_Project/Content/WindmillValley/Textures/T_WindowCurved_ORM.uasset" 7452
"../../../../../../24CI0433/Magic_Project/Content/WindmillValley/Meshes/SM_LargeHouse_Walls.uasset" 7453
"../../../../../../24CI0433/Magic_Project/Content/WindmillValley/Materials/MaterialInstances/MI_Colonna.uasset" 7454
"../../../../../../24CI0433/Magic_Project/Content/WindmillValley/Textures/T_Column_D.uasset" 7455
"../../../../../../24CI0433/Magic_Project/Content/WindmillValley/Textures/T_Column_N.uasset" 7456
"../../../../../../24CI0433/Magic_Project/Content/WindmillValley/Textures/T_Column_ORM.uasset" 7457
"../../../../../../24CI0433/Magic_Project/Content/WindmillValley/Materials/MaterialInstances/MI_TraveCurved.uasset" 7458
"../../../../../../24CI0433/Magic_Project/Content/WindmillValley/Textures/T_TraveCurved_D.uasset" 7459
"../../../../../../24CI0433/Magic_Project/Content/WindmillValley/Textures/T_TraveCurved_N.uasset" 7460
"../../../../../../24CI0433/Magic_Project/Content/WindmillValley/Textures/T_TraveCurved_ORM.uasset" 7461
"../../../../../../24CI0433/Magic_Project/Content/__ExternalActors__/Li/Honnpen/B/RQ/NEE8NUE2J7SFJFMQGPG4HH.uasset" 7462
"../../../../../../24CI0433/Magic_Project/Content/__ExternalActors__/Li/Honnpen/B/VS/I0B573WYC1422HWRIXYSZP.uasset" 7463
"../../../../../../24CI0433/Magic_Project/Content/__ExternalActors__/Li/Honnpen/B/WG/H46X3KVJ3XQQSPXJDIA0T5.uasset" 7464
"../../../../../../24CI0433/Magic_Project/Content/__ExternalActors__/Li/Honnpen/B/Z4/7ENLK0Z9KHS37XZNN1DHZM.uasset" 7465
"../../../../../../24CI0433/Magic_Project/Content/WindmillValley/Blueprint/BP_Dock_02.uasset" 7466
"../../../../../../24CI0433/Magic_Project/Content/__ExternalActors__/Li/Honnpen/B/ZX/U64N3ME6W267AEBVI7V6HQ.uasset" 7467
"../../../../../../24CI0433/Magic_Project/Content/__ExternalActors__/Li/Honnpen/C/2X/SEWQHZ64EKE012Y48QPFK8.uasset" 7468
"../../../../../../24CI0433/Magic_Project/Content/__ExternalActors__/Li/Honnpen/C/3Y/7XRJDYQPRC6C3Q8MX3FNQF.uasset" 7469
"../../../../../../24CI0433/Magic_Project/Content/__ExternalActors__/Li/Honnpen/C/48/BAZANJL5N1YCQ0G7YEJDX2.uasset" 7470
"../../../Engine/Content/EngineSky/M_SimpleSkyDome.uasset" 7471
"../../../Engine/Content/EngineSky/SM_SkySphere.uasset" 7472
"../../../Engine/Content/EngineSky/M_Sky_Panning_Clouds2.uasset" 7473
"../../../Engine/Content/EngineSky/T_Sky_Blue.uasset" 7474
"../../../Engine/Content/EngineSky/T_Sky_Clouds_M.uasset" 7475
"../../../Engine/Content/EngineSky/T_Sky_Stars.uasset" 7476
"../../../../../../24CI0433/Magic_Project/Content/__ExternalActors__/Li/Honnpen/C/CK/C917PF34E4MPO8ZAXV4OW9.uasset" 7477
"../../../../../../24CI0433/Magic_Project/Content/StylizedProvencal/Meshes/SM_Crate_03.uasset" 7478
"../../../../../../24CI0433/Magic_Project/Content/StylizedProvencal/Materials/MI_Crates.uasset" 7479
"../../../../../../24CI0433/Magic_Project/Content/StylizedProvencal/Textures/T_Crates_AORM.uasset" 7480
"../../../../../../24CI0433/Magic_Project/Content/StylizedProvencal/Textures/T_Crates_B.uasset" 7481
"../../../../../../24CI0433/Magic_Project/Content/StylizedProvencal/Textures/T_Crates_N.uasset" 7482
"../../../../../../24CI0433/Magic_Project/Content/__ExternalActors__/Li/Honnpen/C/GD/HCVQ2VP7NTZ92CIAHP9MPZ.uasset" 7483
"../../../../../../24CI0433/Magic_Project/Content/AdvancedVillagePack/Meshes/SM_Fish.uasset" 7484
"../../../../../../24CI0433/Magic_Project/Content/__ExternalActors__/Li/Honnpen/C/I5/DE7XYAFZ0WJODKVXKLHUNS.uasset" 7485
"../../../../../../24CI0433/Magic_Project/Content/__ExternalActors__/Li/Honnpen/C/SR/BH1R0BCRY0Z4PULONAJAAI.uasset" 7486
"../../../../../../24CI0433/Magic_Project/Content/__ExternalActors__/Li/Honnpen/C/SX/RQIHBR7LCQXB0SMJ8P2GQW.uasset" 7487
"../../../../../../24CI0433/Magic_Project/Content/__ExternalActors__/Li/Honnpen/C/Z3/EMUXDOB8ZGLUBA8NLUHNB4.uasset" 7488
"../../../../../../24CI0433/Magic_Project/Content/__ExternalActors__/Li/Honnpen/D/3B/5FQG24EGU5I8JDUSRFGGYH.uasset" 7489
"../../../../../../24CI0433/Magic_Project/Content/StylizedProvencal/Meshes/SM_Cart.uasset" 7490
"../../../../../../24CI0433/Magic_Project/Content/__ExternalActors__/Li/Honnpen/D/41/BUPUE2QN7H3M2KIYWANE0R.uasset" 7491
"../../../../../../24CI0433/Magic_Project/Content/StylizedProvencal/Meshes/SM_Shrine.uasset" 7492
"../../../../../../24CI0433/Magic_Project/Content/__ExternalActors__/Li/Honnpen/D/7K/H4R5E80U07NLZXSQGXR3GV.uasset" 7493
"../../../../../../24CI0433/Magic_Project/Content/__ExternalActors__/Li/Honnpen/D/FO/ZXL51XSPSX58PMH4H6ZM1E.uasset" 7494
"../../../../../../24CI0433/Magic_Project/Content/__ExternalActors__/Li/Honnpen/D/KO/P8FDH8D5C32LPOF4BMSTVS.uasset" 7495
"../../../../../../24CI0433/Magic_Project/Content/__ExternalActors__/Li/Honnpen/D/MO/GQKCBMN6T376GAPS56ID5Y.uasset" 7496
"../../../../../../24CI0433/Magic_Project/Content/__ExternalActors__/Li/Honnpen/D/O1/HNBEHH3KVU8A3W13J3MO13.uasset" 7497
"../../../../../../24CI0433/Magic_Project/Content/WindmillValley/Blueprint/BP_WheatStack_02.uasset" 7498
"../../../../../../24CI0433/Magic_Project/Content/__ExternalActors__/Li/Honnpen/D/P0/GONMJDCWGBP7G7YFFMB9O0.uasset" 7499
"../../../../../../24CI0433/Magic_Project/Content/__ExternalActors__/Li/Honnpen/D/PZ/SQHDE13LZCU1YR18GP2C9Y.uasset" 7500
"../../../../../../24CI0433/Magic_Project/Content/__ExternalActors__/Li/Honnpen/D/UY/U98OG90BB8SEVAE3SCSPFM.uasset" 7501
"../../../../../../24CI0433/Magic_Project/Content/__ExternalActors__/Li/Honnpen/D/V1/LXUUH0HQRBV3POF1HAJ39M.uasset" 7502
"../../../../../../24CI0433/Magic_Project/Content/AdvancedVillagePack/Meshes/SM_StoneFlat_Var03.uasset" 7503
"../../../../../../24CI0433/Magic_Project/Content/__ExternalActors__/Li/Honnpen/D/V4/RL6U9GKL92MEPZY0IAZ88R.uasset" 7504
"../../../../../../24CI0433/Magic_Project/Content/__ExternalActors__/Li/Honnpen/D/YD/EYW1XW5OKOJLY414YYTM8P.uasset" 7505
"../../../../../../24CI0433/Magic_Project/Content/__ExternalActors__/Li/Honnpen/D/Z9/HBXO2N5MWKBP702SOH8L0X.uasset" 7506
"../../../../../../24CI0433/Magic_Project/Content/__ExternalActors__/Li/Honnpen/E/19/J1CTU0WIF278VYBVB8KIW7.uasset" 7507
"../../../../../../24CI0433/Magic_Project/Content/__ExternalActors__/Li/Honnpen/E/5T/J6GY0HVAIPC44P62G7DJVC.uasset" 7508
"../../../../../../24CI0433/Magic_Project/Content/AdvancedVillagePack/Blueprints/BP_CampFire.uasset" 7509
"../../../../../../24CI0433/Magic_Project/Content/AdvancedVillagePack/Effects/Pfx_FireCamp.uasset" 7510
"../../../../../../24CI0433/Magic_Project/Content/AdvancedVillagePack/Materials/M_Inst_Pfx_Flames.uasset" 7511
"../../../../../../24CI0433/Magic_Project/Content/AdvancedVillagePack/Materials/M_Pfx_Additive.uasset" 7512
"../../../../../../24CI0433/Magic_Project/Content/AdvancedVillagePack/Textures/T_Pack_11_Leafs_DO.uasset" 7513
"../../../../../../24CI0433/Magic_Project/Content/AdvancedVillagePack/Textures/Effects/T_Pfx_FlamesAtlas.uasset" 7514
"../../../../../../24CI0433/Magic_Project/Content/AdvancedVillagePack/Materials/M_Inst_Pfx_Sparks.uasset" 7515
"../../../../../../24CI0433/Magic_Project/Content/AdvancedVillagePack/Textures/Effects/T_Pfx_Spark.uasset" 7516
"../../../../../../24CI0433/Magic_Project/Content/AdvancedVillagePack/Effects/Pfx_LightInsectsCampFire.uasset" 7517
"../../../../../../24CI0433/Magic_Project/Content/AdvancedVillagePack/Effects/Pfx_SmokeFireCamp.uasset" 7518
"../../../../../../24CI0433/Magic_Project/Content/AdvancedVillagePack/Materials/M_Inst_Pfx_SmokeChimney.uasset" 7519
"../../../../../../24CI0433/Magic_Project/Content/AdvancedVillagePack/Materials/M_Pfx_TranslucentLit.uasset" 7520
"../../../../../../24CI0433/Magic_Project/Content/AdvancedVillagePack/Textures/Effects/T_Pfx_Smoke.uasset" 7521
"../../../../../../24CI0433/Magic_Project/Content/AdvancedVillagePack/Meshes/SM_Log_Var01.uasset" 7522
"../../../../../../24CI0433/Magic_Project/Content/AdvancedVillagePack/Meshes/SM_Log_Var02.uasset" 7523
"../../../../../../24CI0433/Magic_Project/Content/AdvancedVillagePack/Meshes/SM_Log_Var03.uasset" 7524
"../../../../../../24CI0433/Magic_Project/Content/AdvancedVillagePack/Meshes/SM_Spike.uasset" 7525
"../../../../../../24CI0433/Magic_Project/Content/AdvancedVillagePack/Meshes/SM_Stone_Small_Var01.uasset" 7526
"../../../../../../24CI0433/Magic_Project/Content/AdvancedVillagePack/Materials/M_Inst_Pack_08.uasset" 7527
"../../../../../../24CI0433/Magic_Project/Content/AdvancedVillagePack/Textures/T_Pack_08_D.uasset" 7528
"../../../../../../24CI0433/Magic_Project/Content/AdvancedVillagePack/Textures/T_Pack_08_N.uasset" 7529
"../../../../../../24CI0433/Magic_Project/Content/AdvancedVillagePack/Textures/T_Pack_08_RM.uasset" 7530
"../../../../../../24CI0433/Magic_Project/Content/AdvancedVillagePack/Meshes/SM_Stone_Small_Var02.uasset" 7531
"../../../../../../24CI0433/Magic_Project/Content/AdvancedVillagePack/Meshes/SM_Stone_Small_Var03.uasset" 7532
"../../../../../../24CI0433/Magic_Project/Content/AdvancedVillagePack/Meshes/SM_Stone_Small_Var04.uasset" 7533
"../../../../../../24CI0433/Magic_Project/Content/AdvancedVillagePack/Meshes/SM_Stone_Small_Var05.uasset" 7534
"../../../../../../24CI0433/Magic_Project/Content/__ExternalActors__/Li/Honnpen/E/C6/5FHUGEG6V33ARZ4XN033G6.uasset" 7535
"../../../../../../24CI0433/Magic_Project/Content/__ExternalActors__/Li/Honnpen/E/DS/JFZBDNVT4UCPCCLUQ99J92.uasset" 7536
"../../../../../../24CI0433/Magic_Project/Content/__ExternalActors__/Li/Honnpen/E/GM/GVYZXSI2GT03ENB2XA104H.uasset" 7537
"../../../../../../24CI0433/Magic_Project/Content/Li/BridgeMesh/BP_Bridge.uasset" 7538
"../../../../../../24CI0433/Magic_Project/Content/Li/BridgeMesh/Bamboo_Bridge_Bamboo_0.uasset" 7539
"../../../../../../24CI0433/Magic_Project/Content/Li/BridgeMesh/Bamboo.uasset" 7540
"../../../../../../24CI0433/Magic_Project/Content/Li/BridgeMesh/olddry_bamboo_bridge_texture_0.uasset" 7541
"../../../../../../24CI0433/Magic_Project/Content/Li/BridgeMesh/olddry_bamboo_bridge_texture_1.uasset" 7542
"../../../../../../24CI0433/Magic_Project/Content/Li/BridgeMesh/olddry_bamboo_bridge_texture_2.uasset" 7543
"../../../../../../24CI0433/Magic_Project/Content/Li/BridgeMesh/olddry_bamboo_bridge_texture_3.uasset" 7544
"../../../../../../24CI0433/Magic_Project/Content/Li/BridgeMesh/Bamboo_Bridge_Big_Bamboo_0.uasset" 7545
"../../../../../../24CI0433/Magic_Project/Content/Li/BridgeMesh/Big_Bamboo.uasset" 7546
"../../../../../../24CI0433/Magic_Project/Content/Li/BridgeMesh/olddry_bamboo_bridge_texture_4.uasset" 7547
"../../../../../../24CI0433/Magic_Project/Content/Li/BridgeMesh/olddry_bamboo_bridge_texture_5.uasset" 7548
"../../../../../../24CI0433/Magic_Project/Content/Li/BridgeMesh/olddry_bamboo_bridge_texture_6.uasset" 7549
"../../../../../../24CI0433/Magic_Project/Content/Li/BridgeMesh/Bamboo_Bridge_Ropes_0.uasset" 7550
"../../../../../../24CI0433/Magic_Project/Content/Li/BridgeMesh/Ropes.uasset" 7551
"../../../../../../24CI0433/Magic_Project/Content/Li/BridgeMesh/olddry_bamboo_bridge_texture_7.uasset" 7552
"../../../../../../24CI0433/Magic_Project/Content/Li/BridgeMesh/olddry_bamboo_bridge_texture_8.uasset" 7553
"../../../../../../24CI0433/Magic_Project/Content/Li/BridgeMesh/olddry_bamboo_bridge_texture_9.uasset" 7554
"../../../../../../24CI0433/Magic_Project/Content/__ExternalActors__/Li/Honnpen/E/HJ/4U0ZBULSXA7AQTPNUNM4TT.uasset" 7555
"../../../../../../24CI0433/Magic_Project/Content/__ExternalActors__/Li/Honnpen/E/HM/HES55KE9EZMWSXP9IFNVZX.uasset" 7556
"../../../../../../24CI0433/Magic_Project/Content/StylizedProvencal/Meshes/SM_Crate_01.uasset" 7557
"../../../../../../24CI0433/Magic_Project/Content/__ExternalActors__/Li/Honnpen/E/HT/Q0CPLXBJUCS1LV4OH5BXM4.uasset" 7558
"../../../../../../24CI0433/Magic_Project/Content/__ExternalActors__/Li/Honnpen/E/L7/Z3QQDW87M9IGPI4FJYKE6J.uasset" 7559
"../../../../../../24CI0433/Magic_Project/Content/__ExternalActors__/Li/Honnpen/E/V3/CO77WQLUYS878R8YHJ9JKW.uasset" 7560
"../../../../../../24CI0433/Magic_Project/Content/__ExternalActors__/Li/Honnpen/E/Y0/M2JP3KNLQCXFP10K7Z0GDN.uasset" 7561
"../../../../../../24CI0433/Magic_Project/Content/__ExternalActors__/Li/Honnpen/E/YG/PS8CWJ34ZSWZRU0N39ILBU.uasset" 7562
"../../../../../../24CI0433/Magic_Project/Content/__ExternalActors__/Li/Honnpen/E/YK/D1WSF17MGMJ5LX3IPOFDLJ.uasset" 7563
"../../../../../../24CI0433/Magic_Project/Content/__ExternalActors__/Li/Honnpen/F/1K/ABTDLB662R9D9TFRZMPZGI.uasset" 7564
"../../../../../../24CI0433/Magic_Project/Content/__ExternalActors__/Li/Honnpen/F/2Z/NRRWQDSF4X52VG4Y10CTDZ.uasset" 7565
"../../../Engine/Content/EditorResources/EmptyActor.uasset" 7566
"../../../../../../24CI0433/Magic_Project/Content/__ExternalActors__/Satou/satou01/0/6L/BKBVKNWPIP6OJUJ18MAGXV.uasset" 7567
"../../../../../../24CI0433/Magic_Project/Content/WindmillValley/Blueprint/BP_Fence_03.uasset" 7568
"../../../../../../24CI0433/Magic_Project/Content/__ExternalActors__/Satou/satou01/0/9O/AOEAFRCWA0EII12KX5TDVC.uasset" 7569
"../../../../../../24CI0433/Magic_Project/Content/__ExternalActors__/Satou/satou01/0/GM/L69ZIX7ZKTK7NCK8S2ZK1H.uasset" 7570
"../../../../../../24CI0433/Magic_Project/Content/__ExternalActors__/Satou/satou01/0/B8/7Q88SC1QWUWWV06L25E3GK.uasset" 7571
"../../../../../../24CI0433/Magic_Project/Content/__ExternalActors__/Satou/satou01/0/BF/PTF8AIZEWEA5MLIHJWY10B.uasset" 7572
"../../../../../../24CI0433/Magic_Project/Content/__ExternalActors__/Satou/satou01/0/BY/4VLVG7JQRFJC7ADRUK2WWD.uasset" 7573
"../../../../../../24CI0433/Magic_Project/Content/__ExternalActors__/Satou/satou01/0/DF/1DSOOUGWTENJ2F4VAHNUNS.uasset" 7574
"../../../../../../24CI0433/Magic_Project/Content/__ExternalActors__/Satou/satou01/0/I7/HGHT46EUQAWBR3MYEEJK2B.uasset" 7575
"../../../../../../24CI0433/Magic_Project/Content/__ExternalActors__/Satou/satou01/0/N4/Q89PS2AAF1RJ49MYW366PR.uasset" 7576
"../../../../../../24CI0433/Magic_Project/Content/__ExternalActors__/Satou/satou01/0/N5/H7S8VMLUISBKC5VJMAILR8.uasset" 7577
"../../../../../../24CI0433/Magic_Project/Content/__ExternalActors__/Satou/satou01/0/T7/1BFPVFN2TLPDLPL7YNZQ8F.uasset" 7578
"../../../../../../24CI0433/Magic_Project/Content/__ExternalActors__/Satou/satou01/0/UE/FPOD6VG6UYYKTZ03Q0EEII.uasset" 7579
"../../../../../../24CI0433/Magic_Project/Content/__ExternalActors__/Satou/satou01/0/VA/V37W52CHTKKC4EN05557FL.uasset" 7580
"../../../../../../24CI0433/Magic_Project/Content/__ExternalActors__/Satou/satou01/0/WS/17QJI7UVMOGXGZPW4HZJX9.uasset" 7581
"../../../../../../24CI0433/Magic_Project/Content/__ExternalActors__/Satou/satou01/0/X8/LINGCBKNFIZ2ODL0P1NRXG.uasset" 7582
"../../../../../../24CI0433/Magic_Project/Content/__ExternalActors__/Satou/satou01/0/YE/9V6TKTBD43TX0X2KGYTJWY.uasset" 7583
"../../../../../../24CI0433/Magic_Project/Content/__ExternalActors__/Satou/satou01/0/YH/WPI5H2O83CCFBSZQLOTT38.uasset" 7584
"../../../../../../24CI0433/Magic_Project/Content/__ExternalActors__/Satou/satou01/0/ZJ/ZABCP6EL4WDZ9H0X1RB097.uasset" 7585
"../../../../../../24CI0433/Magic_Project/Content/__ExternalActors__/Satou/satou01/1/28/658B5PEZWFVMMZ5N37X94M.uasset" 7586
"../../../../../../24CI0433/Magic_Project/Content/Satou/SEBGM/SE/MagicCircle.uasset" 7587
"../../../../../../24CI0433/Magic_Project/Content/Satou/SEBGM/SE/SD_MagicCircle.uasset" 7588
"../../../../../../24CI0433/Magic_Project/Content/__ExternalActors__/Satou/satou01/1/2U/26IAB738E4TZQ1185HFC7N.uasset" 7589
"../../../../../../24CI0433/Magic_Project/Content/__ExternalActors__/Satou/satou01/1/C2/1ILAUJKS4PGBSOFP95BXGZ.uasset" 7590
"../../../../../../24CI0433/Magic_Project/Content/__ExternalActors__/Satou/satou01/1/ES/NABJVA6IXTP2I3AWEBAQVQ.uasset" 7591
"../../../../../../24CI0433/Magic_Project/Content/__ExternalActors__/Satou/satou01/1/FH/0RWNLDA1UQWQ9NQFMQ80SS.uasset" 7592
"../../../../../../24CI0433/Magic_Project/Content/__ExternalActors__/Satou/satou01/1/O4/4BRQYD0P031CQLCAA93YB5.uasset" 7593
"../../../../../../24CI0433/Magic_Project/Content/__ExternalActors__/Satou/satou01/1/PA/Y7NJS7POELJQ83MD5KF2H6.uasset" 7594
"../../../../../../24CI0433/Magic_Project/Content/__ExternalActors__/Satou/satou01/1/U4/V8EB444EXDX5SST8I295WI.uasset" 7595
"../../../../../../24CI0433/Magic_Project/Content/__ExternalActors__/Satou/satou01/1/YX/SJ6U0VW699LNR5HTXF2WT7.uasset" 7596
"../../../../../../24CI0433/Magic_Project/Content/__ExternalActors__/Satou/satou01/1/Z1/XCU21I0T4A5PXY3G12041V.uasset" 7597
"../../../../../../24CI0433/Magic_Project/Content/__ExternalActors__/Satou/satou01/2/05/RSR9ARS0GR8ITX3NREEYYX.uasset" 7598
"../../../../../../24CI0433/Magic_Project/Content/__ExternalActors__/Satou/satou01/2/1B/C4SO2PRI7TB6XA22Q9CD4E.uasset" 7599
"../../../../../../24CI0433/Magic_Project/Content/__ExternalActors__/Satou/satou01/2/7P/TWB9QJY1SQ5FM6KWHKVLRJ.uasset" 7600
"../../../../../../24CI0433/Magic_Project/Content/__ExternalActors__/Satou/satou01/2/B3/C6IGQXPO1WWK4SHYP1I28S.uasset" 7601
"../../../../../../24CI0433/Magic_Project/Content/__ExternalActors__/Satou/satou01/2/EG/RD1FQX4XT6C2SWSNBSCR66.uasset" 7602
"../../../../../../24CI0433/Magic_Project/Content/__ExternalActors__/Satou/satou01/2/TL/71LTSVCNQP498KVU6H4229.uasset" 7603
"../../../../../../24CI0433/Magic_Project/Content/__ExternalActors__/Satou/satou01/7/MG/Y756PUH6ATAMP9KMW19LO2.uasset" 7604
"../../../../../../24CI0433/Magic_Project/Content/__ExternalActors__/Satou/satou01/2/XK/9DETN0VCENO395UXQFA591.uasset" 7605
"../../../../../../24CI0433/Magic_Project/Content/__ExternalActors__/Satou/satou01/3/17/T0ED72R7V4FZH3371BO280.uasset" 7606
"../../../../../../24CI0433/Magic_Project/Content/__ExternalActors__/Satou/satou01/3/18/11CYJR734QOHR9TE5V54CW.uasset" 7607
"../../../../../../24CI0433/Magic_Project/Content/__ExternalActors__/Satou/satou01/3/22/CHQTNOX8OKO1KMIA8D1XXP.uasset" 7608
"../../../../../../24CI0433/Magic_Project/Content/__ExternalActors__/Satou/satou01/3/AD/0A31BO4628JTYXUZ9GBX5L.uasset" 7609
"../../../../../../24CI0433/Magic_Project/Content/__ExternalActors__/Satou/satou01/3/CK/H5RT0TK33KLBUE65W23C1Z.uasset" 7610
"../../../../../../24CI0433/Magic_Project/Content/__ExternalActors__/Satou/satou01/3/FU/8WJ71MM4MUTO8XLD24FTG2.uasset" 7611
"../../../../../../24CI0433/Magic_Project/Content/__ExternalActors__/Satou/satou01/3/IF/T5BR0I22T58HU45376ZO92.uasset" 7612
"../../../../../../24CI0433/Magic_Project/Content/__ExternalActors__/Satou/satou01/3/IS/S5T4XTQRAU7WEBBN39CIIM.uasset" 7613
"../../../../../../24CI0433/Magic_Project/Content/__ExternalActors__/Satou/satou01/3/JB/A43LR46AOUNX64H3BU04QW.uasset" 7614
"../../../../../../24CI0433/Magic_Project/Content/__ExternalActors__/Satou/satou01/3/KI/9FGAAKBSVSM1CE3SQSOB0M.uasset" 7615
"../../../../../../24CI0433/Magic_Project/Content/__ExternalActors__/Satou/satou01/3/RL/L9PTT1BQKAZ9H45A0Q98SC.uasset" 7616
"../../../../../../24CI0433/Magic_Project/Content/__ExternalActors__/Satou/satou01/3/SU/VQ3OY80TI1PF2IP1X4MDR2.uasset" 7617
"../../../../../../24CI0433/Magic_Project/Content/__ExternalActors__/Satou/satou01/3/WX/ZAQA1UWVIY16JVK98MR137.uasset" 7618
"../../../../../../24CI0433/Magic_Project/Content/__ExternalActors__/Satou/satou01/3/X8/BXSHIIQYNV3PSQQ0T1GCRE.uasset" 7619
"../../../../../../24CI0433/Magic_Project/Content/__ExternalActors__/Satou/satou01/4/25/YBV028P3EL2Y7OJD5VJAMR.uasset" 7620
"../../../../../../24CI0433/Magic_Project/Content/__ExternalActors__/Satou/satou01/4/61/1A3F3OXNRD1L74XE1FD3X3.uasset" 7621
"../../../../../../24CI0433/Magic_Project/Content/__ExternalActors__/Satou/satou01/4/9O/O77FBZTSQWWYY3YWQA44O6.uasset" 7622
"../../../../../../24CI0433/Magic_Project/Content/__ExternalActors__/Satou/satou01/4/C8/031MYSZ55TYCJR1CPXRR6U.uasset" 7623
"../../../../../../24CI0433/Magic_Project/Content/__ExternalActors__/Satou/satou01/4/OJ/2N3UYVU4EQ0ZN9FKY283LY.uasset" 7624
"../../../../../../24CI0433/Magic_Project/Content/__ExternalActors__/Satou/satou01/4/QI/HJ7FSYL5Y4MEHC1PV2Z51G.uasset" 7625
"../../../../../../24CI0433/Magic_Project/Content/__ExternalActors__/Satou/satou01/4/SZ/BGIOMK6J8IK8ZKM3Z93SUB.uasset" 7626
"../../../../../../24CI0433/Magic_Project/Content/__ExternalActors__/Satou/satou01/4/YM/A3534IWBZ19OPWOUADBA55.uasset" 7627
"../../../../../../24CI0433/Magic_Project/Content/Satou/Blueprints/BP_Kabirunrun.uasset" 7628
"../../../../../../24CI0433/Magic_Project/Content/Li/Kabirunrun/SK_Magic.uasset" 7629
"../../../../../../24CI0433/Magic_Project/Content/Li/Kabirunrun/M_Body.uasset" 7630
"../../../../../../24CI0433/Magic_Project/Content/CreateAsetts_CG/UE5_File/Magic/T_Body_BaseColor.uasset" 7631
"../../../../../../24CI0433/Magic_Project/Content/CreateAsetts_CG/UE5_File/Magic/T_Body_Normal.uasset" 7632
"../../../../../../24CI0433/Magic_Project/Content/CreateAsetts_CG/UE5_File/Magic/T_Body_Roughness.uasset" 7633
"../../../../../../24CI0433/Magic_Project/Content/Li/Kabirunrun/M_Eye.uasset" 7634
"../../../../../../24CI0433/Magic_Project/Content/CreateAsetts_CG/UE5_File/Magic/T_Eye_BaseColor.uasset" 7635
"../../../../../../24CI0433/Magic_Project/Content/CreateAsetts_CG/UE5_File/Magic/T_Eye_OP.uasset" 7636
"../../../../../../24CI0433/Magic_Project/Content/CreateAsetts_CG/UE5_File/Magic/T_Eye_Roughness.uasset" 7637
"../../../../../../24CI0433/Magic_Project/Content/Li/Kabirunrun/SK_Magic_PhysicsAsset.uasset" 7638
"../../../../../../24CI0433/Magic_Project/Content/Li/Kabirunrun/SK_Magic_Skeleton.uasset" 7639
"../../../../../../24CI0433/Magic_Project/Content/Satou/SEBGM/SE/MagicHit.uasset" 7640
"../../../../../../24CI0433/Magic_Project/Content/__ExternalActors__/Satou/satou01/4/YX/SUOVFTEM5IXLGHOW7YFAFT.uasset" 7641
"../../../../../../24CI0433/Magic_Project/Content/__ExternalActors__/Satou/satou01/5/2X/P87A3L5WHPNC88U82BYAV9.uasset" 7642
"../../../../../../24CI0433/Magic_Project/Content/__ExternalActors__/Satou/satou01/5/4X/FOJ9ID7452PXHNGLVSMGPH.uasset" 7643
"../../../../../../24CI0433/Magic_Project/Content/__ExternalActors__/Satou/satou01/5/62/8ZFDY4QNXNYRY2OGQ9TYOW.uasset" 7644
"../../../../../../24CI0433/Magic_Project/Content/__ExternalActors__/Satou/satou01/5/9D/S9CK9W8MKLWQWSJXZX5JLY.uasset" 7645
"../../../../../../24CI0433/Magic_Project/Content/__ExternalActors__/Satou/satou01/5/DA/DR4I4V0LCHYQDVQ54GQATG.uasset" 7646
"../../../../../../24CI0433/Magic_Project/Content/__ExternalActors__/Satou/satou01/5/DM/BOACO16PFKK6N28TZDWLIJ.uasset" 7647
"../../../../../../24CI0433/Magic_Project/Content/__ExternalActors__/Satou/satou01/5/FR/WUYTVK0ZSSNLFCPE8P4BEF.uasset" 7648
"../../../../../../24CI0433/Magic_Project/Content/__ExternalActors__/Satou/satou01/5/M3/KKI4QBTSOSTFR6WM53IHV7.uasset" 7649
"../../../../../../24CI0433/Magic_Project/Content/__ExternalActors__/Satou/satou01/5/N6/RESVKDZQP0SLH9LRC4OH0N.uasset" 7650
"../../../../../../24CI0433/Magic_Project/Content/__ExternalActors__/Satou/satou01/5/N6/YJ9VZP09AXYS3FAXUCNIAI.uasset" 7651
"../../../../../../24CI0433/Magic_Project/Content/__ExternalActors__/Satou/satou01/5/R6/DU4PDG66877NBXDOCRF0PP.uasset" 7652
"../../../../../../24CI0433/Magic_Project/Content/__ExternalActors__/Satou/satou01/5/RZ/6CTZY2UBKLVQOYEL0T2S44.uasset" 7653
"../../../../../../24CI0433/Magic_Project/Content/__ExternalActors__/Satou/satou01/5/SE/Q8YWA8TWQCJ6WHNWVMSZ2Z.uasset" 7654
"../../../../../../24CI0433/Magic_Project/Content/__ExternalActors__/Satou/satou01/5/TJ/DLSQIVEZFATZBXNPVIHG4J.uasset" 7655
"../../../../../../24CI0433/Magic_Project/Content/__ExternalActors__/Satou/satou01/5/Z9/WKXSMYSALZYVEMC16G7AY5.uasset" 7656
"../../../../../../24CI0433/Magic_Project/Content/__ExternalActors__/Satou/satou01/5/ZK/AQJXT2HLXT0W0MNXWAMEYA.uasset" 7657
"../../../../../../24CI0433/Magic_Project/Content/__ExternalActors__/Satou/satou01/6/C1/XLYRGTRK4D1ZZ6FSX2UE4B.uasset" 7658
"../../../../../../24CI0433/Magic_Project/Content/__ExternalActors__/Satou/satou01/6/D0/RERLBOTJK3LW7OZSH5RUA5.uasset" 7659
"../../../../../../24CI0433/Magic_Project/Content/__ExternalActors__/Satou/satou01/6/FO/XLQMUVVS227NIXPIYJIG0Y.uasset" 7660
"../../../../../../24CI0433/Magic_Project/Content/__ExternalActors__/Satou/satou01/6/FX/RGDPDM1AKCDCXRO9VE6OES.uasset" 7661
"../../../../../../24CI0433/Magic_Project/Content/__ExternalActors__/Satou/satou01/6/K9/PSMFDAFM09VU9UURC7JAUO.uasset" 7662
"../../../../../../24CI0433/Magic_Project/Content/__ExternalActors__/Satou/satou01/6/PB/D2FOBGLQYJ96JA0RRKMDD6.uasset" 7663
"../../../../../../24CI0433/Magic_Project/Content/__ExternalActors__/Satou/satou01/6/RS/I6QIUCX6C59BM4A8N5M5DO.uasset" 7664
"../../../../../../24CI0433/Magic_Project/Content/__ExternalActors__/Satou/satou01/6/XV/GLN02S477DYYAIE17RUJGC.uasset" 7665
"../../../../../../24CI0433/Magic_Project/Content/__ExternalActors__/Satou/satou01/6/Z1/BW2HM45T4847HM9TLI8JG8.uasset" 7666
"../../../../../../24CI0433/Magic_Project/Content/__ExternalActors__/Satou/satou01/7/2G/1AIAAXU8Y8QJT9FZNTR2PS.uasset" 7667
"../../../../../../24CI0433/Magic_Project/Content/__ExternalActors__/Satou/satou01/7/3B/Q71L2F6KAVG1PS6DYKWAM6.uasset" 7668
"../../../../../../24CI0433/Magic_Project/Content/__ExternalActors__/Satou/satou01/7/5H/OTK5AQKXKRXZSRFHXQP6G1.uasset" 7669
"../../../../../../24CI0433/Magic_Project/Content/__ExternalActors__/Satou/satou01/7/6K/JZHPNEIHRWZMA2ACHQN604.uasset" 7670
"../../../../../../24CI0433/Magic_Project/Content/__ExternalActors__/Satou/satou01/7/8L/GUJMCXH5EOUALM3P1KA5RB.uasset" 7671
"../../../../../../24CI0433/Magic_Project/Content/__ExternalActors__/Satou/satou01/7/8T/937TKMEESEWTRH3Z3M9TDY.uasset" 7672
"../../../../../../24CI0433/Magic_Project/Content/__ExternalActors__/Satou/satou01/7/JS/CEXB55OFKJ7L1EBLZR84EV.uasset" 7673
"../../../../../../24CI0433/Magic_Project/Content/__ExternalActors__/Satou/satou01/7/O3/A8Y71VHR9E667CKLCKOPF3.uasset" 7674
"../../../../../../24CI0433/Magic_Project/Content/__ExternalActors__/Satou/satou01/7/QA/6CMWCPAYUXY7SYLBHLUHFY.uasset" 7675
"../../../../../../24CI0433/Magic_Project/Content/__ExternalActors__/Satou/satou01/7/V1/Y3JFFEKTYMRTVMDQEVWVIS.uasset" 7676
"../../../../../../24CI0433/Magic_Project/Content/__ExternalActors__/Satou/satou01/7/VL/RPO6NYNZ3L7N06XCVTLL26.uasset" 7677
"../../../../../../24CI0433/Magic_Project/Content/__ExternalActors__/Satou/satou01/7/XQ/8T4VYK8GIZ4Q82QTMLYYG7.uasset" 7678
"../../../../../../24CI0433/Magic_Project/Content/__ExternalActors__/Satou/satou01/7/YK/Y9UQFN4X484LW60FQEO7WY.uasset" 7679
"../../../../../../24CI0433/Magic_Project/Content/__ExternalActors__/Satou/satou01/8/0G/73VV0XUM2SENBCVIABVOZI.uasset" 7680
"../../../../../../24CI0433/Magic_Project/Content/__ExternalActors__/Satou/satou01/8/3G/EU9G7G7V4DR8LCZIAUIF5F.uasset" 7681
"../../../../../../24CI0433/Magic_Project/Content/__ExternalActors__/Satou/satou01/8/9M/MNOBTRHLOQY4JCIMXGNJX0.uasset" 7682
"../../../../../../24CI0433/Magic_Project/Content/__ExternalActors__/Satou/satou01/8/AN/SI3I1P1ADNSCHXFGLGX7BX.uasset" 7683
"../../../../../../24CI0433/Magic_Project/Content/__ExternalActors__/Satou/satou01/8/BU/3F4T4RL2ND3QRXGZSJPT3S.uasset" 7684
"../../../../../../24CI0433/Magic_Project/Content/__ExternalActors__/Satou/satou01/8/CN/BX5JM7TZIRQRJRCBBJLZL7.uasset" 7685
"../../../../../../24CI0433/Magic_Project/Content/__ExternalActors__/Satou/satou01/8/EC/DQCSU8TD2EFCCOSW0D05WM.uasset" 7686
"../../../../../../24CI0433/Magic_Project/Content/__ExternalActors__/Satou/satou01/8/J8/QCXWTCBN1SEONPI0XAMM0Q.uasset" 7687
"../../../../../../24CI0433/Magic_Project/Content/__ExternalActors__/Satou/satou01/8/JJ/D0109N3HTWSU5Z2KNEJ4PB.uasset" 7688
"../../../../../../24CI0433/Magic_Project/Content/__ExternalActors__/Satou/satou01/8/NI/K37SSA905AYN8YJB18601I.uasset" 7689
"../../../../../../24CI0433/Magic_Project/Content/__ExternalActors__/Satou/satou01/8/QW/5OONXEIQZDLSV84VD5QSHT.uasset" 7690
"../../../../../../24CI0433/Magic_Project/Content/__ExternalActors__/Satou/satou01/8/S2/KK7MMW8EX54E4AR9TY7HC8.uasset" 7691
"../../../../../../24CI0433/Magic_Project/Content/__ExternalActors__/Satou/satou01/8/SI/2DVGVASCK7LLYO6KIG73KC.uasset" 7692
"../../../../../../24CI0433/Magic_Project/Content/__ExternalActors__/Satou/satou01/8/SK/5WQP9DUD1MH3ID9E6D96UX.uasset" 7693
"../../../../../../24CI0433/Magic_Project/Content/__ExternalActors__/Satou/satou01/8/U6/31FBD982LHE035WL7K3NNS.uasset" 7694
"../../../../../../24CI0433/Magic_Project/Content/__ExternalActors__/Satou/satou01/8/UJ/RQMLXB3MW2MFLZZU736PGQ.uasset" 7695
"../../../../../../24CI0433/Magic_Project/Content/__ExternalActors__/Satou/satou01/8/W7/GGK1IS4WINI3CUINKLLQJE.uasset" 7696
"../../../../../../24CI0433/Magic_Project/Content/__ExternalActors__/Satou/satou01/9/0G/F3PFLC8R651KVHEETIIYIH.uasset" 7697
"../../../../../../24CI0433/Magic_Project/Content/__ExternalActors__/Satou/satou01/9/4R/4KQTACBNX2SO9XHEZAO3XV.uasset" 7698
"../../../../../../24CI0433/Magic_Project/Content/__ExternalActors__/Satou/satou01/9/6I/VOOIY2FXJT1P205084G7KO.uasset" 7699
"../../../../../../24CI0433/Magic_Project/Content/__ExternalActors__/Satou/satou01/9/6L/71V9EIC1VZGX0E71CYAUJV.uasset" 7700
"../../../../../../24CI0433/Magic_Project/Content/__ExternalActors__/Satou/satou01/9/70/6FOYM9PWY4U5ROE57B7Y36.uasset" 7701
"../../../../../../24CI0433/Magic_Project/Content/__ExternalActors__/Satou/satou01/9/BG/FLO112G4ZL0IWPRBHEUAX7.uasset" 7702
"../../../../../../24CI0433/Magic_Project/Content/__ExternalActors__/Satou/satou01/9/CA/E89MY2CN9M7G8C4BTHAV99.uasset" 7703
"../../../../../../24CI0433/Magic_Project/Content/__ExternalActors__/Satou/satou01/9/CU/EWLFX1T2842YAERCZUG55O.uasset" 7704
"../../../../../../24CI0433/Magic_Project/Content/__ExternalActors__/Satou/satou01/9/EC/LKX6YAL86XGVTT54VETMYE.uasset" 7705
"../../../../../../24CI0433/Magic_Project/Content/__ExternalActors__/Satou/satou01/9/F9/VZ33OPG34V4VVK5KUD4WMG.uasset" 7706
"../../../../../../24CI0433/Magic_Project/Content/__ExternalActors__/Satou/satou01/9/HV/DH41NNIL116N9ZCDG3TJFQ.uasset" 7707
"../../../../../../24CI0433/Magic_Project/Content/__ExternalActors__/Satou/satou01/9/II/DGVTSBH9YZ5M1DSJM55CGF.uasset" 7708
"../../../../../../24CI0433/Magic_Project/Content/__ExternalActors__/Satou/satou01/9/K8/UOZQ2HDMZWTEVB9G0YKY32.uasset" 7709
"../../../../../../24CI0433/Magic_Project/Content/__ExternalActors__/Satou/satou01/9/KH/CS1GD3SCZ4HWWDPP9G1HJO.uasset" 7710
"../../../../../../24CI0433/Magic_Project/Content/__ExternalActors__/Satou/satou01/9/ON/PVUNXLCOCU8X4JW405UWD1.uasset" 7711
"../../../../../../24CI0433/Magic_Project/Content/__ExternalActors__/Satou/satou01/9/TE/A4GNGGPNP4X0OHQ1VMOE4I.uasset" 7712
"../../../../../../24CI0433/Magic_Project/Content/__ExternalActors__/Satou/satou01/A/18/272HJR41MBX9IEHKNL9DEO.uasset" 7713
"../../../../../../24CI0433/Magic_Project/Content/__ExternalActors__/Satou/satou01/A/3L/XI05ZMLW7UGYKY3DSKMDGX.uasset" 7714
"../../../../../../24CI0433/Magic_Project/Content/__ExternalActors__/Satou/satou01/A/7P/2GMVMTQ3S97IAYTTJ678N3.uasset" 7715
"../../../../../../24CI0433/Magic_Project/Content/__ExternalActors__/Satou/satou01/A/8N/XQ1YQ8OZKTIICKRBFHVLHD.uasset" 7716
"../../../../../../24CI0433/Magic_Project/Content/__ExternalActors__/Satou/satou01/A/C6/C112JR0XLD7VODB3B6ZOQY.uasset" 7717
"../../../../../../24CI0433/Magic_Project/Content/__ExternalActors__/Satou/satou01/A/F1/Q1AZUJ2VRNPQEBMO6ZHBFK.uasset" 7718
"../../../../../../24CI0433/Magic_Project/Content/__ExternalActors__/Satou/satou01/A/FL/W8HLIR4NQ295SS8KVNFF2R.uasset" 7719
"../../../../../../24CI0433/Magic_Project/Content/__ExternalActors__/Satou/satou01/A/J3/C9MZ3W2F54EAFNXAOM8H1E.uasset" 7720
"../../../../../../24CI0433/Magic_Project/Content/__ExternalActors__/Satou/satou01/A/V7/32MJRWTUAH6YKWD9YY5BFS.uasset" 7721
"../../../../../../24CI0433/Magic_Project/Content/__ExternalActors__/Satou/satou01/A/WH/QOBLUJNL7YJN81095TTWBM.uasset" 7722
"../../../../../../24CI0433/Magic_Project/Content/__ExternalActors__/Satou/satou01/A/WV/UHN42FNVLU575B9W0T2W0K.uasset" 7723
"../../../../../../24CI0433/Magic_Project/Content/__ExternalActors__/Satou/satou01/A/YU/2WC98Q37Z3MEX4US6JMSQM.uasset" 7724
"../../../../../../24CI0433/Magic_Project/Content/__ExternalActors__/Satou/satou01/B/3N/3FD05L79Q91IEOWQK5YQ4K.uasset" 7725
"../../../../../../24CI0433/Magic_Project/Content/__ExternalActors__/Satou/satou01/B/4L/F7Q3FTEW1RR4I1U9ZSOWEC.uasset" 7726
"../../../../../../24CI0433/Magic_Project/Content/__ExternalActors__/Satou/satou01/B/4T/8UI60BW0NEWAULWO4B73LS.uasset" 7727
"../../../../../../24CI0433/Magic_Project/Content/__ExternalActors__/Satou/satou01/B/BL/I4VGFN8D3JD4KJFI62JKR2.uasset" 7728
"../../../../../../24CI0433/Magic_Project/Content/__ExternalActors__/Satou/satou01/B/BR/U6KZL539LSKYLMK74SO9J3.uasset" 7729
"../../../../../../24CI0433/Magic_Project/Content/__ExternalActors__/Satou/satou01/B/CD/YWXHPHJY9S9QSUR0M5EIWL.uasset" 7730
"../../../../../../24CI0433/Magic_Project/Content/__ExternalActors__/Satou/satou01/B/CO/N9YOP2DBVNVJZ4T2T24CH1.uasset" 7731
"../../../../../../24CI0433/Magic_Project/Content/__ExternalActors__/Satou/satou01/B/DD/3984803XFWT046R47IPQH2.uasset" 7732
"../../../../../../24CI0433/Magic_Project/Content/__ExternalActors__/Satou/satou01/B/DJ/DN6PREVB0Y9KG7FLBJT6YS.uasset" 7733
"../../../../../../24CI0433/Magic_Project/Content/__ExternalActors__/Satou/satou01/B/F1/7E46GPBOBUTS71M0QHK3AI.uasset" 7734
"../../../../../../24CI0433/Magic_Project/Content/StylizedProvencal/Blueprints/BP_RiverSpline.uasset" 7735
"../../../../../../24CI0433/Magic_Project/Content/StylizedProvencal/Meshes/SM_RiverPlane.uasset" 7736
"../../../../../../24CI0433/Magic_Project/Content/StylizedProvencal/Materials/MI_Water_01.uasset" 7737
"../../../../../../24CI0433/Magic_Project/Content/StylizedProvencal/Materials/MM_Water_Master.uasset" 7738
"../../../Engine/Content/Functions/Engine_MaterialFunctions02/Math/DeriveNormalZ_Function.uasset" 7739
"../../../../../../24CI0433/Magic_Project/Content/StylizedProvencal/Textures/T_Fire_Distortion_M.uasset" 7740
"../../../../../../24CI0433/Magic_Project/Content/StylizedProvencal/Textures/T_Water_02_N.uasset" 7741
"../../../Engine/Content/Functions/Engine_MaterialFunctions02/ExampleContent/DebugNumberStrip.uasset" 7742
"../../../Engine/Content/Functions/Engine_MaterialFunctions02/ExampleContent/Textures/DebugNumberPeriod.uasset" 7743
"../../../../../../24CI0433/Magic_Project/Content/__ExternalActors__/Satou/satou01/B/FF/G6ZRU2NG8SH1NYILCAAA0Y.uasset" 7744
"../../../../../../24CI0433/Magic_Project/Content/__ExternalActors__/Satou/satou01/B/GP/ARBPQF1J4AC14XLZT878VA.uasset" 7745
"../../../../../../24CI0433/Magic_Project/Content/__ExternalActors__/Satou/satou01/B/KJ/1V4OU7D9FGDMGY31YS7VKS.uasset" 7746
"../../../../../../24CI0433/Magic_Project/Content/__ExternalActors__/Satou/satou01/B/KN/8CTEM4OV0WOAIID388F6KD.uasset" 7747
"../../../../../../24CI0433/Magic_Project/Content/__ExternalActors__/Satou/satou01/B/M7/G7AI2LHOXJI7Y9C10TYZ92.uasset" 7748
"../../../../../../24CI0433/Magic_Project/Content/__ExternalActors__/Satou/satou01/B/MP/WFZOCRNJY6GOEVFFB631EN.uasset" 7749
"../../../../../../24CI0433/Magic_Project/Content/__ExternalActors__/Satou/satou01/B/NC/U2JCVISBY4LOCJ9JM0NHK5.uasset" 7750
"../../../../../../24CI0433/Magic_Project/Content/__ExternalActors__/Satou/satou01/B/S1/SUBZ7MYXT5AOJGZDTJC288.uasset" 7751
"../../../../../../24CI0433/Magic_Project/Content/__ExternalActors__/Satou/satou01/B/UI/L79X31K0EJBLRA6RJBBRXX.uasset" 7752
"../../../../../../24CI0433/Magic_Project/Content/__ExternalActors__/Satou/satou01/B/VU/AW6A24578GPUR9BUVYVF5G.uasset" 7753
"../../../../../../24CI0433/Magic_Project/Content/__ExternalActors__/Satou/satou01/B/YS/9ZEGCLHU6WBSMUZXW7U9AG.uasset" 7754
"../../../../../../24CI0433/Magic_Project/Content/__ExternalActors__/Satou/satou01/C/3M/WJ4A9AZFLNCN6LY0EU69M4.uasset" 7755
"../../../../../../24CI0433/Magic_Project/Content/__ExternalActors__/Satou/satou01/C/4S/E7UXT7OVXWOBA40LEA47CV.uasset" 7756
"../../../../../../24CI0433/Magic_Project/Content/__ExternalActors__/Satou/satou01/C/5U/TX1B7PNVAIRY9ON5BRQVCE.uasset" 7757
"../../../../../../24CI0433/Magic_Project/Content/__ExternalActors__/Satou/satou01/C/7R/K4NDQD2AGV3B4PQ2FY1E32.uasset" 7758
"../../../../../../24CI0433/Magic_Project/Content/__ExternalActors__/Satou/satou01/C/90/IAT9GLRYORNTYA4M8F5EYY.uasset" 7759
"../../../../../../24CI0433/Magic_Project/Content/__ExternalActors__/Satou/satou01/C/9A/H9559478NW5GXR66SF1T30.uasset" 7760
"../../../../../../24CI0433/Magic_Project/Content/__ExternalActors__/Satou/satou01/C/AR/Y20QSDSCA1CA0JEWK8JBG9.uasset" 7761
"../../../../../../24CI0433/Magic_Project/Content/__ExternalActors__/Satou/satou01/C/BO/F3J95Y58VKNPJVP5Q75UWD.uasset" 7762
"../../../../../../24CI0433/Magic_Project/Content/__ExternalActors__/Satou/satou01/C/L6/O5JVOF288XUZYUSYU1ZEGH.uasset" 7763
"../../../../../../24CI0433/Magic_Project/Content/__ExternalActors__/Satou/satou01/C/O1/OLF6UGPN4MMHDYPGJ8R9RQ.uasset" 7764
"../../../../../../24CI0433/Magic_Project/Content/__ExternalActors__/Satou/satou01/C/TS/A9UTGQITZT0E2RWL1R9TRA.uasset" 7765
"../../../../../../24CI0433/Magic_Project/Content/__ExternalActors__/Satou/satou01/C/UC/E4C79TREPKBAQCCL7E65Q3.uasset" 7766
"../../../../../../24CI0433/Magic_Project/Content/__ExternalActors__/Satou/satou01/D/74/PZF8HVCTS23MOX0E9B02V3.uasset" 7767
"../../../../../../24CI0433/Magic_Project/Content/__ExternalActors__/Satou/satou01/D/7T/Z2A6ME19D5TS08FBX34VKY.uasset" 7768
"../../../../../../24CI0433/Magic_Project/Content/__ExternalActors__/Satou/satou01/D/7V/RJMUC2N0J33BI9NES2YS77.uasset" 7769
"../../../../../../24CI0433/Magic_Project/Content/__ExternalActors__/Satou/satou01/D/IY/SCO66XAMXCAUSU83CIS84B.uasset" 7770
"../../../../../../24CI0433/Magic_Project/Content/__ExternalActors__/Satou/satou01/D/LZ/Y7DJZAUF7YKH3DF5F2P1FY.uasset" 7771
"../../../../../../24CI0433/Magic_Project/Content/__ExternalActors__/Satou/satou01/D/MZ/ZSC1UR840WEUNX4HZA0XIQ.uasset" 7772
"../../../../../../24CI0433/Magic_Project/Content/__ExternalActors__/Satou/satou01/D/O6/ZUNDQUGCPRU7CN8ZE3H7LP.uasset" 7773
"../../../../../../24CI0433/Magic_Project/Content/__ExternalActors__/Satou/satou01/D/RE/KL3OVN8V7MP10VV0CRL2ES.uasset" 7774
"../../../../../../24CI0433/Magic_Project/Content/__ExternalActors__/Satou/satou01/D/YQ/3POACP05P4ATZ9OLI5IEZ1.uasset" 7775
"../../../../../../24CI0433/Magic_Project/Content/__ExternalActors__/Satou/satou01/D/YY/TMVFWZODUZZLCZJUHJDKR8.uasset" 7776
"../../../../../../24CI0433/Magic_Project/Content/__ExternalActors__/Satou/satou01/E/10/UNZ0K1UB5YBKBR369T541W.uasset" 7777
"../../../../../../24CI0433/Magic_Project/Content/__ExternalActors__/Satou/satou01/E/1K/YNBEPVCNTWK52ZW54ZKFH6.uasset" 7778
"../../../../../../24CI0433/Magic_Project/Content/__ExternalActors__/Satou/satou01/E/BY/NIYOTZUGW4AQVXAWHW90CN.uasset" 7779
"../../../../../../24CI0433/Magic_Project/Content/__ExternalActors__/Satou/satou01/E/FA/5WYZZDOWXBVJUW0N4XXITT.uasset" 7780
"../../../../../../24CI0433/Magic_Project/Content/__ExternalActors__/Satou/satou01/E/GJ/QN9ZVHPCC58N2TR34EXEBE.uasset" 7781
"../../../../../../24CI0433/Magic_Project/Content/__ExternalActors__/Satou/satou01/E/HC/IC37Z1896WDS5ABIID4C23.uasset" 7782
"../../../../../../24CI0433/Magic_Project/Content/__ExternalActors__/Satou/satou01/E/IC/2YTB0Z3J3AR427J98Q2B2J.uasset" 7783
"../../../../../../24CI0433/Magic_Project/Content/__ExternalActors__/Satou/satou01/E/MA/WR35CUT4H2KL8Y7WOYATDW.uasset" 7784
"../../../../../../24CI0433/Magic_Project/Content/__ExternalActors__/Satou/satou01/E/P3/3CLOL8K0377TD9OIKR9TQ7.uasset" 7785
"../../../../../../24CI0433/Magic_Project/Content/__ExternalActors__/Satou/satou01/E/WW/PL6UYMPW5BOJ119N1C9C22.uasset" 7786
"../../../../../../24CI0433/Magic_Project/Content/__ExternalActors__/Satou/satou01/F/07/URAFP97KQP667VU3BQHE53.uasset" 7787
"../../../../../../24CI0433/Magic_Project/Content/__ExternalActors__/Satou/satou01/F/28/XYZ9ZYF4KYCQ0DK8YZ6A2G.uasset" 7788
"../../../Engine/Content/EditorResources/AudioIcons/S_AudioComponent_AutoActivate.uasset" 7789
"../../../../../../24CI0433/Magic_Project/Content/__ExternalActors__/Li/Tutorial/0/GQ/27OGEMSR2EV3GH14B9HWBX.uasset" 7790
"../../../../../../24CI0433/Magic_Project/Content/Satou/Stylized_PBR_Nature/Foliage/FoliageTypes/SM_Bush_FoliageType.uasset" 7791
"../../../../../../24CI0433/Magic_Project/Content/Satou/Stylized_PBR_Nature/Foliage/FoliageTypes/SM_Clover_FoliageType.uasset" 7792
"../../../../../../24CI0433/Magic_Project/Content/Satou/Stylized_PBR_Nature/Foliage/Assets/SM_Clover.uasset" 7793
"../../../../../../24CI0433/Magic_Project/Content/Satou/Stylized_PBR_Nature/Foliage/Materials/MI_Clover.uasset" 7794
"../../../../../../24CI0433/Magic_Project/Content/Satou/Stylized_PBR_Nature/Foliage/Textures/T_Clover_D.uasset" 7795
"../../../../../../24CI0433/Magic_Project/Content/Satou/Stylized_PBR_Nature/Foliage/FoliageTypes/SM_Fern_FoliageType.uasset" 7796
"../../../../../../24CI0433/Magic_Project/Content/Satou/Stylized_PBR_Nature/Foliage/FoliageTypes/SM_Grass_FoliageType.uasset" 7797
"../../../../../../24CI0433/Magic_Project/Content/Satou/Stylized_PBR_Nature/Foliage/FoliageTypes/SM_Pine_Tree_4_FoliageType.uasset" 7798
"../../../../../../24CI0433/Magic_Project/Content/Satou/Stylized_PBR_Nature/Foliage/Assets/SM_Pine_Tree_4.uasset" 7799
"../../../../../../24CI0433/Magic_Project/Content/Stylized_Village/Assets/Foliage/Flowers/RosesAndDandelions/FT_Rose_Bush_Flat_01.uasset" 7800
"../../../../../../24CI0433/Magic_Project/Content/WindmillValley/Meshes/SM_Rock_01_FoliageType.uasset" 7801
"../../../../../../24CI0433/Magic_Project/Content/WindmillValley/Meshes/SM_Rock_02_FoliageType.uasset" 7802
"../../../../../../24CI0433/Magic_Project/Content/__ExternalActors__/Li/Tutorial/0/S1/GUOP3A6J9E0TKHJ0ICAW97.uasset" 7803
"../../../../../../24CI0433/Magic_Project/Content/Li/Sounds/SC_Stream.uasset" 7804
"../../../../../../24CI0433/Magic_Project/Content/Li/Sounds/Ambient_Water_Stream_Calm_3.uasset" 7805
"../../../../../../24CI0433/Magic_Project/Content/__ExternalActors__/Li/Tutorial/1/10/1AGAYXBCLLBXH50HA3JX2N.uasset" 7806
"../../../../../../24CI0433/Magic_Project/Content/WindmillValley/Blueprint/BP_WheatStack_01.uasset" 7807
"../../../../../../24CI0433/Magic_Project/Content/__ExternalActors__/Li/Tutorial/1/2G/UJ4U9BR05IQKQGUG328FXC.uasset" 7808
"../../../../../../24CI0433/Magic_Project/Content/__ExternalActors__/Li/Tutorial/1/4T/QBSOHH1IL01RCSRC6G3UWI.uasset" 7809
"../../../../../../24CI0433/Magic_Project/Content/__ExternalActors__/Li/Tutorial/1/9R/E157ADPMYDF832AFPWRWS5.uasset" 7810
"../../../../../../24CI0433/Magic_Project/Content/__ExternalActors__/Li/Tutorial/1/DJ/FRWWSMJ3CE71QB2ZER5SF3.uasset" 7811
"../../../../../../24CI0433/Magic_Project/Content/__ExternalActors__/Li/Tutorial/1/IM/RP1JIIICFKE8B85LW2CV9T.uasset" 7812
"../../../../../../24CI0433/Magic_Project/Content/__ExternalActors__/Li/Tutorial/1/QW/8R7TFC7PRD0NTUCEMES7JN.uasset" 7813
"../../../../../../24CI0433/Magic_Project/Content/WindmillValley/Blueprint/BP_LittleHouse.uasset" 7814
"../../../../../../24CI0433/Magic_Project/Content/__ExternalActors__/Li/Tutorial/1/RI/GPXL58BEB9O4CDKONWL1XJ.uasset" 7815
"../../../../../../24CI0433/Magic_Project/Content/__ExternalActors__/Li/Tutorial/1/RS/ITV424P1TP264HMKRBSEUF.uasset" 7816
"../../../../../../24CI0433/Magic_Project/Content/WindmillValley/Meshes/SM_Bridge.uasset" 7817
"../../../../../../24CI0433/Magic_Project/Content/WindmillValley/Materials/MaterialInstances/MI_Bridge_02_02.uasset" 7818
"../../../../../../24CI0433/Magic_Project/Content/WindmillValley/Textures/T_Bridge_02_B.uasset" 7819
"../../../../../../24CI0433/Magic_Project/Content/WindmillValley/Textures/T_Bridge_02_N.uasset" 7820
"../../../../../../24CI0433/Magic_Project/Content/WindmillValley/Textures/T_Bridge_02_ORM.uasset" 7821
"../../../../../../24CI0433/Magic_Project/Content/__ExternalActors__/Li/Tutorial/1/TZ/R3GZGM1QNH1RZBVCV8UVQ5.uasset" 7822
"../../../../../../24CI0433/Magic_Project/Content/__ExternalActors__/Li/Tutorial/2/EH/6J4KZO16YD6Z6VG393T5J1.uasset" 7823
"../../../../../../24CI0433/Magic_Project/Content/__ExternalActors__/Li/Tutorial/2/GY/Y9G1ZX4CM1ILMZO8XZVB7F.uasset" 7824
"../../../../../../24CI0433/Magic_Project/Content/__ExternalActors__/Li/Tutorial/2/P4/CFORO87VZEBVIO8WFV62R4.uasset" 7825
"../../../../../../24CI0433/Magic_Project/Content/__ExternalActors__/Li/Tutorial/3/EO/KZ6HLW27V0JNIXBIVQT7EB.uasset" 7826
"../../../../../../24CI0433/Magic_Project/Content/Satou/KTP_Effect/Particles/Fly/Others/Trail_08_09.uasset" 7827
"../../../../../../24CI0433/Magic_Project/Content/Satou/KTP_Effect/Materials/PublicMaterials/M_FX_Glow_AS_fly08.uasset" 7828
"../../../../../../24CI0433/Magic_Project/Content/Satou/KTP_Effect/Textures/PublicTextures/T_Half_Light.uasset" 7829
"../../../../../../24CI0433/Magic_Project/Content/Satou/KTP_Effect/Materials/PublicMaterials/M_FX_TRAIL011.uasset" 7830
"../../Plugins/FX/Niagara/Content/DynamicInputs/UniformRange/V3/RandomRangeLinearColor.uasset" 7831
"../../Plugins/FX/Niagara/Content/Modules/Events/GenerateLocationEvent.uasset" 7832
"../../Plugins/FX/Niagara/Content/Functions/Helpers/AdvancePositionWithAcceleration.uasset" 7833
"../../Plugins/FX/Niagara/Content/DefaultAssets/Structs/LocationEvent_V2.uasset" 7834
"../../Plugins/FX/Niagara/Content/Enums/Events/ENiagara_LocEventType.uasset" 7835
"../../Plugins/FX/Niagara/Content/Modules/Events/ReceiveLocationEvent.uasset" 7836
"../../Plugins/FX/Niagara/Content/Modules/Ribbons/ScaleRibbonWidth.uasset" 7837
"../../Plugins/FX/Niagara/Content/Modules/Spawn/Initialization/InitializeRibbon.uasset" 7838
"../../../../../../24CI0433/Magic_Project/Content/__ExternalActors__/Li/Tutorial/3/HV/S1KI30ALDFQ6ATFJ1U1GH8.uasset" 7839
"../../../../../../24CI0433/Magic_Project/Content/__ExternalActors__/Li/Tutorial/3/OK/UVBIZADNRGMJI5ZH5LRIQ6.uasset" 7840
"../../../../../../24CI0433/Magic_Project/Content/__ExternalActors__/Li/Tutorial/3/VS/SLE4ZKFZLJXNIBX7HRK3SM.uasset" 7841
"../../../../../../24CI0433/Magic_Project/Content/__ExternalActors__/Li/Tutorial/4/24/6V1VXQD48OQBL45FQ5F11Q.uasset" 7842
"../../../../../../24CI0433/Magic_Project/Content/__ExternalActors__/Li/Tutorial/4/GU/IAB5DX6CX5NR2ZOOWEL4S4.uasset" 7843
"../../../../../../24CI0433/Magic_Project/Content/__ExternalActors__/Li/Tutorial/4/N5/7WH4732P977R7A8VFVZBBE.uasset" 7844
"../../../../../../24CI0433/Magic_Project/Content/__ExternalActors__/Li/Tutorial/4/VK/OYYRN22XSXB6TU1UQR8AF5.uasset" 7845
"../../../../../../24CI0433/Magic_Project/Content/__ExternalActors__/Li/Tutorial/5/6R/1F0MW2EB1DTOYVJ8Q1MF7M.uasset" 7846
"../../../../../../24CI0433/Magic_Project/Content/__ExternalActors__/Li/Tutorial/5/H1/2W3FBSXFTB6ZPAOQ2YF137.uasset" 7847
"../../../../../../24CI0433/Magic_Project/Content/__ExternalActors__/Li/Tutorial/5/OM/7Z6FB84JQ80V4J5HQ2DWFY.uasset" 7848
"../../../../../../24CI0433/Magic_Project/Content/WindmillValley/Blueprint/BP_Lantern.uasset" 7849
"../../../../../../24CI0433/Magic_Project/Content/WindmillValley/Meshes/SM_AssetLanterna.uasset" 7850
"../../../../../../24CI0433/Magic_Project/Content/WindmillValley/Meshes/SM_LanternaSwing.uasset" 7851
"../../../../../../24CI0433/Magic_Project/Content/__ExternalActors__/Li/Tutorial/6/EM/XJIBPNQS8YB5XDRE5MGS8D.uasset" 7852
"../../../../../../24CI0433/Magic_Project/Content/__ExternalActors__/Li/Tutorial/6/FZ/C6R4RMGHB0U22MOREPNAKV.uasset" 7853
"../../../../../../24CI0433/Magic_Project/Content/__ExternalActors__/Li/Tutorial/D/Q5/NU42VYFMYM7ILODMQIVWYQ.uasset" 7854
"../../../../../../24CI0433/Magic_Project/Content/__ExternalActors__/Li/Tutorial/6/IE/8K27086ZZEKPTFT1636JUP.uasset" 7855
"../../../../../../24CI0433/Magic_Project/Content/__ExternalActors__/Li/Tutorial/6/KB/EFDUAHRSVVQ6VD9E94A0E5.uasset" 7856
"../../../../../../24CI0433/Magic_Project/Content/__ExternalActors__/Li/Tutorial/6/MB/X97XP6PDEMSCL68DIR2TRN.uasset" 7857
"../../../../../../24CI0433/Magic_Project/Content/Stylized_Village/Assets/Sky/Mesh/SM_SM_Cloud_Medium_01.uasset" 7858
"../../../../../../24CI0433/Magic_Project/Content/Stylized_Village/Assets/Sky/Material/MI_Clouds_Day.uasset" 7859
"../../../../../../24CI0433/Magic_Project/Content/Stylized_Village/Assets/Sky/Material/MM_Clouds.uasset" 7860
"../../../../../../24CI0433/Magic_Project/Content/Stylized_Village/Assets/Sky/Texture/T_Clouds_BC.uasset" 7861
"../../../../../../24CI0433/Magic_Project/Content/__ExternalActors__/Li/Tutorial/7/B8/TATZNVDLNXDOXRAN4FR559.uasset" 7862
"../../../../../../24CI0433/Magic_Project/Content/WindmillValley/Blueprint/BP_Watermill.uasset" 7863
"../../../../../../24CI0433/Magic_Project/Content/WindmillValley/Meshes/SM_Watermill.uasset" 7864
"../../../../../../24CI0433/Magic_Project/Content/WindmillValley/Materials/MaterialInstances/MI_Watermill.uasset" 7865
"../../../../../../24CI0433/Magic_Project/Content/WindmillValley/Textures/T_Watermill_D.uasset" 7866
"../../../../../../24CI0433/Magic_Project/Content/WindmillValley/Textures/T_Watermill_N.uasset" 7867
"../../../../../../24CI0433/Magic_Project/Content/WindmillValley/Textures/T_Watermill_ORM.uasset" 7868
"../../../../../../24CI0433/Magic_Project/Content/__ExternalActors__/Li/Tutorial/7/VJ/A48YHZV3PU2UXFV4R6RFSK.uasset" 7869
"../../../../../../24CI0433/Magic_Project/Content/__ExternalActors__/Li/Tutorial/7/ZV/CSMSC3PM4IBLD7UFJCNSWS.uasset" 7870
"../../../../../../24CI0433/Magic_Project/Content/__ExternalActors__/Li/Tutorial/9/32/71TJF6PUD53F7BHQ8H8Q37.uasset" 7871
"../../../../../../24CI0433/Magic_Project/Content/__ExternalActors__/Li/Tutorial/9/AP/U4MCOOIUJDHUFGTIRPMZJQ.uasset" 7872
"../../../../../../24CI0433/Magic_Project/Content/__ExternalActors__/Li/Tutorial/9/OD/JF8GNAFDLAEXDFX5PUGFDB.uasset" 7873
"../../../../../../24CI0433/Magic_Project/Content/__ExternalActors__/Li/Tutorial/9/PO/TV6EB8T4PZH7OC07MDN617.uasset" 7874
"../../../../../../24CI0433/Magic_Project/Content/WindmillValley/Blueprint/BP_Windmill.uasset" 7875
"../../../../../../24CI0433/Magic_Project/Content/WindmillValley/Meshes/SM_Helix.uasset" 7876
"../../../../../../24CI0433/Magic_Project/Content/WindmillValley/Materials/MaterialInstances/MI_Helix_01.uasset" 7877
"../../../../../../24CI0433/Magic_Project/Content/WindmillValley/Textures/T_Helix_D.uasset" 7878
"../../../../../../24CI0433/Magic_Project/Content/WindmillValley/Textures/T_Helix_ORM.uasset" 7879
"../../../../../../24CI0433/Magic_Project/Content/WindmillValley/Materials/MaterialInstances/MI_Helix_02.uasset" 7880
"../../../../../../24CI0433/Magic_Project/Content/WindmillValley/Meshes/SM_Windmill.uasset" 7881
"../../../../../../24CI0433/Magic_Project/Content/WindmillValley/Materials/MaterialInstances/MI_WindmillWindow.uasset" 7882
"../../../../../../24CI0433/Magic_Project/Content/WindmillValley/Textures/T_WindimillWindow_D.uasset" 7883
"../../../../../../24CI0433/Magic_Project/Content/WindmillValley/Textures/T_WindimillWindow_N.uasset" 7884
"../../../../../../24CI0433/Magic_Project/Content/WindmillValley/Textures/T_WindimillWindow_ORM.uasset" 7885
"../../../../../../24CI0433/Magic_Project/Content/WindmillValley/Materials/MaterialInstances/MI_WindowGlass.uasset" 7886
"../../../../../../24CI0433/Magic_Project/Content/WindmillValley/Textures/T_WindowGlass_D.uasset" 7887
"../../../../../../24CI0433/Magic_Project/Content/WindmillValley/Textures/T_WindowGlass_E.uasset" 7888
"../../../../../../24CI0433/Magic_Project/Content/WindmillValley/Textures/T_WindowGlass_N.uasset" 7889
"../../../../../../24CI0433/Magic_Project/Content/WindmillValley/Textures/T_WindowGlass_ORM.uasset" 7890
"../../../../../../24CI0433/Magic_Project/Content/__ExternalActors__/Li/Tutorial/9/UW/FQKJZO8LTXNI0EEO48CNS2.uasset" 7891
"../../../../../../24CI0433/Magic_Project/Content/__ExternalActors__/Li/Tutorial/A/48/P2NM9TJKX2CTJ8JC1PPKAJ.uasset" 7892
"../../../../../../24CI0433/Magic_Project/Content/__ExternalActors__/Li/Tutorial/A/BJ/AI4TLO01U6UMJ5FE2P9OUH.uasset" 7893
"../../../../../../24CI0433/Magic_Project/Content/__ExternalActors__/Li/Tutorial/A/Q4/28JAEVZCC0OHG4B9QX4PJS.uasset" 7894
"../../../../../../24CI0433/Magic_Project/Content/__ExternalActors__/Li/Tutorial/B/AU/FBIX2FWGQDZAE69VREZBWC.uasset" 7895
"../../../../../../24CI0433/Magic_Project/Content/__ExternalActors__/Li/Tutorial/B/KS/FV46ONKQ45HDMVH808HOV8.uasset" 7896
"../../../../../../24CI0433/Magic_Project/Content/__ExternalActors__/Li/Tutorial/B/PN/QAK9CZKR6VVGN31QJHFTY1.uasset" 7897
"../../../../../../24CI0433/Magic_Project/Content/__ExternalActors__/Li/Tutorial/B/R8/P97B6LHV37M7B9SF48517D.uasset" 7898
"../../../../../../24CI0433/Magic_Project/Content/Li/BP_IbstructionSky.uasset" 7899
"../../../../../../24CI0433/Magic_Project/Content/__ExternalActors__/Li/Tutorial/C/2M/V4GTR1M2RC6UB95F3LM4D4.uasset" 7900
"../../../../../../24CI0433/Magic_Project/Content/Stylized_Village/Assets/Sky/Mesh/SM_SM_Cloud_Medium_04.uasset" 7901
"../../../../../../24CI0433/Magic_Project/Content/__ExternalActors__/Li/Tutorial/C/FG/U06U1B1XRWHYW51KM3625M.uasset" 7902
"../../../../../../24CI0433/Magic_Project/Content/WindmillValley/Blueprint/BP_Pumpkins.uasset" 7903
"../../../../../../24CI0433/Magic_Project/Content/__ExternalActors__/Li/Tutorial/C/ND/IKBRO0LLW5PSY0CSW4UOWO.uasset" 7904
"../../../../../../24CI0433/Magic_Project/Content/__ExternalActors__/Li/Tutorial/C/NJ/VWF9QD0BHA0K7X11EY2NPG.uasset" 7905
"../../../../../../24CI0433/Magic_Project/Content/__ExternalActors__/Li/Tutorial/C/QG/5JIA5VY7UWJFU7PL539GR9.uasset" 7906
"../../../../../../24CI0433/Magic_Project/Content/Li/BP_ChargeHitTarget.uasset" 7907
"../../../../../../24CI0433/Magic_Project/Content/Li/TargetMesh/target1v_Charged.uasset" 7908
"../../../../../../24CI0433/Magic_Project/Content/Li/TargetMesh/wooden_target1v2_texture_Charged.uasset" 7909
"../../../../../../24CI0433/Magic_Project/Content/__ExternalActors__/Li/Tutorial/D/5Q/5ZAUWNFB9YF6YRN2QYVTTW.uasset" 7910
"../../../Engine/Content/EditorMeshes/EditorSkySphere.uasset" 7911
"../../../Engine/Content/EditorMaterials/Thumbnails/SkySphereMaterial.uasset" 7912
"../../../Engine/Content/ArtTools/RenderToTexture/MaterialFunctions/CheckerPattern.uasset" 7913
"../../../Engine/Content/Functions/Engine_MaterialFunctions02/Texturing/ScreenAlignedUVs.uasset" 7914
"../../../Engine/Content/Functions/Engine_MaterialFunctions02/ScreenResolution.uasset" 7915
"../../../../../../24CI0433/Magic_Project/Content/__ExternalActors__/Li/Tutorial/D/85/M2HOZSPVMAB667OLHUICL4.uasset" 7916
"../../../../../../24CI0433/Magic_Project/Content/__ExternalActors__/Li/Tutorial/D/AK/EART21LR3OY59XDZ2O3PGH.uasset" 7917
"../../../../../../24CI0433/Magic_Project/Content/__ExternalActors__/Li/Tutorial/D/O0/8LDKYJQDJ1DOQWOR0H1UEA.uasset" 7918
"../../../../../../24CI0433/Magic_Project/Content/__ExternalActors__/Li/Tutorial/D/PN/JYDQXNY4YEX4PR1JGOMVH1.uasset" 7919
"../../../../../../24CI0433/Magic_Project/Content/__ExternalActors__/Li/Tutorial/D/WI/WBF0Z4CG531PPKHTQYFHZ9.uasset" 7920
"../../../../../../24CI0433/Magic_Project/Content/__ExternalActors__/Li/Tutorial/D/ZU/JUCNQWE8EC12QSWAN4F4NX.uasset" 7921
"../../../../../../24CI0433/Magic_Project/Content/__ExternalActors__/Li/Tutorial/E/L2/WM361WV3GTXTYMGH8MVXHB.uasset" 7922
"../../../../../../24CI0433/Magic_Project/Content/__ExternalActors__/Li/Tutorial/E/L7/YFNHOM5QUNYIIR7IKT4LZH.uasset" 7923
"../../../../../../24CI0433/Magic_Project/Content/__ExternalActors__/Li/Tutorial/E/S9/0UIYKBQSHS3M2FQ4ESH0T9.uasset" 7924
"../../../../../../24CI0433/Magic_Project/Content/__ExternalActors__/Li/Tutorial/E/T2/IE3ETIT2Q0NEKRUFYQVQ46.uasset" 7925
"../../../../../../24CI0433/Magic_Project/Content/__ExternalActors__/Li/Tutorial/E/TZ/0U6Z49UPLG2VV1BUCW22F6.uasset" 7926
"../../../../../../24CI0433/Magic_Project/Content/__ExternalActors__/Li/Tutorial/E/WM/X3L1NPXR1W77D7YZB68RJ8.uasset" 7927
"../../../../../../24CI0433/Magic_Project/Content/Li/BP_MagicCountDownPlate.uasset" 7928
"../../../Engine/Content/EditorResources/AudioIcons/S_AudioComponent.uasset" 7929
