"../../../Engine/Content/EditorResources/S_Actor.ubulk" 0
"../../../Engine/Content/EditorResources/S_Actor.uasset" 1
"../../../Engine/Content/EditorResources/S_Actor.uexp" 2
"../../../Engine/Content/EditorResources/S_BoxReflectionCapture.uasset" 3
"../../../Engine/Content/EditorResources/S_BoxReflectionCapture.uexp" 4
"../../../Engine/Content/EngineResources/DefaultTexture.ubulk" 5
"../../../Engine/Content/EngineResources/DefaultTexture.uasset" 6
"../../../Engine/Content/EngineResources/DefaultTexture.uexp" 7
"../../../Engine/Content/EngineResources/DefaultTextureCube.uasset" 8
"../../../Engine/Content/EngineResources/DefaultTextureCube.uexp" 9
"../../../Engine/Content/EngineResources/DefaultVolumeTexture2D.uasset" 10
"../../../Engine/Content/EngineResources/DefaultVolumeTexture2D.uexp" 11
"../../../Engine/Content/EngineResources/DefaultVolumeTexture.uasset" 12
"../../../Engine/Content/EngineResources/DefaultVolumeTexture.uexp" 13
"../../../Engine/Content/EditorResources/S_Trigger.ubulk" 14
"../../../Engine/Content/EditorResources/S_Trigger.uasset" 15
"../../../Engine/Content/EditorResources/S_Trigger.uexp" 16
"../../../Engine/Content/EditorResources/S_TriggerBox.uasset" 17
"../../../Engine/Content/EditorResources/S_TriggerBox.uexp" 18
"../../../Engine/Content/EditorResources/S_TriggerCapsule.uasset" 19
"../../../Engine/Content/EditorResources/S_TriggerCapsule.uexp" 20
"../../../Engine/Content/EditorResources/S_TriggerSphere.uasset" 21
"../../../Engine/Content/EditorResources/S_TriggerSphere.uexp" 22
"../../../Engine/Content/EngineMeshes/Sphere.ubulk" 23
"../../../Engine/Content/EngineMeshes/Sphere.uasset" 24
"../../../Engine/Content/EngineMeshes/Sphere.uexp" 25
"../../../Engine/Content/EngineResources/GradientTexture0.uasset" 26
"../../../Engine/Content/EngineResources/GradientTexture0.uexp" 27
"../../../Engine/Content/VREditor/LaserPointer/VR_LaserPower_01.ubulk" 28
"../../../Engine/Content/VREditor/LaserPointer/VR_LaserPower_01.uasset" 29
"../../../Engine/Content/VREditor/LaserPointer/VR_LaserPower_01.uexp" 30
"../../../Engine/Content/VREditor/TransformGizmo/TransformGizmoMaterial.uasset" 31
"../../../Engine/Content/VREditor/TransformGizmo/TransformGizmoMaterial.uexp" 32
"../../../Engine/Content/VREditor/TransformGizmo/TranslucentTransformGizmoMaterial.uasset" 33
"../../../Engine/Content/VREditor/TransformGizmo/TranslucentTransformGizmoMaterial.uexp" 34
"../../../Engine/Content/VREditor/TransformGizmo/BoundingBoxCorner.ubulk" 35
"../../../Engine/Content/VREditor/TransformGizmo/BoundingBoxCorner.uasset" 36
"../../../Engine/Content/VREditor/TransformGizmo/BoundingBoxCorner.uexp" 37
"../../../Engine/Content/VREditor/TransformGizmo/BoundingBoxEdge.ubulk" 38
"../../../Engine/Content/VREditor/TransformGizmo/BoundingBoxEdge.uasset" 39
"../../../Engine/Content/VREditor/TransformGizmo/BoundingBoxEdge.uexp" 40
"../../../Engine/Content/VREditor/TransformGizmo/Main.uasset" 41
"../../../Engine/Content/VREditor/TransformGizmo/Main.uexp" 42
"../../../Engine/Content/VREditor/TransformGizmo/Xray.uasset" 43
"../../../Engine/Content/VREditor/TransformGizmo/Xray.uexp" 44
"../../../Engine/Content/VREditor/TransformGizmo/SM_Sequencer_Node.ubulk" 45
"../../../Engine/Content/VREditor/TransformGizmo/SM_Sequencer_Node.uasset" 46
"../../../Engine/Content/VREditor/TransformGizmo/SM_Sequencer_Node.uexp" 47
"../../../Engine/Content/EditorResources/S_Solver.ubulk" 48
"../../../Engine/Content/EditorResources/S_Solver.uasset" 49
"../../../Engine/Content/EditorResources/S_Solver.uexp" 50
"../../../Engine/Content/EditorMaterials/Camera/CineMat.uasset" 51
"../../../Engine/Content/EditorMaterials/Camera/CineMat.uexp" 52
"../../../Engine/Content/EditorMaterials/Camera/MI_CineMat_Rig.uasset" 53
"../../../Engine/Content/EditorMaterials/Camera/MI_CineMat_Rig.uexp" 54
"../../../Engine/Content/EditorMeshes/Camera/SM_CraneRig_Base.ubulk" 55
"../../../Engine/Content/EditorMeshes/Camera/SM_CraneRig_Base.uasset" 56
"../../../Engine/Content/EditorMeshes/Camera/SM_CraneRig_Base.uexp" 57
"../../../Engine/Content/EditorMeshes/Camera/SM_CraneRig_Arm.ubulk" 58
"../../../Engine/Content/EditorMeshes/Camera/SM_CraneRig_Arm.uasset" 59
"../../../Engine/Content/EditorMeshes/Camera/SM_CraneRig_Arm.uexp" 60
"../../../Engine/Content/EditorMeshes/Camera/SM_CraneRig_Mount.ubulk" 61
"../../../Engine/Content/EditorMeshes/Camera/SM_CraneRig_Mount.uasset" 62
"../../../Engine/Content/EditorMeshes/Camera/SM_CraneRig_Mount.uexp" 63
"../../../Engine/Content/EditorMeshes/Camera/SM_CraneRig_Body.ubulk" 64
"../../../Engine/Content/EditorMeshes/Camera/SM_CraneRig_Body.uasset" 65
"../../../Engine/Content/EditorMeshes/Camera/SM_CraneRig_Body.uexp" 66
"../../../Engine/Content/EditorMeshes/Camera/SM_RailRig_Track.ubulk" 67
"../../../Engine/Content/EditorMeshes/Camera/SM_RailRig_Track.uasset" 68
"../../../Engine/Content/EditorMeshes/Camera/SM_RailRig_Track.uexp" 69
"../../../Engine/Content/EditorMeshes/Camera/SM_RailRig_Mount.ubulk" 70
"../../../Engine/Content/EditorMeshes/Camera/SM_RailRig_Mount.uasset" 71
"../../../Engine/Content/EditorMeshes/Camera/SM_RailRig_Mount.uexp" 72
"../../../Engine/Content/EngineMaterials/T_Default_Material_Grid_M.ubulk" 73
"../../../Engine/Content/EngineMaterials/T_Default_Material_Grid_M.uasset" 74
"../../../Engine/Content/EngineMaterials/T_Default_Material_Grid_M.uexp" 75
"../../../Engine/Content/EngineMaterials/T_Default_Material_Grid_N.ubulk" 76
"../../../Engine/Content/EngineMaterials/T_Default_Material_Grid_N.uasset" 77
"../../../Engine/Content/EngineMaterials/T_Default_Material_Grid_N.uexp" 78
"../../../Engine/Content/Functions/Engine_MaterialFunctions01/Opacity/CameraDepthFade.uasset" 79
"../../../Engine/Content/Functions/Engine_MaterialFunctions01/Opacity/CameraDepthFade.uexp" 80
"../../../Engine/Content/EngineMaterials/WorldGridMaterial.uasset" 81
"../../../Engine/Content/EngineMaterials/WorldGridMaterial.uexp" 82
"../../../Engine/Content/ArtTools/RenderToTexture/Meshes/S_1_Unit_Plane.ubulk" 83
"../../../Engine/Content/ArtTools/RenderToTexture/Meshes/S_1_Unit_Plane.uasset" 84
"../../../Engine/Content/ArtTools/RenderToTexture/Meshes/S_1_Unit_Plane.uexp" 85
"../../../Engine/Content/EditorMaterials/ParticleSystems/PSysThumbnail_NoImage.ubulk" 86
"../../../Engine/Content/EditorMaterials/ParticleSystems/PSysThumbnail_NoImage.uasset" 87
"../../../Engine/Content/EditorMaterials/ParticleSystems/PSysThumbnail_NoImage.uexp" 88
"../../../Engine/Content/EditorMaterials/ParticleSystems/PSysThumbnail_OOD.ubulk" 89
"../../../Engine/Content/EditorMaterials/ParticleSystems/PSysThumbnail_OOD.uasset" 90
"../../../Engine/Content/EditorMaterials/ParticleSystems/PSysThumbnail_OOD.uexp" 91
"../../../Engine/Content/EditorLandscapeResources/SplineEditorMeshMat.uasset" 92
"../../../Engine/Content/EditorLandscapeResources/SplineEditorMeshMat.uexp" 93
"../../../Engine/Content/EditorLandscapeResources/SplineEditorMesh.ubulk" 94
"../../../Engine/Content/EditorLandscapeResources/SplineEditorMesh.uasset" 95
"../../../Engine/Content/EditorLandscapeResources/SplineEditorMesh.uexp" 96
"../../../Engine/Plugins/Media/MediaPlate/Content/SM_MediaPlateScreen.ubulk" 97
"../../../Engine/Plugins/Media/MediaPlate/Content/SM_MediaPlateScreen.uasset" 98
"../../../Engine/Plugins/Media/MediaPlate/Content/SM_MediaPlateScreen.uexp" 99
"../../../Engine/Content/EngineMaterials/BaseFlattenNormalMap.uasset" 100
"../../../Engine/Content/EngineMaterials/BaseFlattenNormalMap.uexp" 101
"../../../Engine/Content/EngineResources/Black.uasset" 102
"../../../Engine/Content/EngineResources/Black.uexp" 103
"../../../Engine/Plugins/Runtime/OpenXR/Content/Devices/M_XRController.uasset" 104
"../../../Engine/Plugins/Runtime/OpenXR/Content/Devices/M_XRController.uexp" 105
"../../../Engine/Plugins/Runtime/OpenXR/Content/Devices/HTCVive/BaseTexture.ubulk" 106
"../../../Engine/Plugins/Runtime/OpenXR/Content/Devices/HTCVive/BaseTexture.uasset" 107
"../../../Engine/Plugins/Runtime/OpenXR/Content/Devices/HTCVive/BaseTexture.uexp" 108
"../../../Engine/Plugins/Runtime/OpenXR/Content/Devices/HTCVive/MI_HTCVive.uasset" 109
"../../../Engine/Plugins/Runtime/OpenXR/Content/Devices/HTCVive/MI_HTCVive.uexp" 110
"../../../Engine/Plugins/Runtime/OpenXR/Content/Devices/HTCVive/HTCViveController.ubulk" 111
"../../../Engine/Plugins/Runtime/OpenXR/Content/Devices/HTCVive/HTCViveController.uasset" 112
"../../../Engine/Plugins/Runtime/OpenXR/Content/Devices/HTCVive/HTCViveController.uexp" 113
"../../../Engine/Plugins/Runtime/OpenXR/Content/Devices/MicrosoftMixedReality/NormalTexture.ubulk" 114
"../../../Engine/Plugins/Runtime/OpenXR/Content/Devices/MicrosoftMixedReality/NormalTexture.uasset" 115
"../../../Engine/Plugins/Runtime/OpenXR/Content/Devices/MicrosoftMixedReality/NormalTexture.uexp" 116
"../../../Engine/Plugins/Runtime/OpenXR/Content/Devices/MicrosoftMixedReality/EmissiveTexture.ubulk" 117
"../../../Engine/Plugins/Runtime/OpenXR/Content/Devices/MicrosoftMixedReality/EmissiveTexture.uasset" 118
"../../../Engine/Plugins/Runtime/OpenXR/Content/Devices/MicrosoftMixedReality/EmissiveTexture.uexp" 119
"../../../Engine/Plugins/Runtime/OpenXR/Content/Devices/MicrosoftMixedReality/BaseTexture.ubulk" 120
"../../../Engine/Plugins/Runtime/OpenXR/Content/Devices/MicrosoftMixedReality/BaseTexture.uasset" 121
"../../../Engine/Plugins/Runtime/OpenXR/Content/Devices/MicrosoftMixedReality/BaseTexture.uexp" 122
"../../../Engine/Plugins/Runtime/OpenXR/Content/Devices/MicrosoftMixedReality/MRTexture.ubulk" 123
"../../../Engine/Plugins/Runtime/OpenXR/Content/Devices/MicrosoftMixedReality/MRTexture.uasset" 124
"../../../Engine/Plugins/Runtime/OpenXR/Content/Devices/MicrosoftMixedReality/MRTexture.uexp" 125
"../../../Engine/Plugins/Runtime/OpenXR/Content/Devices/MicrosoftMixedReality/MI_MicrosoftMixedReality.uasset" 126
"../../../Engine/Plugins/Runtime/OpenXR/Content/Devices/MicrosoftMixedReality/MI_MicrosoftMixedReality.uexp" 127
"../../../Engine/Plugins/Runtime/OpenXR/Content/Devices/MicrosoftMixedReality/Left/left_MicrosoftMixedRealityController.ubulk" 128
"../../../Engine/Plugins/Runtime/OpenXR/Content/Devices/MicrosoftMixedReality/Left/left_MicrosoftMixedRealityController.uasset" 129
"../../../Engine/Plugins/Runtime/OpenXR/Content/Devices/MicrosoftMixedReality/Left/left_MicrosoftMixedRealityController.uexp" 130
"../../../Engine/Plugins/Runtime/OpenXR/Content/Devices/MicrosoftMixedReality/Right/right_MicrosoftMixedRealityController.ubulk" 131
"../../../Engine/Plugins/Runtime/OpenXR/Content/Devices/MicrosoftMixedReality/Right/right_MicrosoftMixedRealityController.uasset" 132
"../../../Engine/Plugins/Runtime/OpenXR/Content/Devices/MicrosoftMixedReality/Right/right_MicrosoftMixedRealityController.uexp" 133
"../../../Engine/Plugins/Runtime/OpenXR/Content/Devices/OculusGo/BaseTexture.ubulk" 134
"../../../Engine/Plugins/Runtime/OpenXR/Content/Devices/OculusGo/BaseTexture.uasset" 135
"../../../Engine/Plugins/Runtime/OpenXR/Content/Devices/OculusGo/BaseTexture.uexp" 136
"../../../Engine/Plugins/Runtime/OpenXR/Content/Devices/OculusGo/MI_OculusGo.uasset" 137
"../../../Engine/Plugins/Runtime/OpenXR/Content/Devices/OculusGo/MI_OculusGo.uexp" 138
"../../../Engine/Plugins/Runtime/OpenXR/Content/Devices/OculusGo/OculusGoController.ubulk" 139
"../../../Engine/Plugins/Runtime/OpenXR/Content/Devices/OculusGo/OculusGoController.uasset" 140
"../../../Engine/Plugins/Runtime/OpenXR/Content/Devices/OculusGo/OculusGoController.uexp" 141
"../../../Engine/Plugins/Runtime/OpenXR/Content/Devices/OculusTouch/BaseTexture.ubulk" 142
"../../../Engine/Plugins/Runtime/OpenXR/Content/Devices/OculusTouch/BaseTexture.uasset" 143
"../../../Engine/Plugins/Runtime/OpenXR/Content/Devices/OculusTouch/BaseTexture.uexp" 144
"../../../Engine/Plugins/Runtime/OpenXR/Content/Devices/OculusTouch/MRTexture.ubulk" 145
"../../../Engine/Plugins/Runtime/OpenXR/Content/Devices/OculusTouch/MRTexture.uasset" 146
"../../../Engine/Plugins/Runtime/OpenXR/Content/Devices/OculusTouch/MRTexture.uexp" 147
"../../../Engine/Plugins/Runtime/OpenXR/Content/Devices/OculusTouch/MI_OculusTouch.uasset" 148
"../../../Engine/Plugins/Runtime/OpenXR/Content/Devices/OculusTouch/MI_OculusTouch.uexp" 149
"../../../Engine/Plugins/Runtime/OpenXR/Content/Devices/OculusTouch/Left/left_OculusTouchController.ubulk" 150
"../../../Engine/Plugins/Runtime/OpenXR/Content/Devices/OculusTouch/Left/left_OculusTouchController.uasset" 151
"../../../Engine/Plugins/Runtime/OpenXR/Content/Devices/OculusTouch/Left/left_OculusTouchController.uexp" 152
"../../../Engine/Plugins/Runtime/OpenXR/Content/Devices/OculusTouch/Right/right_OculusTouchController.ubulk" 153
"../../../Engine/Plugins/Runtime/OpenXR/Content/Devices/OculusTouch/Right/right_OculusTouchController.uasset" 154
"../../../Engine/Plugins/Runtime/OpenXR/Content/Devices/OculusTouch/Right/right_OculusTouchController.uexp" 155
"../../../Engine/Plugins/Runtime/OpenXR/Content/Devices/ValveIndex/MRTexture.ubulk" 156
"../../../Engine/Plugins/Runtime/OpenXR/Content/Devices/ValveIndex/MRTexture.uasset" 157
"../../../Engine/Plugins/Runtime/OpenXR/Content/Devices/ValveIndex/MRTexture.uexp" 158
"../../../Engine/Plugins/Runtime/OpenXR/Content/Devices/ValveIndex/BaseTexture.ubulk" 159
"../../../Engine/Plugins/Runtime/OpenXR/Content/Devices/ValveIndex/BaseTexture.uasset" 160
"../../../Engine/Plugins/Runtime/OpenXR/Content/Devices/ValveIndex/BaseTexture.uexp" 161
"../../../Engine/Plugins/Runtime/OpenXR/Content/Devices/ValveIndex/Left/MI_left_ValveIndex.uasset" 162
"../../../Engine/Plugins/Runtime/OpenXR/Content/Devices/ValveIndex/Left/MI_left_ValveIndex.uexp" 163
"../../../Engine/Plugins/Runtime/OpenXR/Content/Devices/ValveIndex/Left/left_ValveIndexController.ubulk" 164
"../../../Engine/Plugins/Runtime/OpenXR/Content/Devices/ValveIndex/Left/left_ValveIndexController.uasset" 165
"../../../Engine/Plugins/Runtime/OpenXR/Content/Devices/ValveIndex/Left/left_ValveIndexController.uexp" 166
"../../../Engine/Plugins/Runtime/OpenXR/Content/Devices/ValveIndex/Right/MI_right_ValveIndex.uasset" 167
"../../../Engine/Plugins/Runtime/OpenXR/Content/Devices/ValveIndex/Right/MI_right_ValveIndex.uexp" 168
"../../../Engine/Plugins/Runtime/OpenXR/Content/Devices/ValveIndex/Right/right_ValveIndexController.ubulk" 169
"../../../Engine/Plugins/Runtime/OpenXR/Content/Devices/ValveIndex/Right/right_ValveIndexController.uasset" 170
"../../../Engine/Plugins/Runtime/OpenXR/Content/Devices/ValveIndex/Right/right_ValveIndexController.uexp" 171
"../../../Engine/Plugins/Runtime/OpenXR/Content/Devices/OculusTouch_v2/BaseTexture.ubulk" 172
"../../../Engine/Plugins/Runtime/OpenXR/Content/Devices/OculusTouch_v2/BaseTexture.uasset" 173
"../../../Engine/Plugins/Runtime/OpenXR/Content/Devices/OculusTouch_v2/BaseTexture.uexp" 174
"../../../Engine/Plugins/Runtime/OpenXR/Content/Devices/OculusTouch_v2/MRTexture.ubulk" 175
"../../../Engine/Plugins/Runtime/OpenXR/Content/Devices/OculusTouch_v2/MRTexture.uasset" 176
"../../../Engine/Plugins/Runtime/OpenXR/Content/Devices/OculusTouch_v2/MRTexture.uexp" 177
"../../../Engine/Plugins/Runtime/OpenXR/Content/Devices/OculusTouch_v2/MI_OculusTouch_v2.uasset" 178
"../../../Engine/Plugins/Runtime/OpenXR/Content/Devices/OculusTouch_v2/MI_OculusTouch_v2.uexp" 179
"../../../Engine/Plugins/Runtime/OpenXR/Content/Devices/OculusTouch_v2/Left/left_OculusTouch_v2Controller.ubulk" 180
"../../../Engine/Plugins/Runtime/OpenXR/Content/Devices/OculusTouch_v2/Left/left_OculusTouch_v2Controller.uasset" 181
"../../../Engine/Plugins/Runtime/OpenXR/Content/Devices/OculusTouch_v2/Left/left_OculusTouch_v2Controller.uexp" 182
"../../../Engine/Plugins/Runtime/OpenXR/Content/Devices/OculusTouch_v2/Right/right_OculusTouch_v2Controller.ubulk" 183
"../../../Engine/Plugins/Runtime/OpenXR/Content/Devices/OculusTouch_v2/Right/right_OculusTouch_v2Controller.uasset" 184
"../../../Engine/Plugins/Runtime/OpenXR/Content/Devices/OculusTouch_v2/Right/right_OculusTouch_v2Controller.uexp" 185
"../../../Engine/Plugins/Runtime/OpenXR/Content/Devices/OculusTouch_v3/MRTexture.ubulk" 186
"../../../Engine/Plugins/Runtime/OpenXR/Content/Devices/OculusTouch_v3/MRTexture.uasset" 187
"../../../Engine/Plugins/Runtime/OpenXR/Content/Devices/OculusTouch_v3/MRTexture.uexp" 188
"../../../Engine/Plugins/Runtime/OpenXR/Content/Devices/OculusTouch_v3/BaseTexture.ubulk" 189
"../../../Engine/Plugins/Runtime/OpenXR/Content/Devices/OculusTouch_v3/BaseTexture.uasset" 190
"../../../Engine/Plugins/Runtime/OpenXR/Content/Devices/OculusTouch_v3/BaseTexture.uexp" 191
"../../../Engine/Plugins/Runtime/OpenXR/Content/Devices/OculusTouch_v3/MI_OculusTouch_v3.uasset" 192
"../../../Engine/Plugins/Runtime/OpenXR/Content/Devices/OculusTouch_v3/MI_OculusTouch_v3.uexp" 193
"../../../Engine/Plugins/Runtime/OpenXR/Content/Devices/OculusTouch_v3/Left/left_OculusTouch_v3Controller.ubulk" 194
"../../../Engine/Plugins/Runtime/OpenXR/Content/Devices/OculusTouch_v3/Left/left_OculusTouch_v3Controller.uasset" 195
"../../../Engine/Plugins/Runtime/OpenXR/Content/Devices/OculusTouch_v3/Left/left_OculusTouch_v3Controller.uexp" 196
"../../../Engine/Plugins/Runtime/OpenXR/Content/Devices/OculusTouch_v3/Right/right_OculusTouch_v3Controller.ubulk" 197
"../../../Engine/Plugins/Runtime/OpenXR/Content/Devices/OculusTouch_v3/Right/right_OculusTouch_v3Controller.uasset" 198
"../../../Engine/Plugins/Runtime/OpenXR/Content/Devices/OculusTouch_v3/Right/right_OculusTouch_v3Controller.uexp" 199
"../../../Engine/Content/EngineMaterials/DefaultBokeh.uasset" 200
"../../../Engine/Content/EngineMaterials/DefaultBokeh.uexp" 201
"../../../Engine/Content/EngineMaterials/MiniFont.uasset" 202
"../../../Engine/Content/EngineMaterials/MiniFont.uexp" 203
"../../../Engine/Content/EngineMaterials/DefaultWhiteGrid.ubulk" 204
"../../../Engine/Content/EngineMaterials/DefaultWhiteGrid.uasset" 205
"../../../Engine/Content/EngineMaterials/DefaultWhiteGrid.uexp" 206
"../../../Engine/Content/EngineMaterials/PreintegratedSkinBRDF.uasset" 207
"../../../Engine/Content/EngineMaterials/PreintegratedSkinBRDF.uexp" 208
"../../../Engine/Content/Functions/Engine_MaterialFunctions02/WorldPositionOffset/CameraOffset.uasset" 209
"../../../Engine/Content/Functions/Engine_MaterialFunctions02/WorldPositionOffset/CameraOffset.uexp" 210
"../../../Engine/Plugins/Animation/ControlRig/Content/M_Manip.uasset" 211
"../../../Engine/Plugins/Animation/ControlRig/Content/M_Manip.uexp" 212
"../../../Engine/Plugins/2D/Paper2D/Content/PlaceholderTextures/DummySpriteTexture.ubulk" 213
"../../../Engine/Plugins/2D/Paper2D/Content/PlaceholderTextures/DummySpriteTexture.uasset" 214
"../../../Engine/Plugins/2D/Paper2D/Content/PlaceholderTextures/DummySpriteTexture.uexp" 215
"../../../Engine/Plugins/2D/Paper2D/Content/DefaultSpriteMaterial.uasset" 216
"../../../Engine/Plugins/2D/Paper2D/Content/DefaultSpriteMaterial.uexp" 217
"../../../Engine/Plugins/2D/Paper2D/Content/OpaqueUnlitSpriteMaterial.uasset" 218
"../../../Engine/Plugins/2D/Paper2D/Content/OpaqueUnlitSpriteMaterial.uexp" 219
"../../../Engine/Plugins/2D/Paper2D/Content/MaskedUnlitSpriteMaterial.uasset" 220
"../../../Engine/Plugins/2D/Paper2D/Content/MaskedUnlitSpriteMaterial.uexp" 221
"../../../Engine/Plugins/2D/Paper2D/Content/DummySprite.uasset" 222
"../../../Engine/Plugins/2D/Paper2D/Content/DummySprite.uexp" 223
"../../../Engine/Plugins/2D/Paper2D/Content/DefaultPaperTerrainMaterial.uasset" 224
"../../../Engine/Plugins/2D/Paper2D/Content/DefaultPaperTerrainMaterial.uexp" 225
"../../../Engine/Plugins/Runtime/MeshModelingToolset/Content/Materials/M_DynamicMeshComponentVtxColor.uasset" 226
"../../../Engine/Plugins/Runtime/MeshModelingToolset/Content/Materials/M_DynamicMeshComponentVtxColor.uexp" 227
"../../../Engine/Content/Functions/Engine_MaterialFunctions02/Utility/CameraDirectionVector.uasset" 228
"../../../Engine/Content/Functions/Engine_MaterialFunctions02/Utility/CameraDirectionVector.uexp" 229
"../../../Engine/Content/Functions/Engine_MaterialFunctions01/Volumetrics/BeersLaw.uasset" 230
"../../../Engine/Content/Functions/Engine_MaterialFunctions01/Volumetrics/BeersLaw.uexp" 231
"../../../Engine/Content/EngineMaterials/Good64x64TilingNoiseHighFreq.uasset" 232
"../../../Engine/Content/EngineMaterials/Good64x64TilingNoiseHighFreq.uexp" 233
"../../../Engine/Content/Functions/Engine_MaterialFunctions02/Texturing/ScreenAlignedPixelToPixelUVs.uasset" 234
"../../../Engine/Content/Functions/Engine_MaterialFunctions02/Texturing/ScreenAlignedPixelToPixelUVs.uexp" 235
"../../../Engine/Content/Functions/Engine_MaterialFunctions02/Utility/BreakOutFloat3Components.uasset" 236
"../../../Engine/Content/Functions/Engine_MaterialFunctions02/Utility/BreakOutFloat3Components.uexp" 237
"../../../Engine/Content/Functions/Engine_MaterialFunctions03/Math/RemapValueRange.uasset" 238
"../../../Engine/Content/Functions/Engine_MaterialFunctions03/Math/RemapValueRange.uexp" 239
"../../../Engine/Plugins/Editor/SpeedTreeImporter/Content/SpeedTree9/game_wind_noise.ubulk" 240
"../../../Engine/Plugins/Editor/SpeedTreeImporter/Content/SpeedTree9/game_wind_noise.uasset" 241
"../../../Engine/Plugins/Editor/SpeedTreeImporter/Content/SpeedTree9/game_wind_noise.uexp" 242
"../../../Engine/Plugins/Editor/SpeedTreeImporter/Content/SpeedTree9/UnpackDirection.uasset" 243
"../../../Engine/Plugins/Editor/SpeedTreeImporter/Content/SpeedTree9/UnpackDirection.uexp" 244
"../../../Engine/Content/Functions/Engine_MaterialFunctions02/ObjectLocalBounds.uasset" 245
"../../../Engine/Content/Functions/Engine_MaterialFunctions02/ObjectLocalBounds.uexp" 246
"../../../Engine/Content/Functions/Engine_MaterialFunctions02/UVs/BoundingBoxBased_0-1_UVW.uasset" 247
"../../../Engine/Content/Functions/Engine_MaterialFunctions02/UVs/BoundingBoxBased_0-1_UVW.uexp" 248
"../../../Engine/Content/Functions/Engine_MaterialFunctions02/Utility/VectorLength.uasset" 249
"../../../Engine/Content/Functions/Engine_MaterialFunctions02/Utility/VectorLength.uexp" 250
"../../../Engine/Plugins/Editor/SpeedTreeImporter/Content/SpeedTree9/UnpackInteger3.uasset" 251
"../../../Engine/Plugins/Editor/SpeedTreeImporter/Content/SpeedTree9/UnpackInteger3.uexp" 252
"../../../Engine/Plugins/Editor/SpeedTreeImporter/Content/SpeedTree9/SpeedTreeCameraFacing.uasset" 253
"../../../Engine/Plugins/Editor/SpeedTreeImporter/Content/SpeedTree9/SpeedTreeCameraFacing.uexp" 254
"../../../Engine/Content/Functions/Engine_MaterialFunctions02/WorldPositionOffset/ObjectScale.uasset" 255
"../../../Engine/Content/Functions/Engine_MaterialFunctions02/WorldPositionOffset/ObjectScale.uexp" 256
"../../../Engine/Content/Functions/Engine_MaterialFunctions02/SafeNormalize.uasset" 257
"../../../Engine/Content/Functions/Engine_MaterialFunctions02/SafeNormalize.uexp" 258
"../../../Engine/Plugins/Editor/SpeedTreeImporter/Content/SpeedTree9/SpeedTreeWindMotion.uasset" 259
"../../../Engine/Plugins/Editor/SpeedTreeImporter/Content/SpeedTree9/SpeedTreeWindMotion.uexp" 260
"../../../Engine/Plugins/Editor/SpeedTreeImporter/Content/SpeedTree9/SpeedTreeBranchMotion.uasset" 261
"../../../Engine/Plugins/Editor/SpeedTreeImporter/Content/SpeedTree9/SpeedTreeBranchMotion.uexp" 262
"../../../Engine/Plugins/Editor/SpeedTreeImporter/Content/SpeedTree9/SpeedTreeWind.uasset" 263
"../../../Engine/Plugins/Editor/SpeedTreeImporter/Content/SpeedTree9/SpeedTreeWind.uexp" 264
"../../../Engine/Plugins/Editor/SpeedTreeImporter/Content/SpeedTree9/EmptyNormal.uasset" 265
"../../../Engine/Plugins/Editor/SpeedTreeImporter/Content/SpeedTree9/EmptyNormal.uexp" 266
"../../../Engine/Plugins/Editor/SpeedTreeImporter/Content/SpeedTree9/Empty.uasset" 267
"../../../Engine/Plugins/Editor/SpeedTreeImporter/Content/SpeedTree9/Empty.uexp" 268
"../../../Engine/Plugins/Editor/SpeedTreeImporter/Content/SpeedTree9/SpeedTreeMaster.uasset" 269
"../../../Engine/Plugins/Editor/SpeedTreeImporter/Content/SpeedTree9/SpeedTreeMaster.uexp" 270
"../../../Engine/Plugins/Editor/SpeedTreeImporter/Content/SpeedTree9/SpeedTreeBillboard.uasset" 271
"../../../Engine/Plugins/Editor/SpeedTreeImporter/Content/SpeedTree9/SpeedTreeBillboard.uexp" 272
"../../../Engine/Plugins/Editor/SpeedTreeImporter/Content/SpeedTree9/SpeedTreeBillboardMaster.uasset" 273
"../../../Engine/Plugins/Editor/SpeedTreeImporter/Content/SpeedTree9/SpeedTreeBillboardMaster.uexp" 274
"../../../Engine/Plugins/Animation/ControlRig/Content/Controls/DefaultGizmoLibraryNormalized.uasset" 275
"../../../Engine/Plugins/Animation/ControlRig/Content/Controls/DefaultGizmoLibraryNormalized.uexp" 276
"../../../Engine/Plugins/Animation/ControlRig/Content/Controls/ControlRig_Wedge_solid.ubulk" 277
"../../../Engine/Plugins/Animation/ControlRig/Content/Controls/ControlRig_Wedge_solid.uasset" 278
"../../../Engine/Plugins/Animation/ControlRig/Content/Controls/ControlRig_Wedge_solid.uexp" 279
"../../../Engine/Plugins/Animation/ControlRig/Content/Controls/ControlRig_Wedge_3mm.ubulk" 280
"../../../Engine/Plugins/Animation/ControlRig/Content/Controls/ControlRig_Wedge_3mm.uasset" 281
"../../../Engine/Plugins/Animation/ControlRig/Content/Controls/ControlRig_Wedge_3mm.uexp" 282
"../../../Engine/Plugins/Animation/ControlRig/Content/Controls/ControlRig_Wedge_1mm.ubulk" 283
"../../../Engine/Plugins/Animation/ControlRig/Content/Controls/ControlRig_Wedge_1mm.uasset" 284
"../../../Engine/Plugins/Animation/ControlRig/Content/Controls/ControlRig_Wedge_1mm.uexp" 285
"../../../Engine/Plugins/Animation/ControlRig/Content/Controls/ControlRig_Triangle_solid.ubulk" 286
"../../../Engine/Plugins/Animation/ControlRig/Content/Controls/ControlRig_Triangle_solid.uasset" 287
"../../../Engine/Plugins/Animation/ControlRig/Content/Controls/ControlRig_Triangle_solid.uexp" 288
"../../../Engine/Plugins/Animation/ControlRig/Content/Controls/ControlRig_Triangle_3mm.ubulk" 289
"../../../Engine/Plugins/Animation/ControlRig/Content/Controls/ControlRig_Triangle_3mm.uasset" 290
"../../../Engine/Plugins/Animation/ControlRig/Content/Controls/ControlRig_Triangle_3mm.uexp" 291
"../../../Engine/Plugins/Animation/ControlRig/Content/Controls/ControlRig_Triangle_1mm.ubulk" 292
"../../../Engine/Plugins/Animation/ControlRig/Content/Controls/ControlRig_Triangle_1mm.uasset" 293
"../../../Engine/Plugins/Animation/ControlRig/Content/Controls/ControlRig_Triangle_1mm.uexp" 294
"../../../Engine/Plugins/Animation/ControlRig/Content/Controls/ControlRig_Star4_solid.ubulk" 295
"../../../Engine/Plugins/Animation/ControlRig/Content/Controls/ControlRig_Star4_solid.uasset" 296
"../../../Engine/Plugins/Animation/ControlRig/Content/Controls/ControlRig_Star4_solid.uexp" 297
"../../../Engine/Plugins/Animation/ControlRig/Content/Controls/ControlRig_Star4_3mm.ubulk" 298
"../../../Engine/Plugins/Animation/ControlRig/Content/Controls/ControlRig_Star4_3mm.uasset" 299
"../../../Engine/Plugins/Animation/ControlRig/Content/Controls/ControlRig_Star4_3mm.uexp" 300
"../../../Engine/Plugins/Animation/ControlRig/Content/Controls/ControlRig_Star4_1mm.ubulk" 301
"../../../Engine/Plugins/Animation/ControlRig/Content/Controls/ControlRig_Star4_1mm.uasset" 302
"../../../Engine/Plugins/Animation/ControlRig/Content/Controls/ControlRig_Star4_1mm.uexp" 303
"../../../Engine/Plugins/Animation/ControlRig/Content/Controls/ControlRig_Square_solid.ubulk" 304
"../../../Engine/Plugins/Animation/ControlRig/Content/Controls/ControlRig_Square_solid.uasset" 305
"../../../Engine/Plugins/Animation/ControlRig/Content/Controls/ControlRig_Square_solid.uexp" 306
"../../../Engine/Plugins/Animation/ControlRig/Content/Controls/ControlRig_Square_3mm.ubulk" 307
"../../../Engine/Plugins/Animation/ControlRig/Content/Controls/ControlRig_Square_3mm.uasset" 308
"../../../Engine/Plugins/Animation/ControlRig/Content/Controls/ControlRig_Square_3mm.uexp" 309
"../../../Engine/Plugins/Animation/ControlRig/Content/Controls/ControlRig_Square_1mm.ubulk" 310
"../../../Engine/Plugins/Animation/ControlRig/Content/Controls/ControlRig_Square_1mm.uasset" 311
"../../../Engine/Plugins/Animation/ControlRig/Content/Controls/ControlRig_Square_1mm.uexp" 312
"../../../Engine/Plugins/Animation/ControlRig/Content/Controls/ControlRig_Sphere_solid.ubulk" 313
"../../../Engine/Plugins/Animation/ControlRig/Content/Controls/ControlRig_Sphere_solid.uasset" 314
"../../../Engine/Plugins/Animation/ControlRig/Content/Controls/ControlRig_Sphere_solid.uexp" 315
"../../../Engine/Plugins/Animation/ControlRig/Content/Controls/ControlRig_Sphere_3mm.ubulk" 316
"../../../Engine/Plugins/Animation/ControlRig/Content/Controls/ControlRig_Sphere_3mm.uasset" 317
"../../../Engine/Plugins/Animation/ControlRig/Content/Controls/ControlRig_Sphere_3mm.uexp" 318
"../../../Engine/Plugins/Animation/ControlRig/Content/Controls/ControlRig_Sphere_1mm.ubulk" 319
"../../../Engine/Plugins/Animation/ControlRig/Content/Controls/ControlRig_Sphere_1mm.uasset" 320
"../../../Engine/Plugins/Animation/ControlRig/Content/Controls/ControlRig_Sphere_1mm.uexp" 321
"../../../Engine/Plugins/Animation/ControlRig/Content/Controls/ControlRig_RoundedTriangle_solid.ubulk" 322
"../../../Engine/Plugins/Animation/ControlRig/Content/Controls/ControlRig_RoundedTriangle_solid.uasset" 323
"../../../Engine/Plugins/Animation/ControlRig/Content/Controls/ControlRig_RoundedTriangle_solid.uexp" 324
"../../../Engine/Plugins/Animation/ControlRig/Content/Controls/ControlRig_RoundedTriangle_3mm.ubulk" 325
"../../../Engine/Plugins/Animation/ControlRig/Content/Controls/ControlRig_RoundedTriangle_3mm.uasset" 326
"../../../Engine/Plugins/Animation/ControlRig/Content/Controls/ControlRig_RoundedTriangle_3mm.uexp" 327
"../../../Engine/Plugins/Animation/ControlRig/Content/Controls/ControlRig_RoundedTriangle_1mm.ubulk" 328
"../../../Engine/Plugins/Animation/ControlRig/Content/Controls/ControlRig_RoundedTriangle_1mm.uasset" 329
"../../../Engine/Plugins/Animation/ControlRig/Content/Controls/ControlRig_RoundedTriangle_1mm.uexp" 330
"../../../Engine/Plugins/Animation/ControlRig/Content/Controls/ControlRig_RoundedSquare_solid.ubulk" 331
"../../../Engine/Plugins/Animation/ControlRig/Content/Controls/ControlRig_RoundedSquare_solid.uasset" 332
"../../../Engine/Plugins/Animation/ControlRig/Content/Controls/ControlRig_RoundedSquare_solid.uexp" 333
"../../../Engine/Plugins/Animation/ControlRig/Content/Controls/ControlRig_RoundedSquare_3mm.ubulk" 334
"../../../Engine/Plugins/Animation/ControlRig/Content/Controls/ControlRig_RoundedSquare_3mm.uasset" 335
"../../../Engine/Plugins/Animation/ControlRig/Content/Controls/ControlRig_RoundedSquare_3mm.uexp" 336
"../../../Engine/Plugins/Animation/ControlRig/Content/Controls/ControlRig_RoundedSquare_1mm.ubulk" 337
"../../../Engine/Plugins/Animation/ControlRig/Content/Controls/ControlRig_RoundedSquare_1mm.uasset" 338
"../../../Engine/Plugins/Animation/ControlRig/Content/Controls/ControlRig_RoundedSquare_1mm.uexp" 339
"../../../Engine/Plugins/Animation/ControlRig/Content/Controls/ControlRig_QuarterCircle_solid.ubulk" 340
"../../../Engine/Plugins/Animation/ControlRig/Content/Controls/ControlRig_QuarterCircle_solid.uasset" 341
"../../../Engine/Plugins/Animation/ControlRig/Content/Controls/ControlRig_QuarterCircle_solid.uexp" 342
"../../../Engine/Plugins/Animation/ControlRig/Content/Controls/ControlRig_QuarterCircle_3mm.ubulk" 343
"../../../Engine/Plugins/Animation/ControlRig/Content/Controls/ControlRig_QuarterCircle_3mm.uasset" 344
"../../../Engine/Plugins/Animation/ControlRig/Content/Controls/ControlRig_QuarterCircle_3mm.uexp" 345
"../../../Engine/Plugins/Animation/ControlRig/Content/Controls/ControlRig_QuarterCircle_1mm.ubulk" 346
"../../../Engine/Plugins/Animation/ControlRig/Content/Controls/ControlRig_QuarterCircle_1mm.uasset" 347
"../../../Engine/Plugins/Animation/ControlRig/Content/Controls/ControlRig_QuarterCircle_1mm.uexp" 348
"../../../Engine/Plugins/Animation/ControlRig/Content/Controls/ControlRig_Pyramid_solid.ubulk" 349
"../../../Engine/Plugins/Animation/ControlRig/Content/Controls/ControlRig_Pyramid_solid.uasset" 350
"../../../Engine/Plugins/Animation/ControlRig/Content/Controls/ControlRig_Pyramid_solid.uexp" 351
"../../../Engine/Plugins/Animation/ControlRig/Content/Controls/ControlRig_Pyramid_3mm.ubulk" 352
"../../../Engine/Plugins/Animation/ControlRig/Content/Controls/ControlRig_Pyramid_3mm.uasset" 353
"../../../Engine/Plugins/Animation/ControlRig/Content/Controls/ControlRig_Pyramid_3mm.uexp" 354
"../../../Engine/Plugins/Animation/ControlRig/Content/Controls/ControlRig_Pyramid_1mm.ubulk" 355
"../../../Engine/Plugins/Animation/ControlRig/Content/Controls/ControlRig_Pyramid_1mm.uasset" 356
"../../../Engine/Plugins/Animation/ControlRig/Content/Controls/ControlRig_Pyramid_1mm.uexp" 357
"../../../Engine/Plugins/Animation/ControlRig/Content/Controls/ControlRig_Octagon_solid.ubulk" 358
"../../../Engine/Plugins/Animation/ControlRig/Content/Controls/ControlRig_Octagon_solid.uasset" 359
"../../../Engine/Plugins/Animation/ControlRig/Content/Controls/ControlRig_Octagon_solid.uexp" 360
"../../../Engine/Plugins/Animation/ControlRig/Content/Controls/ControlRig_Octagon_3mm.ubulk" 361
"../../../Engine/Plugins/Animation/ControlRig/Content/Controls/ControlRig_Octagon_3mm.uasset" 362
"../../../Engine/Plugins/Animation/ControlRig/Content/Controls/ControlRig_Octagon_3mm.uexp" 363
"../../../Engine/Plugins/Animation/ControlRig/Content/Controls/ControlRig_Octagon_1mm.ubulk" 364
"../../../Engine/Plugins/Animation/ControlRig/Content/Controls/ControlRig_Octagon_1mm.uasset" 365
"../../../Engine/Plugins/Animation/ControlRig/Content/Controls/ControlRig_Octagon_1mm.uexp" 366
"../../../Engine/Plugins/Animation/ControlRig/Content/Controls/ControlRig_Hexagon_solid.ubulk" 367
"../../../Engine/Plugins/Animation/ControlRig/Content/Controls/ControlRig_Hexagon_solid.uasset" 368
"../../../Engine/Plugins/Animation/ControlRig/Content/Controls/ControlRig_Hexagon_solid.uexp" 369
"../../../Engine/Plugins/Animation/ControlRig/Content/Controls/ControlRig_Hexagon_3mm.ubulk" 370
"../../../Engine/Plugins/Animation/ControlRig/Content/Controls/ControlRig_Hexagon_3mm.uasset" 371
"../../../Engine/Plugins/Animation/ControlRig/Content/Controls/ControlRig_Hexagon_3mm.uexp" 372
"../../../Engine/Plugins/Animation/ControlRig/Content/Controls/ControlRig_Hexagon_1mm.ubulk" 373
"../../../Engine/Plugins/Animation/ControlRig/Content/Controls/ControlRig_Hexagon_1mm.uasset" 374
"../../../Engine/Plugins/Animation/ControlRig/Content/Controls/ControlRig_Hexagon_1mm.uexp" 375
"../../../Engine/Plugins/Animation/ControlRig/Content/Controls/ControlRig_HalfCircle_solid.ubulk" 376
"../../../Engine/Plugins/Animation/ControlRig/Content/Controls/ControlRig_HalfCircle_solid.uasset" 377
"../../../Engine/Plugins/Animation/ControlRig/Content/Controls/ControlRig_HalfCircle_solid.uexp" 378
"../../../Engine/Plugins/Animation/ControlRig/Content/Controls/ControlRig_HalfCircle_3mm.ubulk" 379
"../../../Engine/Plugins/Animation/ControlRig/Content/Controls/ControlRig_HalfCircle_3mm.uasset" 380
"../../../Engine/Plugins/Animation/ControlRig/Content/Controls/ControlRig_HalfCircle_3mm.uexp" 381
"../../../Engine/Plugins/Animation/ControlRig/Content/Controls/ControlRig_HalfCircle_1mm.ubulk" 382
"../../../Engine/Plugins/Animation/ControlRig/Content/Controls/ControlRig_HalfCircle_1mm.uasset" 383
"../../../Engine/Plugins/Animation/ControlRig/Content/Controls/ControlRig_HalfCircle_1mm.uexp" 384
"../../../Engine/Plugins/Animation/ControlRig/Content/Controls/ControlRig_Diamond_solid.ubulk" 385
"../../../Engine/Plugins/Animation/ControlRig/Content/Controls/ControlRig_Diamond_solid.uasset" 386
"../../../Engine/Plugins/Animation/ControlRig/Content/Controls/ControlRig_Diamond_solid.uexp" 387
"../../../Engine/Plugins/Animation/ControlRig/Content/Controls/ControlRig_Diamond_3mm.ubulk" 388
"../../../Engine/Plugins/Animation/ControlRig/Content/Controls/ControlRig_Diamond_3mm.uasset" 389
"../../../Engine/Plugins/Animation/ControlRig/Content/Controls/ControlRig_Diamond_3mm.uexp" 390
"../../../Engine/Plugins/Animation/ControlRig/Content/Controls/ControlRig_Diamond_1mm.ubulk" 391
"../../../Engine/Plugins/Animation/ControlRig/Content/Controls/ControlRig_Diamond_1mm.uasset" 392
"../../../Engine/Plugins/Animation/ControlRig/Content/Controls/ControlRig_Diamond_1mm.uexp" 393
"../../../Engine/Plugins/Animation/ControlRig/Content/Controls/ControlRig_Circle_solid.ubulk" 394
"../../../Engine/Plugins/Animation/ControlRig/Content/Controls/ControlRig_Circle_solid.uasset" 395
"../../../Engine/Plugins/Animation/ControlRig/Content/Controls/ControlRig_Circle_solid.uexp" 396
"../../../Engine/Plugins/Animation/ControlRig/Content/Controls/ControlRig_Circle_3mm.ubulk" 397
"../../../Engine/Plugins/Animation/ControlRig/Content/Controls/ControlRig_Circle_3mm.uasset" 398
"../../../Engine/Plugins/Animation/ControlRig/Content/Controls/ControlRig_Circle_3mm.uexp" 399
"../../../Engine/Plugins/Animation/ControlRig/Content/Controls/ControlRig_Circle_1mm.ubulk" 400
"../../../Engine/Plugins/Animation/ControlRig/Content/Controls/ControlRig_Circle_1mm.uasset" 401
"../../../Engine/Plugins/Animation/ControlRig/Content/Controls/ControlRig_Circle_1mm.uexp" 402
"../../../Engine/Plugins/Animation/ControlRig/Content/Controls/ControlRig_Box_solid.ubulk" 403
"../../../Engine/Plugins/Animation/ControlRig/Content/Controls/ControlRig_Box_solid.uasset" 404
"../../../Engine/Plugins/Animation/ControlRig/Content/Controls/ControlRig_Box_solid.uexp" 405
"../../../Engine/Plugins/Animation/ControlRig/Content/Controls/ControlRig_Box_3mm.ubulk" 406
"../../../Engine/Plugins/Animation/ControlRig/Content/Controls/ControlRig_Box_3mm.uasset" 407
"../../../Engine/Plugins/Animation/ControlRig/Content/Controls/ControlRig_Box_3mm.uexp" 408
"../../../Engine/Plugins/Animation/ControlRig/Content/Controls/ControlRig_Box_1mm.ubulk" 409
"../../../Engine/Plugins/Animation/ControlRig/Content/Controls/ControlRig_Box_1mm.uasset" 410
"../../../Engine/Plugins/Animation/ControlRig/Content/Controls/ControlRig_Box_1mm.uexp" 411
"../../../Engine/Plugins/Animation/ControlRig/Content/Controls/ControlRig_Arrow_solid.ubulk" 412
"../../../Engine/Plugins/Animation/ControlRig/Content/Controls/ControlRig_Arrow_solid.uasset" 413
"../../../Engine/Plugins/Animation/ControlRig/Content/Controls/ControlRig_Arrow_solid.uexp" 414
"../../../Engine/Plugins/Animation/ControlRig/Content/Controls/ControlRig_Arrow_3mm.ubulk" 415
"../../../Engine/Plugins/Animation/ControlRig/Content/Controls/ControlRig_Arrow_3mm.uasset" 416
"../../../Engine/Plugins/Animation/ControlRig/Content/Controls/ControlRig_Arrow_3mm.uexp" 417
"../../../Engine/Plugins/Animation/ControlRig/Content/Controls/ControlRig_Arrow_1mm.ubulk" 418
"../../../Engine/Plugins/Animation/ControlRig/Content/Controls/ControlRig_Arrow_1mm.uasset" 419
"../../../Engine/Plugins/Animation/ControlRig/Content/Controls/ControlRig_Arrow_1mm.uexp" 420
"../../../Engine/Plugins/Animation/ControlRig/Content/Controls/ControlRig_Arrow4_solid.ubulk" 421
"../../../Engine/Plugins/Animation/ControlRig/Content/Controls/ControlRig_Arrow4_solid.uasset" 422
"../../../Engine/Plugins/Animation/ControlRig/Content/Controls/ControlRig_Arrow4_solid.uexp" 423
"../../../Engine/Plugins/Animation/ControlRig/Content/Controls/ControlRig_Arrow4_3mm.ubulk" 424
"../../../Engine/Plugins/Animation/ControlRig/Content/Controls/ControlRig_Arrow4_3mm.uasset" 425
"../../../Engine/Plugins/Animation/ControlRig/Content/Controls/ControlRig_Arrow4_3mm.uexp" 426
"../../../Engine/Plugins/Animation/ControlRig/Content/Controls/ControlRig_Arrow4_1mm.ubulk" 427
"../../../Engine/Plugins/Animation/ControlRig/Content/Controls/ControlRig_Arrow4_1mm.uasset" 428
"../../../Engine/Plugins/Animation/ControlRig/Content/Controls/ControlRig_Arrow4_1mm.uexp" 429
"../../../Engine/Plugins/Animation/ControlRig/Content/Controls/ControlRig_Arrow2_solid.ubulk" 430
"../../../Engine/Plugins/Animation/ControlRig/Content/Controls/ControlRig_Arrow2_solid.uasset" 431
"../../../Engine/Plugins/Animation/ControlRig/Content/Controls/ControlRig_Arrow2_solid.uexp" 432
"../../../Engine/Plugins/Animation/ControlRig/Content/Controls/ControlRig_Arrow2_3mm.ubulk" 433
"../../../Engine/Plugins/Animation/ControlRig/Content/Controls/ControlRig_Arrow2_3mm.uasset" 434
"../../../Engine/Plugins/Animation/ControlRig/Content/Controls/ControlRig_Arrow2_3mm.uexp" 435
"../../../Engine/Plugins/Animation/ControlRig/Content/Controls/ControlRig_Arrow2_1mm.ubulk" 436
"../../../Engine/Plugins/Animation/ControlRig/Content/Controls/ControlRig_Arrow2_1mm.uasset" 437
"../../../Engine/Plugins/Animation/ControlRig/Content/Controls/ControlRig_Arrow2_1mm.uexp" 438
"../../../Engine/Plugins/Animation/ControlRig/Content/Controls/ControlRigXRayMaterial.uasset" 439
"../../../Engine/Plugins/Animation/ControlRig/Content/Controls/ControlRigXRayMaterial.uexp" 440
"../../../Engine/Plugins/Animation/ControlRig/Content/Controls/ControlRigGizmoMaterial.uasset" 441
"../../../Engine/Plugins/Animation/ControlRig/Content/Controls/ControlRigGizmoMaterial.uexp" 442
"../../../Engine/Content/VREditor/TransformGizmo/StartRotationHandleIndicator.ubulk" 443
"../../../Engine/Content/VREditor/TransformGizmo/StartRotationHandleIndicator.uasset" 444
"../../../Engine/Content/VREditor/TransformGizmo/StartRotationHandleIndicator.uexp" 445
"../../../Engine/Content/VREditor/Sounds/UI/Drop_Item_From_ContentBrowser.ubulk" 446
"../../../Engine/Content/VREditor/Sounds/UI/Drop_Item_From_ContentBrowser.uasset" 447
"../../../Engine/Content/VREditor/Sounds/UI/Drop_Item_From_ContentBrowser.uexp" 448
"../../../Engine/Content/VREditor/TransformGizmo/PlaneTranslationHandle.ubulk" 449
"../../../Engine/Content/VREditor/TransformGizmo/PlaneTranslationHandle.uasset" 450
"../../../Engine/Content/VREditor/TransformGizmo/PlaneTranslationHandle.uexp" 451
"../../../Engine/Content/VREditor/Sounds/UI/Object_Snaps_To_Grid.ubulk" 452
"../../../Engine/Content/VREditor/Sounds/UI/Object_Snaps_To_Grid.uasset" 453
"../../../Engine/Content/VREditor/Sounds/UI/Object_Snaps_To_Grid.uexp" 454
"../../../Engine/Content/VREditor/Sounds/UI/Selection_Changes.ubulk" 455
"../../../Engine/Content/VREditor/Sounds/UI/Selection_Changes.uasset" 456
"../../../Engine/Content/VREditor/Sounds/UI/Selection_Changes.uexp" 457
"../../../Engine/Content/VREditor/Sounds/UI/Object_Snaps_To_Another_Actor.ubulk" 458
"../../../Engine/Content/VREditor/Sounds/UI/Object_Snaps_To_Another_Actor.uasset" 459
"../../../Engine/Content/VREditor/Sounds/UI/Object_Snaps_To_Another_Actor.uexp" 460
"../../../Engine/Content/VREditor/TransformGizmo/TranslucentTransformGizmoMaterial_Inst.uasset" 461
"../../../Engine/Content/VREditor/TransformGizmo/TranslucentTransformGizmoMaterial_Inst.uexp" 462
"../../../Engine/Content/VREditor/TransformGizmo/TransformGizmoFreeRotation.ubulk" 463
"../../../Engine/Content/VREditor/TransformGizmo/TransformGizmoFreeRotation.uasset" 464
"../../../Engine/Content/VREditor/TransformGizmo/TransformGizmoFreeRotation.uexp" 465
"../../../Engine/Content/VREditor/Sounds/UI/Scaling_Down.ubulk" 466
"../../../Engine/Content/VREditor/Sounds/UI/Scaling_Down.uasset" 467
"../../../Engine/Content/VREditor/Sounds/UI/Scaling_Down.uexp" 468
"../../../Engine/Content/Functions/Engine_MaterialFunctions02/Math/Transform3x3Matrix.uasset" 469
"../../../Engine/Content/Functions/Engine_MaterialFunctions02/Math/Transform3x3Matrix.uexp" 470
"../../../Engine/Content/Functions/Engine_MaterialFunctions02/SplitComponents.uasset" 471
"../../../Engine/Content/Functions/Engine_MaterialFunctions02/SplitComponents.uexp" 472
"../../../Engine/Content/Functions/Engine_MaterialFunctions02/Utility/MakeFloat3.uasset" 473
"../../../Engine/Content/Functions/Engine_MaterialFunctions02/Utility/MakeFloat3.uexp" 474
"../../../Engine/Content/VREditor/SnapGrid/SnapGridMaterial.uasset" 475
"../../../Engine/Content/VREditor/SnapGrid/SnapGridMaterial.uexp" 476
"../../../Engine/Content/VREditor/SnapGrid/SnapGridPlaneMesh.ubulk" 477
"../../../Engine/Content/VREditor/SnapGrid/SnapGridPlaneMesh.uasset" 478
"../../../Engine/Content/VREditor/SnapGrid/SnapGridPlaneMesh.uexp" 479
"../../../Engine/Content/VREditor/Sounds/UI/Scaling_Up.ubulk" 480
"../../../Engine/Content/VREditor/Sounds/UI/Scaling_Up.uasset" 481
"../../../Engine/Content/VREditor/Sounds/UI/Scaling_Up.uexp" 482
"../../../Engine/Content/VREditor/TransformGizmo/TransformGizmoMaterial_Inst.uasset" 483
"../../../Engine/Content/VREditor/TransformGizmo/TransformGizmoMaterial_Inst.uexp" 484
"../../../Engine/Content/VREditor/Sounds/UI/Gizmo_Handle_Clicked.ubulk" 485
"../../../Engine/Content/VREditor/Sounds/UI/Gizmo_Handle_Clicked.uasset" 486
"../../../Engine/Content/VREditor/Sounds/UI/Gizmo_Handle_Clicked.uexp" 487
"../../../Engine/Content/VREditor/TransformGizmo/RotationHandleQuarter.ubulk" 488
"../../../Engine/Content/VREditor/TransformGizmo/RotationHandleQuarter.uasset" 489
"../../../Engine/Content/VREditor/TransformGizmo/RotationHandleQuarter.uexp" 490
"../../../Engine/Content/VREditor/TransformGizmo/TranslateArrowHandle.ubulk" 491
"../../../Engine/Content/VREditor/TransformGizmo/TranslateArrowHandle.uasset" 492
"../../../Engine/Content/VREditor/TransformGizmo/TranslateArrowHandle.uexp" 493
"../../../Engine/Content/VREditor/TransformGizmo/RotationHandleIndicator.ubulk" 494
"../../../Engine/Content/VREditor/TransformGizmo/RotationHandleIndicator.uasset" 495
"../../../Engine/Content/VREditor/TransformGizmo/RotationHandleIndicator.uexp" 496
"../../../Engine/Content/VREditor/TransformGizmo/UniformScaleHandle.ubulk" 497
"../../../Engine/Content/VREditor/TransformGizmo/UniformScaleHandle.uasset" 498
"../../../Engine/Content/VREditor/TransformGizmo/UniformScaleHandle.uexp" 499
"../../../Engine/Content/VREditor/TransformGizmo/RotationHandleFull.ubulk" 500
"../../../Engine/Content/VREditor/TransformGizmo/RotationHandleFull.uasset" 501
"../../../Engine/Content/VREditor/TransformGizmo/RotationHandleFull.uexp" 502
"../../../Engine/Content/VREditor/Sounds/UI/Object_PickUp.ubulk" 503
"../../../Engine/Content/VREditor/Sounds/UI/Object_PickUp.uasset" 504
"../../../Engine/Content/VREditor/Sounds/UI/Object_PickUp.uexp" 505
"../../../Engine/Content/EngineResources/WhiteSquareTexture.uasset" 506
"../../../Engine/Content/EngineResources/WhiteSquareTexture.uexp" 507
"../../../Engine/Content/EngineMaterials/Widget3DPassThrough.uasset" 508
"../../../Engine/Content/EngineMaterials/Widget3DPassThrough.uexp" 509
"../../../Engine/Content/EngineMaterials/Widget3DPassThrough_Translucent.uasset" 510
"../../../Engine/Content/EngineMaterials/Widget3DPassThrough_Translucent.uexp" 511
"../../../Engine/Content/EngineMaterials/Widget3DPassThrough_Translucent_OneSided.uasset" 512
"../../../Engine/Content/EngineMaterials/Widget3DPassThrough_Translucent_OneSided.uexp" 513
"../../../Engine/Content/EngineMaterials/Widget3DPassThrough_Opaque.uasset" 514
"../../../Engine/Content/EngineMaterials/Widget3DPassThrough_Opaque.uexp" 515
"../../../Engine/Content/EngineMaterials/Widget3DPassThrough_Opaque_OneSided.uasset" 516
"../../../Engine/Content/EngineMaterials/Widget3DPassThrough_Opaque_OneSided.uexp" 517
"../../../Engine/Content/EngineMaterials/Widget3DPassThrough_Masked_OneSided.uasset" 518
"../../../Engine/Content/EngineMaterials/Widget3DPassThrough_Masked_OneSided.uexp" 519
"../../../Engine/Content/EngineMaterials/Widget3DPassThrough_Masked.uasset" 520
"../../../Engine/Content/EngineMaterials/Widget3DPassThrough_Masked.uexp" 521
"../../../Engine/Content/EngineMaterials/STBlueNoise_vec2_128x128x64.uasset" 522
"../../../Engine/Content/EngineMaterials/STBlueNoise_vec2_128x128x64.uexp" 523
"../../../Engine/Content/EngineMaterials/STBlueNoise_scalar_128x128x64.uasset" 524
"../../../Engine/Content/EngineMaterials/STBlueNoise_scalar_128x128x64.uexp" 525
"../../../Engine/Content/EngineMaterials/RemoveSurfaceMaterial.uasset" 526
"../../../Engine/Content/EngineMaterials/RemoveSurfaceMaterial.uexp" 527
"../../../Engine/Content/EngineMaterials/DefaultCalibrationGrayscale.uasset" 528
"../../../Engine/Content/EngineMaterials/DefaultCalibrationGrayscale.uexp" 529
"../../../Engine/Content/EngineMaterials/PPM_DefaultCalibrationGrayscale.uasset" 530
"../../../Engine/Content/EngineMaterials/PPM_DefaultCalibrationGrayscale.uexp" 531
"../../../Engine/Content/EngineMaterials/DefaultCalibrationColor.uasset" 532
"../../../Engine/Content/EngineMaterials/DefaultCalibrationColor.uexp" 533
"../../../Engine/Content/EngineMaterials/PPM_DefaultCalibrationColor.uasset" 534
"../../../Engine/Content/EngineMaterials/PPM_DefaultCalibrationColor.uexp" 535
"../../../Engine/Content/EngineMaterials/PhAT_JointLimitMaterial.uasset" 536
"../../../Engine/Content/EngineMaterials/PhAT_JointLimitMaterial.uexp" 537
"../../../Engine/Content/EngineMaterials/NaniteHiddenSectionMaterial.uasset" 538
"../../../Engine/Content/EngineMaterials/NaniteHiddenSectionMaterial.uexp" 539
"../../../Engine/Content/EngineMaterials/InvalidLightmapSettings.ubulk" 540
"../../../Engine/Content/EngineMaterials/InvalidLightmapSettings.uasset" 541
"../../../Engine/Content/EngineMaterials/InvalidLightmapSettings.uexp" 542
"../../../Engine/Content/EngineMaterials/M_InvalidLightmapSettings.uasset" 543
"../../../Engine/Content/EngineMaterials/M_InvalidLightmapSettings.uexp" 544
"../../../Engine/Content/EngineMaterials/GizmoMaterial.uasset" 545
"../../../Engine/Content/EngineMaterials/GizmoMaterial.uexp" 546
"../../../Engine/Content/EngineMaterials/BaseFlattenEmissiveMap_VT.uasset" 547
"../../../Engine/Content/EngineMaterials/BaseFlattenEmissiveMap_VT.uexp" 548
"../../../Engine/Content/EngineMaterials/BaseFlattenGrayscaleMap_VT.uasset" 549
"../../../Engine/Content/EngineMaterials/BaseFlattenGrayscaleMap_VT.uexp" 550
"../../../Engine/Content/EngineMaterials/BaseFlattenLinearColor_VT.uasset" 551
"../../../Engine/Content/EngineMaterials/BaseFlattenLinearColor_VT.uexp" 552
"../../../Engine/Content/EngineMaterials/Black_1x1_EXR_Texture_VT.uasset" 553
"../../../Engine/Content/EngineMaterials/Black_1x1_EXR_Texture_VT.uexp" 554
"../../../Engine/Content/EngineMaterials/BaseFlattenDiffuseMap_VT.uasset" 555
"../../../Engine/Content/EngineMaterials/BaseFlattenDiffuseMap_VT.uexp" 556
"../../../Engine/Content/EngineMaterials/BaseFlattenNormalMap_VT.uasset" 557
"../../../Engine/Content/EngineMaterials/BaseFlattenNormalMap_VT.uexp" 558
"../../../Engine/Content/EngineMaterials/FlattenMaterial_WS_Normal_VT.uasset" 559
"../../../Engine/Content/EngineMaterials/FlattenMaterial_WS_Normal_VT.uexp" 560
"../../../Engine/Content/EngineMaterials/FlattenMaterial_VT.uasset" 561
"../../../Engine/Content/EngineMaterials/FlattenMaterial_VT.uexp" 562
"../../../Engine/Content/EngineMaterials/BaseFlattenGrayscaleMap.uasset" 563
"../../../Engine/Content/EngineMaterials/BaseFlattenGrayscaleMap.uexp" 564
"../../../Engine/Content/EngineMaterials/BaseFlattenDiffuseMap.uasset" 565
"../../../Engine/Content/EngineMaterials/BaseFlattenDiffuseMap.uexp" 566
"../../../Engine/Content/Functions/Engine_MaterialFunctions02/PivotPainter2/Black_1x1_EXR_Texture.uasset" 567
"../../../Engine/Content/Functions/Engine_MaterialFunctions02/PivotPainter2/Black_1x1_EXR_Texture.uexp" 568
"../../../Engine/Content/EngineMaterials/BaseFlattenEmissiveMap.uasset" 569
"../../../Engine/Content/EngineMaterials/BaseFlattenEmissiveMap.uexp" 570
"../../../Engine/Content/EngineMaterials/BaseFlattenLinearColor.uasset" 571
"../../../Engine/Content/EngineMaterials/BaseFlattenLinearColor.uexp" 572
"../../../Engine/Content/EngineMaterials/FlattenMaterial.uasset" 573
"../../../Engine/Content/EngineMaterials/FlattenMaterial.uexp" 574
"../../../Engine/Content/EngineMaterials/DefaultWhiteGrid_Low.uasset" 575
"../../../Engine/Content/EngineMaterials/DefaultWhiteGrid_Low.uexp" 576
"../../../Engine/Content/EngineMaterials/EmissiveMeshMaterial.uasset" 577
"../../../Engine/Content/EngineMaterials/EmissiveMeshMaterial.uexp" 578
"../../../Engine/Content/EngineFonts/RobotoDistanceField.uasset" 579
"../../../Engine/Content/EngineFonts/RobotoDistanceField.uexp" 580
"../../../Engine/Content/EngineMaterials/DefaultTextMaterialOpaque.uasset" 581
"../../../Engine/Content/EngineMaterials/DefaultTextMaterialOpaque.uexp" 582
"../../../Engine/Content/EngineMaterials/DefaultDiffuse.ubulk" 583
"../../../Engine/Content/EngineMaterials/DefaultDiffuse.uasset" 584
"../../../Engine/Content/EngineMaterials/DefaultDiffuse.uexp" 585
"../../../Engine/Content/Functions/Engine_MaterialFunctions02/Utility/BreakOutFloat2Components.uasset" 586
"../../../Engine/Content/Functions/Engine_MaterialFunctions02/Utility/BreakOutFloat2Components.uexp" 587
"../../../Engine/Content/EngineMaterials/DefaultPostProcessMaterial.uasset" 588
"../../../Engine/Content/EngineMaterials/DefaultPostProcessMaterial.uexp" 589
"../../../Engine/Content/EngineMaterials/DefaultLightFunctionMaterial.uasset" 590
"../../../Engine/Content/EngineMaterials/DefaultLightFunctionMaterial.uexp" 591
"../../../Engine/Content/EngineMaterials/DefaultDestructiblePhysicalMaterial.uasset" 592
"../../../Engine/Content/EngineMaterials/DefaultDestructiblePhysicalMaterial.uexp" 593
"../../../Engine/Content/EngineMaterials/DefaultDeferredDecalMaterial.uasset" 594
"../../../Engine/Content/EngineMaterials/DefaultDeferredDecalMaterial.uexp" 595
"../../../Engine/Content/EngineMaterials/DefaultBloomKernel.uasset" 596
"../../../Engine/Content/EngineMaterials/DefaultBloomKernel.uexp" 597
"../../../Engine/Content/EngineFonts/Faces/RobotoLight.uexp" 598
"../../../Engine/Content/EngineFonts/Faces/RobotoLight.uasset" 599
"../../../Engine/Content/EngineFonts/Faces/RobotoLight.ufont" 600
"../../../Engine/Content/EngineFonts/Faces/RobotoBold.uexp" 601
"../../../Engine/Content/EngineFonts/Faces/RobotoBold.uasset" 602
"../../../Engine/Content/EngineFonts/Faces/RobotoBold.ufont" 603
"../../../Engine/Content/EngineFonts/Faces/RobotoRegular.uexp" 604
"../../../Engine/Content/EngineFonts/Faces/RobotoRegular.uasset" 605
"../../../Engine/Content/EngineFonts/Faces/RobotoRegular.ufont" 606
"../../../Engine/Content/EngineFonts/Faces/DroidSansFallback.uexp" 607
"../../../Engine/Content/EngineFonts/Faces/DroidSansFallback.uasset" 608
"../../../Engine/Content/EngineFonts/Faces/DroidSansFallback.ufont" 609
"../../../Engine/Content/EngineFonts/Faces/RobotoItalic.uexp" 610
"../../../Engine/Content/EngineFonts/Faces/RobotoItalic.uasset" 611
"../../../Engine/Content/EngineFonts/Faces/RobotoItalic.ufont" 612
"../../../Engine/Content/EngineFonts/Faces/RobotoBoldItalic.uexp" 613
"../../../Engine/Content/EngineFonts/Faces/RobotoBoldItalic.uasset" 614
"../../../Engine/Content/EngineFonts/Faces/RobotoBoldItalic.ufont" 615
"../../../Engine/Content/EngineFonts/Roboto.uasset" 616
"../../../Engine/Content/EngineFonts/Roboto.uexp" 617
"../../../Engine/Content/EngineDebugMaterials/VolumeToRender.uasset" 618
"../../../Engine/Content/EngineDebugMaterials/VolumeToRender.uexp" 619
"../../../Engine/Content/EngineDebugMaterials/M_VolumeRenderSphereTracePP.uasset" 620
"../../../Engine/Content/EngineDebugMaterials/M_VolumeRenderSphereTracePP.uexp" 621
"../../../Engine/Content/EngineDebugMaterials/M_SimpleUnlitTranslucent.uasset" 622
"../../../Engine/Content/EngineDebugMaterials/M_SimpleUnlitTranslucent.uexp" 623
"../../../Engine/Content/EngineDebugMaterials/DebugMeshMaterial.uasset" 624
"../../../Engine/Content/EngineDebugMaterials/DebugMeshMaterial.uexp" 625
"../../../Engine/Content/EngineDebugMaterials/DebugEditorMaterial.uasset" 626
"../../../Engine/Content/EngineDebugMaterials/DebugEditorMaterial.uexp" 627
"../../../Engine/Content/EngineDamageTypes/DmgTypeBP_Environmental.uasset" 628
"../../../Engine/Content/EngineDamageTypes/DmgTypeBP_Environmental.uexp" 629
"../../../Engine/Content/EditorResources/S_Terrain.ubulk" 630
"../../../Engine/Content/EditorResources/S_Terrain.uasset" 631
"../../../Engine/Content/EditorResources/S_Terrain.uexp" 632
"../../../Engine/Content/EditorResources/EmptyActor.uasset" 633
"../../../Engine/Content/EditorResources/EmptyActor.uexp" 634
"../../../Engine/Content/EditorResources/BSPVertex.uasset" 635
"../../../Engine/Content/EditorResources/BSPVertex.uexp" 636
"../../../Engine/Content/EditorMaterials/PreviewShadowIndicator.ubulk" 637
"../../../Engine/Content/EditorMaterials/PreviewShadowIndicator.uasset" 638
"../../../Engine/Content/EditorMaterials/PreviewShadowIndicator.uexp" 639
"../../../Engine/Content/EditorMaterials/PreviewShadowIndicatorMaterial.uasset" 640
"../../../Engine/Content/EditorMaterials/PreviewShadowIndicatorMaterial.uexp" 641
"../../../Engine/Content/EditorMaterials/PhAT_UnselectedMaterial.uasset" 642
"../../../Engine/Content/EditorMaterials/PhAT_UnselectedMaterial.uexp" 643
"../../../Engine/Content/EditorMaterials/PhAT_NoCollisionMaterial.uasset" 644
"../../../Engine/Content/EditorMaterials/PhAT_NoCollisionMaterial.uexp" 645
"../../../Engine/Content/Functions/Engine_MaterialFunctions02/Math/AddComponents.uasset" 646
"../../../Engine/Content/Functions/Engine_MaterialFunctions02/Math/AddComponents.uexp" 647
"../../../Engine/Content/Functions/Engine_MaterialFunctions01/Texturing/FlattenNormal.uasset" 648
"../../../Engine/Content/Functions/Engine_MaterialFunctions01/Texturing/FlattenNormal.uexp" 649
"../../../Engine/Content/MobileResources/HUD/VirtualJoystick_Background.uasset" 650
"../../../Engine/Content/MobileResources/HUD/VirtualJoystick_Background.uexp" 651
"../../../Engine/Content/MobileResources/HUD/VirtualJoystick_Thumb.uasset" 652
"../../../Engine/Content/MobileResources/HUD/VirtualJoystick_Thumb.uexp" 653
"../../../Engine/Content/MobileResources/HUD/DefaultVirtualJoysticks.uasset" 654
"../../../Engine/Content/MobileResources/HUD/DefaultVirtualJoysticks.uexp" 655
"../../../Engine/Content/EngineSky/VolumetricClouds/CloudWeatherTexture.uasset" 656
"../../../Engine/Content/EngineSky/VolumetricClouds/CloudWeatherTexture.uexp" 657
"../../../Engine/Content/Functions/Engine_MaterialFunctions02/Utility/MakeFloat2.uasset" 658
"../../../Engine/Content/Functions/Engine_MaterialFunctions02/Utility/MakeFloat2.uexp" 659
"../../../Engine/Content/EngineSky/VolumetricClouds/CloudGradientTexture.uasset" 660
"../../../Engine/Content/EngineSky/VolumetricClouds/CloudGradientTexture.uexp" 661
"../../../Engine/Content/EngineSky/VolumetricClouds/T_NoiseShape64.ubulk" 662
"../../../Engine/Content/EngineSky/VolumetricClouds/T_NoiseShape64.uasset" 663
"../../../Engine/Content/EngineSky/VolumetricClouds/T_NoiseShape64.uexp" 664
"../../../Engine/Content/EngineSky/VolumetricClouds/T_VolumeNoiseShape64.uasset" 665
"../../../Engine/Content/EngineSky/VolumetricClouds/T_VolumeNoiseShape64.uexp" 666
"../../../Engine/Content/EngineSky/VolumetricClouds/T_NoiseErosion.ubulk" 667
"../../../Engine/Content/EngineSky/VolumetricClouds/T_NoiseErosion.uasset" 668
"../../../Engine/Content/EngineSky/VolumetricClouds/T_NoiseErosion.uexp" 669
"../../../Engine/Content/EngineSky/VolumetricClouds/T_VolumeNoiseErosion32.uasset" 670
"../../../Engine/Content/EngineSky/VolumetricClouds/T_VolumeNoiseErosion32.uexp" 671
"../../../Engine/Content/EngineSky/VolumetricClouds/m_SimpleVolumetricCloud.uasset" 672
"../../../Engine/Content/EngineSky/VolumetricClouds/m_SimpleVolumetricCloud.uexp" 673
"../../../Engine/Content/EngineSky/VolumetricClouds/m_SimpleVolumetricCloud_Inst.uasset" 674
"../../../Engine/Content/EngineSky/VolumetricClouds/m_SimpleVolumetricCloud_Inst.uexp" 675
"../../../Engine/Content/EngineResources/FilmGrains/Marcie_Grain_v3_128_M2_000.uasset" 676
"../../../Engine/Content/EngineResources/FilmGrains/Marcie_Grain_v3_128_M2_000.uexp" 677
"../../../Engine/Content/EditorResources/SequenceRecorder/RecordingIndicator.uasset" 678
"../../../Engine/Content/EditorResources/SequenceRecorder/RecordingIndicator.uexp" 679
"../../../Engine/Content/EditorResources/SequenceRecorder/Countdown.uasset" 680
"../../../Engine/Content/EditorResources/SequenceRecorder/Countdown.uexp" 681
"../../../Engine/Content/EditorMaterials/Dataflow/DataflowVertexMaterial.uasset" 682
"../../../Engine/Content/EditorMaterials/Dataflow/DataflowVertexMaterial.uexp" 683
"../../../Engine/Content/EditorLandscapeResources/DefaultAlphaTexture.uasset" 684
"../../../Engine/Content/EditorLandscapeResources/DefaultAlphaTexture.uexp" 685
"../../../Engine/Content/BasicShapes/Plane.ubulk" 686
"../../../Engine/Content/BasicShapes/Plane.uasset" 687
"../../../Engine/Content/BasicShapes/Plane.uexp" 688
"../../../Engine/Content/EngineMaterials/DefaultMaterial.uasset" 689
"../../../Engine/Content/EngineMaterials/DefaultMaterial.uexp" 690
"../../../Engine/Content/BasicShapes/Cone.ubulk" 691
"../../../Engine/Content/BasicShapes/Cone.uasset" 692
"../../../Engine/Content/BasicShapes/Cone.uexp" 693
"C:/24CI0412MP/Content/VRTemplate/Materials/M_LeftEyeGreen_RightEyeRed.uasset" 694
"C:/24CI0412MP/Content/VRTemplate/Materials/M_LeftEyeGreen_RightEyeRed.uexp" 695
"C:/24CI0412MP/Content/VRTemplate/Input/Actions/Hands/IA_Hand_Point_Left.uasset" 696
"C:/24CI0412MP/Content/VRTemplate/Input/Actions/Hands/IA_Hand_Point_Left.uexp" 697
"C:/24CI0412MP/Content/VRTemplate/Input/Actions/Hands/IA_Hand_ThumbUp_Left.uasset" 698
"C:/24CI0412MP/Content/VRTemplate/Input/Actions/Hands/IA_Hand_ThumbUp_Left.uexp" 699
"C:/24CI0412MP/Content/VRTemplate/Input/Actions/Hands/IA_Hand_IndexCurl_Right.uasset" 700
"C:/24CI0412MP/Content/VRTemplate/Input/Actions/Hands/IA_Hand_IndexCurl_Right.uexp" 701
"C:/24CI0412MP/Content/VRTemplate/Input/Actions/Hands/IA_Hand_Point_Right.uasset" 702
"C:/24CI0412MP/Content/VRTemplate/Input/Actions/Hands/IA_Hand_Point_Right.uexp" 703
"C:/24CI0412MP/Content/VRTemplate/Input/Actions/Hands/IA_Hand_Grasp_Right.uasset" 704
"C:/24CI0412MP/Content/VRTemplate/Input/Actions/Hands/IA_Hand_Grasp_Right.uexp" 705
"C:/24CI0412MP/Content/VRTemplate/Input/Actions/Hands/IA_Hand_Grasp_Left.uasset" 706
"C:/24CI0412MP/Content/VRTemplate/Input/Actions/Hands/IA_Hand_Grasp_Left.uexp" 707
"C:/24CI0412MP/Content/VRTemplate/Input/Actions/Hands/IA_Hand_IndexCurl_Left.uasset" 708
"C:/24CI0412MP/Content/VRTemplate/Input/Actions/Hands/IA_Hand_IndexCurl_Left.uexp" 709
"C:/24CI0412MP/Content/VRTemplate/Input/Actions/Hands/IA_Hand_ThumbUp_Right.uasset" 710
"C:/24CI0412MP/Content/VRTemplate/Input/Actions/Hands/IA_Hand_ThumbUp_Right.uexp" 711
"C:/24CI0412MP/Content/VRTemplate/Input/IMC_Hands.uasset" 712
"C:/24CI0412MP/Content/VRTemplate/Input/IMC_Hands.uexp" 713
"C:/24CI0412MP/Content/VRTemplate/Input/Actions/IA_Menu_Toggle_Left.uasset" 714
"C:/24CI0412MP/Content/VRTemplate/Input/Actions/IA_Menu_Toggle_Left.uexp" 715
"C:/24CI0412MP/Content/VRTemplate/Input/B_InputModifier_XAxisPositiveOnly.uasset" 716
"C:/24CI0412MP/Content/VRTemplate/Input/B_InputModifier_XAxisPositiveOnly.uexp" 717
"C:/24CI0412MP/Content/VRTemplate/Input/Actions/IA_Move.uasset" 718
"C:/24CI0412MP/Content/VRTemplate/Input/Actions/IA_Move.uexp" 719
"C:/24CI0412MP/Content/VRTemplate/Input/Actions/IA_Turn.uasset" 720
"C:/24CI0412MP/Content/VRTemplate/Input/Actions/IA_Turn.uexp" 721
"C:/24CI0412MP/Content/VRTemplate/Input/Actions/IA_Menu_Toggle_Right.uasset" 722
"C:/24CI0412MP/Content/VRTemplate/Input/Actions/IA_Menu_Toggle_Right.uexp" 723
"C:/24CI0412MP/Content/VRTemplate/Input/Actions/IA_Grab_Left.uasset" 724
"C:/24CI0412MP/Content/VRTemplate/Input/Actions/IA_Grab_Left.uexp" 725
"C:/24CI0412MP/Content/VRTemplate/Input/Actions/IA_Grab_Right.uasset" 726
"C:/24CI0412MP/Content/VRTemplate/Input/Actions/IA_Grab_Right.uexp" 727
"C:/24CI0412MP/Content/VRTemplate/Input/IMC_Default.uasset" 728
"C:/24CI0412MP/Content/VRTemplate/Input/IMC_Default.uexp" 729
"C:/24CI0412MP/Content/VRTemplate/Input/Actions/IA_Shoot_Left.uasset" 730
"C:/24CI0412MP/Content/VRTemplate/Input/Actions/IA_Shoot_Left.uexp" 731
"C:/24CI0412MP/Content/VRTemplate/Input/IMC_Weapon_Left.uasset" 732
"C:/24CI0412MP/Content/VRTemplate/Input/IMC_Weapon_Left.uexp" 733
"C:/24CI0412MP/Content/VRTemplate/Input/Actions/IA_Shoot_Right.uasset" 734
"C:/24CI0412MP/Content/VRTemplate/Input/Actions/IA_Shoot_Right.uexp" 735
"C:/24CI0412MP/Content/VRTemplate/Input/IMC_Weapon_Right.uasset" 736
"C:/24CI0412MP/Content/VRTemplate/Input/IMC_Weapon_Right.uexp" 737
"C:/24CI0412MP/Content/VRTemplate/Input/Actions/IA_Menu_Cursor_Left.uasset" 738
"C:/24CI0412MP/Content/VRTemplate/Input/Actions/IA_Menu_Cursor_Left.uexp" 739
"C:/24CI0412MP/Content/VRTemplate/Input/Actions/IA_Menu_Cursor_Right.uasset" 740
"C:/24CI0412MP/Content/VRTemplate/Input/Actions/IA_Menu_Cursor_Right.uexp" 741
"C:/24CI0412MP/Content/VRTemplate/Input/Actions/IA_Menu_Interact_Right.uasset" 742
"C:/24CI0412MP/Content/VRTemplate/Input/Actions/IA_Menu_Interact_Right.uexp" 743
"C:/24CI0412MP/Content/VRTemplate/Input/Actions/IA_Menu_Interact_Left.uasset" 744
"C:/24CI0412MP/Content/VRTemplate/Input/Actions/IA_Menu_Interact_Left.uexp" 745
"C:/24CI0412MP/Content/VRTemplate/Input/IMC_Menu.uasset" 746
"C:/24CI0412MP/Content/VRTemplate/Input/IMC_Menu.uexp" 747
"C:/24CI0412MP/Content/VRTemplate/Input/PMI_VRTemplate.uasset" 748
"C:/24CI0412MP/Content/VRTemplate/Input/PMI_VRTemplate.uexp" 749
"C:/24CI0412MP/Content/StarterContent/Materials/M_Basic_Wall.uasset" 750
"C:/24CI0412MP/Content/StarterContent/Materials/M_Basic_Wall.uexp" 751
"C:/24CI0412MP/Content/StarterContent/Shapes/Shape_WideCapsule.ubulk" 752
"C:/24CI0412MP/Content/StarterContent/Shapes/Shape_WideCapsule.uasset" 753
"C:/24CI0412MP/Content/StarterContent/Shapes/Shape_WideCapsule.uexp" 754
"C:/24CI0412MP/Content/StarterContent/Shapes/Shape_Wedge_B.ubulk" 755
"C:/24CI0412MP/Content/StarterContent/Shapes/Shape_Wedge_B.uasset" 756
"C:/24CI0412MP/Content/StarterContent/Shapes/Shape_Wedge_B.uexp" 757
"C:/24CI0412MP/Content/StarterContent/Shapes/Shape_Wedge_A.ubulk" 758
"C:/24CI0412MP/Content/StarterContent/Shapes/Shape_Wedge_A.uasset" 759
"C:/24CI0412MP/Content/StarterContent/Shapes/Shape_Wedge_A.uexp" 760
"C:/24CI0412MP/Content/StarterContent/Shapes/Shape_Tube.ubulk" 761
"C:/24CI0412MP/Content/StarterContent/Shapes/Shape_Tube.uasset" 762
"C:/24CI0412MP/Content/StarterContent/Shapes/Shape_Tube.uexp" 763
"C:/24CI0412MP/Content/StarterContent/Shapes/Shape_TriPyramid.ubulk" 764
"C:/24CI0412MP/Content/StarterContent/Shapes/Shape_TriPyramid.uasset" 765
"C:/24CI0412MP/Content/StarterContent/Shapes/Shape_TriPyramid.uexp" 766
"C:/24CI0412MP/Content/StarterContent/Shapes/Shape_Trim_90_Out.ubulk" 767
"C:/24CI0412MP/Content/StarterContent/Shapes/Shape_Trim_90_Out.uasset" 768
"C:/24CI0412MP/Content/StarterContent/Shapes/Shape_Trim_90_Out.uexp" 769
"C:/24CI0412MP/Content/StarterContent/Shapes/Shape_Trim_90_In.ubulk" 770
"C:/24CI0412MP/Content/StarterContent/Shapes/Shape_Trim_90_In.uasset" 771
"C:/24CI0412MP/Content/StarterContent/Shapes/Shape_Trim_90_In.uexp" 772
"C:/24CI0412MP/Content/StarterContent/Shapes/Shape_Trim.ubulk" 773
"C:/24CI0412MP/Content/StarterContent/Shapes/Shape_Trim.uasset" 774
"C:/24CI0412MP/Content/StarterContent/Shapes/Shape_Trim.uexp" 775
"C:/24CI0412MP/Content/StarterContent/Shapes/Shape_Torus.ubulk" 776
"C:/24CI0412MP/Content/StarterContent/Shapes/Shape_Torus.uasset" 777
"C:/24CI0412MP/Content/StarterContent/Shapes/Shape_Torus.uexp" 778
"C:/24CI0412MP/Content/StarterContent/Shapes/Shape_Plane.ubulk" 779
"C:/24CI0412MP/Content/StarterContent/Shapes/Shape_Plane.uasset" 780
"C:/24CI0412MP/Content/StarterContent/Shapes/Shape_Plane.uexp" 781
"C:/24CI0412MP/Content/StarterContent/Shapes/Shape_Pipe_90.ubulk" 782
"C:/24CI0412MP/Content/StarterContent/Shapes/Shape_Pipe_90.uasset" 783
"C:/24CI0412MP/Content/StarterContent/Shapes/Shape_Pipe_90.uexp" 784
"C:/24CI0412MP/Content/StarterContent/Shapes/Shape_Pipe_180.ubulk" 785
"C:/24CI0412MP/Content/StarterContent/Shapes/Shape_Pipe_180.uasset" 786
"C:/24CI0412MP/Content/StarterContent/Shapes/Shape_Pipe_180.uexp" 787
"C:/24CI0412MP/Content/StarterContent/Shapes/Shape_Pipe.ubulk" 788
"C:/24CI0412MP/Content/StarterContent/Shapes/Shape_Pipe.uasset" 789
"C:/24CI0412MP/Content/StarterContent/Shapes/Shape_Pipe.uexp" 790
"C:/24CI0412MP/Content/StarterContent/Shapes/Shape_NarrowCapsule.ubulk" 791
"C:/24CI0412MP/Content/StarterContent/Shapes/Shape_NarrowCapsule.uasset" 792
"C:/24CI0412MP/Content/StarterContent/Shapes/Shape_NarrowCapsule.uexp" 793
"C:/24CI0412MP/Content/StarterContent/Shapes/Shape_Cylinder.ubulk" 794
"C:/24CI0412MP/Content/StarterContent/Shapes/Shape_Cylinder.uasset" 795
"C:/24CI0412MP/Content/StarterContent/Shapes/Shape_Cylinder.uexp" 796
"C:/24CI0412MP/Content/StarterContent/Shapes/Shape_Cone.ubulk" 797
"C:/24CI0412MP/Content/StarterContent/Shapes/Shape_Cone.uasset" 798
"C:/24CI0412MP/Content/StarterContent/Shapes/Shape_Cone.uexp" 799
"C:/24CI0412MP/Content/StarterContent/Materials/M_Basic_Floor.uasset" 800
"C:/24CI0412MP/Content/StarterContent/Materials/M_Basic_Floor.uexp" 801
"C:/24CI0412MP/Content/StarterContent/Props/SM_Stairs.ubulk" 802
"C:/24CI0412MP/Content/StarterContent/Props/SM_Stairs.uasset" 803
"C:/24CI0412MP/Content/StarterContent/Props/SM_Stairs.uexp" 804
"C:/24CI0412MP/Content/StarterContent/Textures/T_Shelf_N.ubulk" 805
"C:/24CI0412MP/Content/StarterContent/Textures/T_Shelf_N.uasset" 806
"C:/24CI0412MP/Content/StarterContent/Textures/T_Shelf_N.uexp" 807
"C:/24CI0412MP/Content/StarterContent/Textures/T_Shelf_M.ubulk" 808
"C:/24CI0412MP/Content/StarterContent/Textures/T_Shelf_M.uasset" 809
"C:/24CI0412MP/Content/StarterContent/Textures/T_Shelf_M.uexp" 810
"C:/24CI0412MP/Content/StarterContent/Props/Materials/M_Shelf.uasset" 811
"C:/24CI0412MP/Content/StarterContent/Props/Materials/M_Shelf.uexp" 812
"C:/24CI0412MP/Content/StarterContent/Props/SM_Shelf.ubulk" 813
"C:/24CI0412MP/Content/StarterContent/Props/SM_Shelf.uasset" 814
"C:/24CI0412MP/Content/StarterContent/Props/SM_Shelf.uexp" 815
"../../../Engine/Content/Functions/Engine_MaterialFunctions02/Utility/BlendAngleCorrectedNormals.uasset" 816
"../../../Engine/Content/Functions/Engine_MaterialFunctions02/Utility/BlendAngleCorrectedNormals.uexp" 817
"C:/24CI0412MP/Content/StarterContent/Textures/T_Detail_Rocky_N.ubulk" 818
"C:/24CI0412MP/Content/StarterContent/Textures/T_Detail_Rocky_N.uasset" 819
"C:/24CI0412MP/Content/StarterContent/Textures/T_Detail_Rocky_N.uexp" 820
"C:/24CI0412MP/Content/StarterContent/Textures/T_Rock_Basalt_D.ubulk" 821
"C:/24CI0412MP/Content/StarterContent/Textures/T_Rock_Basalt_D.uasset" 822
"C:/24CI0412MP/Content/StarterContent/Textures/T_Rock_Basalt_D.uexp" 823
"C:/24CI0412MP/Content/StarterContent/Textures/T_RockMesh_N.ubulk" 824
"C:/24CI0412MP/Content/StarterContent/Textures/T_RockMesh_N.uasset" 825
"C:/24CI0412MP/Content/StarterContent/Textures/T_RockMesh_N.uexp" 826
"C:/24CI0412MP/Content/StarterContent/Textures/T_RockMesh_M.ubulk" 827
"C:/24CI0412MP/Content/StarterContent/Textures/T_RockMesh_M.uasset" 828
"C:/24CI0412MP/Content/StarterContent/Textures/T_RockMesh_M.uexp" 829
"C:/24CI0412MP/Content/StarterContent/Props/Materials/M_Rock.uasset" 830
"C:/24CI0412MP/Content/StarterContent/Props/Materials/M_Rock.uexp" 831
"C:/24CI0412MP/Content/StarterContent/Props/SM_Rock.ubulk" 832
"C:/24CI0412MP/Content/StarterContent/Props/SM_Rock.uasset" 833
"C:/24CI0412MP/Content/StarterContent/Props/SM_Rock.uexp" 834
"C:/24CI0412MP/Content/StarterContent/Materials/M_Glass.uasset" 835
"C:/24CI0412MP/Content/StarterContent/Materials/M_Glass.uexp" 836
"C:/24CI0412MP/Content/StarterContent/Textures/T_Door_N.ubulk" 837
"C:/24CI0412MP/Content/StarterContent/Textures/T_Door_N.uasset" 838
"C:/24CI0412MP/Content/StarterContent/Textures/T_Door_N.uexp" 839
"C:/24CI0412MP/Content/StarterContent/Textures/T_Door_M.ubulk" 840
"C:/24CI0412MP/Content/StarterContent/Textures/T_Door_M.uasset" 841
"C:/24CI0412MP/Content/StarterContent/Textures/T_Door_M.uexp" 842
"C:/24CI0412MP/Content/StarterContent/Props/Materials/M_Door.uasset" 843
"C:/24CI0412MP/Content/StarterContent/Props/Materials/M_Door.uexp" 844
"C:/24CI0412MP/Content/StarterContent/Props/SM_Door.ubulk" 845
"C:/24CI0412MP/Content/StarterContent/Props/SM_Door.uasset" 846
"C:/24CI0412MP/Content/StarterContent/Props/SM_Door.uexp" 847
"C:/24CI0412MP/Content/StarterContent/Textures/T_Chair_N.ubulk" 848
"C:/24CI0412MP/Content/StarterContent/Textures/T_Chair_N.uasset" 849
"C:/24CI0412MP/Content/StarterContent/Textures/T_Chair_N.uexp" 850
"C:/24CI0412MP/Content/StarterContent/Textures/T_Chair_M.ubulk" 851
"C:/24CI0412MP/Content/StarterContent/Textures/T_Chair_M.uasset" 852
"C:/24CI0412MP/Content/StarterContent/Textures/T_Chair_M.uexp" 853
"C:/24CI0412MP/Content/StarterContent/Props/Materials/M_Chair.uasset" 854
"C:/24CI0412MP/Content/StarterContent/Props/Materials/M_Chair.uexp" 855
"C:/24CI0412MP/Content/StarterContent/Props/SM_Couch.ubulk" 856
"C:/24CI0412MP/Content/StarterContent/Props/SM_Couch.uasset" 857
"C:/24CI0412MP/Content/StarterContent/Props/SM_Couch.uexp" 858
"C:/24CI0412MP/Content/StarterContent/Textures/T_Bush_N.ubulk" 859
"C:/24CI0412MP/Content/StarterContent/Textures/T_Bush_N.uasset" 860
"C:/24CI0412MP/Content/StarterContent/Textures/T_Bush_N.uexp" 861
"C:/24CI0412MP/Content/StarterContent/Textures/T_Bush_D.ubulk" 862
"C:/24CI0412MP/Content/StarterContent/Textures/T_Bush_D.uasset" 863
"C:/24CI0412MP/Content/StarterContent/Textures/T_Bush_D.uexp" 864
"C:/24CI0412MP/Content/StarterContent/Props/Materials/M_Bush.uasset" 865
"C:/24CI0412MP/Content/StarterContent/Props/Materials/M_Bush.uexp" 866
"C:/24CI0412MP/Content/StarterContent/Props/SM_Bush.ubulk" 867
"C:/24CI0412MP/Content/StarterContent/Props/SM_Bush.uasset" 868
"C:/24CI0412MP/Content/StarterContent/Props/SM_Bush.uexp" 869
"../../../Engine/Content/EditorMeshes/ColorCalibrator/T_ColorGrid.ubulk" 870
"../../../Engine/Content/EditorMeshes/ColorCalibrator/T_ColorGrid.uasset" 871
"../../../Engine/Content/EditorMeshes/ColorCalibrator/T_ColorGrid.uexp" 872
"C:/24CI0412MP/Content/StarterContent/Materials/M_ColorGrid_LowSpec.uasset" 873
"C:/24CI0412MP/Content/StarterContent/Materials/M_ColorGrid_LowSpec.uexp" 874
"C:/24CI0412MP/Content/StarterContent/Textures/T_Smoke_SubUV.ubulk" 875
"C:/24CI0412MP/Content/StarterContent/Textures/T_Smoke_SubUV.uasset" 876
"C:/24CI0412MP/Content/StarterContent/Textures/T_Smoke_SubUV.uexp" 877
"C:/24CI0412MP/Content/StarterContent/Textures/T_Smoke_Tiled_D.ubulk" 878
"C:/24CI0412MP/Content/StarterContent/Textures/T_Smoke_Tiled_D.uasset" 879
"C:/24CI0412MP/Content/StarterContent/Textures/T_Smoke_Tiled_D.uexp" 880
"C:/24CI0412MP/Content/StarterContent/Particles/Materials/M_smoke_subUV.uasset" 881
"C:/24CI0412MP/Content/StarterContent/Particles/Materials/M_smoke_subUV.uexp" 882
"C:/24CI0412MP/Content/StarterContent/Textures/T_Burst_M.ubulk" 883
"C:/24CI0412MP/Content/StarterContent/Textures/T_Burst_M.uasset" 884
"C:/24CI0412MP/Content/StarterContent/Textures/T_Burst_M.uexp" 885
"C:/24CI0412MP/Content/StarterContent/Particles/Materials/M_Burst.uasset" 886
"C:/24CI0412MP/Content/StarterContent/Particles/Materials/M_Burst.uexp" 887
"C:/24CI0412MP/Content/StarterContent/Particles/Materials/m_flare_01.uasset" 888
"C:/24CI0412MP/Content/StarterContent/Particles/Materials/m_flare_01.uexp" 889
"C:/24CI0412MP/Content/StarterContent/Textures/T_Explosion_SubUV.ubulk" 890
"C:/24CI0412MP/Content/StarterContent/Textures/T_Explosion_SubUV.uasset" 891
"C:/24CI0412MP/Content/StarterContent/Textures/T_Explosion_SubUV.uexp" 892
"C:/24CI0412MP/Content/StarterContent/Particles/Materials/M_explosion_subUV.uasset" 893
"C:/24CI0412MP/Content/StarterContent/Particles/Materials/M_explosion_subUV.uexp" 894
"../../../Engine/Content/Functions/Engine_MaterialFunctions01/Gradient/RadialGradient.uasset" 895
"../../../Engine/Content/Functions/Engine_MaterialFunctions01/Gradient/RadialGradient.uexp" 896
"C:/24CI0412MP/Content/StarterContent/Particles/Materials/M_radial_ramp.uasset" 897
"C:/24CI0412MP/Content/StarterContent/Particles/Materials/M_radial_ramp.uexp" 898
"C:/24CI0412MP/Content/StarterContent/Particles/P_Explosion.uasset" 899
"C:/24CI0412MP/Content/StarterContent/Particles/P_Explosion.uexp" 900
"C:/24CI0412MP/Content/StarterContent/Audio/Explosion_Cue.uasset" 901
"C:/24CI0412MP/Content/StarterContent/Audio/Explosion_Cue.uexp" 902
"C:/24CI0412MP/Content/StarterContent/Blueprints/Blueprint_Effect_Explosion.uasset" 903
"C:/24CI0412MP/Content/StarterContent/Blueprints/Blueprint_Effect_Explosion.uexp" 904
"C:/24CI0412MP/Content/StarterContent/Audio/Steam01.ubulk" 905
"C:/24CI0412MP/Content/StarterContent/Audio/Steam01.uasset" 906
"C:/24CI0412MP/Content/StarterContent/Audio/Steam01.uexp" 907
"C:/24CI0412MP/Content/StarterContent/Audio/Starter_Wind06.ubulk" 908
"C:/24CI0412MP/Content/StarterContent/Audio/Starter_Wind06.uasset" 909
"C:/24CI0412MP/Content/StarterContent/Audio/Starter_Wind06.uexp" 910
"C:/24CI0412MP/Content/StarterContent/Audio/Starter_Wind05.ubulk" 911
"C:/24CI0412MP/Content/StarterContent/Audio/Starter_Wind05.uasset" 912
"C:/24CI0412MP/Content/StarterContent/Audio/Starter_Wind05.uexp" 913
"C:/24CI0412MP/Content/StarterContent/Audio/Starter_Music01.ubulk" 914
"C:/24CI0412MP/Content/StarterContent/Audio/Starter_Music01.uasset" 915
"C:/24CI0412MP/Content/StarterContent/Audio/Starter_Music01.uexp" 916
"C:/24CI0412MP/Content/StarterContent/Audio/Starter_Birds01.ubulk" 917
"C:/24CI0412MP/Content/StarterContent/Audio/Starter_Birds01.uasset" 918
"C:/24CI0412MP/Content/StarterContent/Audio/Starter_Birds01.uexp" 919
"C:/24CI0412MP/Content/StarterContent/Audio/Smoke01.ubulk" 920
"C:/24CI0412MP/Content/StarterContent/Audio/Smoke01.uasset" 921
"C:/24CI0412MP/Content/StarterContent/Audio/Smoke01.uexp" 922
"C:/24CI0412MP/Content/StarterContent/Audio/Light02_Cue.uasset" 923
"C:/24CI0412MP/Content/StarterContent/Audio/Light02_Cue.uexp" 924
"C:/24CI0412MP/Content/StarterContent/Audio/Light02.ubulk" 925
"C:/24CI0412MP/Content/StarterContent/Audio/Light02.uasset" 926
"C:/24CI0412MP/Content/StarterContent/Audio/Light02.uexp" 927
"C:/24CI0412MP/Content/StarterContent/Audio/Light01_Cue.uasset" 928
"C:/24CI0412MP/Content/StarterContent/Audio/Light01_Cue.uexp" 929
"C:/24CI0412MP/Content/StarterContent/Audio/Light01.ubulk" 930
"C:/24CI0412MP/Content/StarterContent/Audio/Light01.uasset" 931
"C:/24CI0412MP/Content/StarterContent/Audio/Light01.uexp" 932
"C:/24CI0412MP/Content/StarterContent/Audio/Fire_Sparks01.ubulk" 933
"C:/24CI0412MP/Content/StarterContent/Audio/Fire_Sparks01.uasset" 934
"C:/24CI0412MP/Content/StarterContent/Audio/Fire_Sparks01.uexp" 935
"C:/24CI0412MP/Content/StarterContent/Audio/Fire01.ubulk" 936
"C:/24CI0412MP/Content/StarterContent/Audio/Fire01.uasset" 937
"C:/24CI0412MP/Content/StarterContent/Audio/Fire01.uexp" 938
"C:/24CI0412MP/Content/StarterContent/Audio/Explosion02.ubulk" 939
"C:/24CI0412MP/Content/StarterContent/Audio/Explosion02.uasset" 940
"C:/24CI0412MP/Content/StarterContent/Audio/Explosion02.uexp" 941
"C:/24CI0412MP/Content/StarterContent/Audio/Explosion01.ubulk" 942
"C:/24CI0412MP/Content/StarterContent/Audio/Explosion01.uasset" 943
"C:/24CI0412MP/Content/StarterContent/Audio/Explosion01.uexp" 944
"C:/24CI0412MP/Content/StarterContent/Audio/Collapse02.ubulk" 945
"C:/24CI0412MP/Content/StarterContent/Audio/Collapse02.uasset" 946
"C:/24CI0412MP/Content/StarterContent/Audio/Collapse02.uexp" 947
"C:/24CI0412MP/Content/StarterContent/Audio/Collapse01.ubulk" 948
"C:/24CI0412MP/Content/StarterContent/Audio/Collapse01.uasset" 949
"C:/24CI0412MP/Content/StarterContent/Audio/Collapse01.uexp" 950
"C:/24CI0412MP/Content/StarterContent/Architecture/Wall_Window_400x400.ubulk" 951
"C:/24CI0412MP/Content/StarterContent/Architecture/Wall_Window_400x400.uasset" 952
"C:/24CI0412MP/Content/StarterContent/Architecture/Wall_Window_400x400.uexp" 953
"C:/24CI0412MP/Content/StarterContent/Architecture/Wall_Door_400x400.ubulk" 954
"C:/24CI0412MP/Content/StarterContent/Architecture/Wall_Door_400x400.uasset" 955
"C:/24CI0412MP/Content/StarterContent/Architecture/Wall_Door_400x400.uexp" 956
"C:/24CI0412MP/Content/StarterContent/Architecture/Wall_500x500.ubulk" 957
"C:/24CI0412MP/Content/StarterContent/Architecture/Wall_500x500.uasset" 958
"C:/24CI0412MP/Content/StarterContent/Architecture/Wall_500x500.uexp" 959
"C:/24CI0412MP/Content/StarterContent/Architecture/Wall_400x400.ubulk" 960
"C:/24CI0412MP/Content/StarterContent/Architecture/Wall_400x400.uasset" 961
"C:/24CI0412MP/Content/StarterContent/Architecture/Wall_400x400.uexp" 962
"C:/24CI0412MP/Content/StarterContent/Architecture/Wall_400x300.ubulk" 963
"C:/24CI0412MP/Content/StarterContent/Architecture/Wall_400x300.uasset" 964
"C:/24CI0412MP/Content/StarterContent/Architecture/Wall_400x300.uexp" 965
"C:/24CI0412MP/Content/StarterContent/Architecture/Pillar_50x500.ubulk" 966
"C:/24CI0412MP/Content/StarterContent/Architecture/Pillar_50x500.uasset" 967
"C:/24CI0412MP/Content/StarterContent/Architecture/Pillar_50x500.uexp" 968
"C:/24CI0412MP/Content/Satou/Materials/M_red.uasset" 969
"C:/24CI0412MP/Content/Satou/Materials/M_red.uexp" 970
"C:/24CI0412MP/Content/Satou/Blueprints/BP_WayTest.uasset" 971
"C:/24CI0412MP/Content/Satou/Blueprints/BP_WayTest.uexp" 972
"../../../Engine/Content/VREditor/LaserPointer/CursorPointer.ubulk" 973
"../../../Engine/Content/VREditor/LaserPointer/CursorPointer.uasset" 974
"../../../Engine/Content/VREditor/LaserPointer/CursorPointer.uexp" 975
"C:/24CI0412MP/Content/Satou/Blueprints/BP_kariPawn.uasset" 976
"C:/24CI0412MP/Content/Satou/Blueprints/BP_kariPawn.uexp" 977
"../../../Engine/Plugins/FX/Niagara/Content/Enums/ENiagaraSphereDistributionMode.uasset" 978
"../../../Engine/Plugins/FX/Niagara/Content/Enums/ENiagaraSphereDistributionMode.uexp" 979
"../../../Engine/Plugins/FX/Niagara/Content/Enums/ENiagaraRandomnessMode.uasset" 980
"../../../Engine/Plugins/FX/Niagara/Content/Enums/ENiagaraRandomnessMode.uexp" 981
"../../../Engine/Plugins/FX/Niagara/Content/Enums/ENiagara_MassInitializationMode.uasset" 982
"../../../Engine/Plugins/FX/Niagara/Content/Enums/ENiagara_MassInitializationMode.uexp" 983
"../../../Engine/Plugins/FX/Niagara/Content/DefaultAssets/DefaultSpriteMaterial.uasset" 984
"../../../Engine/Plugins/FX/Niagara/Content/DefaultAssets/DefaultSpriteMaterial.uexp" 985
"../../../Engine/Plugins/FX/Niagara/Content/VectorFields/Assets/TilingCurl32.uasset" 986
"../../../Engine/Plugins/FX/Niagara/Content/VectorFields/Assets/TilingCurl32.uexp" 987
"../../../Engine/Plugins/FX/Niagara/Content/Enums/ENiagaraCurlNoiseQuality.uasset" 988
"../../../Engine/Plugins/FX/Niagara/Content/Enums/ENiagaraCurlNoiseQuality.uexp" 989
"../../../Engine/Plugins/FX/Niagara/Content/VectorFields/Assets/TilingCurl64.uasset" 990
"../../../Engine/Plugins/FX/Niagara/Content/VectorFields/Assets/TilingCurl64.uexp" 991
"../../../Engine/Plugins/FX/Niagara/Content/Enums/ENiagaraVector4_Channels.uasset" 992
"../../../Engine/Plugins/FX/Niagara/Content/Enums/ENiagaraVector4_Channels.uexp" 993
"../../../Engine/Plugins/FX/Niagara/Content/VectorFields/Assets/TilingCurl16.uasset" 994
"../../../Engine/Plugins/FX/Niagara/Content/VectorFields/Assets/TilingCurl16.uexp" 995
"../../../Engine/Plugins/FX/Niagara/Content/Enums/ENiagara_PositionInitializationMode.uasset" 996
"../../../Engine/Plugins/FX/Niagara/Content/Enums/ENiagara_PositionInitializationMode.uexp" 997
"../../../Engine/Plugins/FX/Niagara/Content/Icons/Modules/T_Icon_Solver_LimitSpeed.uasset" 998
"../../../Engine/Plugins/FX/Niagara/Content/Icons/Modules/T_Icon_Solver_LimitSpeed.uexp" 999
"../../../Engine/Plugins/FX/Niagara/Content/Icons/Modules/T_Icon_Solver_RotationalSolve.uasset" 1000
"../../../Engine/Plugins/FX/Niagara/Content/Icons/Modules/T_Icon_Solver_RotationalSolve.uexp" 1001
"../../../Engine/Plugins/FX/Niagara/Content/Icons/Modules/T_Icon_Solver_LimitAccel.uasset" 1002
"../../../Engine/Plugins/FX/Niagara/Content/Icons/Modules/T_Icon_Solver_LimitAccel.uexp" 1003
"../../../Engine/Plugins/FX/Niagara/Content/Enums/ENiagaraScaleColorMode.uasset" 1004
"../../../Engine/Plugins/FX/Niagara/Content/Enums/ENiagaraScaleColorMode.uexp" 1005
"../../../Engine/Plugins/FX/Niagara/Content/Enums/ENiagara_SizeScaleMode.uasset" 1006
"../../../Engine/Plugins/FX/Niagara/Content/Enums/ENiagara_SizeScaleMode.uexp" 1007
"../../../Engine/Plugins/FX/Niagara/Content/Enums/ENiagara_UVFlippingMode.uasset" 1008
"../../../Engine/Plugins/FX/Niagara/Content/Enums/ENiagara_UVFlippingMode.uexp" 1009
"../../../Engine/Plugins/FX/Niagara/Content/Enums/ENiagaraRandomnessEvaluation.uasset" 1010
"../../../Engine/Plugins/FX/Niagara/Content/Enums/ENiagaraRandomnessEvaluation.uexp" 1011
"../../../Engine/Plugins/FX/Niagara/Content/Enums/Ribbons/ENiagara_UnsetDirectSetRandom.uasset" 1012
"../../../Engine/Plugins/FX/Niagara/Content/Enums/Ribbons/ENiagara_UnsetDirectSetRandom.uexp" 1013
"../../../Engine/Plugins/FX/Niagara/Content/Enums/ENiagara_LifetimeMode.uasset" 1014
"../../../Engine/Plugins/FX/Niagara/Content/Enums/ENiagara_LifetimeMode.uexp" 1015
"../../../Engine/Plugins/FX/Niagara/Content/Enums/Ribbons/ENiagara_UnsetDirectSet.uasset" 1016
"../../../Engine/Plugins/FX/Niagara/Content/Enums/Ribbons/ENiagara_UnsetDirectSet.uexp" 1017
"../../../Engine/Plugins/FX/Niagara/Content/Enums/ENiagara_SpriteRotationMode.uasset" 1018
"../../../Engine/Plugins/FX/Niagara/Content/Enums/ENiagara_SpriteRotationMode.uexp" 1019
"../../../Engine/Plugins/FX/Niagara/Content/Enums/ENiagara_ColorInitializationMode.uasset" 1020
"../../../Engine/Plugins/FX/Niagara/Content/Enums/ENiagara_ColorInitializationMode.uexp" 1021
"../../../Engine/Plugins/FX/Niagara/Content/Enums/ENiagaraChannelCorrelation.uasset" 1022
"../../../Engine/Plugins/FX/Niagara/Content/Enums/ENiagaraChannelCorrelation.uexp" 1023
"../../../Engine/Plugins/FX/Niagara/Content/Enums/ENiagaraEmitterLifeCycleMode.uasset" 1024
"../../../Engine/Plugins/FX/Niagara/Content/Enums/ENiagaraEmitterLifeCycleMode.uexp" 1025
"../../../Engine/Plugins/FX/Niagara/Content/Enums/ENiagara_InfiniteLoopDuration.uasset" 1026
"../../../Engine/Plugins/FX/Niagara/Content/Enums/ENiagara_InfiniteLoopDuration.uexp" 1027
"../../../Engine/Plugins/FX/Niagara/Content/Enums/ENiagara_EmitterStateOptions.uasset" 1028
"../../../Engine/Plugins/FX/Niagara/Content/Enums/ENiagara_EmitterStateOptions.uexp" 1029
"../../../Engine/Plugins/FX/Niagara/Content/Enums/ENiagaraInactiveMode.uasset" 1030
"../../../Engine/Plugins/FX/Niagara/Content/Enums/ENiagaraInactiveMode.uexp" 1031
"../../../Engine/Plugins/FX/Niagara/Content/Enums/ENiagaraExecutionStateManagement.uasset" 1032
"../../../Engine/Plugins/FX/Niagara/Content/Enums/ENiagaraExecutionStateManagement.uexp" 1033
"../../../Engine/Plugins/FX/Niagara/Content/Enums/ENiagaraEmitterScalabilityMode_Limited.uasset" 1034
"../../../Engine/Plugins/FX/Niagara/Content/Enums/ENiagaraEmitterScalabilityMode_Limited.uexp" 1035
"../../../Engine/Plugins/FX/Niagara/Content/Enums/Angles/ENiagara_AngleInput.uasset" 1036
"../../../Engine/Plugins/FX/Niagara/Content/Enums/Angles/ENiagara_AngleInput.uexp" 1037
"../../../Engine/Plugins/FX/Niagara/Content/Enums/ENiagaraSystemInactiveMode.uasset" 1038
"../../../Engine/Plugins/FX/Niagara/Content/Enums/ENiagaraSystemInactiveMode.uexp" 1039
"../../../Engine/Plugins/FX/Niagara/Content/Enums/Transforms/ENiagara_RotationMode.uasset" 1040
"../../../Engine/Plugins/FX/Niagara/Content/Enums/Transforms/ENiagara_RotationMode.uexp" 1041
"../../../Engine/Plugins/FX/Niagara/Content/Icons/Modules/T_Icon_Particle_InfiniteLife.uasset" 1042
"../../../Engine/Plugins/FX/Niagara/Content/Icons/Modules/T_Icon_Particle_InfiniteLife.uexp" 1043
"../../../Engine/Plugins/FX/Niagara/Content/Enums/SpriteRenderer/ENiagara_ScaleSpriteSize.uasset" 1044
"../../../Engine/Plugins/FX/Niagara/Content/Enums/SpriteRenderer/ENiagara_ScaleSpriteSize.uexp" 1045
"C:/24CI0412MP/Content/Oonishi/Effect/TestEffect.uasset" 1046
"C:/24CI0412MP/Content/Oonishi/Effect/TestEffect.uexp" 1047
"../../../Engine/Plugins/FX/Niagara/Content/Enums/Utility/ENiagara_VelocityMode.uasset" 1048
"../../../Engine/Plugins/FX/Niagara/Content/Enums/Utility/ENiagara_VelocityMode.uexp" 1049
"../../../Engine/Plugins/FX/Niagara/Content/Enums/ENiagaraMeshTransforms.uasset" 1050
"../../../Engine/Plugins/FX/Niagara/Content/Enums/ENiagaraMeshTransforms.uexp" 1051
"C:/24CI0412MP/Content/Oonishi/Material/M_FlowerPetal.uasset" 1052
"C:/24CI0412MP/Content/Oonishi/Material/M_FlowerPetal.uexp" 1053
"C:/24CI0412MP/Content/Oonishi/Fab/figs/source/figs_2_fig_slice_02_geom.ubulk" 1054
"C:/24CI0412MP/Content/Oonishi/Fab/figs/source/figs_2_fig_slice_02_geom.uasset" 1055
"C:/24CI0412MP/Content/Oonishi/Fab/figs/source/figs_2_fig_slice_02_geom.uexp" 1056
"C:/24CI0412MP/Content/Oonishi/Effect/EF_FlowerPetal.uasset" 1057
"C:/24CI0412MP/Content/Oonishi/Effect/EF_FlowerPetal.uexp" 1058
"C:/24CI0412MP/Content/Oonishi/Effect/EF_FireFlower.uasset" 1059
"C:/24CI0412MP/Content/Oonishi/Effect/EF_FireFlower.uexp" 1060
"C:/24CI0412MP/Content/Morimoto/Font/Pomeranian-Regular.uexp" 1061
"C:/24CI0412MP/Content/Morimoto/Font/Pomeranian-Regular.uasset" 1062
"C:/24CI0412MP/Content/Morimoto/Font/Pomeranian-Regular.ufont" 1063
"C:/24CI0412MP/Content/Morimoto/Font/Pomeranian-Regular_Font.uasset" 1064
"C:/24CI0412MP/Content/Morimoto/Font/Pomeranian-Regular_Font.uexp" 1065
"C:/24CI0412MP/Content/Morimoto/BPC_Result.uasset" 1066
"C:/24CI0412MP/Content/Morimoto/BPC_Result.uexp" 1067
"C:/24CI0412MP/Content/Mediterranean_Coast/Textures/T_Rock_C_ORM.ubulk" 1068
"C:/24CI0412MP/Content/Mediterranean_Coast/Textures/T_Rock_C_ORM.uasset" 1069
"C:/24CI0412MP/Content/Mediterranean_Coast/Textures/T_Rock_C_ORM.uexp" 1070
"C:/24CI0412MP/Content/Mediterranean_Coast/Textures/T_Moss_Normal.ubulk" 1071
"C:/24CI0412MP/Content/Mediterranean_Coast/Textures/T_Moss_Normal.uasset" 1072
"C:/24CI0412MP/Content/Mediterranean_Coast/Textures/T_Moss_Normal.uexp" 1073
"C:/24CI0412MP/Content/Mediterranean_Coast/Textures/T_Dummy_ORM.ubulk" 1074
"C:/24CI0412MP/Content/Mediterranean_Coast/Textures/T_Dummy_ORM.uasset" 1075
"C:/24CI0412MP/Content/Mediterranean_Coast/Textures/T_Dummy_ORM.uexp" 1076
"../../../Engine/Content/Functions/MaterialLayerFunctions/MatLayerBlend_Standard.uasset" 1077
"../../../Engine/Content/Functions/MaterialLayerFunctions/MatLayerBlend_Standard.uexp" 1078
"C:/24CI0412MP/Content/Mediterranean_Coast/Textures/T_Dummy_N.ubulk" 1079
"C:/24CI0412MP/Content/Mediterranean_Coast/Textures/T_Dummy_N.uasset" 1080
"C:/24CI0412MP/Content/Mediterranean_Coast/Textures/T_Dummy_N.uexp" 1081
"C:/24CI0412MP/Content/Mediterranean_Coast/Textures/T_Dummy_Bc.ubulk" 1082
"C:/24CI0412MP/Content/Mediterranean_Coast/Textures/T_Dummy_Bc.uasset" 1083
"C:/24CI0412MP/Content/Mediterranean_Coast/Textures/T_Dummy_Bc.uexp" 1084
"C:/24CI0412MP/Content/Mediterranean_Coast/Textures/T_Moss_Basecolor.ubulk" 1085
"C:/24CI0412MP/Content/Mediterranean_Coast/Textures/T_Moss_Basecolor.uasset" 1086
"C:/24CI0412MP/Content/Mediterranean_Coast/Textures/T_Moss_Basecolor.uexp" 1087
"../../../Engine/Content/Functions/Engine_MaterialFunctions01/Shading/FuzzyShading.uasset" 1088
"../../../Engine/Content/Functions/Engine_MaterialFunctions01/Shading/FuzzyShading.uexp" 1089
"C:/24CI0412MP/Content/Mediterranean_Coast/Textures/T_Moss_ORM.ubulk" 1090
"C:/24CI0412MP/Content/Mediterranean_Coast/Textures/T_Moss_ORM.uasset" 1091
"C:/24CI0412MP/Content/Mediterranean_Coast/Textures/T_Moss_ORM.uexp" 1092
"C:/24CI0412MP/Content/Mediterranean_Coast/Materials/Material_Functions/MF_Moss.uasset" 1093
"C:/24CI0412MP/Content/Mediterranean_Coast/Materials/Material_Functions/MF_Moss.uexp" 1094
"C:/24CI0412MP/Content/Mediterranean_Coast/Materials/Master_Materials/M_Debris.uasset" 1095
"C:/24CI0412MP/Content/Mediterranean_Coast/Materials/Master_Materials/M_Debris.uexp" 1096
"C:/24CI0412MP/Content/Mediterranean_Coast/Textures/T_Rock_C_Normal.ubulk" 1097
"C:/24CI0412MP/Content/Mediterranean_Coast/Textures/T_Rock_C_Normal.uasset" 1098
"C:/24CI0412MP/Content/Mediterranean_Coast/Textures/T_Rock_C_Normal.uexp" 1099
"C:/24CI0412MP/Content/Mediterranean_Coast/Textures/T_Rock_C_BaseColor.ubulk" 1100
"C:/24CI0412MP/Content/Mediterranean_Coast/Textures/T_Rock_C_BaseColor.uasset" 1101
"C:/24CI0412MP/Content/Mediterranean_Coast/Textures/T_Rock_C_BaseColor.uexp" 1102
"C:/24CI0412MP/Content/Mediterranean_Coast/Materials/MI_Rock_C.uasset" 1103
"C:/24CI0412MP/Content/Mediterranean_Coast/Materials/MI_Rock_C.uexp" 1104
"C:/24CI0412MP/Content/Mediterranean_Coast/Meshes/SM_Rock_C.ubulk" 1105
"C:/24CI0412MP/Content/Mediterranean_Coast/Meshes/SM_Rock_C.uasset" 1106
"C:/24CI0412MP/Content/Mediterranean_Coast/Meshes/SM_Rock_C.uexp" 1107
"C:/24CI0412MP/Content/Mediterranean_Coast/World_Settings/StaticMeshFoliages/SMF_Rock_C.uasset" 1108
"C:/24CI0412MP/Content/Mediterranean_Coast/World_Settings/StaticMeshFoliages/SMF_Rock_C.uexp" 1109
"C:/24CI0412MP/Content/Mediterranean_Coast/Textures/T_Rock_B_ORM.ubulk" 1110
"C:/24CI0412MP/Content/Mediterranean_Coast/Textures/T_Rock_B_ORM.uasset" 1111
"C:/24CI0412MP/Content/Mediterranean_Coast/Textures/T_Rock_B_ORM.uexp" 1112
"C:/24CI0412MP/Content/Mediterranean_Coast/Textures/T_Rock_B_Normal.ubulk" 1113
"C:/24CI0412MP/Content/Mediterranean_Coast/Textures/T_Rock_B_Normal.uasset" 1114
"C:/24CI0412MP/Content/Mediterranean_Coast/Textures/T_Rock_B_Normal.uexp" 1115
"C:/24CI0412MP/Content/Mediterranean_Coast/Textures/T_Rock_B_BaseColor.ubulk" 1116
"C:/24CI0412MP/Content/Mediterranean_Coast/Textures/T_Rock_B_BaseColor.uasset" 1117
"C:/24CI0412MP/Content/Mediterranean_Coast/Textures/T_Rock_B_BaseColor.uexp" 1118
"C:/24CI0412MP/Content/Mediterranean_Coast/Materials/MI_Rock_B.uasset" 1119
"C:/24CI0412MP/Content/Mediterranean_Coast/Materials/MI_Rock_B.uexp" 1120
"C:/24CI0412MP/Content/Mediterranean_Coast/Meshes/SM_Rock_B.ubulk" 1121
"C:/24CI0412MP/Content/Mediterranean_Coast/Meshes/SM_Rock_B.uasset" 1122
"C:/24CI0412MP/Content/Mediterranean_Coast/Meshes/SM_Rock_B.uexp" 1123
"C:/24CI0412MP/Content/Mediterranean_Coast/World_Settings/StaticMeshFoliages/SMF_Rock_B.uasset" 1124
"C:/24CI0412MP/Content/Mediterranean_Coast/World_Settings/StaticMeshFoliages/SMF_Rock_B.uexp" 1125
"C:/24CI0412MP/Content/Mediterranean_Coast/Textures/T_Rock_A_Normal.ubulk" 1126
"C:/24CI0412MP/Content/Mediterranean_Coast/Textures/T_Rock_A_Normal.uasset" 1127
"C:/24CI0412MP/Content/Mediterranean_Coast/Textures/T_Rock_A_Normal.uexp" 1128
"C:/24CI0412MP/Content/Mediterranean_Coast/Textures/T_Rock_A_BaseColor.ubulk" 1129
"C:/24CI0412MP/Content/Mediterranean_Coast/Textures/T_Rock_A_BaseColor.uasset" 1130
"C:/24CI0412MP/Content/Mediterranean_Coast/Textures/T_Rock_A_BaseColor.uexp" 1131
"C:/24CI0412MP/Content/Mediterranean_Coast/Textures/T_Rock_A_ORM.ubulk" 1132
"C:/24CI0412MP/Content/Mediterranean_Coast/Textures/T_Rock_A_ORM.uasset" 1133
"C:/24CI0412MP/Content/Mediterranean_Coast/Textures/T_Rock_A_ORM.uexp" 1134
"C:/24CI0412MP/Content/Mediterranean_Coast/Materials/MI_Rock_A.uasset" 1135
"C:/24CI0412MP/Content/Mediterranean_Coast/Materials/MI_Rock_A.uexp" 1136
"C:/24CI0412MP/Content/Mediterranean_Coast/Meshes/SM_Rock_A.ubulk" 1137
"C:/24CI0412MP/Content/Mediterranean_Coast/Meshes/SM_Rock_A.uasset" 1138
"C:/24CI0412MP/Content/Mediterranean_Coast/Meshes/SM_Rock_A.uexp" 1139
"C:/24CI0412MP/Content/Mediterranean_Coast/World_Settings/StaticMeshFoliages/SMF_Rock_A.uasset" 1140
"C:/24CI0412MP/Content/Mediterranean_Coast/World_Settings/StaticMeshFoliages/SMF_Rock_A.uexp" 1141
"C:/24CI0412MP/Content/Mediterranean_Coast/World_Settings/PFS_Rocks.uasset" 1142
"C:/24CI0412MP/Content/Mediterranean_Coast/World_Settings/PFS_Rocks.uexp" 1143
"C:/24CI0412MP/Content/Mediterranean_Coast/Textures/T_Bark_01_ORM.ubulk" 1144
"C:/24CI0412MP/Content/Mediterranean_Coast/Textures/T_Bark_01_ORM.uasset" 1145
"C:/24CI0412MP/Content/Mediterranean_Coast/Textures/T_Bark_01_ORM.uexp" 1146
"C:/24CI0412MP/Content/Mediterranean_Coast/Textures/T_Bark_01_BC.ubulk" 1147
"C:/24CI0412MP/Content/Mediterranean_Coast/Textures/T_Bark_01_BC.uasset" 1148
"C:/24CI0412MP/Content/Mediterranean_Coast/Textures/T_Bark_01_BC.uexp" 1149
"C:/24CI0412MP/Content/Mediterranean_Coast/Textures/T_Dummy_O.ubulk" 1150
"C:/24CI0412MP/Content/Mediterranean_Coast/Textures/T_Dummy_O.uasset" 1151
"C:/24CI0412MP/Content/Mediterranean_Coast/Textures/T_Dummy_O.uexp" 1152
"C:/24CI0412MP/Content/Mediterranean_Coast/Materials/Master_Materials/M_Bark.uasset" 1153
"C:/24CI0412MP/Content/Mediterranean_Coast/Materials/Master_Materials/M_Bark.uexp" 1154
"C:/24CI0412MP/Content/Mediterranean_Coast/Textures/T_Bark_01_N.ubulk" 1155
"C:/24CI0412MP/Content/Mediterranean_Coast/Textures/T_Bark_01_N.uasset" 1156
"C:/24CI0412MP/Content/Mediterranean_Coast/Textures/T_Bark_01_N.uexp" 1157
"C:/24CI0412MP/Content/Mediterranean_Coast/Materials/MI_OliveBark_01.uasset" 1158
"C:/24CI0412MP/Content/Mediterranean_Coast/Materials/MI_OliveBark_01.uexp" 1159
"C:/24CI0412MP/Content/Mediterranean_Coast/Textures/T_Vines_Basecolor.ubulk" 1160
"C:/24CI0412MP/Content/Mediterranean_Coast/Textures/T_Vines_Basecolor.uasset" 1161
"C:/24CI0412MP/Content/Mediterranean_Coast/Textures/T_Vines_Basecolor.uexp" 1162
"C:/24CI0412MP/Content/Mediterranean_Coast/World_Settings/MPC_GlobalWind.uasset" 1163
"C:/24CI0412MP/Content/Mediterranean_Coast/World_Settings/MPC_GlobalWind.uexp" 1164
"../../../Engine/Content/Functions/Engine_MaterialFunctions01/Gradient/LinearGradient.uasset" 1165
"../../../Engine/Content/Functions/Engine_MaterialFunctions01/Gradient/LinearGradient.uexp" 1166
"../../../Engine/Content/Functions/Engine_MaterialFunctions01/ImageAdjustment/3ColorBlend.uasset" 1167
"../../../Engine/Content/Functions/Engine_MaterialFunctions01/ImageAdjustment/3ColorBlend.uexp" 1168
"../../../Engine/Content/Functions/Engine_MaterialFunctions02/Texturing/CustomRotator.uasset" 1169
"../../../Engine/Content/Functions/Engine_MaterialFunctions02/Texturing/CustomRotator.uexp" 1170
"C:/24CI0412MP/Content/Mediterranean_Coast/Textures/T_WindNoise.ubulk" 1171
"C:/24CI0412MP/Content/Mediterranean_Coast/Textures/T_WindNoise.uasset" 1172
"C:/24CI0412MP/Content/Mediterranean_Coast/Textures/T_WindNoise.uexp" 1173
"../../../Engine/Content/Functions/Engine_MaterialFunctions02/ExampleContent/Textures/WindTurblenceVectorAndGustMagnitude.uasset" 1174
"../../../Engine/Content/Functions/Engine_MaterialFunctions02/ExampleContent/Textures/WindTurblenceVectorAndGustMagnitude.uexp" 1175
"C:/24CI0412MP/Content/Mediterranean_Coast/Materials/Material_Functions/MF_WindGust.uasset" 1176
"C:/24CI0412MP/Content/Mediterranean_Coast/Materials/Material_Functions/MF_WindGust.uexp" 1177
"C:/24CI0412MP/Content/Mediterranean_Coast/Textures/T_Dummy_Mask.ubulk" 1178
"C:/24CI0412MP/Content/Mediterranean_Coast/Textures/T_Dummy_Mask.uasset" 1179
"C:/24CI0412MP/Content/Mediterranean_Coast/Textures/T_Dummy_Mask.uexp" 1180
"../../../Engine/Content/Functions/Engine_MaterialFunctions01/WorldPositionOffset/SimpleGrassWind.uasset" 1181
"../../../Engine/Content/Functions/Engine_MaterialFunctions01/WorldPositionOffset/SimpleGrassWind.uexp" 1182
"../../../Engine/Content/Functions/Engine_MaterialFunctions02/WorldPositionOffset/ObjectPivotPoint.uasset" 1183
"../../../Engine/Content/Functions/Engine_MaterialFunctions02/WorldPositionOffset/ObjectPivotPoint.uexp" 1184
"C:/24CI0412MP/Content/Mediterranean_Coast/Materials/Material_Functions/MF_PlayerInteraction.uasset" 1185
"C:/24CI0412MP/Content/Mediterranean_Coast/Materials/Material_Functions/MF_PlayerInteraction.uexp" 1186
"C:/24CI0412MP/Content/Mediterranean_Coast/Materials/Material_Functions/MF_GlobalWind.uasset" 1187
"C:/24CI0412MP/Content/Mediterranean_Coast/Materials/Material_Functions/MF_GlobalWind.uexp" 1188
"C:/24CI0412MP/Content/Mediterranean_Coast/Materials/Material_Functions/MF_ColorCoord.uasset" 1189
"C:/24CI0412MP/Content/Mediterranean_Coast/Materials/Material_Functions/MF_ColorCoord.uexp" 1190
"../../../Engine/Content/Functions/Engine_MaterialFunctions02/Utility/DitherTemporalAA.uasset" 1191
"../../../Engine/Content/Functions/Engine_MaterialFunctions02/Utility/DitherTemporalAA.uexp" 1192
"../../../Engine/Content/Functions/Engine_MaterialFunctions01/ImageAdjustment/CheapContrast.uasset" 1193
"../../../Engine/Content/Functions/Engine_MaterialFunctions01/ImageAdjustment/CheapContrast.uexp" 1194
"C:/24CI0412MP/Content/Mediterranean_Coast/Textures/T_ColorVariations_A.ubulk" 1195
"C:/24CI0412MP/Content/Mediterranean_Coast/Textures/T_ColorVariations_A.uasset" 1196
"C:/24CI0412MP/Content/Mediterranean_Coast/Textures/T_ColorVariations_A.uexp" 1197
"C:/24CI0412MP/Content/Mediterranean_Coast/Materials/Material_Functions/MF_LightFoliage.uasset" 1198
"C:/24CI0412MP/Content/Mediterranean_Coast/Materials/Material_Functions/MF_LightFoliage.uexp" 1199
"C:/24CI0412MP/Content/Mediterranean_Coast/Materials/Master_Materials/M_Foliage.uasset" 1200
"C:/24CI0412MP/Content/Mediterranean_Coast/Materials/Master_Materials/M_Foliage.uexp" 1201
"C:/24CI0412MP/Content/Mediterranean_Coast/Textures/T_Vines_Opacity.ubulk" 1202
"C:/24CI0412MP/Content/Mediterranean_Coast/Textures/T_Vines_Opacity.uasset" 1203
"C:/24CI0412MP/Content/Mediterranean_Coast/Textures/T_Vines_Opacity.uexp" 1204
"C:/24CI0412MP/Content/Mediterranean_Coast/Textures/T_Vines_Normal.ubulk" 1205
"C:/24CI0412MP/Content/Mediterranean_Coast/Textures/T_Vines_Normal.uasset" 1206
"C:/24CI0412MP/Content/Mediterranean_Coast/Textures/T_Vines_Normal.uexp" 1207
"C:/24CI0412MP/Content/Mediterranean_Coast/Textures/T_Vines_ORMSS.ubulk" 1208
"C:/24CI0412MP/Content/Mediterranean_Coast/Textures/T_Vines_ORMSS.uasset" 1209
"C:/24CI0412MP/Content/Mediterranean_Coast/Textures/T_Vines_ORMSS.uexp" 1210
"C:/24CI0412MP/Content/Mediterranean_Coast/Materials/MI_Vines_Leaf.uasset" 1211
"C:/24CI0412MP/Content/Mediterranean_Coast/Materials/MI_Vines_Leaf.uexp" 1212
"C:/24CI0412MP/Content/Mediterranean_Coast/Meshes/SM_Vines.ubulk" 1213
"C:/24CI0412MP/Content/Mediterranean_Coast/Meshes/SM_Vines.uasset" 1214
"C:/24CI0412MP/Content/Mediterranean_Coast/Meshes/SM_Vines.uexp" 1215
"C:/24CI0412MP/Content/Mediterranean_Coast/World_Settings/StaticMeshFoliages/SMF_Vines.uasset" 1216
"C:/24CI0412MP/Content/Mediterranean_Coast/World_Settings/StaticMeshFoliages/SMF_Vines.uexp" 1217
"C:/24CI0412MP/Content/Mediterranean_Coast/Textures/T_PinusBrutia_Bark_ORM.ubulk" 1218
"C:/24CI0412MP/Content/Mediterranean_Coast/Textures/T_PinusBrutia_Bark_ORM.uasset" 1219
"C:/24CI0412MP/Content/Mediterranean_Coast/Textures/T_PinusBrutia_Bark_ORM.uexp" 1220
"C:/24CI0412MP/Content/Mediterranean_Coast/Textures/T_PinusBrutia_Bark_Normal.ubulk" 1221
"C:/24CI0412MP/Content/Mediterranean_Coast/Textures/T_PinusBrutia_Bark_Normal.uasset" 1222
"C:/24CI0412MP/Content/Mediterranean_Coast/Textures/T_PinusBrutia_Bark_Normal.uexp" 1223
"C:/24CI0412MP/Content/Mediterranean_Coast/Textures/T_PinusBrutia_Bark_Basecolor.ubulk" 1224
"C:/24CI0412MP/Content/Mediterranean_Coast/Textures/T_PinusBrutia_Bark_Basecolor.uasset" 1225
"C:/24CI0412MP/Content/Mediterranean_Coast/Textures/T_PinusBrutia_Bark_Basecolor.uexp" 1226
"C:/24CI0412MP/Content/Mediterranean_Coast/Materials/MI_PineBark.uasset" 1227
"C:/24CI0412MP/Content/Mediterranean_Coast/Materials/MI_PineBark.uexp" 1228
"C:/24CI0412MP/Content/Mediterranean_Coast/Textures/T_PinusBrutia_Leafs_Opacity.ubulk" 1229
"C:/24CI0412MP/Content/Mediterranean_Coast/Textures/T_PinusBrutia_Leafs_Opacity.uasset" 1230
"C:/24CI0412MP/Content/Mediterranean_Coast/Textures/T_PinusBrutia_Leafs_Opacity.uexp" 1231
"C:/24CI0412MP/Content/Mediterranean_Coast/Textures/T_PinusBrutia_Leafs_Basecolor.ubulk" 1232
"C:/24CI0412MP/Content/Mediterranean_Coast/Textures/T_PinusBrutia_Leafs_Basecolor.uasset" 1233
"C:/24CI0412MP/Content/Mediterranean_Coast/Textures/T_PinusBrutia_Leafs_Basecolor.uexp" 1234
"C:/24CI0412MP/Content/Mediterranean_Coast/Textures/T_PinusBrutia_Leafs_ORMSS.ubulk" 1235
"C:/24CI0412MP/Content/Mediterranean_Coast/Textures/T_PinusBrutia_Leafs_ORMSS.uasset" 1236
"C:/24CI0412MP/Content/Mediterranean_Coast/Textures/T_PinusBrutia_Leafs_ORMSS.uexp" 1237
"C:/24CI0412MP/Content/Mediterranean_Coast/Textures/T_PinusBrutia_Leafs_Normal.ubulk" 1238
"C:/24CI0412MP/Content/Mediterranean_Coast/Textures/T_PinusBrutia_Leafs_Normal.uasset" 1239
"C:/24CI0412MP/Content/Mediterranean_Coast/Textures/T_PinusBrutia_Leafs_Normal.uexp" 1240
"C:/24CI0412MP/Content/Mediterranean_Coast/Materials/MI_PineLeafs.uasset" 1241
"C:/24CI0412MP/Content/Mediterranean_Coast/Materials/MI_PineLeafs.uexp" 1242
"C:/24CI0412MP/Content/Mediterranean_Coast/Textures/T_PinusBrutia_Props_Normal.ubulk" 1243
"C:/24CI0412MP/Content/Mediterranean_Coast/Textures/T_PinusBrutia_Props_Normal.uasset" 1244
"C:/24CI0412MP/Content/Mediterranean_Coast/Textures/T_PinusBrutia_Props_Normal.uexp" 1245
"C:/24CI0412MP/Content/Mediterranean_Coast/Textures/T_PinusBrutia_Props_Opacity.ubulk" 1246
"C:/24CI0412MP/Content/Mediterranean_Coast/Textures/T_PinusBrutia_Props_Opacity.uasset" 1247
"C:/24CI0412MP/Content/Mediterranean_Coast/Textures/T_PinusBrutia_Props_Opacity.uexp" 1248
"C:/24CI0412MP/Content/Mediterranean_Coast/Textures/T_PinusBrutia_Props_Basecolor.ubulk" 1249
"C:/24CI0412MP/Content/Mediterranean_Coast/Textures/T_PinusBrutia_Props_Basecolor.uasset" 1250
"C:/24CI0412MP/Content/Mediterranean_Coast/Textures/T_PinusBrutia_Props_Basecolor.uexp" 1251
"C:/24CI0412MP/Content/Mediterranean_Coast/Textures/T_PinusBrutia_Props_ORMSS.ubulk" 1252
"C:/24CI0412MP/Content/Mediterranean_Coast/Textures/T_PinusBrutia_Props_ORMSS.uasset" 1253
"C:/24CI0412MP/Content/Mediterranean_Coast/Textures/T_PinusBrutia_Props_ORMSS.uexp" 1254
"C:/24CI0412MP/Content/Mediterranean_Coast/Materials/MI_PineBranches.uasset" 1255
"C:/24CI0412MP/Content/Mediterranean_Coast/Materials/MI_PineBranches.uexp" 1256
"C:/24CI0412MP/Content/Mediterranean_Coast/Textures/T_Cap_Color.ubulk" 1257
"C:/24CI0412MP/Content/Mediterranean_Coast/Textures/T_Cap_Color.uasset" 1258
"C:/24CI0412MP/Content/Mediterranean_Coast/Textures/T_Cap_Color.uexp" 1259
"C:/24CI0412MP/Content/Mediterranean_Coast/Materials/MI_PineCap.uasset" 1260
"C:/24CI0412MP/Content/Mediterranean_Coast/Materials/MI_PineCap.uexp" 1261
"C:/24CI0412MP/Content/Mediterranean_Coast/Materials/MI_PineLeafs_LOD.uasset" 1262
"C:/24CI0412MP/Content/Mediterranean_Coast/Materials/MI_PineLeafs_LOD.uexp" 1263
"C:/24CI0412MP/Content/Mediterranean_Coast/Textures/Tree_Billboards/PineTree/T_PinusBrutia_04_Bill_Bc.uasset" 1264
"C:/24CI0412MP/Content/Mediterranean_Coast/Textures/Tree_Billboards/PineTree/T_PinusBrutia_04_Bill_Bc.uexp" 1265
"C:/24CI0412MP/Content/Mediterranean_Coast/Textures/Tree_Billboards/PineTree/T_PinusBrutia_04_Bill_N.ubulk" 1266
"C:/24CI0412MP/Content/Mediterranean_Coast/Textures/Tree_Billboards/PineTree/T_PinusBrutia_04_Bill_N.uasset" 1267
"C:/24CI0412MP/Content/Mediterranean_Coast/Textures/Tree_Billboards/PineTree/T_PinusBrutia_04_Bill_N.uexp" 1268
"C:/24CI0412MP/Content/Mediterranean_Coast/Materials/Material_Functions/MF_Billboard.uasset" 1269
"C:/24CI0412MP/Content/Mediterranean_Coast/Materials/Material_Functions/MF_Billboard.uexp" 1270
"../../../Engine/Content/Functions/Engine_MaterialFunctions02/Math/CreateThirdOrthogonalVector.uasset" 1271
"../../../Engine/Content/Functions/Engine_MaterialFunctions02/Math/CreateThirdOrthogonalVector.uexp" 1272
"../../../Engine/Content/Functions/Engine_MaterialFunctions02/Math/InverseTransformMatrix.uasset" 1273
"../../../Engine/Content/Functions/Engine_MaterialFunctions02/Math/InverseTransformMatrix.uexp" 1274
"../../../Engine/Content/Functions/Engine_MaterialFunctions02/Math/TransformToZVector.uasset" 1275
"../../../Engine/Content/Functions/Engine_MaterialFunctions02/Math/TransformToZVector.uexp" 1276
"../../../Engine/Content/EngineVolumetrics/Fogsheet/Materials/T_EV_BlankWhite_01.uasset" 1277
"../../../Engine/Content/EngineVolumetrics/Fogsheet/Materials/T_EV_BlankWhite_01.uexp" 1278
"C:/24CI0412MP/Content/Mediterranean_Coast/Materials/Material_Functions/MF_POM_Billboards.uasset" 1279
"C:/24CI0412MP/Content/Mediterranean_Coast/Materials/Material_Functions/MF_POM_Billboards.uexp" 1280
"C:/24CI0412MP/Content/Mediterranean_Coast/Materials/Master_Materials/M_Billboard.uasset" 1281
"C:/24CI0412MP/Content/Mediterranean_Coast/Materials/Master_Materials/M_Billboard.uexp" 1282
"C:/24CI0412MP/Content/Mediterranean_Coast/Materials/MI_PinusBrutiaBill.uasset" 1283
"C:/24CI0412MP/Content/Mediterranean_Coast/Materials/MI_PinusBrutiaBill.uexp" 1284
"C:/24CI0412MP/Content/Mediterranean_Coast/Textures/Tree_Billboards/PineTree/T_PinusBrutia_04_Bill_SSS.uasset" 1285
"C:/24CI0412MP/Content/Mediterranean_Coast/Textures/Tree_Billboards/PineTree/T_PinusBrutia_04_Bill_SSS.uexp" 1286
"C:/24CI0412MP/Content/Mediterranean_Coast/Materials/MI_PinusBrutiaBill_04.uasset" 1287
"C:/24CI0412MP/Content/Mediterranean_Coast/Materials/MI_PinusBrutiaBill_04.uexp" 1288
"C:/24CI0412MP/Content/Mediterranean_Coast/Meshes/SM_Pinus_Brutia_04.ubulk" 1289
"C:/24CI0412MP/Content/Mediterranean_Coast/Meshes/SM_Pinus_Brutia_04.uasset" 1290
"C:/24CI0412MP/Content/Mediterranean_Coast/Meshes/SM_Pinus_Brutia_04.uexp" 1291
"C:/24CI0412MP/Content/Mediterranean_Coast/World_Settings/StaticMeshFoliages/SMF_Pine_04.uasset" 1292
"C:/24CI0412MP/Content/Mediterranean_Coast/World_Settings/StaticMeshFoliages/SMF_Pine_04.uexp" 1293
"C:/24CI0412MP/Content/Mediterranean_Coast/Meshes/SM_Pinus_Parts_02.ubulk" 1294
"C:/24CI0412MP/Content/Mediterranean_Coast/Meshes/SM_Pinus_Parts_02.uasset" 1295
"C:/24CI0412MP/Content/Mediterranean_Coast/Meshes/SM_Pinus_Parts_02.uexp" 1296
"C:/24CI0412MP/Content/Mediterranean_Coast/World_Settings/StaticMeshFoliages/SMF_PineParts_02.uasset" 1297
"C:/24CI0412MP/Content/Mediterranean_Coast/World_Settings/StaticMeshFoliages/SMF_PineParts_02.uexp" 1298
"C:/24CI0412MP/Content/Mediterranean_Coast/Textures/Tree_Billboards/PineTree/T_PinusBrutia_01_Bill_N.uasset" 1299
"C:/24CI0412MP/Content/Mediterranean_Coast/Textures/Tree_Billboards/PineTree/T_PinusBrutia_01_Bill_N.uexp" 1300
"C:/24CI0412MP/Content/Mediterranean_Coast/Textures/Tree_Billboards/PineTree/T_PinusBrutia_01_Bill_Bc.uasset" 1301
"C:/24CI0412MP/Content/Mediterranean_Coast/Textures/Tree_Billboards/PineTree/T_PinusBrutia_01_Bill_Bc.uexp" 1302
"C:/24CI0412MP/Content/Mediterranean_Coast/Textures/Tree_Billboards/PineTree/T_PinusBrutia_01_Bill_SSS.uasset" 1303
"C:/24CI0412MP/Content/Mediterranean_Coast/Textures/Tree_Billboards/PineTree/T_PinusBrutia_01_Bill_SSS.uexp" 1304
"C:/24CI0412MP/Content/Mediterranean_Coast/Materials/MI_PinusBrutiaBill_01.uasset" 1305
"C:/24CI0412MP/Content/Mediterranean_Coast/Materials/MI_PinusBrutiaBill_01.uexp" 1306
"C:/24CI0412MP/Content/Mediterranean_Coast/Meshes/SM_Pinus_Brutia_01.ubulk" 1307
"C:/24CI0412MP/Content/Mediterranean_Coast/Meshes/SM_Pinus_Brutia_01.uasset" 1308
"C:/24CI0412MP/Content/Mediterranean_Coast/Meshes/SM_Pinus_Brutia_01.uexp" 1309
"C:/24CI0412MP/Content/Mediterranean_Coast/World_Settings/StaticMeshFoliages/SMF_Pine_01.uasset" 1310
"C:/24CI0412MP/Content/Mediterranean_Coast/World_Settings/StaticMeshFoliages/SMF_Pine_01.uexp" 1311
"C:/24CI0412MP/Content/Mediterranean_Coast/Meshes/SM_Pinus_Parts_01.ubulk" 1312
"C:/24CI0412MP/Content/Mediterranean_Coast/Meshes/SM_Pinus_Parts_01.uasset" 1313
"C:/24CI0412MP/Content/Mediterranean_Coast/Meshes/SM_Pinus_Parts_01.uexp" 1314
"C:/24CI0412MP/Content/Mediterranean_Coast/World_Settings/StaticMeshFoliages/SMF_PineParts_01.uasset" 1315
"C:/24CI0412MP/Content/Mediterranean_Coast/World_Settings/StaticMeshFoliages/SMF_PineParts_01.uexp" 1316
"C:/24CI0412MP/Content/Mediterranean_Coast/Textures/Tree_Billboards/PineTree/T_PinusBrutia_03_Bill_Bc.uasset" 1317
"C:/24CI0412MP/Content/Mediterranean_Coast/Textures/Tree_Billboards/PineTree/T_PinusBrutia_03_Bill_Bc.uexp" 1318
"C:/24CI0412MP/Content/Mediterranean_Coast/Textures/Tree_Billboards/PineTree/T_PinusBrutia_03_Bill_SSS.uasset" 1319
"C:/24CI0412MP/Content/Mediterranean_Coast/Textures/Tree_Billboards/PineTree/T_PinusBrutia_03_Bill_SSS.uexp" 1320
"C:/24CI0412MP/Content/Mediterranean_Coast/Textures/Tree_Billboards/PineTree/T_PinusBrutia_03_Bill_N.ubulk" 1321
"C:/24CI0412MP/Content/Mediterranean_Coast/Textures/Tree_Billboards/PineTree/T_PinusBrutia_03_Bill_N.uasset" 1322
"C:/24CI0412MP/Content/Mediterranean_Coast/Textures/Tree_Billboards/PineTree/T_PinusBrutia_03_Bill_N.uexp" 1323
"C:/24CI0412MP/Content/Mediterranean_Coast/Materials/MI_PinusBrutiaBill_03.uasset" 1324
"C:/24CI0412MP/Content/Mediterranean_Coast/Materials/MI_PinusBrutiaBill_03.uexp" 1325
"C:/24CI0412MP/Content/Mediterranean_Coast/Meshes/SM_Pinus_Brutia_03.ubulk" 1326
"C:/24CI0412MP/Content/Mediterranean_Coast/Meshes/SM_Pinus_Brutia_03.uasset" 1327
"C:/24CI0412MP/Content/Mediterranean_Coast/Meshes/SM_Pinus_Brutia_03.uexp" 1328
"C:/24CI0412MP/Content/Mediterranean_Coast/World_Settings/StaticMeshFoliages/SMF_Pine_03.uasset" 1329
"C:/24CI0412MP/Content/Mediterranean_Coast/World_Settings/StaticMeshFoliages/SMF_Pine_03.uexp" 1330
"C:/24CI0412MP/Content/Mediterranean_Coast/Materials/MI_PineLeafs_B.uasset" 1331
"C:/24CI0412MP/Content/Mediterranean_Coast/Materials/MI_PineLeafs_B.uexp" 1332
"C:/24CI0412MP/Content/Mediterranean_Coast/Textures/Tree_Billboards/PineTree/T_PinusBrutia_07_Bill_Bc.uasset" 1333
"C:/24CI0412MP/Content/Mediterranean_Coast/Textures/Tree_Billboards/PineTree/T_PinusBrutia_07_Bill_Bc.uexp" 1334
"C:/24CI0412MP/Content/Mediterranean_Coast/Textures/Tree_Billboards/PineTree/T_PinusBrutia_07_Bill_N.ubulk" 1335
"C:/24CI0412MP/Content/Mediterranean_Coast/Textures/Tree_Billboards/PineTree/T_PinusBrutia_07_Bill_N.uasset" 1336
"C:/24CI0412MP/Content/Mediterranean_Coast/Textures/Tree_Billboards/PineTree/T_PinusBrutia_07_Bill_N.uexp" 1337
"C:/24CI0412MP/Content/Mediterranean_Coast/Materials/MI_PinusBrutiaBill_07.uasset" 1338
"C:/24CI0412MP/Content/Mediterranean_Coast/Materials/MI_PinusBrutiaBill_07.uexp" 1339
"C:/24CI0412MP/Content/Mediterranean_Coast/Meshes/SM_Pinus_Brutia_Bush.ubulk" 1340
"C:/24CI0412MP/Content/Mediterranean_Coast/Meshes/SM_Pinus_Brutia_Bush.uasset" 1341
"C:/24CI0412MP/Content/Mediterranean_Coast/Meshes/SM_Pinus_Brutia_Bush.uexp" 1342
"C:/24CI0412MP/Content/Mediterranean_Coast/World_Settings/StaticMeshFoliages/SMF_Bush.uasset" 1343
"C:/24CI0412MP/Content/Mediterranean_Coast/World_Settings/StaticMeshFoliages/SMF_Bush.uexp" 1344
"C:/24CI0412MP/Content/Mediterranean_Coast/Textures/Tree_Billboards/PineTree/T_PinusBrutia_06_Bill_Bc.uasset" 1345
"C:/24CI0412MP/Content/Mediterranean_Coast/Textures/Tree_Billboards/PineTree/T_PinusBrutia_06_Bill_Bc.uexp" 1346
"C:/24CI0412MP/Content/Mediterranean_Coast/Textures/Tree_Billboards/PineTree/T_PinusBrutia_06_Bill_N.ubulk" 1347
"C:/24CI0412MP/Content/Mediterranean_Coast/Textures/Tree_Billboards/PineTree/T_PinusBrutia_06_Bill_N.uasset" 1348
"C:/24CI0412MP/Content/Mediterranean_Coast/Textures/Tree_Billboards/PineTree/T_PinusBrutia_06_Bill_N.uexp" 1349
"C:/24CI0412MP/Content/Mediterranean_Coast/Materials/MI_PinusBrutiaBill_06.uasset" 1350
"C:/24CI0412MP/Content/Mediterranean_Coast/Materials/MI_PinusBrutiaBill_06.uexp" 1351
"C:/24CI0412MP/Content/Mediterranean_Coast/Meshes/SM_Pinus_Brutia_06.ubulk" 1352
"C:/24CI0412MP/Content/Mediterranean_Coast/Meshes/SM_Pinus_Brutia_06.uasset" 1353
"C:/24CI0412MP/Content/Mediterranean_Coast/Meshes/SM_Pinus_Brutia_06.uexp" 1354
"C:/24CI0412MP/Content/Mediterranean_Coast/World_Settings/StaticMeshFoliages/SMF_Pine_06.uasset" 1355
"C:/24CI0412MP/Content/Mediterranean_Coast/World_Settings/StaticMeshFoliages/SMF_Pine_06.uexp" 1356
"C:/24CI0412MP/Content/Mediterranean_Coast/Meshes/SM_Pinus_Brutia_07.ubulk" 1357
"C:/24CI0412MP/Content/Mediterranean_Coast/Meshes/SM_Pinus_Brutia_07.uasset" 1358
"C:/24CI0412MP/Content/Mediterranean_Coast/Meshes/SM_Pinus_Brutia_07.uexp" 1359
"C:/24CI0412MP/Content/Mediterranean_Coast/World_Settings/StaticMeshFoliages/SMF_Pine_07.uasset" 1360
"C:/24CI0412MP/Content/Mediterranean_Coast/World_Settings/StaticMeshFoliages/SMF_Pine_07.uexp" 1361
"C:/24CI0412MP/Content/Mediterranean_Coast/Textures/Tree_Billboards/PineTree/T_PinusBrutia_02_Bill_Bc.uasset" 1362
"C:/24CI0412MP/Content/Mediterranean_Coast/Textures/Tree_Billboards/PineTree/T_PinusBrutia_02_Bill_Bc.uexp" 1363
"C:/24CI0412MP/Content/Mediterranean_Coast/Textures/Tree_Billboards/PineTree/T_PinusBrutia_02_Bill_SSS.uasset" 1364
"C:/24CI0412MP/Content/Mediterranean_Coast/Textures/Tree_Billboards/PineTree/T_PinusBrutia_02_Bill_SSS.uexp" 1365
"C:/24CI0412MP/Content/Mediterranean_Coast/Textures/Tree_Billboards/PineTree/T_PinusBrutia_02_Bill_N.ubulk" 1366
"C:/24CI0412MP/Content/Mediterranean_Coast/Textures/Tree_Billboards/PineTree/T_PinusBrutia_02_Bill_N.uasset" 1367
"C:/24CI0412MP/Content/Mediterranean_Coast/Textures/Tree_Billboards/PineTree/T_PinusBrutia_02_Bill_N.uexp" 1368
"C:/24CI0412MP/Content/Mediterranean_Coast/Materials/MI_PinusBrutiaBill_02.uasset" 1369
"C:/24CI0412MP/Content/Mediterranean_Coast/Materials/MI_PinusBrutiaBill_02.uexp" 1370
"C:/24CI0412MP/Content/Mediterranean_Coast/Meshes/SM_Pinus_Brutia_02.ubulk" 1371
"C:/24CI0412MP/Content/Mediterranean_Coast/Meshes/SM_Pinus_Brutia_02.uasset" 1372
"C:/24CI0412MP/Content/Mediterranean_Coast/Meshes/SM_Pinus_Brutia_02.uexp" 1373
"C:/24CI0412MP/Content/Mediterranean_Coast/World_Settings/StaticMeshFoliages/SMF_Pine_02.uasset" 1374
"C:/24CI0412MP/Content/Mediterranean_Coast/World_Settings/StaticMeshFoliages/SMF_Pine_02.uexp" 1375
"C:/24CI0412MP/Content/Mediterranean_Coast/Textures/T_GroundDebris_Bc.ubulk" 1376
"C:/24CI0412MP/Content/Mediterranean_Coast/Textures/T_GroundDebris_Bc.uasset" 1377
"C:/24CI0412MP/Content/Mediterranean_Coast/Textures/T_GroundDebris_Bc.uexp" 1378
"C:/24CI0412MP/Content/Mediterranean_Coast/Textures/T_GroundDebris_Mask.ubulk" 1379
"C:/24CI0412MP/Content/Mediterranean_Coast/Textures/T_GroundDebris_Mask.uasset" 1380
"C:/24CI0412MP/Content/Mediterranean_Coast/Textures/T_GroundDebris_Mask.uexp" 1381
"C:/24CI0412MP/Content/Mediterranean_Coast/Textures/T_GroundDebris_N.ubulk" 1382
"C:/24CI0412MP/Content/Mediterranean_Coast/Textures/T_GroundDebris_N.uasset" 1383
"C:/24CI0412MP/Content/Mediterranean_Coast/Textures/T_GroundDebris_N.uexp" 1384
"C:/24CI0412MP/Content/Mediterranean_Coast/Textures/T_GroundDebris_ORM.ubulk" 1385
"C:/24CI0412MP/Content/Mediterranean_Coast/Textures/T_GroundDebris_ORM.uasset" 1386
"C:/24CI0412MP/Content/Mediterranean_Coast/Textures/T_GroundDebris_ORM.uexp" 1387
"C:/24CI0412MP/Content/Mediterranean_Coast/Materials/Master_Materials/M_GroundDebris.uasset" 1388
"C:/24CI0412MP/Content/Mediterranean_Coast/Materials/Master_Materials/M_GroundDebris.uexp" 1389
"C:/24CI0412MP/Content/Mediterranean_Coast/Materials/MI_GroundDebris.uasset" 1390
"C:/24CI0412MP/Content/Mediterranean_Coast/Materials/MI_GroundDebris.uexp" 1391
"C:/24CI0412MP/Content/Mediterranean_Coast/Meshes/SM_GroundDebris.ubulk" 1392
"C:/24CI0412MP/Content/Mediterranean_Coast/Meshes/SM_GroundDebris.uasset" 1393
"C:/24CI0412MP/Content/Mediterranean_Coast/Meshes/SM_GroundDebris.uexp" 1394
"C:/24CI0412MP/Content/Mediterranean_Coast/World_Settings/StaticMeshFoliages/SMF_GroundDebris.uasset" 1395
"C:/24CI0412MP/Content/Mediterranean_Coast/World_Settings/StaticMeshFoliages/SMF_GroundDebris.uexp" 1396
"C:/24CI0412MP/Content/Mediterranean_Coast/Textures/Tree_Billboards/PineTree/T_PinusBrutia_00_Bill_SSS.uasset" 1397
"C:/24CI0412MP/Content/Mediterranean_Coast/Textures/Tree_Billboards/PineTree/T_PinusBrutia_00_Bill_SSS.uexp" 1398
"C:/24CI0412MP/Content/Mediterranean_Coast/Textures/Tree_Billboards/PineTree/T_PinusBrutia_00_Bill_N.ubulk" 1399
"C:/24CI0412MP/Content/Mediterranean_Coast/Textures/Tree_Billboards/PineTree/T_PinusBrutia_00_Bill_N.uasset" 1400
"C:/24CI0412MP/Content/Mediterranean_Coast/Textures/Tree_Billboards/PineTree/T_PinusBrutia_00_Bill_N.uexp" 1401
"C:/24CI0412MP/Content/Mediterranean_Coast/Textures/Tree_Billboards/PineTree/T_PinusBrutia_00_Bill_Bc.uasset" 1402
"C:/24CI0412MP/Content/Mediterranean_Coast/Textures/Tree_Billboards/PineTree/T_PinusBrutia_00_Bill_Bc.uexp" 1403
"C:/24CI0412MP/Content/Mediterranean_Coast/Materials/MI_PinusBrutiaBill_00.uasset" 1404
"C:/24CI0412MP/Content/Mediterranean_Coast/Materials/MI_PinusBrutiaBill_00.uexp" 1405
"C:/24CI0412MP/Content/Mediterranean_Coast/Meshes/SM_Pinus_Brutia_00.ubulk" 1406
"C:/24CI0412MP/Content/Mediterranean_Coast/Meshes/SM_Pinus_Brutia_00.uasset" 1407
"C:/24CI0412MP/Content/Mediterranean_Coast/Meshes/SM_Pinus_Brutia_00.uexp" 1408
"C:/24CI0412MP/Content/Mediterranean_Coast/World_Settings/StaticMeshFoliages/SMF_Pine_00.uasset" 1409
"C:/24CI0412MP/Content/Mediterranean_Coast/World_Settings/StaticMeshFoliages/SMF_Pine_00.uexp" 1410
"C:/24CI0412MP/Content/Mediterranean_Coast/World_Settings/PFS_Pines.uasset" 1411
"C:/24CI0412MP/Content/Mediterranean_Coast/World_Settings/PFS_Pines.uexp" 1412
"C:/24CI0412MP/Content/Mediterranean_Coast/Textures/T_OliveLeaf_02_BC.ubulk" 1413
"C:/24CI0412MP/Content/Mediterranean_Coast/Textures/T_OliveLeaf_02_BC.uasset" 1414
"C:/24CI0412MP/Content/Mediterranean_Coast/Textures/T_OliveLeaf_02_BC.uexp" 1415
"C:/24CI0412MP/Content/Mediterranean_Coast/Textures/T_OliveLeaf_02_Opacity.ubulk" 1416
"C:/24CI0412MP/Content/Mediterranean_Coast/Textures/T_OliveLeaf_02_Opacity.uasset" 1417
"C:/24CI0412MP/Content/Mediterranean_Coast/Textures/T_OliveLeaf_02_Opacity.uexp" 1418
"C:/24CI0412MP/Content/Mediterranean_Coast/Textures/T_OliveLeaf_02_N.ubulk" 1419
"C:/24CI0412MP/Content/Mediterranean_Coast/Textures/T_OliveLeaf_02_N.uasset" 1420
"C:/24CI0412MP/Content/Mediterranean_Coast/Textures/T_OliveLeaf_02_N.uexp" 1421
"C:/24CI0412MP/Content/Mediterranean_Coast/Textures/T_OliveLeaf_02_ORMSS.ubulk" 1422
"C:/24CI0412MP/Content/Mediterranean_Coast/Textures/T_OliveLeaf_02_ORMSS.uasset" 1423
"C:/24CI0412MP/Content/Mediterranean_Coast/Textures/T_OliveLeaf_02_ORMSS.uexp" 1424
"C:/24CI0412MP/Content/Mediterranean_Coast/Materials/MI_Olive_Leaf_02.uasset" 1425
"C:/24CI0412MP/Content/Mediterranean_Coast/Materials/MI_Olive_Leaf_02.uexp" 1426
"C:/24CI0412MP/Content/Mediterranean_Coast/Textures/T_Bark_02_ORM.ubulk" 1427
"C:/24CI0412MP/Content/Mediterranean_Coast/Textures/T_Bark_02_ORM.uasset" 1428
"C:/24CI0412MP/Content/Mediterranean_Coast/Textures/T_Bark_02_ORM.uexp" 1429
"C:/24CI0412MP/Content/Mediterranean_Coast/Textures/T_Bark_02_Opacity.ubulk" 1430
"C:/24CI0412MP/Content/Mediterranean_Coast/Textures/T_Bark_02_Opacity.uasset" 1431
"C:/24CI0412MP/Content/Mediterranean_Coast/Textures/T_Bark_02_Opacity.uexp" 1432
"C:/24CI0412MP/Content/Mediterranean_Coast/Textures/T_Bark_02_N.ubulk" 1433
"C:/24CI0412MP/Content/Mediterranean_Coast/Textures/T_Bark_02_N.uasset" 1434
"C:/24CI0412MP/Content/Mediterranean_Coast/Textures/T_Bark_02_N.uexp" 1435
"C:/24CI0412MP/Content/Mediterranean_Coast/Textures/T_Bark_02_BC.ubulk" 1436
"C:/24CI0412MP/Content/Mediterranean_Coast/Textures/T_Bark_02_BC.uasset" 1437
"C:/24CI0412MP/Content/Mediterranean_Coast/Textures/T_Bark_02_BC.uexp" 1438
"C:/24CI0412MP/Content/Mediterranean_Coast/Materials/MI_OliveBark_02.uasset" 1439
"C:/24CI0412MP/Content/Mediterranean_Coast/Materials/MI_OliveBark_02.uexp" 1440
"C:/24CI0412MP/Content/Mediterranean_Coast/Textures/T_OliveLeaf_01_N.ubulk" 1441
"C:/24CI0412MP/Content/Mediterranean_Coast/Textures/T_OliveLeaf_01_N.uasset" 1442
"C:/24CI0412MP/Content/Mediterranean_Coast/Textures/T_OliveLeaf_01_N.uexp" 1443
"C:/24CI0412MP/Content/Mediterranean_Coast/Textures/T_OliveLeaf_01_BC.ubulk" 1444
"C:/24CI0412MP/Content/Mediterranean_Coast/Textures/T_OliveLeaf_01_BC.uasset" 1445
"C:/24CI0412MP/Content/Mediterranean_Coast/Textures/T_OliveLeaf_01_BC.uexp" 1446
"C:/24CI0412MP/Content/Mediterranean_Coast/Textures/T_OliveLeaf_01_ORMSS.ubulk" 1447
"C:/24CI0412MP/Content/Mediterranean_Coast/Textures/T_OliveLeaf_01_ORMSS.uasset" 1448
"C:/24CI0412MP/Content/Mediterranean_Coast/Textures/T_OliveLeaf_01_ORMSS.uexp" 1449
"C:/24CI0412MP/Content/Mediterranean_Coast/Textures/T_OliveLeaf_01_Opacity.ubulk" 1450
"C:/24CI0412MP/Content/Mediterranean_Coast/Textures/T_OliveLeaf_01_Opacity.uasset" 1451
"C:/24CI0412MP/Content/Mediterranean_Coast/Textures/T_OliveLeaf_01_Opacity.uexp" 1452
"C:/24CI0412MP/Content/Mediterranean_Coast/Materials/MI_Olive_Leaf_01.uasset" 1453
"C:/24CI0412MP/Content/Mediterranean_Coast/Materials/MI_Olive_Leaf_01.uexp" 1454
"C:/24CI0412MP/Content/Mediterranean_Coast/Textures/Tree_Billboards/OliveTree/T_Olive_02_Bill_Bc.ubulk" 1455
"C:/24CI0412MP/Content/Mediterranean_Coast/Textures/Tree_Billboards/OliveTree/T_Olive_02_Bill_Bc.uasset" 1456
"C:/24CI0412MP/Content/Mediterranean_Coast/Textures/Tree_Billboards/OliveTree/T_Olive_02_Bill_Bc.uexp" 1457
"C:/24CI0412MP/Content/Mediterranean_Coast/Materials/MI_OliveBill.uasset" 1458
"C:/24CI0412MP/Content/Mediterranean_Coast/Materials/MI_OliveBill.uexp" 1459
"C:/24CI0412MP/Content/Mediterranean_Coast/Textures/Tree_Billboards/OliveTree/T_Olive_02_Bill_N.ubulk" 1460
"C:/24CI0412MP/Content/Mediterranean_Coast/Textures/Tree_Billboards/OliveTree/T_Olive_02_Bill_N.uasset" 1461
"C:/24CI0412MP/Content/Mediterranean_Coast/Textures/Tree_Billboards/OliveTree/T_Olive_02_Bill_N.uexp" 1462
"C:/24CI0412MP/Content/Mediterranean_Coast/Materials/MI_OliveBill_02.uasset" 1463
"C:/24CI0412MP/Content/Mediterranean_Coast/Materials/MI_OliveBill_02.uexp" 1464
"C:/24CI0412MP/Content/Mediterranean_Coast/Meshes/SM_Olive_02.ubulk" 1465
"C:/24CI0412MP/Content/Mediterranean_Coast/Meshes/SM_Olive_02.uasset" 1466
"C:/24CI0412MP/Content/Mediterranean_Coast/Meshes/SM_Olive_02.uexp" 1467
"C:/24CI0412MP/Content/Mediterranean_Coast/World_Settings/StaticMeshFoliages/SMF_Olive_02.uasset" 1468
"C:/24CI0412MP/Content/Mediterranean_Coast/World_Settings/StaticMeshFoliages/SMF_Olive_02.uexp" 1469
"C:/24CI0412MP/Content/Mediterranean_Coast/Textures/Tree_Billboards/OliveTree/T_Olive_03_Bill_N.ubulk" 1470
"C:/24CI0412MP/Content/Mediterranean_Coast/Textures/Tree_Billboards/OliveTree/T_Olive_03_Bill_N.uasset" 1471
"C:/24CI0412MP/Content/Mediterranean_Coast/Textures/Tree_Billboards/OliveTree/T_Olive_03_Bill_N.uexp" 1472
"C:/24CI0412MP/Content/Mediterranean_Coast/Textures/Tree_Billboards/OliveTree/T_Olive_03_Bill_Bc.ubulk" 1473
"C:/24CI0412MP/Content/Mediterranean_Coast/Textures/Tree_Billboards/OliveTree/T_Olive_03_Bill_Bc.uasset" 1474
"C:/24CI0412MP/Content/Mediterranean_Coast/Textures/Tree_Billboards/OliveTree/T_Olive_03_Bill_Bc.uexp" 1475
"C:/24CI0412MP/Content/Mediterranean_Coast/Materials/MI_OliveBill_03.uasset" 1476
"C:/24CI0412MP/Content/Mediterranean_Coast/Materials/MI_OliveBill_03.uexp" 1477
"C:/24CI0412MP/Content/Mediterranean_Coast/Meshes/SM_Olive_03.ubulk" 1478
"C:/24CI0412MP/Content/Mediterranean_Coast/Meshes/SM_Olive_03.uasset" 1479
"C:/24CI0412MP/Content/Mediterranean_Coast/Meshes/SM_Olive_03.uexp" 1480
"C:/24CI0412MP/Content/Mediterranean_Coast/World_Settings/StaticMeshFoliages/SMF_Olive_03.uasset" 1481
"C:/24CI0412MP/Content/Mediterranean_Coast/World_Settings/StaticMeshFoliages/SMF_Olive_03.uexp" 1482
"C:/24CI0412MP/Content/Mediterranean_Coast/Textures/Tree_Billboards/OliveTree/T_Olive_04_Bill_N.ubulk" 1483
"C:/24CI0412MP/Content/Mediterranean_Coast/Textures/Tree_Billboards/OliveTree/T_Olive_04_Bill_N.uasset" 1484
"C:/24CI0412MP/Content/Mediterranean_Coast/Textures/Tree_Billboards/OliveTree/T_Olive_04_Bill_N.uexp" 1485
"C:/24CI0412MP/Content/Mediterranean_Coast/Textures/Tree_Billboards/OliveTree/T_Olive_04_Bill_Bc.ubulk" 1486
"C:/24CI0412MP/Content/Mediterranean_Coast/Textures/Tree_Billboards/OliveTree/T_Olive_04_Bill_Bc.uasset" 1487
"C:/24CI0412MP/Content/Mediterranean_Coast/Textures/Tree_Billboards/OliveTree/T_Olive_04_Bill_Bc.uexp" 1488
"C:/24CI0412MP/Content/Mediterranean_Coast/Materials/MI_OliveBill_04.uasset" 1489
"C:/24CI0412MP/Content/Mediterranean_Coast/Materials/MI_OliveBill_04.uexp" 1490
"C:/24CI0412MP/Content/Mediterranean_Coast/Meshes/SM_Olive_Small_01.ubulk" 1491
"C:/24CI0412MP/Content/Mediterranean_Coast/Meshes/SM_Olive_Small_01.uasset" 1492
"C:/24CI0412MP/Content/Mediterranean_Coast/Meshes/SM_Olive_Small_01.uexp" 1493
"C:/24CI0412MP/Content/Mediterranean_Coast/World_Settings/StaticMeshFoliages/SMF_Olive_04.uasset" 1494
"C:/24CI0412MP/Content/Mediterranean_Coast/World_Settings/StaticMeshFoliages/SMF_Olive_04.uexp" 1495
"C:/24CI0412MP/Content/Mediterranean_Coast/Textures/Tree_Billboards/OliveTree/T_Olive_01_Bill_N.ubulk" 1496
"C:/24CI0412MP/Content/Mediterranean_Coast/Textures/Tree_Billboards/OliveTree/T_Olive_01_Bill_N.uasset" 1497
"C:/24CI0412MP/Content/Mediterranean_Coast/Textures/Tree_Billboards/OliveTree/T_Olive_01_Bill_N.uexp" 1498
"C:/24CI0412MP/Content/Mediterranean_Coast/Textures/Tree_Billboards/OliveTree/T_Olive_01_Bill_Bc.ubulk" 1499
"C:/24CI0412MP/Content/Mediterranean_Coast/Textures/Tree_Billboards/OliveTree/T_Olive_01_Bill_Bc.uasset" 1500
"C:/24CI0412MP/Content/Mediterranean_Coast/Textures/Tree_Billboards/OliveTree/T_Olive_01_Bill_Bc.uexp" 1501
"C:/24CI0412MP/Content/Mediterranean_Coast/Materials/MI_OliveBill_01.uasset" 1502
"C:/24CI0412MP/Content/Mediterranean_Coast/Materials/MI_OliveBill_01.uexp" 1503
"C:/24CI0412MP/Content/Mediterranean_Coast/Meshes/SM_Olive_01.ubulk" 1504
"C:/24CI0412MP/Content/Mediterranean_Coast/Meshes/SM_Olive_01.uasset" 1505
"C:/24CI0412MP/Content/Mediterranean_Coast/Meshes/SM_Olive_01.uexp" 1506
"C:/24CI0412MP/Content/Mediterranean_Coast/World_Settings/StaticMeshFoliages/SMF_Olive_01.uasset" 1507
"C:/24CI0412MP/Content/Mediterranean_Coast/World_Settings/StaticMeshFoliages/SMF_Olive_01.uexp" 1508
"C:/24CI0412MP/Content/Mediterranean_Coast/World_Settings/PFS_Olives.uasset" 1509
"C:/24CI0412MP/Content/Mediterranean_Coast/World_Settings/PFS_Olives.uexp" 1510
"../../../Engine/Content/EngineMaterials/T_Default_MacroVariation.ubulk" 1511
"../../../Engine/Content/EngineMaterials/T_Default_MacroVariation.uasset" 1512
"../../../Engine/Content/EngineMaterials/T_Default_MacroVariation.uexp" 1513
"../../../Engine/Content/Functions/Engine_MaterialFunctions01/Texturing/DetailTexturing.uasset" 1514
"../../../Engine/Content/Functions/Engine_MaterialFunctions01/Texturing/DetailTexturing.uexp" 1515
"C:/24CI0412MP/Content/Mediterranean_Coast/Textures/Landscape_Textures/T_Cliff_BC.ubulk" 1516
"C:/24CI0412MP/Content/Mediterranean_Coast/Textures/Landscape_Textures/T_Cliff_BC.uasset" 1517
"C:/24CI0412MP/Content/Mediterranean_Coast/Textures/Landscape_Textures/T_Cliff_BC.uexp" 1518
"C:/24CI0412MP/Content/Mediterranean_Coast/Textures/Landscape_Textures/T_Cliff_N.ubulk" 1519
"C:/24CI0412MP/Content/Mediterranean_Coast/Textures/Landscape_Textures/T_Cliff_N.uasset" 1520
"C:/24CI0412MP/Content/Mediterranean_Coast/Textures/Landscape_Textures/T_Cliff_N.uexp" 1521
"C:/24CI0412MP/Content/Mediterranean_Coast/Materials/Master_Materials/M_Cliffs.uasset" 1522
"C:/24CI0412MP/Content/Mediterranean_Coast/Materials/Master_Materials/M_Cliffs.uexp" 1523
"C:/24CI0412MP/Content/Mediterranean_Coast/Textures/T_Cliff_C_ORM.ubulk" 1524
"C:/24CI0412MP/Content/Mediterranean_Coast/Textures/T_Cliff_C_ORM.uasset" 1525
"C:/24CI0412MP/Content/Mediterranean_Coast/Textures/T_Cliff_C_ORM.uexp" 1526
"C:/24CI0412MP/Content/Mediterranean_Coast/Textures/T_Cliff_C_BaseColor.ubulk" 1527
"C:/24CI0412MP/Content/Mediterranean_Coast/Textures/T_Cliff_C_BaseColor.uasset" 1528
"C:/24CI0412MP/Content/Mediterranean_Coast/Textures/T_Cliff_C_BaseColor.uexp" 1529
"C:/24CI0412MP/Content/Mediterranean_Coast/Textures/T_Cliff_C_Normal.ubulk" 1530
"C:/24CI0412MP/Content/Mediterranean_Coast/Textures/T_Cliff_C_Normal.uasset" 1531
"C:/24CI0412MP/Content/Mediterranean_Coast/Textures/T_Cliff_C_Normal.uexp" 1532
"C:/24CI0412MP/Content/Mediterranean_Coast/Materials/MI_Cliff_C.uasset" 1533
"C:/24CI0412MP/Content/Mediterranean_Coast/Materials/MI_Cliff_C.uexp" 1534
"C:/24CI0412MP/Content/Mediterranean_Coast/Meshes/SM_Cliff_C.ubulk" 1535
"C:/24CI0412MP/Content/Mediterranean_Coast/Meshes/SM_Cliff_C.uasset" 1536
"C:/24CI0412MP/Content/Mediterranean_Coast/Meshes/SM_Cliff_C.uexp" 1537
"C:/24CI0412MP/Content/Mediterranean_Coast/World_Settings/StaticMeshFoliages/SMF_Cliff_C.uasset" 1538
"C:/24CI0412MP/Content/Mediterranean_Coast/World_Settings/StaticMeshFoliages/SMF_Cliff_C.uexp" 1539
"C:/24CI0412MP/Content/Mediterranean_Coast/Textures/T_Cliff_A_Normal.ubulk" 1540
"C:/24CI0412MP/Content/Mediterranean_Coast/Textures/T_Cliff_A_Normal.uasset" 1541
"C:/24CI0412MP/Content/Mediterranean_Coast/Textures/T_Cliff_A_Normal.uexp" 1542
"C:/24CI0412MP/Content/Mediterranean_Coast/Textures/T_Cliff_A_BaseColor.ubulk" 1543
"C:/24CI0412MP/Content/Mediterranean_Coast/Textures/T_Cliff_A_BaseColor.uasset" 1544
"C:/24CI0412MP/Content/Mediterranean_Coast/Textures/T_Cliff_A_BaseColor.uexp" 1545
"C:/24CI0412MP/Content/Mediterranean_Coast/Textures/T_Cliff_A_ORM.ubulk" 1546
"C:/24CI0412MP/Content/Mediterranean_Coast/Textures/T_Cliff_A_ORM.uasset" 1547
"C:/24CI0412MP/Content/Mediterranean_Coast/Textures/T_Cliff_A_ORM.uexp" 1548
"C:/24CI0412MP/Content/Mediterranean_Coast/Materials/MI_Cliff_A.uasset" 1549
"C:/24CI0412MP/Content/Mediterranean_Coast/Materials/MI_Cliff_A.uexp" 1550
"C:/24CI0412MP/Content/Mediterranean_Coast/Meshes/SM_Cliff_A.ubulk" 1551
"C:/24CI0412MP/Content/Mediterranean_Coast/Meshes/SM_Cliff_A.uasset" 1552
"C:/24CI0412MP/Content/Mediterranean_Coast/Meshes/SM_Cliff_A.uexp" 1553
"C:/24CI0412MP/Content/Mediterranean_Coast/World_Settings/StaticMeshFoliages/SMF_Cliff_A.uasset" 1554
"C:/24CI0412MP/Content/Mediterranean_Coast/World_Settings/StaticMeshFoliages/SMF_Cliff_A.uexp" 1555
"C:/24CI0412MP/Content/Mediterranean_Coast/Textures/T_Cliff_B_Normal.ubulk" 1556
"C:/24CI0412MP/Content/Mediterranean_Coast/Textures/T_Cliff_B_Normal.uasset" 1557
"C:/24CI0412MP/Content/Mediterranean_Coast/Textures/T_Cliff_B_Normal.uexp" 1558
"C:/24CI0412MP/Content/Mediterranean_Coast/Textures/T_Cliff_B_BaseColor.ubulk" 1559
"C:/24CI0412MP/Content/Mediterranean_Coast/Textures/T_Cliff_B_BaseColor.uasset" 1560
"C:/24CI0412MP/Content/Mediterranean_Coast/Textures/T_Cliff_B_BaseColor.uexp" 1561
"C:/24CI0412MP/Content/Mediterranean_Coast/Textures/T_Cliff_B_ORM.ubulk" 1562
"C:/24CI0412MP/Content/Mediterranean_Coast/Textures/T_Cliff_B_ORM.uasset" 1563
"C:/24CI0412MP/Content/Mediterranean_Coast/Textures/T_Cliff_B_ORM.uexp" 1564
"C:/24CI0412MP/Content/Mediterranean_Coast/Materials/MI_Cliff_B.uasset" 1565
"C:/24CI0412MP/Content/Mediterranean_Coast/Materials/MI_Cliff_B.uexp" 1566
"C:/24CI0412MP/Content/Mediterranean_Coast/Meshes/SM_Cliff_B.ubulk" 1567
"C:/24CI0412MP/Content/Mediterranean_Coast/Meshes/SM_Cliff_B.uasset" 1568
"C:/24CI0412MP/Content/Mediterranean_Coast/Meshes/SM_Cliff_B.uexp" 1569
"C:/24CI0412MP/Content/Mediterranean_Coast/World_Settings/StaticMeshFoliages/SMF_Cliff_B.uasset" 1570
"C:/24CI0412MP/Content/Mediterranean_Coast/World_Settings/StaticMeshFoliages/SMF_Cliff_B.uexp" 1571
"C:/24CI0412MP/Content/Mediterranean_Coast/World_Settings/PFS_Cliffs.uasset" 1572
"C:/24CI0412MP/Content/Mediterranean_Coast/World_Settings/PFS_Cliffs.uexp" 1573
"C:/24CI0412MP/Content/Mediterranean_Coast/Materials/MI_Rock_D.uasset" 1574
"C:/24CI0412MP/Content/Mediterranean_Coast/Materials/MI_Rock_D.uexp" 1575
"C:/24CI0412MP/Content/Mediterranean_Coast/World_Settings/StaticMeshFoliages/SMF_Rock_D.uasset" 1576
"C:/24CI0412MP/Content/Mediterranean_Coast/World_Settings/StaticMeshFoliages/SMF_Rock_D.uexp" 1577
"C:/24CI0412MP/Content/Mediterranean_Coast/World_Settings/StaticMeshFoliages/SMF_Rock_F.uasset" 1578
"C:/24CI0412MP/Content/Mediterranean_Coast/World_Settings/StaticMeshFoliages/SMF_Rock_F.uexp" 1579
"C:/24CI0412MP/Content/Mediterranean_Coast/Materials/MI_Rock_E.uasset" 1580
"C:/24CI0412MP/Content/Mediterranean_Coast/Materials/MI_Rock_E.uexp" 1581
"C:/24CI0412MP/Content/Mediterranean_Coast/World_Settings/StaticMeshFoliages/SMF_Rock_E.uasset" 1582
"C:/24CI0412MP/Content/Mediterranean_Coast/World_Settings/StaticMeshFoliages/SMF_Rock_E.uexp" 1583
"C:/24CI0412MP/Content/Mediterranean_Coast/World_Settings/PFS_BigRocks.uasset" 1584
"C:/24CI0412MP/Content/Mediterranean_Coast/World_Settings/PFS_BigRocks.uexp" 1585
"C:/24CI0412MP/Content/Mediterranean_Coast/Textures/VT_Islandcube.uasset" 1586
"C:/24CI0412MP/Content/Mediterranean_Coast/Textures/VT_Islandcube.uexp" 1587
"C:/24CI0412MP/Content/Mediterranean_Coast/Textures/T_Atlas_B_Mask.ubulk" 1588
"C:/24CI0412MP/Content/Mediterranean_Coast/Textures/T_Atlas_B_Mask.uasset" 1589
"C:/24CI0412MP/Content/Mediterranean_Coast/Textures/T_Atlas_B_Mask.uexp" 1590
"C:/24CI0412MP/Content/Mediterranean_Coast/Textures/T_ATLAS_A_Mask.ubulk" 1591
"C:/24CI0412MP/Content/Mediterranean_Coast/Textures/T_ATLAS_A_Mask.uasset" 1592
"C:/24CI0412MP/Content/Mediterranean_Coast/Textures/T_ATLAS_A_Mask.uexp" 1593
"C:/24CI0412MP/Content/Mediterranean_Coast/Textures/T_Road_ORM.ubulk" 1594
"C:/24CI0412MP/Content/Mediterranean_Coast/Textures/T_Road_ORM.uasset" 1595
"C:/24CI0412MP/Content/Mediterranean_Coast/Textures/T_Road_ORM.uexp" 1596
"C:/24CI0412MP/Content/Mediterranean_Coast/Textures/T_Road_Normal.ubulk" 1597
"C:/24CI0412MP/Content/Mediterranean_Coast/Textures/T_Road_Normal.uasset" 1598
"C:/24CI0412MP/Content/Mediterranean_Coast/Textures/T_Road_Normal.uexp" 1599
"C:/24CI0412MP/Content/Mediterranean_Coast/Textures/T_Road_Basecolor.ubulk" 1600
"C:/24CI0412MP/Content/Mediterranean_Coast/Textures/T_Road_Basecolor.uasset" 1601
"C:/24CI0412MP/Content/Mediterranean_Coast/Textures/T_Road_Basecolor.uexp" 1602
"C:/24CI0412MP/Content/Mediterranean_Coast/Materials/MI_Road.uasset" 1603
"C:/24CI0412MP/Content/Mediterranean_Coast/Materials/MI_Road.uexp" 1604
"C:/24CI0412MP/Content/Mediterranean_Coast/Meshes/SM_Road.ubulk" 1605
"C:/24CI0412MP/Content/Mediterranean_Coast/Meshes/SM_Road.uasset" 1606
"C:/24CI0412MP/Content/Mediterranean_Coast/Meshes/SM_Road.uexp" 1607
"C:/24CI0412MP/Content/Mediterranean_Coast/Textures/T_SeaFoam.ubulk" 1608
"C:/24CI0412MP/Content/Mediterranean_Coast/Textures/T_SeaFoam.uasset" 1609
"C:/24CI0412MP/Content/Mediterranean_Coast/Textures/T_SeaFoam.uexp" 1610
"C:/24CI0412MP/Content/Mediterranean_Coast/Textures/T_MacroVariation.ubulk" 1611
"C:/24CI0412MP/Content/Mediterranean_Coast/Textures/T_MacroVariation.uasset" 1612
"C:/24CI0412MP/Content/Mediterranean_Coast/Textures/T_MacroVariation.uexp" 1613
"C:/24CI0412MP/Content/Mediterranean_Coast/Textures/T_SeaVariation_Alpha.ubulk" 1614
"C:/24CI0412MP/Content/Mediterranean_Coast/Textures/T_SeaVariation_Alpha.uasset" 1615
"C:/24CI0412MP/Content/Mediterranean_Coast/Textures/T_SeaVariation_Alpha.uexp" 1616
"C:/24CI0412MP/Content/Mediterranean_Coast/Textures/T_Sea_Normal.ubulk" 1617
"C:/24CI0412MP/Content/Mediterranean_Coast/Textures/T_Sea_Normal.uasset" 1618
"C:/24CI0412MP/Content/Mediterranean_Coast/Textures/T_Sea_Normal.uexp" 1619
"C:/24CI0412MP/Content/Mediterranean_Coast/Materials/Master_Materials/M_Sea.uasset" 1620
"C:/24CI0412MP/Content/Mediterranean_Coast/Materials/Master_Materials/M_Sea.uexp" 1621
"C:/24CI0412MP/Content/Mediterranean_Coast/Materials/MI_Mediterranean_River.uasset" 1622
"C:/24CI0412MP/Content/Mediterranean_Coast/Materials/MI_Mediterranean_River.uexp" 1623
"C:/24CI0412MP/Content/Mediterranean_Coast/Meshes/SM_River.ubulk" 1624
"C:/24CI0412MP/Content/Mediterranean_Coast/Meshes/SM_River.uasset" 1625
"C:/24CI0412MP/Content/Mediterranean_Coast/Meshes/SM_River.uexp" 1626
"C:/24CI0412MP/Content/Mediterranean_Coast/Textures/T_Atlas_A_Opacity.ubulk" 1627
"C:/24CI0412MP/Content/Mediterranean_Coast/Textures/T_Atlas_A_Opacity.uasset" 1628
"C:/24CI0412MP/Content/Mediterranean_Coast/Textures/T_Atlas_A_Opacity.uexp" 1629
"C:/24CI0412MP/Content/Mediterranean_Coast/Textures/T_ATLAS_A_ORMSS.ubulk" 1630
"C:/24CI0412MP/Content/Mediterranean_Coast/Textures/T_ATLAS_A_ORMSS.uasset" 1631
"C:/24CI0412MP/Content/Mediterranean_Coast/Textures/T_ATLAS_A_ORMSS.uexp" 1632
"C:/24CI0412MP/Content/Mediterranean_Coast/Textures/T_Atlas_A_BC.ubulk" 1633
"C:/24CI0412MP/Content/Mediterranean_Coast/Textures/T_Atlas_A_BC.uasset" 1634
"C:/24CI0412MP/Content/Mediterranean_Coast/Textures/T_Atlas_A_BC.uexp" 1635
"C:/24CI0412MP/Content/Mediterranean_Coast/Textures/T_Atlas_A_N.ubulk" 1636
"C:/24CI0412MP/Content/Mediterranean_Coast/Textures/T_Atlas_A_N.uasset" 1637
"C:/24CI0412MP/Content/Mediterranean_Coast/Textures/T_Atlas_A_N.uexp" 1638
"C:/24CI0412MP/Content/Mediterranean_Coast/Materials/MI_Grass_F_LOD01.uasset" 1639
"C:/24CI0412MP/Content/Mediterranean_Coast/Materials/MI_Grass_F_LOD01.uexp" 1640
"C:/24CI0412MP/Content/Mediterranean_Coast/Materials/MI_Grass_F.uasset" 1641
"C:/24CI0412MP/Content/Mediterranean_Coast/Materials/MI_Grass_F.uexp" 1642
"C:/24CI0412MP/Content/Mediterranean_Coast/Meshes/SM_Grass_F.ubulk" 1643
"C:/24CI0412MP/Content/Mediterranean_Coast/Meshes/SM_Grass_F.uasset" 1644
"C:/24CI0412MP/Content/Mediterranean_Coast/Meshes/SM_Grass_F.uexp" 1645
"C:/24CI0412MP/Content/Mediterranean_Coast/Textures/T_Cliff_D_BaseColor.ubulk" 1646
"C:/24CI0412MP/Content/Mediterranean_Coast/Textures/T_Cliff_D_BaseColor.uasset" 1647
"C:/24CI0412MP/Content/Mediterranean_Coast/Textures/T_Cliff_D_BaseColor.uexp" 1648
"C:/24CI0412MP/Content/Mediterranean_Coast/Textures/T_Cliff_D_Normal.ubulk" 1649
"C:/24CI0412MP/Content/Mediterranean_Coast/Textures/T_Cliff_D_Normal.uasset" 1650
"C:/24CI0412MP/Content/Mediterranean_Coast/Textures/T_Cliff_D_Normal.uexp" 1651
"C:/24CI0412MP/Content/Mediterranean_Coast/Textures/T_Cliff_D_ORM.ubulk" 1652
"C:/24CI0412MP/Content/Mediterranean_Coast/Textures/T_Cliff_D_ORM.uasset" 1653
"C:/24CI0412MP/Content/Mediterranean_Coast/Textures/T_Cliff_D_ORM.uexp" 1654
"C:/24CI0412MP/Content/Mediterranean_Coast/Materials/MI_Cliff_D.uasset" 1655
"C:/24CI0412MP/Content/Mediterranean_Coast/Materials/MI_Cliff_D.uexp" 1656
"C:/24CI0412MP/Content/Mediterranean_Coast/Meshes/SM_Cliff_D.ubulk" 1657
"C:/24CI0412MP/Content/Mediterranean_Coast/Meshes/SM_Cliff_D.uasset" 1658
"C:/24CI0412MP/Content/Mediterranean_Coast/Meshes/SM_Cliff_D.uexp" 1659
"C:/24CI0412MP/Content/Mediterranean_Coast/Materials/Master_Materials/M_Bridge.uasset" 1660
"C:/24CI0412MP/Content/Mediterranean_Coast/Materials/Master_Materials/M_Bridge.uexp" 1661
"C:/24CI0412MP/Content/Mediterranean_Coast/Textures/T_Bridge_Basecolor.ubulk" 1662
"C:/24CI0412MP/Content/Mediterranean_Coast/Textures/T_Bridge_Basecolor.uasset" 1663
"C:/24CI0412MP/Content/Mediterranean_Coast/Textures/T_Bridge_Basecolor.uexp" 1664
"C:/24CI0412MP/Content/Mediterranean_Coast/Textures/T_Bridge_ORM.ubulk" 1665
"C:/24CI0412MP/Content/Mediterranean_Coast/Textures/T_Bridge_ORM.uasset" 1666
"C:/24CI0412MP/Content/Mediterranean_Coast/Textures/T_Bridge_ORM.uexp" 1667
"C:/24CI0412MP/Content/Mediterranean_Coast/Textures/T_Bridge_Normal.ubulk" 1668
"C:/24CI0412MP/Content/Mediterranean_Coast/Textures/T_Bridge_Normal.uasset" 1669
"C:/24CI0412MP/Content/Mediterranean_Coast/Textures/T_Bridge_Normal.uexp" 1670
"C:/24CI0412MP/Content/Mediterranean_Coast/Materials/MI_Bridge.uasset" 1671
"C:/24CI0412MP/Content/Mediterranean_Coast/Materials/MI_Bridge.uexp" 1672
"C:/24CI0412MP/Content/Mediterranean_Coast/Meshes/SM_Bridge.ubulk" 1673
"C:/24CI0412MP/Content/Mediterranean_Coast/Meshes/SM_Bridge.uasset" 1674
"C:/24CI0412MP/Content/Mediterranean_Coast/Meshes/SM_Bridge.uexp" 1675
"C:/24CI0412MP/Content/Mediterranean_Coast/Textures/T_BigCliff_D_Normal.ubulk" 1676
"C:/24CI0412MP/Content/Mediterranean_Coast/Textures/T_BigCliff_D_Normal.uasset" 1677
"C:/24CI0412MP/Content/Mediterranean_Coast/Textures/T_BigCliff_D_Normal.uexp" 1678
"C:/24CI0412MP/Content/Mediterranean_Coast/Textures/T_BigCliff_D_ORM.ubulk" 1679
"C:/24CI0412MP/Content/Mediterranean_Coast/Textures/T_BigCliff_D_ORM.uasset" 1680
"C:/24CI0412MP/Content/Mediterranean_Coast/Textures/T_BigCliff_D_ORM.uexp" 1681
"C:/24CI0412MP/Content/Mediterranean_Coast/Textures/T_BigCliff_D_Basecolor.ubulk" 1682
"C:/24CI0412MP/Content/Mediterranean_Coast/Textures/T_BigCliff_D_Basecolor.uasset" 1683
"C:/24CI0412MP/Content/Mediterranean_Coast/Textures/T_BigCliff_D_Basecolor.uexp" 1684
"C:/24CI0412MP/Content/Mediterranean_Coast/Materials/MI_BigCliff_D.uasset" 1685
"C:/24CI0412MP/Content/Mediterranean_Coast/Materials/MI_BigCliff_D.uexp" 1686
"C:/24CI0412MP/Content/Mediterranean_Coast/Meshes/SM_BigCliff_D.ubulk" 1687
"C:/24CI0412MP/Content/Mediterranean_Coast/Meshes/SM_BigCliff_D.uasset" 1688
"C:/24CI0412MP/Content/Mediterranean_Coast/Meshes/SM_BigCliff_D.uexp" 1689
"C:/24CI0412MP/Content/Mediterranean_Coast/Textures/T_BigCliff_B_Normal.ubulk" 1690
"C:/24CI0412MP/Content/Mediterranean_Coast/Textures/T_BigCliff_B_Normal.uasset" 1691
"C:/24CI0412MP/Content/Mediterranean_Coast/Textures/T_BigCliff_B_Normal.uexp" 1692
"C:/24CI0412MP/Content/Mediterranean_Coast/Textures/T_BigCliff_B_Basecolor.ubulk" 1693
"C:/24CI0412MP/Content/Mediterranean_Coast/Textures/T_BigCliff_B_Basecolor.uasset" 1694
"C:/24CI0412MP/Content/Mediterranean_Coast/Textures/T_BigCliff_B_Basecolor.uexp" 1695
"C:/24CI0412MP/Content/Mediterranean_Coast/Textures/T_BigCliff_B_ORM.ubulk" 1696
"C:/24CI0412MP/Content/Mediterranean_Coast/Textures/T_BigCliff_B_ORM.uasset" 1697
"C:/24CI0412MP/Content/Mediterranean_Coast/Textures/T_BigCliff_B_ORM.uexp" 1698
"C:/24CI0412MP/Content/Mediterranean_Coast/Materials/MI_BigCliff_B.uasset" 1699
"C:/24CI0412MP/Content/Mediterranean_Coast/Materials/MI_BigCliff_B.uexp" 1700
"C:/24CI0412MP/Content/Mediterranean_Coast/Meshes/SM_BigCliff_B.ubulk" 1701
"C:/24CI0412MP/Content/Mediterranean_Coast/Meshes/SM_BigCliff_B.uasset" 1702
"C:/24CI0412MP/Content/Mediterranean_Coast/Meshes/SM_BigCliff_B.uexp" 1703
"C:/24CI0412MP/Content/Mediterranean_Coast/Textures/T_BigCliff_A_Basecolor.ubulk" 1704
"C:/24CI0412MP/Content/Mediterranean_Coast/Textures/T_BigCliff_A_Basecolor.uasset" 1705
"C:/24CI0412MP/Content/Mediterranean_Coast/Textures/T_BigCliff_A_Basecolor.uexp" 1706
"C:/24CI0412MP/Content/Mediterranean_Coast/Textures/T_BigCliff_A_ORM.ubulk" 1707
"C:/24CI0412MP/Content/Mediterranean_Coast/Textures/T_BigCliff_A_ORM.uasset" 1708
"C:/24CI0412MP/Content/Mediterranean_Coast/Textures/T_BigCliff_A_ORM.uexp" 1709
"C:/24CI0412MP/Content/Mediterranean_Coast/Textures/T_BigCliff_A_Normal.ubulk" 1710
"C:/24CI0412MP/Content/Mediterranean_Coast/Textures/T_BigCliff_A_Normal.uasset" 1711
"C:/24CI0412MP/Content/Mediterranean_Coast/Textures/T_BigCliff_A_Normal.uexp" 1712
"C:/24CI0412MP/Content/Mediterranean_Coast/Materials/MI_BigCliff_A.uasset" 1713
"C:/24CI0412MP/Content/Mediterranean_Coast/Materials/MI_BigCliff_A.uexp" 1714
"C:/24CI0412MP/Content/Mediterranean_Coast/Meshes/SM_BigCliff_A.ubulk" 1715
"C:/24CI0412MP/Content/Mediterranean_Coast/Meshes/SM_BigCliff_A.uasset" 1716
"C:/24CI0412MP/Content/Mediterranean_Coast/Meshes/SM_BigCliff_A.uexp" 1717
"C:/24CI0412MP/Content/Mediterranean_Coast/Textures/T_Background_B_Basecolor.ubulk" 1718
"C:/24CI0412MP/Content/Mediterranean_Coast/Textures/T_Background_B_Basecolor.uasset" 1719
"C:/24CI0412MP/Content/Mediterranean_Coast/Textures/T_Background_B_Basecolor.uexp" 1720
"C:/24CI0412MP/Content/Mediterranean_Coast/Materials/Master_Materials/M_Background.uasset" 1721
"C:/24CI0412MP/Content/Mediterranean_Coast/Materials/Master_Materials/M_Background.uexp" 1722
"C:/24CI0412MP/Content/Mediterranean_Coast/Textures/T_Background_B_Normal.ubulk" 1723
"C:/24CI0412MP/Content/Mediterranean_Coast/Textures/T_Background_B_Normal.uasset" 1724
"C:/24CI0412MP/Content/Mediterranean_Coast/Textures/T_Background_B_Normal.uexp" 1725
"C:/24CI0412MP/Content/Mediterranean_Coast/Materials/MI_Background_B.uasset" 1726
"C:/24CI0412MP/Content/Mediterranean_Coast/Materials/MI_Background_B.uexp" 1727
"C:/24CI0412MP/Content/Mediterranean_Coast/Meshes/SM_Background_B.ubulk" 1728
"C:/24CI0412MP/Content/Mediterranean_Coast/Meshes/SM_Background_B.uasset" 1729
"C:/24CI0412MP/Content/Mediterranean_Coast/Meshes/SM_Background_B.uexp" 1730
"C:/24CI0412MP/Content/Mediterranean_Coast/Textures/T_Background_A_Basecolor.ubulk" 1731
"C:/24CI0412MP/Content/Mediterranean_Coast/Textures/T_Background_A_Basecolor.uasset" 1732
"C:/24CI0412MP/Content/Mediterranean_Coast/Textures/T_Background_A_Basecolor.uexp" 1733
"C:/24CI0412MP/Content/Mediterranean_Coast/Textures/T_Background_A_Normal.ubulk" 1734
"C:/24CI0412MP/Content/Mediterranean_Coast/Textures/T_Background_A_Normal.uasset" 1735
"C:/24CI0412MP/Content/Mediterranean_Coast/Textures/T_Background_A_Normal.uexp" 1736
"C:/24CI0412MP/Content/Mediterranean_Coast/Materials/MI_Background_A.uasset" 1737
"C:/24CI0412MP/Content/Mediterranean_Coast/Materials/MI_Background_A.uexp" 1738
"C:/24CI0412MP/Content/Mediterranean_Coast/Meshes/SM_Background_A.ubulk" 1739
"C:/24CI0412MP/Content/Mediterranean_Coast/Meshes/SM_Background_A.uasset" 1740
"C:/24CI0412MP/Content/Mediterranean_Coast/Meshes/SM_Background_A.uexp" 1741
"C:/24CI0412MP/Content/Mediterranean_Coast/Materials/MI_Rock_A_Mossy.uasset" 1742
"C:/24CI0412MP/Content/Mediterranean_Coast/Materials/MI_Rock_A_Mossy.uexp" 1743
"C:/24CI0412MP/Content/Mediterranean_Coast/Materials/MI_Mediterranean_Sea.uasset" 1744
"C:/24CI0412MP/Content/Mediterranean_Coast/Materials/MI_Mediterranean_Sea.uexp" 1745
"C:/24CI0412MP/Content/Mediterranean_Coast/Materials/MI_Mediterranean_lake.uasset" 1746
"C:/24CI0412MP/Content/Mediterranean_Coast/Materials/MI_Mediterranean_lake.uexp" 1747
"C:/24CI0412MP/Content/Mediterranean_Coast/Materials/MI_Grass_E_LOD01.uasset" 1748
"C:/24CI0412MP/Content/Mediterranean_Coast/Materials/MI_Grass_E_LOD01.uexp" 1749
"C:/24CI0412MP/Content/Mediterranean_Coast/Materials/MI_Grass_E.uasset" 1750
"C:/24CI0412MP/Content/Mediterranean_Coast/Materials/MI_Grass_E.uexp" 1751
"C:/24CI0412MP/Content/Mediterranean_Coast/Meshes/SM_Grass_E.ubulk" 1752
"C:/24CI0412MP/Content/Mediterranean_Coast/Meshes/SM_Grass_E.uasset" 1753
"C:/24CI0412MP/Content/Mediterranean_Coast/Meshes/SM_Grass_E.uexp" 1754
"C:/24CI0412MP/Content/Mediterranean_Coast/Textures/T_Atlas_B_ORMSS.ubulk" 1755
"C:/24CI0412MP/Content/Mediterranean_Coast/Textures/T_Atlas_B_ORMSS.uasset" 1756
"C:/24CI0412MP/Content/Mediterranean_Coast/Textures/T_Atlas_B_ORMSS.uexp" 1757
"C:/24CI0412MP/Content/Mediterranean_Coast/Textures/T_Atlas_B_Opacity.ubulk" 1758
"C:/24CI0412MP/Content/Mediterranean_Coast/Textures/T_Atlas_B_Opacity.uasset" 1759
"C:/24CI0412MP/Content/Mediterranean_Coast/Textures/T_Atlas_B_Opacity.uexp" 1760
"C:/24CI0412MP/Content/Mediterranean_Coast/Textures/T_Atlas_B_N.ubulk" 1761
"C:/24CI0412MP/Content/Mediterranean_Coast/Textures/T_Atlas_B_N.uasset" 1762
"C:/24CI0412MP/Content/Mediterranean_Coast/Textures/T_Atlas_B_N.uexp" 1763
"C:/24CI0412MP/Content/Mediterranean_Coast/Textures/T_Atlas_B_BC.ubulk" 1764
"C:/24CI0412MP/Content/Mediterranean_Coast/Textures/T_Atlas_B_BC.uasset" 1765
"C:/24CI0412MP/Content/Mediterranean_Coast/Textures/T_Atlas_B_BC.uexp" 1766
"C:/24CI0412MP/Content/Mediterranean_Coast/Materials/MI_Flower_C.uasset" 1767
"C:/24CI0412MP/Content/Mediterranean_Coast/Materials/MI_Flower_C.uexp" 1768
"C:/24CI0412MP/Content/Mediterranean_Coast/Meshes/SM_Flower_C.ubulk" 1769
"C:/24CI0412MP/Content/Mediterranean_Coast/Meshes/SM_Flower_C.uasset" 1770
"C:/24CI0412MP/Content/Mediterranean_Coast/Meshes/SM_Flower_C.uexp" 1771
"C:/24CI0412MP/Content/Mediterranean_Coast/World_Settings/GrassTypes/GrassLayer/LGT_Grass_B.uasset" 1772
"C:/24CI0412MP/Content/Mediterranean_Coast/World_Settings/GrassTypes/GrassLayer/LGT_Grass_B.uexp" 1773
"C:/24CI0412MP/Content/Mediterranean_Coast/Textures/T_Atlas_D_Opacity.ubulk" 1774
"C:/24CI0412MP/Content/Mediterranean_Coast/Textures/T_Atlas_D_Opacity.uasset" 1775
"C:/24CI0412MP/Content/Mediterranean_Coast/Textures/T_Atlas_D_Opacity.uexp" 1776
"C:/24CI0412MP/Content/Mediterranean_Coast/Textures/T_Atlas_D_Normal.ubulk" 1777
"C:/24CI0412MP/Content/Mediterranean_Coast/Textures/T_Atlas_D_Normal.uasset" 1778
"C:/24CI0412MP/Content/Mediterranean_Coast/Textures/T_Atlas_D_Normal.uexp" 1779
"C:/24CI0412MP/Content/Mediterranean_Coast/Textures/T_Atlas_D_Basecolor.ubulk" 1780
"C:/24CI0412MP/Content/Mediterranean_Coast/Textures/T_Atlas_D_Basecolor.uasset" 1781
"C:/24CI0412MP/Content/Mediterranean_Coast/Textures/T_Atlas_D_Basecolor.uexp" 1782
"C:/24CI0412MP/Content/Mediterranean_Coast/Textures/T_Atlas_D_RAOSS.ubulk" 1783
"C:/24CI0412MP/Content/Mediterranean_Coast/Textures/T_Atlas_D_RAOSS.uasset" 1784
"C:/24CI0412MP/Content/Mediterranean_Coast/Textures/T_Atlas_D_RAOSS.uexp" 1785
"C:/24CI0412MP/Content/Mediterranean_Coast/Materials/MI_GroundVeg_C.uasset" 1786
"C:/24CI0412MP/Content/Mediterranean_Coast/Materials/MI_GroundVeg_C.uexp" 1787
"C:/24CI0412MP/Content/Mediterranean_Coast/Meshes/SM_GroundVeg_C.ubulk" 1788
"C:/24CI0412MP/Content/Mediterranean_Coast/Meshes/SM_GroundVeg_C.uasset" 1789
"C:/24CI0412MP/Content/Mediterranean_Coast/Meshes/SM_GroundVeg_C.uexp" 1790
"C:/24CI0412MP/Content/Mediterranean_Coast/Materials/MI_Grass_G.uasset" 1791
"C:/24CI0412MP/Content/Mediterranean_Coast/Materials/MI_Grass_G.uexp" 1792
"C:/24CI0412MP/Content/Mediterranean_Coast/Meshes/SM_Grass_G.ubulk" 1793
"C:/24CI0412MP/Content/Mediterranean_Coast/Meshes/SM_Grass_G.uasset" 1794
"C:/24CI0412MP/Content/Mediterranean_Coast/Meshes/SM_Grass_G.uexp" 1795
"C:/24CI0412MP/Content/Mediterranean_Coast/Materials/MI_GroundVeg_A.uasset" 1796
"C:/24CI0412MP/Content/Mediterranean_Coast/Materials/MI_GroundVeg_A.uexp" 1797
"C:/24CI0412MP/Content/Mediterranean_Coast/Meshes/SM_GroundVeg_A.ubulk" 1798
"C:/24CI0412MP/Content/Mediterranean_Coast/Meshes/SM_GroundVeg_A.uasset" 1799
"C:/24CI0412MP/Content/Mediterranean_Coast/Meshes/SM_GroundVeg_A.uexp" 1800
"C:/24CI0412MP/Content/Mediterranean_Coast/Materials/MI_GroundVeg_B.uasset" 1801
"C:/24CI0412MP/Content/Mediterranean_Coast/Materials/MI_GroundVeg_B.uexp" 1802
"C:/24CI0412MP/Content/Mediterranean_Coast/Meshes/SM_GroundVeg_B.ubulk" 1803
"C:/24CI0412MP/Content/Mediterranean_Coast/Meshes/SM_GroundVeg_B.uasset" 1804
"C:/24CI0412MP/Content/Mediterranean_Coast/Meshes/SM_GroundVeg_B.uexp" 1805
"C:/24CI0412MP/Content/Mediterranean_Coast/World_Settings/GrassTypes/ForestLayer/LGT_Forest_C.uasset" 1806
"C:/24CI0412MP/Content/Mediterranean_Coast/World_Settings/GrassTypes/ForestLayer/LGT_Forest_C.uexp" 1807
"C:/24CI0412MP/Content/Mediterranean_Coast/Textures/Landscape_Textures/T_Ground_Mask.ubulk" 1808
"C:/24CI0412MP/Content/Mediterranean_Coast/Textures/Landscape_Textures/T_Ground_Mask.uasset" 1809
"C:/24CI0412MP/Content/Mediterranean_Coast/Textures/Landscape_Textures/T_Ground_Mask.uexp" 1810
"../../../Engine/Content/Functions/MaterialLayerFunctions/MatLayerBlend_StandardWithDisplacement.uasset" 1811
"../../../Engine/Content/Functions/MaterialLayerFunctions/MatLayerBlend_StandardWithDisplacement.uexp" 1812
"../../../Engine/Content/Functions/Engine_MaterialFunctions02/Texturing/HeightLerp.uasset" 1813
"../../../Engine/Content/Functions/Engine_MaterialFunctions02/Texturing/HeightLerp.uexp" 1814
"C:/24CI0412MP/Content/Mediterranean_Coast/Materials/MI_PineBark_Props.uasset" 1815
"C:/24CI0412MP/Content/Mediterranean_Coast/Materials/MI_PineBark_Props.uexp" 1816
"C:/24CI0412MP/Content/Mediterranean_Coast/Meshes/SM_WoodDebris_03.ubulk" 1817
"C:/24CI0412MP/Content/Mediterranean_Coast/Meshes/SM_WoodDebris_03.uasset" 1818
"C:/24CI0412MP/Content/Mediterranean_Coast/Meshes/SM_WoodDebris_03.uexp" 1819
"C:/24CI0412MP/Content/Mediterranean_Coast/Textures/T_RockDebris_Normal.ubulk" 1820
"C:/24CI0412MP/Content/Mediterranean_Coast/Textures/T_RockDebris_Normal.uasset" 1821
"C:/24CI0412MP/Content/Mediterranean_Coast/Textures/T_RockDebris_Normal.uexp" 1822
"C:/24CI0412MP/Content/Mediterranean_Coast/Textures/T_RockDebris_ORM.ubulk" 1823
"C:/24CI0412MP/Content/Mediterranean_Coast/Textures/T_RockDebris_ORM.uasset" 1824
"C:/24CI0412MP/Content/Mediterranean_Coast/Textures/T_RockDebris_ORM.uexp" 1825
"C:/24CI0412MP/Content/Mediterranean_Coast/Textures/T_RockDebris_Basecolor.ubulk" 1826
"C:/24CI0412MP/Content/Mediterranean_Coast/Textures/T_RockDebris_Basecolor.uasset" 1827
"C:/24CI0412MP/Content/Mediterranean_Coast/Textures/T_RockDebris_Basecolor.uexp" 1828
"C:/24CI0412MP/Content/Mediterranean_Coast/Materials/MI_RockDebris_D.uasset" 1829
"C:/24CI0412MP/Content/Mediterranean_Coast/Materials/MI_RockDebris_D.uexp" 1830
"C:/24CI0412MP/Content/Mediterranean_Coast/Meshes/SM_RockDebris_04.ubulk" 1831
"C:/24CI0412MP/Content/Mediterranean_Coast/Meshes/SM_RockDebris_04.uasset" 1832
"C:/24CI0412MP/Content/Mediterranean_Coast/Meshes/SM_RockDebris_04.uexp" 1833
"C:/24CI0412MP/Content/Mediterranean_Coast/Meshes/SM_WoodDebris_04.ubulk" 1834
"C:/24CI0412MP/Content/Mediterranean_Coast/Meshes/SM_WoodDebris_04.uasset" 1835
"C:/24CI0412MP/Content/Mediterranean_Coast/Meshes/SM_WoodDebris_04.uexp" 1836
"C:/24CI0412MP/Content/Mediterranean_Coast/Meshes/SM_WoodDebris_02.ubulk" 1837
"C:/24CI0412MP/Content/Mediterranean_Coast/Meshes/SM_WoodDebris_02.uasset" 1838
"C:/24CI0412MP/Content/Mediterranean_Coast/Meshes/SM_WoodDebris_02.uexp" 1839
"C:/24CI0412MP/Content/Mediterranean_Coast/Materials/MI_RockDebris_C.uasset" 1840
"C:/24CI0412MP/Content/Mediterranean_Coast/Materials/MI_RockDebris_C.uexp" 1841
"C:/24CI0412MP/Content/Mediterranean_Coast/Meshes/SM_RockDebris_03.ubulk" 1842
"C:/24CI0412MP/Content/Mediterranean_Coast/Meshes/SM_RockDebris_03.uasset" 1843
"C:/24CI0412MP/Content/Mediterranean_Coast/Meshes/SM_RockDebris_03.uexp" 1844
"C:/24CI0412MP/Content/Mediterranean_Coast/Materials/MI_RockDebris_A.uasset" 1845
"C:/24CI0412MP/Content/Mediterranean_Coast/Materials/MI_RockDebris_A.uexp" 1846
"C:/24CI0412MP/Content/Mediterranean_Coast/Meshes/SM_RockDebris_01.ubulk" 1847
"C:/24CI0412MP/Content/Mediterranean_Coast/Meshes/SM_RockDebris_01.uasset" 1848
"C:/24CI0412MP/Content/Mediterranean_Coast/Meshes/SM_RockDebris_01.uexp" 1849
"C:/24CI0412MP/Content/Mediterranean_Coast/Materials/MI_RockDebris_B.uasset" 1850
"C:/24CI0412MP/Content/Mediterranean_Coast/Materials/MI_RockDebris_B.uexp" 1851
"C:/24CI0412MP/Content/Mediterranean_Coast/Meshes/SM_RockDebris_02.ubulk" 1852
"C:/24CI0412MP/Content/Mediterranean_Coast/Meshes/SM_RockDebris_02.uasset" 1853
"C:/24CI0412MP/Content/Mediterranean_Coast/Meshes/SM_RockDebris_02.uexp" 1854
"C:/24CI0412MP/Content/Mediterranean_Coast/Meshes/SM_WoodDebris_01.ubulk" 1855
"C:/24CI0412MP/Content/Mediterranean_Coast/Meshes/SM_WoodDebris_01.uasset" 1856
"C:/24CI0412MP/Content/Mediterranean_Coast/Meshes/SM_WoodDebris_01.uexp" 1857
"C:/24CI0412MP/Content/Mediterranean_Coast/World_Settings/GrassTypes/GroundLayer/LGT_Ground_A.uasset" 1858
"C:/24CI0412MP/Content/Mediterranean_Coast/World_Settings/GrassTypes/GroundLayer/LGT_Ground_A.uexp" 1859
"C:/24CI0412MP/Content/Mediterranean_Coast/Materials/MI_Grass_A_LOD01.uasset" 1860
"C:/24CI0412MP/Content/Mediterranean_Coast/Materials/MI_Grass_A_LOD01.uexp" 1861
"C:/24CI0412MP/Content/Mediterranean_Coast/Materials/MI_Grass_A.uasset" 1862
"C:/24CI0412MP/Content/Mediterranean_Coast/Materials/MI_Grass_A.uexp" 1863
"C:/24CI0412MP/Content/Mediterranean_Coast/Meshes/SM_Grass_A.ubulk" 1864
"C:/24CI0412MP/Content/Mediterranean_Coast/Meshes/SM_Grass_A.uasset" 1865
"C:/24CI0412MP/Content/Mediterranean_Coast/Meshes/SM_Grass_A.uexp" 1866
"C:/24CI0412MP/Content/Mediterranean_Coast/Materials/MI_Grass_D.uasset" 1867
"C:/24CI0412MP/Content/Mediterranean_Coast/Materials/MI_Grass_D.uexp" 1868
"C:/24CI0412MP/Content/Mediterranean_Coast/Materials/MI_Grass_D_LOD01.uasset" 1869
"C:/24CI0412MP/Content/Mediterranean_Coast/Materials/MI_Grass_D_LOD01.uexp" 1870
"C:/24CI0412MP/Content/Mediterranean_Coast/Meshes/SM_Grass_D.ubulk" 1871
"C:/24CI0412MP/Content/Mediterranean_Coast/Meshes/SM_Grass_D.uasset" 1872
"C:/24CI0412MP/Content/Mediterranean_Coast/Meshes/SM_Grass_D.uexp" 1873
"C:/24CI0412MP/Content/Mediterranean_Coast/World_Settings/GrassTypes/GrassLayer/LGT_Grass_D.uasset" 1874
"C:/24CI0412MP/Content/Mediterranean_Coast/World_Settings/GrassTypes/GrassLayer/LGT_Grass_D.uexp" 1875
"C:/24CI0412MP/Content/Mediterranean_Coast/Textures/Landscape_Textures/T_Cliff_Mask.ubulk" 1876
"C:/24CI0412MP/Content/Mediterranean_Coast/Textures/Landscape_Textures/T_Cliff_Mask.uasset" 1877
"C:/24CI0412MP/Content/Mediterranean_Coast/Textures/Landscape_Textures/T_Cliff_Mask.uexp" 1878
"C:/24CI0412MP/Content/Mediterranean_Coast/Textures/Landscape_Textures/T_Grass_Normal.ubulk" 1879
"C:/24CI0412MP/Content/Mediterranean_Coast/Textures/Landscape_Textures/T_Grass_Normal.uasset" 1880
"C:/24CI0412MP/Content/Mediterranean_Coast/Textures/Landscape_Textures/T_Grass_Normal.uexp" 1881
"../../../Engine/Content/EngineMaterials/WeightMapPlaceholderTexture.uasset" 1882
"../../../Engine/Content/EngineMaterials/WeightMapPlaceholderTexture.uexp" 1883
"../../../Engine/Content/EngineMaterials/WeightMapArrayPlaceholderTexture.uasset" 1884
"../../../Engine/Content/EngineMaterials/WeightMapArrayPlaceholderTexture.uexp" 1885
"C:/24CI0412MP/Content/Mediterranean_Coast/Textures/Landscape_Textures/T_Ground_Basecolor.ubulk" 1886
"C:/24CI0412MP/Content/Mediterranean_Coast/Textures/Landscape_Textures/T_Ground_Basecolor.uasset" 1887
"C:/24CI0412MP/Content/Mediterranean_Coast/Textures/Landscape_Textures/T_Ground_Basecolor.uexp" 1888
"C:/24CI0412MP/Content/Mediterranean_Coast/Materials/MI_Flower_A.uasset" 1889
"C:/24CI0412MP/Content/Mediterranean_Coast/Materials/MI_Flower_A.uexp" 1890
"C:/24CI0412MP/Content/Mediterranean_Coast/Meshes/SM_Flower_A.ubulk" 1891
"C:/24CI0412MP/Content/Mediterranean_Coast/Meshes/SM_Flower_A.uasset" 1892
"C:/24CI0412MP/Content/Mediterranean_Coast/Meshes/SM_Flower_A.uexp" 1893
"C:/24CI0412MP/Content/Mediterranean_Coast/Materials/MI_Flower_B.uasset" 1894
"C:/24CI0412MP/Content/Mediterranean_Coast/Materials/MI_Flower_B.uexp" 1895
"C:/24CI0412MP/Content/Mediterranean_Coast/Meshes/SM_Flower_B.ubulk" 1896
"C:/24CI0412MP/Content/Mediterranean_Coast/Meshes/SM_Flower_B.uasset" 1897
"C:/24CI0412MP/Content/Mediterranean_Coast/Meshes/SM_Flower_B.uexp" 1898
"C:/24CI0412MP/Content/Mediterranean_Coast/Materials/MI_Flower_D.uasset" 1899
"C:/24CI0412MP/Content/Mediterranean_Coast/Materials/MI_Flower_D.uexp" 1900
"C:/24CI0412MP/Content/Mediterranean_Coast/Meshes/SM_Flower_D.ubulk" 1901
"C:/24CI0412MP/Content/Mediterranean_Coast/Meshes/SM_Flower_D.uasset" 1902
"C:/24CI0412MP/Content/Mediterranean_Coast/Meshes/SM_Flower_D.uexp" 1903
"C:/24CI0412MP/Content/Mediterranean_Coast/World_Settings/GrassTypes/GrassLayer/LGT_Grass_A.uasset" 1904
"C:/24CI0412MP/Content/Mediterranean_Coast/World_Settings/GrassTypes/GrassLayer/LGT_Grass_A.uexp" 1905
"C:/24CI0412MP/Content/Mediterranean_Coast/Textures/Landscape_Textures/T_Forest_B_Mask.ubulk" 1906
"C:/24CI0412MP/Content/Mediterranean_Coast/Textures/Landscape_Textures/T_Forest_B_Mask.uasset" 1907
"C:/24CI0412MP/Content/Mediterranean_Coast/Textures/Landscape_Textures/T_Forest_B_Mask.uexp" 1908
"C:/24CI0412MP/Content/Mediterranean_Coast/Materials/Material_Functions/MF_Mixer.uasset" 1909
"C:/24CI0412MP/Content/Mediterranean_Coast/Materials/Material_Functions/MF_Mixer.uexp" 1910
"C:/24CI0412MP/Content/Mediterranean_Coast/Textures/Landscape_Textures/T_Forest_B_Normal.ubulk" 1911
"C:/24CI0412MP/Content/Mediterranean_Coast/Textures/Landscape_Textures/T_Forest_B_Normal.uasset" 1912
"C:/24CI0412MP/Content/Mediterranean_Coast/Textures/Landscape_Textures/T_Forest_B_Normal.uexp" 1913
"C:/24CI0412MP/Content/Mediterranean_Coast/Materials/Material_Functions/MF_Modifier.uasset" 1914
"C:/24CI0412MP/Content/Mediterranean_Coast/Materials/Material_Functions/MF_Modifier.uexp" 1915
"C:/24CI0412MP/Content/Mediterranean_Coast/Materials/Material_Functions/MF_Meter.uasset" 1916
"C:/24CI0412MP/Content/Mediterranean_Coast/Materials/Material_Functions/MF_Meter.uexp" 1917
"C:/24CI0412MP/Content/Mediterranean_Coast/Textures/Landscape_Textures/T_Forest_B_Basecolor.ubulk" 1918
"C:/24CI0412MP/Content/Mediterranean_Coast/Textures/Landscape_Textures/T_Forest_B_Basecolor.uasset" 1919
"C:/24CI0412MP/Content/Mediterranean_Coast/Textures/Landscape_Textures/T_Forest_B_Basecolor.uexp" 1920
"C:/24CI0412MP/Content/Mediterranean_Coast/Materials/Material_Functions/Landscape_Layers/MF_ForestLayer.uasset" 1921
"C:/24CI0412MP/Content/Mediterranean_Coast/Materials/Material_Functions/Landscape_Layers/MF_ForestLayer.uexp" 1922
"C:/24CI0412MP/Content/Mediterranean_Coast/Textures/Landscape_Textures/T_Gravel_N.ubulk" 1923
"C:/24CI0412MP/Content/Mediterranean_Coast/Textures/Landscape_Textures/T_Gravel_N.uasset" 1924
"C:/24CI0412MP/Content/Mediterranean_Coast/Textures/Landscape_Textures/T_Gravel_N.uexp" 1925
"C:/24CI0412MP/Content/Mediterranean_Coast/Textures/T_Atlas_C_Bc.ubulk" 1926
"C:/24CI0412MP/Content/Mediterranean_Coast/Textures/T_Atlas_C_Bc.uasset" 1927
"C:/24CI0412MP/Content/Mediterranean_Coast/Textures/T_Atlas_C_Bc.uexp" 1928
"C:/24CI0412MP/Content/Mediterranean_Coast/Textures/T_Atlas_C_ORMSS.ubulk" 1929
"C:/24CI0412MP/Content/Mediterranean_Coast/Textures/T_Atlas_C_ORMSS.uasset" 1930
"C:/24CI0412MP/Content/Mediterranean_Coast/Textures/T_Atlas_C_ORMSS.uexp" 1931
"C:/24CI0412MP/Content/Mediterranean_Coast/Textures/T_Atlas_C_Opacity.ubulk" 1932
"C:/24CI0412MP/Content/Mediterranean_Coast/Textures/T_Atlas_C_Opacity.uasset" 1933
"C:/24CI0412MP/Content/Mediterranean_Coast/Textures/T_Atlas_C_Opacity.uexp" 1934
"C:/24CI0412MP/Content/Mediterranean_Coast/Textures/T_Atlas_C_N.ubulk" 1935
"C:/24CI0412MP/Content/Mediterranean_Coast/Textures/T_Atlas_C_N.uasset" 1936
"C:/24CI0412MP/Content/Mediterranean_Coast/Textures/T_Atlas_C_N.uexp" 1937
"C:/24CI0412MP/Content/Mediterranean_Coast/Materials/MI_Veg_A.uasset" 1938
"C:/24CI0412MP/Content/Mediterranean_Coast/Materials/MI_Veg_A.uexp" 1939
"C:/24CI0412MP/Content/Mediterranean_Coast/Meshes/SM_Veg_A.ubulk" 1940
"C:/24CI0412MP/Content/Mediterranean_Coast/Meshes/SM_Veg_A.uasset" 1941
"C:/24CI0412MP/Content/Mediterranean_Coast/Meshes/SM_Veg_A.uexp" 1942
"C:/24CI0412MP/Content/Mediterranean_Coast/Materials/MI_Veg_B.uasset" 1943
"C:/24CI0412MP/Content/Mediterranean_Coast/Materials/MI_Veg_B.uexp" 1944
"C:/24CI0412MP/Content/Mediterranean_Coast/Meshes/SM_Veg_B.ubulk" 1945
"C:/24CI0412MP/Content/Mediterranean_Coast/Meshes/SM_Veg_B.uasset" 1946
"C:/24CI0412MP/Content/Mediterranean_Coast/Meshes/SM_Veg_B.uexp" 1947
"C:/24CI0412MP/Content/Mediterranean_Coast/World_Settings/GrassTypes/ForestLayer/LGT_Forest_A.uasset" 1948
"C:/24CI0412MP/Content/Mediterranean_Coast/World_Settings/GrassTypes/ForestLayer/LGT_Forest_A.uexp" 1949
"C:/24CI0412MP/Content/Mediterranean_Coast/Textures/Landscape_Textures/T_Sand_Normal.ubulk" 1950
"C:/24CI0412MP/Content/Mediterranean_Coast/Textures/Landscape_Textures/T_Sand_Normal.uasset" 1951
"C:/24CI0412MP/Content/Mediterranean_Coast/Textures/Landscape_Textures/T_Sand_Normal.uexp" 1952
"C:/24CI0412MP/Content/Mediterranean_Coast/Textures/Landscape_Textures/T_Grass_Basecolor.ubulk" 1953
"C:/24CI0412MP/Content/Mediterranean_Coast/Textures/Landscape_Textures/T_Grass_Basecolor.uasset" 1954
"C:/24CI0412MP/Content/Mediterranean_Coast/Textures/Landscape_Textures/T_Grass_Basecolor.uexp" 1955
"C:/24CI0412MP/Content/Mediterranean_Coast/Textures/Landscape_Textures/T_Grass_Mask.ubulk" 1956
"C:/24CI0412MP/Content/Mediterranean_Coast/Textures/Landscape_Textures/T_Grass_Mask.uasset" 1957
"C:/24CI0412MP/Content/Mediterranean_Coast/Textures/Landscape_Textures/T_Grass_Mask.uexp" 1958
"C:/24CI0412MP/Content/Mediterranean_Coast/Materials/Material_Functions/Landscape_Layers/MF_GrassLayer.uasset" 1959
"C:/24CI0412MP/Content/Mediterranean_Coast/Materials/Material_Functions/Landscape_Layers/MF_GrassLayer.uexp" 1960
"C:/24CI0412MP/Content/Mediterranean_Coast/Textures/T_Vegatation_Alpha_02.ubulk" 1961
"C:/24CI0412MP/Content/Mediterranean_Coast/Textures/T_Vegatation_Alpha_02.uasset" 1962
"C:/24CI0412MP/Content/Mediterranean_Coast/Textures/T_Vegatation_Alpha_02.uexp" 1963
"C:/24CI0412MP/Content/Mediterranean_Coast/Textures/Landscape_Textures/T_Sand_Mask.ubulk" 1964
"C:/24CI0412MP/Content/Mediterranean_Coast/Textures/Landscape_Textures/T_Sand_Mask.uasset" 1965
"C:/24CI0412MP/Content/Mediterranean_Coast/Textures/Landscape_Textures/T_Sand_Mask.uexp" 1966
"C:/24CI0412MP/Content/Mediterranean_Coast/Textures/Landscape_Textures/T_Gravel_Bc.ubulk" 1967
"C:/24CI0412MP/Content/Mediterranean_Coast/Textures/Landscape_Textures/T_Gravel_Bc.uasset" 1968
"C:/24CI0412MP/Content/Mediterranean_Coast/Textures/Landscape_Textures/T_Gravel_Bc.uexp" 1969
"C:/24CI0412MP/Content/Mediterranean_Coast/Textures/Landscape_Textures/T_Sand_Basecolor.ubulk" 1970
"C:/24CI0412MP/Content/Mediterranean_Coast/Textures/Landscape_Textures/T_Sand_Basecolor.uasset" 1971
"C:/24CI0412MP/Content/Mediterranean_Coast/Textures/Landscape_Textures/T_Sand_Basecolor.uexp" 1972
"C:/24CI0412MP/Content/Mediterranean_Coast/Materials/MI_Grass_B_LOD01.uasset" 1973
"C:/24CI0412MP/Content/Mediterranean_Coast/Materials/MI_Grass_B_LOD01.uexp" 1974
"C:/24CI0412MP/Content/Mediterranean_Coast/Materials/MI_Grass_B.uasset" 1975
"C:/24CI0412MP/Content/Mediterranean_Coast/Materials/MI_Grass_B.uexp" 1976
"C:/24CI0412MP/Content/Mediterranean_Coast/Meshes/SM_Grass_B.ubulk" 1977
"C:/24CI0412MP/Content/Mediterranean_Coast/Meshes/SM_Grass_B.uasset" 1978
"C:/24CI0412MP/Content/Mediterranean_Coast/Meshes/SM_Grass_B.uexp" 1979
"C:/24CI0412MP/Content/Mediterranean_Coast/Materials/MI_Grass_C.uasset" 1980
"C:/24CI0412MP/Content/Mediterranean_Coast/Materials/MI_Grass_C.uexp" 1981
"C:/24CI0412MP/Content/Mediterranean_Coast/Meshes/SM_Grass_C.ubulk" 1982
"C:/24CI0412MP/Content/Mediterranean_Coast/Meshes/SM_Grass_C.uasset" 1983
"C:/24CI0412MP/Content/Mediterranean_Coast/Meshes/SM_Grass_C.uexp" 1984
"C:/24CI0412MP/Content/Mediterranean_Coast/World_Settings/GrassTypes/GrassLayer/LGT_Grass_C.uasset" 1985
"C:/24CI0412MP/Content/Mediterranean_Coast/World_Settings/GrassTypes/GrassLayer/LGT_Grass_C.uexp" 1986
"C:/24CI0412MP/Content/Mediterranean_Coast/Materials/MI_Veg_D.uasset" 1987
"C:/24CI0412MP/Content/Mediterranean_Coast/Materials/MI_Veg_D.uexp" 1988
"C:/24CI0412MP/Content/Mediterranean_Coast/Meshes/SM_Veg_D.ubulk" 1989
"C:/24CI0412MP/Content/Mediterranean_Coast/Meshes/SM_Veg_D.uasset" 1990
"C:/24CI0412MP/Content/Mediterranean_Coast/Meshes/SM_Veg_D.uexp" 1991
"C:/24CI0412MP/Content/Mediterranean_Coast/Materials/MI_Veg_C.uasset" 1992
"C:/24CI0412MP/Content/Mediterranean_Coast/Materials/MI_Veg_C.uexp" 1993
"C:/24CI0412MP/Content/Mediterranean_Coast/Meshes/SM_Veg_C.ubulk" 1994
"C:/24CI0412MP/Content/Mediterranean_Coast/Meshes/SM_Veg_C.uasset" 1995
"C:/24CI0412MP/Content/Mediterranean_Coast/Meshes/SM_Veg_C.uexp" 1996
"C:/24CI0412MP/Content/Mediterranean_Coast/World_Settings/GrassTypes/ForestLayer/LGT_Forest_B.uasset" 1997
"C:/24CI0412MP/Content/Mediterranean_Coast/World_Settings/GrassTypes/ForestLayer/LGT_Forest_B.uexp" 1998
"C:/24CI0412MP/Content/Mediterranean_Coast/Materials/Material_Functions/Landscape_Layers/MF_SandLayer.uasset" 1999
"C:/24CI0412MP/Content/Mediterranean_Coast/Materials/Material_Functions/Landscape_Layers/MF_SandLayer.uexp" 2000
"C:/24CI0412MP/Content/Mediterranean_Coast/Textures/Landscape_Textures/T_Ground_Normal.ubulk" 2001
"C:/24CI0412MP/Content/Mediterranean_Coast/Textures/Landscape_Textures/T_Ground_Normal.uasset" 2002
"C:/24CI0412MP/Content/Mediterranean_Coast/Textures/Landscape_Textures/T_Ground_Normal.uexp" 2003
"C:/24CI0412MP/Content/Mediterranean_Coast/Materials/Material_Functions/Landscape_Layers/MF_GroundLayer.uasset" 2004
"C:/24CI0412MP/Content/Mediterranean_Coast/Materials/Material_Functions/Landscape_Layers/MF_GroundLayer.uexp" 2005
"C:/24CI0412MP/Content/Mediterranean_Coast/World_Settings/GrassTypes/ForestLayer/LGT_Forest_D.uasset" 2006
"C:/24CI0412MP/Content/Mediterranean_Coast/World_Settings/GrassTypes/ForestLayer/LGT_Forest_D.uexp" 2007
"C:/24CI0412MP/Content/Mediterranean_Coast/Textures/Landscape_Textures/T_Gravel_ORM.ubulk" 2008
"C:/24CI0412MP/Content/Mediterranean_Coast/Textures/Landscape_Textures/T_Gravel_ORM.uasset" 2009
"C:/24CI0412MP/Content/Mediterranean_Coast/Textures/Landscape_Textures/T_Gravel_ORM.uexp" 2010
"C:/24CI0412MP/Content/Mediterranean_Coast/Materials/Material_Functions/Landscape_Layers/MF_RocksLayer.uasset" 2011
"C:/24CI0412MP/Content/Mediterranean_Coast/Materials/Material_Functions/Landscape_Layers/MF_RocksLayer.uexp" 2012
"C:/24CI0412MP/Content/Mediterranean_Coast/Materials/Material_Functions/Landscape_Layers/MF_CliffLayer.uasset" 2013
"C:/24CI0412MP/Content/Mediterranean_Coast/Materials/Material_Functions/Landscape_Layers/MF_CliffLayer.uexp" 2014
"C:/24CI0412MP/Content/Mediterranean_Coast/Textures/T_Vegatation_Alpha_01.ubulk" 2015
"C:/24CI0412MP/Content/Mediterranean_Coast/Textures/T_Vegatation_Alpha_01.uasset" 2016
"C:/24CI0412MP/Content/Mediterranean_Coast/Textures/T_Vegatation_Alpha_01.uexp" 2017
"C:/24CI0412MP/Content/Mediterranean_Coast/Materials/Master_Materials/M_Landscape.uasset" 2018
"C:/24CI0412MP/Content/Mediterranean_Coast/Materials/Master_Materials/M_Landscape.uexp" 2019
"C:/24CI0412MP/Content/Mediterranean_Coast/Textures/Landscape_Textures/T_Forest_Mask.ubulk" 2020
"C:/24CI0412MP/Content/Mediterranean_Coast/Textures/Landscape_Textures/T_Forest_Mask.uasset" 2021
"C:/24CI0412MP/Content/Mediterranean_Coast/Textures/Landscape_Textures/T_Forest_Mask.uexp" 2022
"C:/24CI0412MP/Content/Mediterranean_Coast/Textures/Landscape_Textures/T_Forest_Normal.ubulk" 2023
"C:/24CI0412MP/Content/Mediterranean_Coast/Textures/Landscape_Textures/T_Forest_Normal.uasset" 2024
"C:/24CI0412MP/Content/Mediterranean_Coast/Textures/Landscape_Textures/T_Forest_Normal.uexp" 2025
"C:/24CI0412MP/Content/Mediterranean_Coast/Textures/Landscape_Textures/T_Forest_Basecolor.ubulk" 2026
"C:/24CI0412MP/Content/Mediterranean_Coast/Textures/Landscape_Textures/T_Forest_Basecolor.uasset" 2027
"C:/24CI0412MP/Content/Mediterranean_Coast/Textures/Landscape_Textures/T_Forest_Basecolor.uexp" 2028
"C:/24CI0412MP/Content/Mediterranean_Coast/Materials/MI_Landscape_WestCoast.uasset" 2029
"C:/24CI0412MP/Content/Mediterranean_Coast/Materials/MI_Landscape_WestCoast.uexp" 2030
"C:/24CI0412MP/Content/Mediterranean_Coast/Materials/MI_Background_A1.uasset" 2031
"C:/24CI0412MP/Content/Mediterranean_Coast/Materials/MI_Background_A1.uexp" 2032
"C:/24CI0412MP/Content/LevelPrototyping/Textures/T_GridChecker_A.ubulk" 2033
"C:/24CI0412MP/Content/LevelPrototyping/Textures/T_GridChecker_A.uasset" 2034
"C:/24CI0412MP/Content/LevelPrototyping/Textures/T_GridChecker_A.uexp" 2035
"C:/24CI0412MP/Content/LevelPrototyping/Materials/MF_ProcGrid.uasset" 2036
"C:/24CI0412MP/Content/LevelPrototyping/Materials/MF_ProcGrid.uexp" 2037
"C:/24CI0412MP/Content/LevelPrototyping/Materials/M_PrototypeGrid.uasset" 2038
"C:/24CI0412MP/Content/LevelPrototyping/Materials/M_PrototypeGrid.uexp" 2039
"C:/24CI0412MP/Content/LevelPrototyping/Materials/MI_PrototypeGrid_Gray.uasset" 2040
"C:/24CI0412MP/Content/LevelPrototyping/Materials/MI_PrototypeGrid_Gray.uexp" 2041
"C:/24CI0412MP/Content/LevelPrototyping/Meshes/SM_Ramp.ubulk" 2042
"C:/24CI0412MP/Content/LevelPrototyping/Meshes/SM_Ramp.uasset" 2043
"C:/24CI0412MP/Content/LevelPrototyping/Meshes/SM_Ramp.uexp" 2044
"C:/24CI0412MP/Content/LevelPrototyping/Meshes/SM_QuarterCylinder.ubulk" 2045
"C:/24CI0412MP/Content/LevelPrototyping/Meshes/SM_QuarterCylinder.uasset" 2046
"C:/24CI0412MP/Content/LevelPrototyping/Meshes/SM_QuarterCylinder.uexp" 2047
"C:/24CI0412MP/Content/LevelPrototyping/Meshes/SM_Cylinder.ubulk" 2048
"C:/24CI0412MP/Content/LevelPrototyping/Meshes/SM_Cylinder.uasset" 2049
"C:/24CI0412MP/Content/LevelPrototyping/Meshes/SM_Cylinder.uexp" 2050
"C:/24CI0412MP/Content/LevelPrototyping/Materials/MI_PrototypeGrid_TopDark.uasset" 2051
"C:/24CI0412MP/Content/LevelPrototyping/Materials/MI_PrototypeGrid_TopDark.uexp" 2052
"C:/24CI0412MP/Content/LevelPrototyping/Materials/MI_PrototypeGrid_Gray_02.uasset" 2053
"C:/24CI0412MP/Content/LevelPrototyping/Materials/MI_PrototypeGrid_Gray_02.uexp" 2054
"C:/24CI0412MP/Content/Satou/KTP_Effect/Textures/PublicTextures/T_Aura_05.ubulk" 2055
"C:/24CI0412MP/Content/Satou/KTP_Effect/Textures/PublicTextures/T_Aura_05.uasset" 2056
"C:/24CI0412MP/Content/Satou/KTP_Effect/Textures/PublicTextures/T_Aura_05.uexp" 2057
"C:/24CI0412MP/Content/Satou/KTP_Effect/Materials/PublicMaterials/M_wave_fly007.uasset" 2058
"C:/24CI0412MP/Content/Satou/KTP_Effect/Materials/PublicMaterials/M_wave_fly007.uexp" 2059
"C:/24CI0412MP/Content/Satou/KTP_Effect/Mesh/SM_FX_wave.ubulk" 2060
"C:/24CI0412MP/Content/Satou/KTP_Effect/Mesh/SM_FX_wave.uasset" 2061
"C:/24CI0412MP/Content/Satou/KTP_Effect/Mesh/SM_FX_wave.uexp" 2062
"../../../Engine/Content/Functions/Engine_MaterialFunctions02/Utility/VectorToRadialValue.uasset" 2063
"../../../Engine/Content/Functions/Engine_MaterialFunctions02/Utility/VectorToRadialValue.uexp" 2064
"C:/24CI0412MP/Content/Satou/KTP_Effect/Textures/PublicTextures/T_Aura_07.ubulk" 2065
"C:/24CI0412MP/Content/Satou/KTP_Effect/Textures/PublicTextures/T_Aura_07.uasset" 2066
"C:/24CI0412MP/Content/Satou/KTP_Effect/Textures/PublicTextures/T_Aura_07.uexp" 2067
"C:/24CI0412MP/Content/Satou/KTP_Effect/Textures/T_fly07_2.ubulk" 2068
"C:/24CI0412MP/Content/Satou/KTP_Effect/Textures/T_fly07_2.uasset" 2069
"C:/24CI0412MP/Content/Satou/KTP_Effect/Textures/T_fly07_2.uexp" 2070
"C:/24CI0412MP/Content/Satou/KTP_Effect/Textures/PublicTextures/T_Aura_01.ubulk" 2071
"C:/24CI0412MP/Content/Satou/KTP_Effect/Textures/PublicTextures/T_Aura_01.uasset" 2072
"C:/24CI0412MP/Content/Satou/KTP_Effect/Textures/PublicTextures/T_Aura_01.uexp" 2073
"../../../Engine/Content/Functions/Engine_MaterialFunctions01/Density/ExponentialDensity.uasset" 2074
"../../../Engine/Content/Functions/Engine_MaterialFunctions01/Density/ExponentialDensity.uexp" 2075
"../../../Engine/Content/Functions/Engine_MaterialFunctions01/Gradient/RadialGradientExponential.uasset" 2076
"../../../Engine/Content/Functions/Engine_MaterialFunctions01/Gradient/RadialGradientExponential.uexp" 2077
"C:/24CI0412MP/Content/Satou/KTP_Effect/Materials/M_fly07_2.uasset" 2078
"C:/24CI0412MP/Content/Satou/KTP_Effect/Materials/M_fly07_2.uexp" 2079
"C:/24CI0412MP/Content/Satou/KTP_Effect/Textures/PublicTextures/T_Aura_04.ubulk" 2080
"C:/24CI0412MP/Content/Satou/KTP_Effect/Textures/PublicTextures/T_Aura_04.uasset" 2081
"C:/24CI0412MP/Content/Satou/KTP_Effect/Textures/PublicTextures/T_Aura_04.uexp" 2082
"C:/24CI0412MP/Content/Satou/KTP_Effect/Textures/PublicTextures/T_Noise.ubulk" 2083
"C:/24CI0412MP/Content/Satou/KTP_Effect/Textures/PublicTextures/T_Noise.uasset" 2084
"C:/24CI0412MP/Content/Satou/KTP_Effect/Textures/PublicTextures/T_Noise.uexp" 2085
"../../../Engine/Content/Functions/Engine_MaterialFunctions01/ImageAdjustment/DeriveHDRfromLDR.uasset" 2086
"../../../Engine/Content/Functions/Engine_MaterialFunctions01/ImageAdjustment/DeriveHDRfromLDR.uexp" 2087
"C:/24CI0412MP/Content/Satou/KTP_Effect/Textures/PublicTextures/T_Aura_02.ubulk" 2088
"C:/24CI0412MP/Content/Satou/KTP_Effect/Textures/PublicTextures/T_Aura_02.uasset" 2089
"C:/24CI0412MP/Content/Satou/KTP_Effect/Textures/PublicTextures/T_Aura_02.uexp" 2090
"C:/24CI0412MP/Content/Satou/KTP_Effect/Materials/PublicMaterials/M_FX_Aura_21.uasset" 2091
"C:/24CI0412MP/Content/Satou/KTP_Effect/Materials/PublicMaterials/M_FX_Aura_21.uexp" 2092
"../../../Engine/Plugins/FX/Niagara/Content/Enums/Transforms/ENiagara_MeshOrientationOptions.uasset" 2093
"../../../Engine/Plugins/FX/Niagara/Content/Enums/Transforms/ENiagara_MeshOrientationOptions.uexp" 2094
"../../../Engine/Plugins/FX/Niagara/Content/Enums/ENiagaraExpansionMode.uasset" 2095
"../../../Engine/Plugins/FX/Niagara/Content/Enums/ENiagaraExpansionMode.uexp" 2096
"C:/24CI0412MP/Content/Satou/KTP_Effect/Textures/PublicTextures/T_Glow.ubulk" 2097
"C:/24CI0412MP/Content/Satou/KTP_Effect/Textures/PublicTextures/T_Glow.uasset" 2098
"C:/24CI0412MP/Content/Satou/KTP_Effect/Textures/PublicTextures/T_Glow.uexp" 2099
"C:/24CI0412MP/Content/Satou/KTP_Effect/Materials/PublicMaterials/M_FX_Glow_fly07.uasset" 2100
"C:/24CI0412MP/Content/Satou/KTP_Effect/Materials/PublicMaterials/M_FX_Glow_fly07.uexp" 2101
"C:/24CI0412MP/Content/Satou/KTP_Effect/Particles/Fly/Expolison_07_02.uasset" 2102
"C:/24CI0412MP/Content/Satou/KTP_Effect/Particles/Fly/Expolison_07_02.uexp" 2103
"C:/24CI0412MP/Content/Satou/KTP_Effect/Textures/PublicTextures/T_Star_02.ubulk" 2104
"C:/24CI0412MP/Content/Satou/KTP_Effect/Textures/PublicTextures/T_Star_02.uasset" 2105
"C:/24CI0412MP/Content/Satou/KTP_Effect/Textures/PublicTextures/T_Star_02.uexp" 2106
"C:/24CI0412MP/Content/Satou/KTP_Effect/Materials/PublicMaterials/M_FX_Glow_11.uasset" 2107
"C:/24CI0412MP/Content/Satou/KTP_Effect/Materials/PublicMaterials/M_FX_Glow_11.uexp" 2108
"C:/24CI0412MP/Content/Satou/KTP_Effect/Particles/Fly/Others/energy_10_01.uasset" 2109
"C:/24CI0412MP/Content/Satou/KTP_Effect/Particles/Fly/Others/energy_10_01.uexp" 2110
"C:/24CI0412MP/Content/Kanda/VRActor_2.uasset" 2111
"C:/24CI0412MP/Content/Kanda/VRActor_2.uexp" 2112
"C:/24CI0412MP/Content/Kanda/Input/IA_Look.uasset" 2113
"C:/24CI0412MP/Content/Kanda/Input/IA_Look.uexp" 2114
"C:/24CI0412MP/Content/Kanda/Input/IA_TestPad.uasset" 2115
"C:/24CI0412MP/Content/Kanda/Input/IA_TestPad.uexp" 2116
"C:/24CI0412MP/Content/Kanda/Input/IA_GoMagic.uasset" 2117
"C:/24CI0412MP/Content/Kanda/Input/IA_GoMagic.uexp" 2118
"C:/24CI0412MP/Content/Kanda/Input/IA_InputMove.uasset" 2119
"C:/24CI0412MP/Content/Kanda/Input/IA_InputMove.uexp" 2120
"C:/24CI0412MP/Content/Kanda/Input/IA_ChargeMagic.uasset" 2121
"C:/24CI0412MP/Content/Kanda/Input/IA_ChargeMagic.uexp" 2122
"C:/24CI0412MP/Content/Kanda/Input/IMC_TestPad.uasset" 2123
"C:/24CI0412MP/Content/Kanda/Input/IMC_TestPad.uexp" 2124
"C:/24CI0412MP/Content/Kanda/Input/IA_SelectMagic.uasset" 2125
"C:/24CI0412MP/Content/Kanda/Input/IA_SelectMagic.uexp" 2126
"C:/24CI0412MP/Content/FPWeapon/Mesh/SK_FPGun_PhysicsAsset.uasset" 2127
"C:/24CI0412MP/Content/FPWeapon/Mesh/SK_FPGun_PhysicsAsset.uexp" 2128
"C:/24CI0412MP/Content/FPWeapon/Materials/BaseMaterial.uasset" 2129
"C:/24CI0412MP/Content/FPWeapon/Materials/BaseMaterial.uexp" 2130
"C:/24CI0412MP/Content/FPWeapon/Materials/FirstPersonProjectileMaterial.uasset" 2131
"C:/24CI0412MP/Content/FPWeapon/Materials/FirstPersonProjectileMaterial.uexp" 2132
"C:/24CI0412MP/Content/FPWeapon/Mesh/FirstPersonProjectileMesh.ubulk" 2133
"C:/24CI0412MP/Content/FPWeapon/Mesh/FirstPersonProjectileMesh.uasset" 2134
"C:/24CI0412MP/Content/FPWeapon/Mesh/FirstPersonProjectileMesh.uexp" 2135
"C:/24CI0412MP/Content/FPWeapon/Audio/FirstPersonTemplateWeaponFire02.ubulk" 2136
"C:/24CI0412MP/Content/FPWeapon/Audio/FirstPersonTemplateWeaponFire02.uasset" 2137
"C:/24CI0412MP/Content/FPWeapon/Audio/FirstPersonTemplateWeaponFire02.uexp" 2138
"C:/24CI0412MP/Content/CreateAsetts_CG/SK_Magic_PhysicsAsset.uasset" 2139
"C:/24CI0412MP/Content/CreateAsetts_CG/SK_Magic_PhysicsAsset.uexp" 2140
"C:/24CI0412MP/Content/CreateAsetts_CG/M_Eye.uasset" 2141
"C:/24CI0412MP/Content/CreateAsetts_CG/M_Eye.uexp" 2142
"C:/24CI0412MP/Content/CreateAsetts_CG/M_Body.uasset" 2143
"C:/24CI0412MP/Content/CreateAsetts_CG/M_Body.uexp" 2144
"C:/24CI0412MP/Content/CreateAsetts_CG/A_Magic_Skeleton.uasset" 2145
"C:/24CI0412MP/Content/CreateAsetts_CG/A_Magic_Skeleton.uexp" 2146
"C:/24CI0412MP/Content/CreateAsetts_CG/SK_Magic.uasset" 2147
"C:/24CI0412MP/Content/CreateAsetts_CG/SK_Magic.uexp" 2148
"C:/24CI0412MP/Content/CreateAsetts_CG/A_Magic_PhysicsAsset.uasset" 2149
"C:/24CI0412MP/Content/CreateAsetts_CG/A_Magic_PhysicsAsset.uexp" 2150
"C:/24CI0412MP/Content/CreateAsetts_CG/A_Magic.uasset" 2151
"C:/24CI0412MP/Content/CreateAsetts_CG/A_Magic.uexp" 2152
"../../../Engine/Content/Functions/Engine_MaterialFunctions01/Shading/PowerToRoughness.uasset" 2153
"../../../Engine/Content/Functions/Engine_MaterialFunctions01/Shading/PowerToRoughness.uexp" 2154
"../../../Engine/Content/Functions/Engine_MaterialFunctions01/Shading/ConvertFromDiffSpec.uasset" 2155
"../../../Engine/Content/Functions/Engine_MaterialFunctions01/Shading/ConvertFromDiffSpec.uexp" 2156
"../../../Engine/Content/EngineMaterials/Substrate/Volume/SubstrateSimpleVolumeLUT3D.uasset" 2157
"../../../Engine/Content/EngineMaterials/Substrate/Volume/SubstrateSimpleVolumeLUT3D.uexp" 2158
"../../../Engine/Content/EngineMaterials/Substrate/Volume/SubstrateSimpleVolumeEnvLUT3D.uasset" 2159
"../../../Engine/Content/EngineMaterials/Substrate/Volume/SubstrateSimpleVolumeEnvLUT3D.uexp" 2160
"../../../Engine/Content/EngineMaterials/Substrate/GLints2/AGlintTex2dArray2.uasset" 2161
"../../../Engine/Content/EngineMaterials/Substrate/GLints2/AGlintTex2dArray2.uexp" 2162
"../../../Engine/Content/EngineMaterials/Substrate/GLints/AGlintTex2dArray.uasset" 2163
"../../../Engine/Content/EngineMaterials/Substrate/GLints/AGlintTex2dArray.uexp" 2164
"C:/24CI0412MP/Content/Satou/KTP_Effect/Textures/T_bottom02_5.ubulk" 2165
"C:/24CI0412MP/Content/Satou/KTP_Effect/Textures/T_bottom02_5.uasset" 2166
"C:/24CI0412MP/Content/Satou/KTP_Effect/Textures/T_bottom02_5.uexp" 2167
"C:/24CI0412MP/Content/Satou/KTP_Effect/Materials/M_botton02_7.uasset" 2168
"C:/24CI0412MP/Content/Satou/KTP_Effect/Materials/M_botton02_7.uexp" 2169
"C:/24CI0412MP/Content/Satou/KTP_Effect/Materials/PublicMaterials/M_FX_Aura_bt01.uasset" 2170
"C:/24CI0412MP/Content/Satou/KTP_Effect/Materials/PublicMaterials/M_FX_Aura_bt01.uexp" 2171
"C:/24CI0412MP/Content/Satou/KTP_Effect/Textures/PublicTextures/T_Mask.ubulk" 2172
"C:/24CI0412MP/Content/Satou/KTP_Effect/Textures/PublicTextures/T_Mask.uasset" 2173
"C:/24CI0412MP/Content/Satou/KTP_Effect/Textures/PublicTextures/T_Mask.uexp" 2174
"C:/24CI0412MP/Content/Satou/KTP_Effect/Textures/PublicTextures/T_Aura_06.ubulk" 2175
"C:/24CI0412MP/Content/Satou/KTP_Effect/Textures/PublicTextures/T_Aura_06.uasset" 2176
"C:/24CI0412MP/Content/Satou/KTP_Effect/Textures/PublicTextures/T_Aura_06.uexp" 2177
"C:/24CI0412MP/Content/Satou/KTP_Effect/Materials/PublicMaterials/M_fire01_bt02.uasset" 2178
"C:/24CI0412MP/Content/Satou/KTP_Effect/Materials/PublicMaterials/M_fire01_bt02.uexp" 2179
"C:/24CI0412MP/Content/Satou/KTP_Effect/Mesh/SM_FX_Potton01.ubulk" 2180
"C:/24CI0412MP/Content/Satou/KTP_Effect/Mesh/SM_FX_Potton01.uasset" 2181
"C:/24CI0412MP/Content/Satou/KTP_Effect/Mesh/SM_FX_Potton01.uexp" 2182
"C:/24CI0412MP/Content/Satou/KTP_Effect/Materials/PublicMaterials/M_FX_Aura.uasset" 2183
"C:/24CI0412MP/Content/Satou/KTP_Effect/Materials/PublicMaterials/M_FX_Aura.uexp" 2184
"C:/24CI0412MP/Content/Satou/KTP_Effect/Particles/Bottom/Bottom02-07.uasset" 2185
"C:/24CI0412MP/Content/Satou/KTP_Effect/Particles/Bottom/Bottom02-07.uexp" 2186
"C:/24CI0412MP/Content/Oonishi/TestMagicCircle.uasset" 2187
"C:/24CI0412MP/Content/Oonishi/TestMagicCircle.uexp" 2188
"C:/24CI0412MP/Content/Satou/Mesh/Mat.uasset" 2189
"C:/24CI0412MP/Content/Satou/Mesh/Mat.uexp" 2190
"C:/24CI0412MP/Content/Satou/Mesh/Mat_1.uasset" 2191
"C:/24CI0412MP/Content/Satou/Mesh/Mat_1.uexp" 2192
"C:/24CI0412MP/Content/Satou/Mesh/Mat_2.uasset" 2193
"C:/24CI0412MP/Content/Satou/Mesh/Mat_2.uexp" 2194
"C:/24CI0412MP/Content/Satou/Mesh/Mat_3.uasset" 2195
"C:/24CI0412MP/Content/Satou/Mesh/Mat_3.uexp" 2196
"C:/24CI0412MP/Content/Satou/Mesh/Mat_4.uasset" 2197
"C:/24CI0412MP/Content/Satou/Mesh/Mat_4.uexp" 2198
"C:/24CI0412MP/Content/Satou/Mesh/Mat_6.uasset" 2199
"C:/24CI0412MP/Content/Satou/Mesh/Mat_6.uexp" 2200
"C:/24CI0412MP/Content/Satou/Mesh/Castle.ubulk" 2201
"C:/24CI0412MP/Content/Satou/Mesh/Castle.uasset" 2202
"C:/24CI0412MP/Content/Satou/Mesh/Castle.uexp" 2203
"../../../Engine/Content/EngineSky/T_Sky_Stars.ubulk" 2204
"../../../Engine/Content/EngineSky/T_Sky_Stars.uasset" 2205
"../../../Engine/Content/EngineSky/T_Sky_Stars.uexp" 2206
"../../../Engine/Content/EngineSky/T_Sky_Clouds_M.ubulk" 2207
"../../../Engine/Content/EngineSky/T_Sky_Clouds_M.uasset" 2208
"../../../Engine/Content/EngineSky/T_Sky_Clouds_M.uexp" 2209
"../../../Engine/Content/EngineSky/T_Sky_Blue.ubulk" 2210
"../../../Engine/Content/EngineSky/T_Sky_Blue.uasset" 2211
"../../../Engine/Content/EngineSky/T_Sky_Blue.uexp" 2212
"../../../Engine/Content/EngineSky/M_Sky_Panning_Clouds2.uasset" 2213
"../../../Engine/Content/EngineSky/M_Sky_Panning_Clouds2.uexp" 2214
"../../../Engine/Content/EngineSky/SM_SkySphere.ubulk" 2215
"../../../Engine/Content/EngineSky/SM_SkySphere.uasset" 2216
"../../../Engine/Content/EngineSky/SM_SkySphere.uexp" 2217
"../../../Engine/Content/EngineSky/M_SimpleSkyDome.uasset" 2218
"../../../Engine/Content/EngineSky/M_SimpleSkyDome.uexp" 2219
"C:/24CI0412MP/Content/Satou/satou01_HLOD0_Instancing.uasset" 2220
"C:/24CI0412MP/Content/Satou/satou01_HLOD0_Instancing.uexp" 2221
"C:/24CI0412MP/Content/CreateAsetts_CG/UE5_File/Magic/T_Eye_BaseColor.ubulk" 2222
"C:/24CI0412MP/Content/CreateAsetts_CG/UE5_File/Magic/T_Eye_BaseColor.uasset" 2223
"C:/24CI0412MP/Content/CreateAsetts_CG/UE5_File/Magic/T_Eye_BaseColor.uexp" 2224
"C:/24CI0412MP/Content/CreateAsetts_CG/UE5_File/Magic/T_Eye_OP.ubulk" 2225
"C:/24CI0412MP/Content/CreateAsetts_CG/UE5_File/Magic/T_Eye_OP.uasset" 2226
"C:/24CI0412MP/Content/CreateAsetts_CG/UE5_File/Magic/T_Eye_OP.uexp" 2227
"C:/24CI0412MP/Content/CreateAsetts_CG/UE5_File/Magic/T_Eye_Roughness.ubulk" 2228
"C:/24CI0412MP/Content/CreateAsetts_CG/UE5_File/Magic/T_Eye_Roughness.uasset" 2229
"C:/24CI0412MP/Content/CreateAsetts_CG/UE5_File/Magic/T_Eye_Roughness.uexp" 2230
"C:/24CI0412MP/Content/CreateAsetts_CG/UE5_File/Magic/M_Eye.uasset" 2231
"C:/24CI0412MP/Content/CreateAsetts_CG/UE5_File/Magic/M_Eye.uexp" 2232
"C:/24CI0412MP/Content/CreateAsetts_CG/UE5_File/Magic/SK_Magic.uasset" 2233
"C:/24CI0412MP/Content/CreateAsetts_CG/UE5_File/Magic/SK_Magic.uexp" 2234
"C:/24CI0412MP/Content/CreateAsetts_CG/UE5_File/Magic/T_Body_BaseColor.ubulk" 2235
"C:/24CI0412MP/Content/CreateAsetts_CG/UE5_File/Magic/T_Body_BaseColor.uasset" 2236
"C:/24CI0412MP/Content/CreateAsetts_CG/UE5_File/Magic/T_Body_BaseColor.uexp" 2237
"C:/24CI0412MP/Content/CreateAsetts_CG/UE5_File/Magic/T_Body_Roughness.ubulk" 2238
"C:/24CI0412MP/Content/CreateAsetts_CG/UE5_File/Magic/T_Body_Roughness.uasset" 2239
"C:/24CI0412MP/Content/CreateAsetts_CG/UE5_File/Magic/T_Body_Roughness.uexp" 2240
"C:/24CI0412MP/Content/CreateAsetts_CG/UE5_File/Magic/T_Body_Normal.ubulk" 2241
"C:/24CI0412MP/Content/CreateAsetts_CG/UE5_File/Magic/T_Body_Normal.uasset" 2242
"C:/24CI0412MP/Content/CreateAsetts_CG/UE5_File/Magic/T_Body_Normal.uexp" 2243
"C:/24CI0412MP/Content/CreateAsetts_CG/UE5_File/Magic/M_Body.uasset" 2244
"C:/24CI0412MP/Content/CreateAsetts_CG/UE5_File/Magic/M_Body.uexp" 2245
"../../../Engine/Content/EditorBlueprintResources/StandardMacros.uasset" 2246
"../../../Engine/Content/EditorBlueprintResources/StandardMacros.uexp" 2247
"C:/24CI0412MP/Content/Satou/Blueprints/BP_WayTestChara.uasset" 2248
"C:/24CI0412MP/Content/Satou/Blueprints/BP_WayTestChara.uexp" 2249
"C:/24CI0412MP/Content/Satou/Stylized_PBR_Nature/Foliage/Textures/T_Pine_Tree_Trunk_N.ubulk" 2250
"C:/24CI0412MP/Content/Satou/Stylized_PBR_Nature/Foliage/Textures/T_Pine_Tree_Trunk_N.uasset" 2251
"C:/24CI0412MP/Content/Satou/Stylized_PBR_Nature/Foliage/Textures/T_Pine_Tree_Trunk_N.uexp" 2252
"C:/24CI0412MP/Content/Satou/Stylized_PBR_Nature/Foliage/Textures/T_Pine_Tree_Trunk_ORM.ubulk" 2253
"C:/24CI0412MP/Content/Satou/Stylized_PBR_Nature/Foliage/Textures/T_Pine_Tree_Trunk_ORM.uasset" 2254
"C:/24CI0412MP/Content/Satou/Stylized_PBR_Nature/Foliage/Textures/T_Pine_Tree_Trunk_ORM.uexp" 2255
"C:/24CI0412MP/Content/Satou/Stylized_PBR_Nature/Foliage/Textures/T_Pine_Tree_Trunk_D.ubulk" 2256
"C:/24CI0412MP/Content/Satou/Stylized_PBR_Nature/Foliage/Textures/T_Pine_Tree_Trunk_D.uasset" 2257
"C:/24CI0412MP/Content/Satou/Stylized_PBR_Nature/Foliage/Textures/T_Pine_Tree_Trunk_D.uexp" 2258
"C:/24CI0412MP/Content/Satou/Stylized_PBR_Nature/Foliage/Materials/M_Tree_Trunk_Master.uasset" 2259
"C:/24CI0412MP/Content/Satou/Stylized_PBR_Nature/Foliage/Materials/M_Tree_Trunk_Master.uexp" 2260
"C:/24CI0412MP/Content/Satou/Stylized_PBR_Nature/Foliage/Textures/T_Common_Tree_07_ORM.ubulk" 2261
"C:/24CI0412MP/Content/Satou/Stylized_PBR_Nature/Foliage/Textures/T_Common_Tree_07_ORM.uasset" 2262
"C:/24CI0412MP/Content/Satou/Stylized_PBR_Nature/Foliage/Textures/T_Common_Tree_07_ORM.uexp" 2263
"C:/24CI0412MP/Content/Satou/Stylized_PBR_Nature/Foliage/Textures/T_Common_Tree_07_D.ubulk" 2264
"C:/24CI0412MP/Content/Satou/Stylized_PBR_Nature/Foliage/Textures/T_Common_Tree_07_D.uasset" 2265
"C:/24CI0412MP/Content/Satou/Stylized_PBR_Nature/Foliage/Textures/T_Common_Tree_07_D.uexp" 2266
"C:/24CI0412MP/Content/Satou/Stylized_PBR_Nature/Foliage/Textures/T_Common_Tree_07_N.ubulk" 2267
"C:/24CI0412MP/Content/Satou/Stylized_PBR_Nature/Foliage/Textures/T_Common_Tree_07_N.uasset" 2268
"C:/24CI0412MP/Content/Satou/Stylized_PBR_Nature/Foliage/Textures/T_Common_Tree_07_N.uexp" 2269
"C:/24CI0412MP/Content/Satou/Stylized_PBR_Nature/Foliage/Materials/MI_Common_Tree_07.uasset" 2270
"C:/24CI0412MP/Content/Satou/Stylized_PBR_Nature/Foliage/Materials/MI_Common_Tree_07.uexp" 2271
"C:/24CI0412MP/Content/Satou/Stylized_PBR_Nature/Foliage/Textures/T_Common_Tree_Leaves_D.ubulk" 2272
"C:/24CI0412MP/Content/Satou/Stylized_PBR_Nature/Foliage/Textures/T_Common_Tree_Leaves_D.uasset" 2273
"C:/24CI0412MP/Content/Satou/Stylized_PBR_Nature/Foliage/Textures/T_Common_Tree_Leaves_D.uexp" 2274
"C:/24CI0412MP/Content/Satou/Stylized_PBR_Nature/Foliage/Textures/T_Grass_D.ubulk" 2275
"C:/24CI0412MP/Content/Satou/Stylized_PBR_Nature/Foliage/Textures/T_Grass_D.uasset" 2276
"C:/24CI0412MP/Content/Satou/Stylized_PBR_Nature/Foliage/Textures/T_Grass_D.uexp" 2277
"C:/24CI0412MP/Content/Satou/Stylized_PBR_Nature/Foliage/Materials/M_Foliage_Master.uasset" 2278
"C:/24CI0412MP/Content/Satou/Stylized_PBR_Nature/Foliage/Materials/M_Foliage_Master.uexp" 2279
"C:/24CI0412MP/Content/Satou/Stylized_PBR_Nature/Foliage/Materials/MI_Common_Tree_Leaves.uasset" 2280
"C:/24CI0412MP/Content/Satou/Stylized_PBR_Nature/Foliage/Materials/MI_Common_Tree_Leaves.uexp" 2281
"C:/24CI0412MP/Content/Satou/Stylized_PBR_Nature/Foliage/Assets/SM_Common_Tree_07.ubulk" 2282
"C:/24CI0412MP/Content/Satou/Stylized_PBR_Nature/Foliage/Assets/SM_Common_Tree_07.uasset" 2283
"C:/24CI0412MP/Content/Satou/Stylized_PBR_Nature/Foliage/Assets/SM_Common_Tree_07.uexp" 2284
"C:/24CI0412MP/Content/Satou/Stylized_PBR_Nature/Foliage/FoliageTypes/SM_Common_Tree_07_FoliageType.uasset" 2285
"C:/24CI0412MP/Content/Satou/Stylized_PBR_Nature/Foliage/FoliageTypes/SM_Common_Tree_07_FoliageType.uexp" 2286
"C:/24CI0412MP/Content/Satou/Stylized_PBR_Nature/Foliage/Textures/T_Pine_Tree_Leaves_D.ubulk" 2287
"C:/24CI0412MP/Content/Satou/Stylized_PBR_Nature/Foliage/Textures/T_Pine_Tree_Leaves_D.uasset" 2288
"C:/24CI0412MP/Content/Satou/Stylized_PBR_Nature/Foliage/Textures/T_Pine_Tree_Leaves_D.uexp" 2289
"C:/24CI0412MP/Content/Satou/Stylized_PBR_Nature/Foliage/Materials/MI_Pine_Tree_Leaves.uasset" 2290
"C:/24CI0412MP/Content/Satou/Stylized_PBR_Nature/Foliage/Materials/MI_Pine_Tree_Leaves.uexp" 2291
"C:/24CI0412MP/Content/Satou/Stylized_PBR_Nature/Foliage/Materials/MI_Pine_Trunk.uasset" 2292
"C:/24CI0412MP/Content/Satou/Stylized_PBR_Nature/Foliage/Materials/MI_Pine_Trunk.uexp" 2293
"C:/24CI0412MP/Content/Satou/Stylized_PBR_Nature/Foliage/Assets/SM_Pine_Tree_3.ubulk" 2294
"C:/24CI0412MP/Content/Satou/Stylized_PBR_Nature/Foliage/Assets/SM_Pine_Tree_3.uasset" 2295
"C:/24CI0412MP/Content/Satou/Stylized_PBR_Nature/Foliage/Assets/SM_Pine_Tree_3.uexp" 2296
"C:/24CI0412MP/Content/Satou/Stylized_PBR_Nature/Foliage/FoliageTypes/SM_Pine_Tree_3_FoliageType.uasset" 2297
"C:/24CI0412MP/Content/Satou/Stylized_PBR_Nature/Foliage/FoliageTypes/SM_Pine_Tree_3_FoliageType.uexp" 2298
"C:/24CI0412MP/Content/Satou/Stylized_PBR_Nature/Foliage/Textures/T_Common_Tree_10_N.ubulk" 2299
"C:/24CI0412MP/Content/Satou/Stylized_PBR_Nature/Foliage/Textures/T_Common_Tree_10_N.uasset" 2300
"C:/24CI0412MP/Content/Satou/Stylized_PBR_Nature/Foliage/Textures/T_Common_Tree_10_N.uexp" 2301
"C:/24CI0412MP/Content/Satou/Stylized_PBR_Nature/Foliage/Textures/T_Common_Tree_10_D.ubulk" 2302
"C:/24CI0412MP/Content/Satou/Stylized_PBR_Nature/Foliage/Textures/T_Common_Tree_10_D.uasset" 2303
"C:/24CI0412MP/Content/Satou/Stylized_PBR_Nature/Foliage/Textures/T_Common_Tree_10_D.uexp" 2304
"C:/24CI0412MP/Content/Satou/Stylized_PBR_Nature/Foliage/Materials/MI_Common_Tree_10.uasset" 2305
"C:/24CI0412MP/Content/Satou/Stylized_PBR_Nature/Foliage/Materials/MI_Common_Tree_10.uexp" 2306
"C:/24CI0412MP/Content/Satou/Stylized_PBR_Nature/Foliage/Assets/SM_Common_Tree_10.ubulk" 2307
"C:/24CI0412MP/Content/Satou/Stylized_PBR_Nature/Foliage/Assets/SM_Common_Tree_10.uasset" 2308
"C:/24CI0412MP/Content/Satou/Stylized_PBR_Nature/Foliage/Assets/SM_Common_Tree_10.uexp" 2309
"C:/24CI0412MP/Content/Satou/Stylized_PBR_Nature/Foliage/FoliageTypes/SM_Common_Tree_10_FoliageType.uasset" 2310
"C:/24CI0412MP/Content/Satou/Stylized_PBR_Nature/Foliage/FoliageTypes/SM_Common_Tree_10_FoliageType.uexp" 2311
"C:/24CI0412MP/Content/Satou/Stylized_PBR_Nature/Foliage/Assets/SM_Pine_Tree_1.ubulk" 2312
"C:/24CI0412MP/Content/Satou/Stylized_PBR_Nature/Foliage/Assets/SM_Pine_Tree_1.uasset" 2313
"C:/24CI0412MP/Content/Satou/Stylized_PBR_Nature/Foliage/Assets/SM_Pine_Tree_1.uexp" 2314
"C:/24CI0412MP/Content/Satou/Stylized_PBR_Nature/Foliage/Assets/SM_Pine_Tree_2.ubulk" 2315
"C:/24CI0412MP/Content/Satou/Stylized_PBR_Nature/Foliage/Assets/SM_Pine_Tree_2.uasset" 2316
"C:/24CI0412MP/Content/Satou/Stylized_PBR_Nature/Foliage/Assets/SM_Pine_Tree_2.uexp" 2317
"C:/24CI0412MP/Content/Satou/Stylized_PBR_Nature/Foliage/FoliageTypes/SM_Pine_Tree_2_FoliageType.uasset" 2318
"C:/24CI0412MP/Content/Satou/Stylized_PBR_Nature/Foliage/FoliageTypes/SM_Pine_Tree_2_FoliageType.uexp" 2319
"C:/24CI0412MP/Content/Satou/Stylized_PBR_Nature/Foliage/FoliageTypes/SM_Pine_Tree_1_FoliageType.uasset" 2320
"C:/24CI0412MP/Content/Satou/Stylized_PBR_Nature/Foliage/FoliageTypes/SM_Pine_Tree_1_FoliageType.uexp" 2321
"C:/24CI0412MP/Content/Satou/Stylized_PBR_Nature/Foliage/Textures/T_Common_Tree_03_ORM.ubulk" 2322
"C:/24CI0412MP/Content/Satou/Stylized_PBR_Nature/Foliage/Textures/T_Common_Tree_03_ORM.uasset" 2323
"C:/24CI0412MP/Content/Satou/Stylized_PBR_Nature/Foliage/Textures/T_Common_Tree_03_ORM.uexp" 2324
"C:/24CI0412MP/Content/Satou/Stylized_PBR_Nature/Foliage/Textures/T_Common_Tree_03_D.ubulk" 2325
"C:/24CI0412MP/Content/Satou/Stylized_PBR_Nature/Foliage/Textures/T_Common_Tree_03_D.uasset" 2326
"C:/24CI0412MP/Content/Satou/Stylized_PBR_Nature/Foliage/Textures/T_Common_Tree_03_D.uexp" 2327
"C:/24CI0412MP/Content/Satou/Stylized_PBR_Nature/Foliage/Textures/T_Common_Tree_03_N.ubulk" 2328
"C:/24CI0412MP/Content/Satou/Stylized_PBR_Nature/Foliage/Textures/T_Common_Tree_03_N.uasset" 2329
"C:/24CI0412MP/Content/Satou/Stylized_PBR_Nature/Foliage/Textures/T_Common_Tree_03_N.uexp" 2330
"C:/24CI0412MP/Content/Satou/Stylized_PBR_Nature/Foliage/Materials/MI_Common_Tree_03.uasset" 2331
"C:/24CI0412MP/Content/Satou/Stylized_PBR_Nature/Foliage/Materials/MI_Common_Tree_03.uexp" 2332
"C:/24CI0412MP/Content/Satou/Stylized_PBR_Nature/Foliage/Assets/SM_Common_Tree_03.ubulk" 2333
"C:/24CI0412MP/Content/Satou/Stylized_PBR_Nature/Foliage/Assets/SM_Common_Tree_03.uasset" 2334
"C:/24CI0412MP/Content/Satou/Stylized_PBR_Nature/Foliage/Assets/SM_Common_Tree_03.uexp" 2335
"C:/24CI0412MP/Content/Satou/Stylized_PBR_Nature/Foliage/FoliageTypes/SM_Common_Tree_03_FoliageType.uasset" 2336
"C:/24CI0412MP/Content/Satou/Stylized_PBR_Nature/Foliage/FoliageTypes/SM_Common_Tree_03_FoliageType.uexp" 2337
"../../../Engine/Content/BasicShapes/Sphere.ubulk" 2338
"../../../Engine/Content/BasicShapes/Sphere.uasset" 2339
"../../../Engine/Content/BasicShapes/Sphere.uexp" 2340
"../../../Engine/Content/BasicShapes/BasicShapeMaterial.uasset" 2341
"../../../Engine/Content/BasicShapes/BasicShapeMaterial.uexp" 2342
"../../../Engine/Content/BasicShapes/Cube.ubulk" 2343
"../../../Engine/Content/BasicShapes/Cube.uasset" 2344
"../../../Engine/Content/BasicShapes/Cube.uexp" 2345
"C:/24CI0412MP/Content/Satou/KTP_Effect/Materials/PublicMaterials/M_FX_TRAIL011.uasset" 2346
"C:/24CI0412MP/Content/Satou/KTP_Effect/Materials/PublicMaterials/M_FX_TRAIL011.uexp" 2347
"C:/24CI0412MP/Content/Satou/KTP_Effect/Textures/PublicTextures/T_Half_Light.ubulk" 2348
"C:/24CI0412MP/Content/Satou/KTP_Effect/Textures/PublicTextures/T_Half_Light.uasset" 2349
"C:/24CI0412MP/Content/Satou/KTP_Effect/Textures/PublicTextures/T_Half_Light.uexp" 2350
"C:/24CI0412MP/Content/Satou/KTP_Effect/Materials/PublicMaterials/M_FX_Glow_AS_fly08.uasset" 2351
"C:/24CI0412MP/Content/Satou/KTP_Effect/Materials/PublicMaterials/M_FX_Glow_AS_fly08.uexp" 2352
"C:/24CI0412MP/Content/Satou/KTP_Effect/Particles/Fly/Others/Trail_08_09.uasset" 2353
"C:/24CI0412MP/Content/Satou/KTP_Effect/Particles/Fly/Others/Trail_08_09.uexp" 2354
"../../../Engine/Plugins/FX/Niagara/Content/DefaultAssets/Templates/Systems/AttributeReaderTrails.uasset" 2355
"../../../Engine/Plugins/FX/Niagara/Content/DefaultAssets/Templates/Systems/AttributeReaderTrails.uexp" 2356
"C:/24CI0412MP/Content/KTP_Effect/Textures/PublicTextures/T_Aura_03.ubulk" 2357
"C:/24CI0412MP/Content/KTP_Effect/Textures/PublicTextures/T_Aura_03.uasset" 2358
"C:/24CI0412MP/Content/KTP_Effect/Textures/PublicTextures/T_Aura_03.uexp" 2359
"C:/24CI0412MP/Content/KTP_Effect/Textures/PublicTextures/T_Aura_01.ubulk" 2360
"C:/24CI0412MP/Content/KTP_Effect/Textures/PublicTextures/T_Aura_01.uasset" 2361
"C:/24CI0412MP/Content/KTP_Effect/Textures/PublicTextures/T_Aura_01.uexp" 2362
"C:/24CI0412MP/Content/KTP_Effect/Materials/PublicMaterials/M_FX_Aura_black_1.uasset" 2363
"C:/24CI0412MP/Content/KTP_Effect/Materials/PublicMaterials/M_FX_Aura_black_1.uexp" 2364
"C:/24CI0412MP/Content/KTP_Effect/Textures/PublicTextures/T_Glow.ubulk" 2365
"C:/24CI0412MP/Content/KTP_Effect/Textures/PublicTextures/T_Glow.uasset" 2366
"C:/24CI0412MP/Content/KTP_Effect/Textures/PublicTextures/T_Glow.uexp" 2367
"C:/24CI0412MP/Content/KTP_Effect/Materials/PublicMaterials/M_FX_Glow_fly07.uasset" 2368
"C:/24CI0412MP/Content/KTP_Effect/Materials/PublicMaterials/M_FX_Glow_fly07.uexp" 2369
"C:/24CI0412MP/Content/KTP_Effect/Textures/PublicTextures/T_Aura_07.ubulk" 2370
"C:/24CI0412MP/Content/KTP_Effect/Textures/PublicTextures/T_Aura_07.uasset" 2371
"C:/24CI0412MP/Content/KTP_Effect/Textures/PublicTextures/T_Aura_07.uexp" 2372
"C:/24CI0412MP/Content/KTP_Effect/Textures/T_fly01_1.ubulk" 2373
"C:/24CI0412MP/Content/KTP_Effect/Textures/T_fly01_1.uasset" 2374
"C:/24CI0412MP/Content/KTP_Effect/Textures/T_fly01_1.uexp" 2375
"C:/24CI0412MP/Content/KTP_Effect/Materials/M_fire01_1.uasset" 2376
"C:/24CI0412MP/Content/KTP_Effect/Materials/M_fire01_1.uexp" 2377
"C:/24CI0412MP/Content/KTP_Effect/Materials/PublicMaterials/M_FX_Aura_bt01.uasset" 2378
"C:/24CI0412MP/Content/KTP_Effect/Materials/PublicMaterials/M_FX_Aura_bt01.uexp" 2379
"C:/24CI0412MP/Content/KTP_Effect/Mesh/SM_FX_burst_fly03.ubulk" 2380
"C:/24CI0412MP/Content/KTP_Effect/Mesh/SM_FX_burst_fly03.uasset" 2381
"C:/24CI0412MP/Content/KTP_Effect/Mesh/SM_FX_burst_fly03.uexp" 2382
"C:/24CI0412MP/Content/KTP_Effect/Particles/Fly/Explosion_01_01.uasset" 2383
"C:/24CI0412MP/Content/KTP_Effect/Particles/Fly/Explosion_01_01.uexp" 2384
"C:/24CI0412MP/Content/Satou/KTP_Effect/Particles/Fly/Others/Trail_10_09.uasset" 2385
"C:/24CI0412MP/Content/Satou/KTP_Effect/Particles/Fly/Others/Trail_10_09.uexp" 2386
"C:/24CI0412MP/Content/Satou/Stylized_PBR_Nature/Foliage/Textures/T_Common_Tree_08_ORM.ubulk" 2387
"C:/24CI0412MP/Content/Satou/Stylized_PBR_Nature/Foliage/Textures/T_Common_Tree_08_ORM.uasset" 2388
"C:/24CI0412MP/Content/Satou/Stylized_PBR_Nature/Foliage/Textures/T_Common_Tree_08_ORM.uexp" 2389
"C:/24CI0412MP/Content/Satou/Stylized_PBR_Nature/Foliage/Textures/T_Common_Tree_08_D.ubulk" 2390
"C:/24CI0412MP/Content/Satou/Stylized_PBR_Nature/Foliage/Textures/T_Common_Tree_08_D.uasset" 2391
"C:/24CI0412MP/Content/Satou/Stylized_PBR_Nature/Foliage/Textures/T_Common_Tree_08_D.uexp" 2392
"C:/24CI0412MP/Content/Satou/Stylized_PBR_Nature/Foliage/Textures/T_Common_Tree_08_N.ubulk" 2393
"C:/24CI0412MP/Content/Satou/Stylized_PBR_Nature/Foliage/Textures/T_Common_Tree_08_N.uasset" 2394
"C:/24CI0412MP/Content/Satou/Stylized_PBR_Nature/Foliage/Textures/T_Common_Tree_08_N.uexp" 2395
"C:/24CI0412MP/Content/Satou/Stylized_PBR_Nature/Foliage/Materials/MI_Common_Tree_08.uasset" 2396
"C:/24CI0412MP/Content/Satou/Stylized_PBR_Nature/Foliage/Materials/MI_Common_Tree_08.uexp" 2397
"C:/24CI0412MP/Content/Satou/Stylized_PBR_Nature/Foliage/Assets/SM_Common_Tree_08.ubulk" 2398
"C:/24CI0412MP/Content/Satou/Stylized_PBR_Nature/Foliage/Assets/SM_Common_Tree_08.uasset" 2399
"C:/24CI0412MP/Content/Satou/Stylized_PBR_Nature/Foliage/Assets/SM_Common_Tree_08.uexp" 2400
"C:/24CI0412MP/Content/Satou/Blueprints/tree1.uasset" 2401
"C:/24CI0412MP/Content/Satou/Blueprints/tree1.uexp" 2402
"C:/24CI0412MP/Content/Satou/Stylized_PBR_Nature/Terrain/T_rock.ubulk" 2403
"C:/24CI0412MP/Content/Satou/Stylized_PBR_Nature/Terrain/T_rock.uasset" 2404
"C:/24CI0412MP/Content/Satou/Stylized_PBR_Nature/Terrain/T_rock.uexp" 2405
"C:/24CI0412MP/Content/Satou/Stylized_PBR_Nature/Terrain/T_Dirt.ubulk" 2406
"C:/24CI0412MP/Content/Satou/Stylized_PBR_Nature/Terrain/T_Dirt.uasset" 2407
"C:/24CI0412MP/Content/Satou/Stylized_PBR_Nature/Terrain/T_Dirt.uexp" 2408
"C:/24CI0412MP/Content/Satou/Stylized_PBR_Nature/Terrain/T_Grass_1.ubulk" 2409
"C:/24CI0412MP/Content/Satou/Stylized_PBR_Nature/Terrain/T_Grass_1.uasset" 2410
"C:/24CI0412MP/Content/Satou/Stylized_PBR_Nature/Terrain/T_Grass_1.uexp" 2411
"C:/24CI0412MP/Content/Satou/Stylized_PBR_Nature/Terrain/T_Grass_2.ubulk" 2412
"C:/24CI0412MP/Content/Satou/Stylized_PBR_Nature/Terrain/T_Grass_2.uasset" 2413
"C:/24CI0412MP/Content/Satou/Stylized_PBR_Nature/Terrain/T_Grass_2.uexp" 2414
"C:/24CI0412MP/Content/Satou/Stylized_PBR_Nature/Terrain/M_Landscape.uasset" 2415
"C:/24CI0412MP/Content/Satou/Stylized_PBR_Nature/Terrain/M_Landscape.uexp" 2416
"C:/24CI0412MP/Content/Satou/Satou_sharedassets/Grass_02_LayerInfo.uasset" 2417
"C:/24CI0412MP/Content/Satou/Satou_sharedassets/Grass_02_LayerInfo.uexp" 2418
"../../../Engine/Content/EngineMaterials/DefaultPhysicalMaterial.uasset" 2419
"../../../Engine/Content/EngineMaterials/DefaultPhysicalMaterial.uexp" 2420
"C:/24CI0412MP/Content/Satou/Satou_sharedassets/dirt_LayerInfo.uasset" 2421
"C:/24CI0412MP/Content/Satou/Satou_sharedassets/dirt_LayerInfo.uexp" 2422
"C:/24CI0412MP/Content/Satou/Satou_sharedassets/Rock_LayerInfo.uasset" 2423
"C:/24CI0412MP/Content/Satou/Satou_sharedassets/Rock_LayerInfo.uexp" 2424
"C:/24CI0412MP/Content/Satou/Satou_sharedassets/Grass_01_LayerInfo.uasset" 2425
"C:/24CI0412MP/Content/Satou/Satou_sharedassets/Grass_01_LayerInfo.uexp" 2426
"C:/24CI0412MP/Content/Satou/Stylized_PBR_Nature/Terrain/M_Water_Basic.uasset" 2427
"C:/24CI0412MP/Content/Satou/Stylized_PBR_Nature/Terrain/M_Water_Basic.uexp" 2428
"C:/24CI0412MP/Content/Satou/Stylized_PBR_Nature/Maps/Rock_LayerInfo.uasset" 2429
"C:/24CI0412MP/Content/Satou/Stylized_PBR_Nature/Maps/Rock_LayerInfo.uexp" 2430
"C:/24CI0412MP/Content/Satou/Stylized_PBR_Nature/Maps/Grass_02_LayerInfo.uasset" 2431
"C:/24CI0412MP/Content/Satou/Stylized_PBR_Nature/Maps/Grass_02_LayerInfo.uexp" 2432
"C:/24CI0412MP/Content/Satou/Stylized_PBR_Nature/Maps/Grass_01_LayerInfo.uasset" 2433
"C:/24CI0412MP/Content/Satou/Stylized_PBR_Nature/Maps/Grass_01_LayerInfo.uexp" 2434
"C:/24CI0412MP/Content/Satou/Stylized_PBR_Nature/Maps/dirt_LayerInfo.uasset" 2435
"C:/24CI0412MP/Content/Satou/Stylized_PBR_Nature/Maps/dirt_LayerInfo.uexp" 2436
"C:/24CI0412MP/Content/Satou/Stylized_PBR_Nature/Foliage/Textures/T_Common_Tree_10_ORM.ubulk" 2437
"C:/24CI0412MP/Content/Satou/Stylized_PBR_Nature/Foliage/Textures/T_Common_Tree_10_ORM.uasset" 2438
"C:/24CI0412MP/Content/Satou/Stylized_PBR_Nature/Foliage/Textures/T_Common_Tree_10_ORM.uexp" 2439
"C:/24CI0412MP/Content/Satou/Stylized_PBR_Nature/Foliage/Assets/SM_Pine_Tree_4.ubulk" 2440
"C:/24CI0412MP/Content/Satou/Stylized_PBR_Nature/Foliage/Assets/SM_Pine_Tree_4.uasset" 2441
"C:/24CI0412MP/Content/Satou/Stylized_PBR_Nature/Foliage/Assets/SM_Pine_Tree_4.uexp" 2442
"C:/24CI0412MP/Content/Satou/Stylized_PBR_Nature/Foliage/FoliageTypes/SM_Pine_Tree_4_FoliageType.uasset" 2443
"C:/24CI0412MP/Content/Satou/Stylized_PBR_Nature/Foliage/FoliageTypes/SM_Pine_Tree_4_FoliageType.uexp" 2444
"C:/24CI0412MP/Content/Satou/Stylized_PBR_Nature/Foliage/Materials/MI_Grass.uasset" 2445
"C:/24CI0412MP/Content/Satou/Stylized_PBR_Nature/Foliage/Materials/MI_Grass.uexp" 2446
"C:/24CI0412MP/Content/Satou/Stylized_PBR_Nature/Foliage/Assets/SM_Grass.ubulk" 2447
"C:/24CI0412MP/Content/Satou/Stylized_PBR_Nature/Foliage/Assets/SM_Grass.uasset" 2448
"C:/24CI0412MP/Content/Satou/Stylized_PBR_Nature/Foliage/Assets/SM_Grass.uexp" 2449
"C:/24CI0412MP/Content/Satou/Stylized_PBR_Nature/Foliage/FoliageTypes/SM_Grass_FoliageType.uasset" 2450
"C:/24CI0412MP/Content/Satou/Stylized_PBR_Nature/Foliage/FoliageTypes/SM_Grass_FoliageType.uexp" 2451
"C:/24CI0412MP/Content/Satou/Stylized_PBR_Nature/Foliage/Textures/T_Fern_D.ubulk" 2452
"C:/24CI0412MP/Content/Satou/Stylized_PBR_Nature/Foliage/Textures/T_Fern_D.uasset" 2453
"C:/24CI0412MP/Content/Satou/Stylized_PBR_Nature/Foliage/Textures/T_Fern_D.uexp" 2454
"C:/24CI0412MP/Content/Satou/Stylized_PBR_Nature/Foliage/Materials/MI_Fern.uasset" 2455
"C:/24CI0412MP/Content/Satou/Stylized_PBR_Nature/Foliage/Materials/MI_Fern.uexp" 2456
"C:/24CI0412MP/Content/Satou/Stylized_PBR_Nature/Foliage/Assets/SM_Fern.ubulk" 2457
"C:/24CI0412MP/Content/Satou/Stylized_PBR_Nature/Foliage/Assets/SM_Fern.uasset" 2458
"C:/24CI0412MP/Content/Satou/Stylized_PBR_Nature/Foliage/Assets/SM_Fern.uexp" 2459
"C:/24CI0412MP/Content/Satou/Stylized_PBR_Nature/Foliage/FoliageTypes/SM_Fern_FoliageType.uasset" 2460
"C:/24CI0412MP/Content/Satou/Stylized_PBR_Nature/Foliage/FoliageTypes/SM_Fern_FoliageType.uexp" 2461
"C:/24CI0412MP/Content/Satou/Stylized_PBR_Nature/Foliage/Textures/T_Common_Tree_11_N.ubulk" 2462
"C:/24CI0412MP/Content/Satou/Stylized_PBR_Nature/Foliage/Textures/T_Common_Tree_11_N.uasset" 2463
"C:/24CI0412MP/Content/Satou/Stylized_PBR_Nature/Foliage/Textures/T_Common_Tree_11_N.uexp" 2464
"C:/24CI0412MP/Content/Satou/Stylized_PBR_Nature/Foliage/Textures/T_Common_Tree_11_ORM.ubulk" 2465
"C:/24CI0412MP/Content/Satou/Stylized_PBR_Nature/Foliage/Textures/T_Common_Tree_11_ORM.uasset" 2466
"C:/24CI0412MP/Content/Satou/Stylized_PBR_Nature/Foliage/Textures/T_Common_Tree_11_ORM.uexp" 2467
"C:/24CI0412MP/Content/Satou/Stylized_PBR_Nature/Foliage/Textures/T_Common_Tree_11_D.ubulk" 2468
"C:/24CI0412MP/Content/Satou/Stylized_PBR_Nature/Foliage/Textures/T_Common_Tree_11_D.uasset" 2469
"C:/24CI0412MP/Content/Satou/Stylized_PBR_Nature/Foliage/Textures/T_Common_Tree_11_D.uexp" 2470
"C:/24CI0412MP/Content/Satou/Stylized_PBR_Nature/Foliage/Materials/MI_Common_Tree_11.uasset" 2471
"C:/24CI0412MP/Content/Satou/Stylized_PBR_Nature/Foliage/Materials/MI_Common_Tree_11.uexp" 2472
"C:/24CI0412MP/Content/Satou/Stylized_PBR_Nature/Foliage/Assets/SM_Common_Tree_11.ubulk" 2473
"C:/24CI0412MP/Content/Satou/Stylized_PBR_Nature/Foliage/Assets/SM_Common_Tree_11.uasset" 2474
"C:/24CI0412MP/Content/Satou/Stylized_PBR_Nature/Foliage/Assets/SM_Common_Tree_11.uexp" 2475
"C:/24CI0412MP/Content/Satou/Stylized_PBR_Nature/Foliage/FoliageTypes/SM_Common_Tree_11_FoliageType.uasset" 2476
"C:/24CI0412MP/Content/Satou/Stylized_PBR_Nature/Foliage/FoliageTypes/SM_Common_Tree_11_FoliageType.uexp" 2477
"C:/24CI0412MP/Content/Satou/Stylized_PBR_Nature/Foliage/FoliageTypes/SM_Common_Tree_08_FoliageType.uasset" 2478
"C:/24CI0412MP/Content/Satou/Stylized_PBR_Nature/Foliage/FoliageTypes/SM_Common_Tree_08_FoliageType.uexp" 2479
"C:/24CI0412MP/Content/Satou/Stylized_PBR_Nature/Foliage/Textures/T_Common_Tree_01_D.ubulk" 2480
"C:/24CI0412MP/Content/Satou/Stylized_PBR_Nature/Foliage/Textures/T_Common_Tree_01_D.uasset" 2481
"C:/24CI0412MP/Content/Satou/Stylized_PBR_Nature/Foliage/Textures/T_Common_Tree_01_D.uexp" 2482
"C:/24CI0412MP/Content/Satou/Stylized_PBR_Nature/Foliage/Textures/T_Common_Tree_01_N.ubulk" 2483
"C:/24CI0412MP/Content/Satou/Stylized_PBR_Nature/Foliage/Textures/T_Common_Tree_01_N.uasset" 2484
"C:/24CI0412MP/Content/Satou/Stylized_PBR_Nature/Foliage/Textures/T_Common_Tree_01_N.uexp" 2485
"C:/24CI0412MP/Content/Satou/Stylized_PBR_Nature/Foliage/Textures/T_Common_Tree_01_ORM.ubulk" 2486
"C:/24CI0412MP/Content/Satou/Stylized_PBR_Nature/Foliage/Textures/T_Common_Tree_01_ORM.uasset" 2487
"C:/24CI0412MP/Content/Satou/Stylized_PBR_Nature/Foliage/Textures/T_Common_Tree_01_ORM.uexp" 2488
"C:/24CI0412MP/Content/Satou/Stylized_PBR_Nature/Foliage/Materials/MI_Common_Tree_01.uasset" 2489
"C:/24CI0412MP/Content/Satou/Stylized_PBR_Nature/Foliage/Materials/MI_Common_Tree_01.uexp" 2490
"C:/24CI0412MP/Content/Satou/Stylized_PBR_Nature/Foliage/Assets/SM_Common_Tree_01.ubulk" 2491
"C:/24CI0412MP/Content/Satou/Stylized_PBR_Nature/Foliage/Assets/SM_Common_Tree_01.uasset" 2492
"C:/24CI0412MP/Content/Satou/Stylized_PBR_Nature/Foliage/Assets/SM_Common_Tree_01.uexp" 2493
"C:/24CI0412MP/Content/Satou/Stylized_PBR_Nature/Foliage/FoliageTypes/SM_Common_Tree_01_FoliageType.uasset" 2494
"C:/24CI0412MP/Content/Satou/Stylized_PBR_Nature/Foliage/FoliageTypes/SM_Common_Tree_01_FoliageType.uexp" 2495
"C:/24CI0412MP/Content/Satou/Stylized_PBR_Nature/Foliage/Textures/T_Clover_D.ubulk" 2496
"C:/24CI0412MP/Content/Satou/Stylized_PBR_Nature/Foliage/Textures/T_Clover_D.uasset" 2497
"C:/24CI0412MP/Content/Satou/Stylized_PBR_Nature/Foliage/Textures/T_Clover_D.uexp" 2498
"C:/24CI0412MP/Content/Satou/Stylized_PBR_Nature/Foliage/Materials/MI_Clover.uasset" 2499
"C:/24CI0412MP/Content/Satou/Stylized_PBR_Nature/Foliage/Materials/MI_Clover.uexp" 2500
"C:/24CI0412MP/Content/Satou/Stylized_PBR_Nature/Foliage/Assets/SM_Clover.ubulk" 2501
"C:/24CI0412MP/Content/Satou/Stylized_PBR_Nature/Foliage/Assets/SM_Clover.uasset" 2502
"C:/24CI0412MP/Content/Satou/Stylized_PBR_Nature/Foliage/Assets/SM_Clover.uexp" 2503
"C:/24CI0412MP/Content/Satou/Stylized_PBR_Nature/Foliage/FoliageTypes/SM_Clover_FoliageType.uasset" 2504
"C:/24CI0412MP/Content/Satou/Stylized_PBR_Nature/Foliage/FoliageTypes/SM_Clover_FoliageType.uexp" 2505
"C:/24CI0412MP/Content/Satou/Stylized_PBR_Nature/Foliage/Materials/MI_Bush.uasset" 2506
"C:/24CI0412MP/Content/Satou/Stylized_PBR_Nature/Foliage/Materials/MI_Bush.uexp" 2507
"C:/24CI0412MP/Content/Satou/Stylized_PBR_Nature/Foliage/Assets/SM_Bush.ubulk" 2508
"C:/24CI0412MP/Content/Satou/Stylized_PBR_Nature/Foliage/Assets/SM_Bush.uasset" 2509
"C:/24CI0412MP/Content/Satou/Stylized_PBR_Nature/Foliage/Assets/SM_Bush.uexp" 2510
"C:/24CI0412MP/Content/Satou/Stylized_PBR_Nature/Foliage/FoliageTypes/SM_Bush_FoliageType.uasset" 2511
"C:/24CI0412MP/Content/Satou/Stylized_PBR_Nature/Foliage/FoliageTypes/SM_Bush_FoliageType.uexp" 2512
"C:/24CI0412MP/Content/Satou/KTP_Effect/Textures/PublicTextures/T_ShockRing.ubulk" 2513
"C:/24CI0412MP/Content/Satou/KTP_Effect/Textures/PublicTextures/T_ShockRing.uasset" 2514
"C:/24CI0412MP/Content/Satou/KTP_Effect/Textures/PublicTextures/T_ShockRing.uexp" 2515
"C:/24CI0412MP/Content/Satou/KTP_Effect/Materials/PublicMaterials/M_ring.uasset" 2516
"C:/24CI0412MP/Content/Satou/KTP_Effect/Materials/PublicMaterials/M_ring.uexp" 2517
"C:/24CI0412MP/Content/Satou/KTP_Effect/Materials/PublicMaterials/M_FX_Aura_10.uasset" 2518
"C:/24CI0412MP/Content/Satou/KTP_Effect/Materials/PublicMaterials/M_FX_Aura_10.uexp" 2519
"C:/24CI0412MP/Content/Satou/KTP_Effect/Textures/T_fly10_9.ubulk" 2520
"C:/24CI0412MP/Content/Satou/KTP_Effect/Textures/T_fly10_9.uasset" 2521
"C:/24CI0412MP/Content/Satou/KTP_Effect/Textures/T_fly10_9.uexp" 2522
"C:/24CI0412MP/Content/Satou/KTP_Effect/Materials/M_fly10_9.uasset" 2523
"C:/24CI0412MP/Content/Satou/KTP_Effect/Materials/M_fly10_9.uexp" 2524
"C:/24CI0412MP/Content/Satou/KTP_Effect/Particles/Fly/Expolison_10_09.uasset" 2525
"C:/24CI0412MP/Content/Satou/KTP_Effect/Particles/Fly/Expolison_10_09.uexp" 2526
"C:/24CI0412MP/Content/Satou/KTP_Effect/Textures/T_fly10_8.ubulk" 2527
"C:/24CI0412MP/Content/Satou/KTP_Effect/Textures/T_fly10_8.uasset" 2528
"C:/24CI0412MP/Content/Satou/KTP_Effect/Textures/T_fly10_8.uexp" 2529
"C:/24CI0412MP/Content/Satou/KTP_Effect/Materials/M_fly10_8.uasset" 2530
"C:/24CI0412MP/Content/Satou/KTP_Effect/Materials/M_fly10_8.uexp" 2531
"C:/24CI0412MP/Content/Satou/KTP_Effect/Particles/Fly/Expolison_10_08.uasset" 2532
"C:/24CI0412MP/Content/Satou/KTP_Effect/Particles/Fly/Expolison_10_08.uexp" 2533
"C:/24CI0412MP/Content/Satou/KTP_Effect/Textures/T_fly10_7.ubulk" 2534
"C:/24CI0412MP/Content/Satou/KTP_Effect/Textures/T_fly10_7.uasset" 2535
"C:/24CI0412MP/Content/Satou/KTP_Effect/Textures/T_fly10_7.uexp" 2536
"C:/24CI0412MP/Content/Satou/KTP_Effect/Materials/M_fly10_7.uasset" 2537
"C:/24CI0412MP/Content/Satou/KTP_Effect/Materials/M_fly10_7.uexp" 2538
"C:/24CI0412MP/Content/Satou/KTP_Effect/Particles/Fly/Expolison_10_07.uasset" 2539
"C:/24CI0412MP/Content/Satou/KTP_Effect/Particles/Fly/Expolison_10_07.uexp" 2540
"C:/24CI0412MP/Content/Satou/KTP_Effect/Textures/T_fly10_6.ubulk" 2541
"C:/24CI0412MP/Content/Satou/KTP_Effect/Textures/T_fly10_6.uasset" 2542
"C:/24CI0412MP/Content/Satou/KTP_Effect/Textures/T_fly10_6.uexp" 2543
"C:/24CI0412MP/Content/Satou/KTP_Effect/Materials/M_fly10_6.uasset" 2544
"C:/24CI0412MP/Content/Satou/KTP_Effect/Materials/M_fly10_6.uexp" 2545
"C:/24CI0412MP/Content/Satou/KTP_Effect/Particles/Fly/Expolison_10_06.uasset" 2546
"C:/24CI0412MP/Content/Satou/KTP_Effect/Particles/Fly/Expolison_10_06.uexp" 2547
"C:/24CI0412MP/Content/Satou/KTP_Effect/Textures/T_fly10_5.ubulk" 2548
"C:/24CI0412MP/Content/Satou/KTP_Effect/Textures/T_fly10_5.uasset" 2549
"C:/24CI0412MP/Content/Satou/KTP_Effect/Textures/T_fly10_5.uexp" 2550
"C:/24CI0412MP/Content/Satou/KTP_Effect/Materials/M_fly10_5.uasset" 2551
"C:/24CI0412MP/Content/Satou/KTP_Effect/Materials/M_fly10_5.uexp" 2552
"C:/24CI0412MP/Content/Satou/KTP_Effect/Particles/Fly/Expolison_10_05.uasset" 2553
"C:/24CI0412MP/Content/Satou/KTP_Effect/Particles/Fly/Expolison_10_05.uexp" 2554
"C:/24CI0412MP/Content/Satou/KTP_Effect/Textures/T_fly10_4.ubulk" 2555
"C:/24CI0412MP/Content/Satou/KTP_Effect/Textures/T_fly10_4.uasset" 2556
"C:/24CI0412MP/Content/Satou/KTP_Effect/Textures/T_fly10_4.uexp" 2557
"C:/24CI0412MP/Content/Satou/KTP_Effect/Materials/M_fly10_4.uasset" 2558
"C:/24CI0412MP/Content/Satou/KTP_Effect/Materials/M_fly10_4.uexp" 2559
"C:/24CI0412MP/Content/Satou/KTP_Effect/Particles/Fly/Expolison_10_04.uasset" 2560
"C:/24CI0412MP/Content/Satou/KTP_Effect/Particles/Fly/Expolison_10_04.uexp" 2561
"C:/24CI0412MP/Content/Satou/KTP_Effect/Textures/T_fly10_3.ubulk" 2562
"C:/24CI0412MP/Content/Satou/KTP_Effect/Textures/T_fly10_3.uasset" 2563
"C:/24CI0412MP/Content/Satou/KTP_Effect/Textures/T_fly10_3.uexp" 2564
"C:/24CI0412MP/Content/Satou/KTP_Effect/Materials/M_fly10_3.uasset" 2565
"C:/24CI0412MP/Content/Satou/KTP_Effect/Materials/M_fly10_3.uexp" 2566
"C:/24CI0412MP/Content/Satou/KTP_Effect/Particles/Fly/Expolison_10_03.uasset" 2567
"C:/24CI0412MP/Content/Satou/KTP_Effect/Particles/Fly/Expolison_10_03.uexp" 2568
"C:/24CI0412MP/Content/Satou/KTP_Effect/Textures/T_fly10_2.ubulk" 2569
"C:/24CI0412MP/Content/Satou/KTP_Effect/Textures/T_fly10_2.uasset" 2570
"C:/24CI0412MP/Content/Satou/KTP_Effect/Textures/T_fly10_2.uexp" 2571
"C:/24CI0412MP/Content/Satou/KTP_Effect/Materials/M_fly10_2.uasset" 2572
"C:/24CI0412MP/Content/Satou/KTP_Effect/Materials/M_fly10_2.uexp" 2573
"C:/24CI0412MP/Content/Satou/KTP_Effect/Particles/Fly/Expolison_10_02.uasset" 2574
"C:/24CI0412MP/Content/Satou/KTP_Effect/Particles/Fly/Expolison_10_02.uexp" 2575
"C:/24CI0412MP/Content/Satou/KTP_Effect/Textures/T_fly10_1.ubulk" 2576
"C:/24CI0412MP/Content/Satou/KTP_Effect/Textures/T_fly10_1.uasset" 2577
"C:/24CI0412MP/Content/Satou/KTP_Effect/Textures/T_fly10_1.uexp" 2578
"C:/24CI0412MP/Content/Satou/KTP_Effect/Materials/M_fly10_1.uasset" 2579
"C:/24CI0412MP/Content/Satou/KTP_Effect/Materials/M_fly10_1.uexp" 2580
"C:/24CI0412MP/Content/Satou/KTP_Effect/Particles/Fly/Expolison_10_01.uasset" 2581
"C:/24CI0412MP/Content/Satou/KTP_Effect/Particles/Fly/Expolison_10_01.uexp" 2582
"C:/24CI0412MP/Content/Satou/KTP_Effect/Materials/PublicMaterials/M_wave_fly10.uasset" 2583
"C:/24CI0412MP/Content/Satou/KTP_Effect/Materials/PublicMaterials/M_wave_fly10.uexp" 2584
"C:/24CI0412MP/Content/Satou/KTP_Effect/Textures/T_fly09_9.ubulk" 2585
"C:/24CI0412MP/Content/Satou/KTP_Effect/Textures/T_fly09_9.uasset" 2586
"C:/24CI0412MP/Content/Satou/KTP_Effect/Textures/T_fly09_9.uexp" 2587
"C:/24CI0412MP/Content/Satou/KTP_Effect/Materials/M_fly09_9.uasset" 2588
"C:/24CI0412MP/Content/Satou/KTP_Effect/Materials/M_fly09_9.uexp" 2589
"C:/24CI0412MP/Content/Satou/KTP_Effect/Textures/PublicTextures/T_Star_01.ubulk" 2590
"C:/24CI0412MP/Content/Satou/KTP_Effect/Textures/PublicTextures/T_Star_01.uasset" 2591
"C:/24CI0412MP/Content/Satou/KTP_Effect/Textures/PublicTextures/T_Star_01.uexp" 2592
"C:/24CI0412MP/Content/Satou/KTP_Effect/Materials/PublicMaterials/M_FX_Glow_AS_fly05_09.uasset" 2593
"C:/24CI0412MP/Content/Satou/KTP_Effect/Materials/PublicMaterials/M_FX_Glow_AS_fly05_09.uexp" 2594
"C:/24CI0412MP/Content/Satou/KTP_Effect/Particles/Fly/Expolison_09_09.uasset" 2595
"C:/24CI0412MP/Content/Satou/KTP_Effect/Particles/Fly/Expolison_09_09.uexp" 2596
"C:/24CI0412MP/Content/Satou/KTP_Effect/Textures/T_fly09_8.ubulk" 2597
"C:/24CI0412MP/Content/Satou/KTP_Effect/Textures/T_fly09_8.uasset" 2598
"C:/24CI0412MP/Content/Satou/KTP_Effect/Textures/T_fly09_8.uexp" 2599
"C:/24CI0412MP/Content/Satou/KTP_Effect/Materials/M_fly09_8.uasset" 2600
"C:/24CI0412MP/Content/Satou/KTP_Effect/Materials/M_fly09_8.uexp" 2601
"C:/24CI0412MP/Content/Satou/KTP_Effect/Particles/Fly/Expolison_09_08.uasset" 2602
"C:/24CI0412MP/Content/Satou/KTP_Effect/Particles/Fly/Expolison_09_08.uexp" 2603
"C:/24CI0412MP/Content/Satou/KTP_Effect/Textures/T_fly09_7.ubulk" 2604
"C:/24CI0412MP/Content/Satou/KTP_Effect/Textures/T_fly09_7.uasset" 2605
"C:/24CI0412MP/Content/Satou/KTP_Effect/Textures/T_fly09_7.uexp" 2606
"C:/24CI0412MP/Content/Satou/KTP_Effect/Materials/M_fly09_7.uasset" 2607
"C:/24CI0412MP/Content/Satou/KTP_Effect/Materials/M_fly09_7.uexp" 2608
"C:/24CI0412MP/Content/Satou/KTP_Effect/Particles/Fly/Expolison_09_07.uasset" 2609
"C:/24CI0412MP/Content/Satou/KTP_Effect/Particles/Fly/Expolison_09_07.uexp" 2610
"C:/24CI0412MP/Content/Satou/KTP_Effect/Textures/T_fly09_6.ubulk" 2611
"C:/24CI0412MP/Content/Satou/KTP_Effect/Textures/T_fly09_6.uasset" 2612
"C:/24CI0412MP/Content/Satou/KTP_Effect/Textures/T_fly09_6.uexp" 2613
"C:/24CI0412MP/Content/Satou/KTP_Effect/Materials/M_fly09_6.uasset" 2614
"C:/24CI0412MP/Content/Satou/KTP_Effect/Materials/M_fly09_6.uexp" 2615
"C:/24CI0412MP/Content/Satou/KTP_Effect/Particles/Fly/Expolison_09_06.uasset" 2616
"C:/24CI0412MP/Content/Satou/KTP_Effect/Particles/Fly/Expolison_09_06.uexp" 2617
"C:/24CI0412MP/Content/Satou/KTP_Effect/Textures/T_fly09_5.ubulk" 2618
"C:/24CI0412MP/Content/Satou/KTP_Effect/Textures/T_fly09_5.uasset" 2619
"C:/24CI0412MP/Content/Satou/KTP_Effect/Textures/T_fly09_5.uexp" 2620
"C:/24CI0412MP/Content/Satou/KTP_Effect/Materials/M_fly09_5.uasset" 2621
"C:/24CI0412MP/Content/Satou/KTP_Effect/Materials/M_fly09_5.uexp" 2622
"C:/24CI0412MP/Content/Satou/KTP_Effect/Particles/Fly/Expolison_09_05.uasset" 2623
"C:/24CI0412MP/Content/Satou/KTP_Effect/Particles/Fly/Expolison_09_05.uexp" 2624
"C:/24CI0412MP/Content/Satou/KTP_Effect/Textures/T_fly09_4.ubulk" 2625
"C:/24CI0412MP/Content/Satou/KTP_Effect/Textures/T_fly09_4.uasset" 2626
"C:/24CI0412MP/Content/Satou/KTP_Effect/Textures/T_fly09_4.uexp" 2627
"C:/24CI0412MP/Content/Satou/KTP_Effect/Materials/M_fly09_4.uasset" 2628
"C:/24CI0412MP/Content/Satou/KTP_Effect/Materials/M_fly09_4.uexp" 2629
"C:/24CI0412MP/Content/Satou/KTP_Effect/Particles/Fly/Expolison_09_04.uasset" 2630
"C:/24CI0412MP/Content/Satou/KTP_Effect/Particles/Fly/Expolison_09_04.uexp" 2631
"C:/24CI0412MP/Content/Satou/KTP_Effect/Textures/T_fly09_3.ubulk" 2632
"C:/24CI0412MP/Content/Satou/KTP_Effect/Textures/T_fly09_3.uasset" 2633
"C:/24CI0412MP/Content/Satou/KTP_Effect/Textures/T_fly09_3.uexp" 2634
"C:/24CI0412MP/Content/Satou/KTP_Effect/Materials/M_fly09_3.uasset" 2635
"C:/24CI0412MP/Content/Satou/KTP_Effect/Materials/M_fly09_3.uexp" 2636
"C:/24CI0412MP/Content/Satou/KTP_Effect/Particles/Fly/Expolison_09_03.uasset" 2637
"C:/24CI0412MP/Content/Satou/KTP_Effect/Particles/Fly/Expolison_09_03.uexp" 2638
"C:/24CI0412MP/Content/Satou/KTP_Effect/Textures/T_fly09_2.ubulk" 2639
"C:/24CI0412MP/Content/Satou/KTP_Effect/Textures/T_fly09_2.uasset" 2640
"C:/24CI0412MP/Content/Satou/KTP_Effect/Textures/T_fly09_2.uexp" 2641
"C:/24CI0412MP/Content/Satou/KTP_Effect/Materials/M_fly09_2.uasset" 2642
"C:/24CI0412MP/Content/Satou/KTP_Effect/Materials/M_fly09_2.uexp" 2643
"C:/24CI0412MP/Content/Satou/KTP_Effect/Particles/Fly/Expolison_09_02.uasset" 2644
"C:/24CI0412MP/Content/Satou/KTP_Effect/Particles/Fly/Expolison_09_02.uexp" 2645
"C:/24CI0412MP/Content/Satou/KTP_Effect/Textures/T_fly09_1.ubulk" 2646
"C:/24CI0412MP/Content/Satou/KTP_Effect/Textures/T_fly09_1.uasset" 2647
"C:/24CI0412MP/Content/Satou/KTP_Effect/Textures/T_fly09_1.uexp" 2648
"C:/24CI0412MP/Content/Satou/KTP_Effect/Materials/M_fly09_1.uasset" 2649
"C:/24CI0412MP/Content/Satou/KTP_Effect/Materials/M_fly09_1.uexp" 2650
"C:/24CI0412MP/Content/Satou/KTP_Effect/Particles/Fly/Expolison_09_01.uasset" 2651
"C:/24CI0412MP/Content/Satou/KTP_Effect/Particles/Fly/Expolison_09_01.uexp" 2652
"C:/24CI0412MP/Content/Satou/KTP_Effect/Textures/T_fly08_9.ubulk" 2653
"C:/24CI0412MP/Content/Satou/KTP_Effect/Textures/T_fly08_9.uasset" 2654
"C:/24CI0412MP/Content/Satou/KTP_Effect/Textures/T_fly08_9.uexp" 2655
"C:/24CI0412MP/Content/Satou/KTP_Effect/Materials/M_fly08_9.uasset" 2656
"C:/24CI0412MP/Content/Satou/KTP_Effect/Materials/M_fly08_9.uexp" 2657
"C:/24CI0412MP/Content/Satou/KTP_Effect/Particles/Fly/Expolison_08_09.uasset" 2658
"C:/24CI0412MP/Content/Satou/KTP_Effect/Particles/Fly/Expolison_08_09.uexp" 2659
"C:/24CI0412MP/Content/Satou/KTP_Effect/Textures/T_fly08_8.ubulk" 2660
"C:/24CI0412MP/Content/Satou/KTP_Effect/Textures/T_fly08_8.uasset" 2661
"C:/24CI0412MP/Content/Satou/KTP_Effect/Textures/T_fly08_8.uexp" 2662
"C:/24CI0412MP/Content/Satou/KTP_Effect/Materials/M_fly08_8.uasset" 2663
"C:/24CI0412MP/Content/Satou/KTP_Effect/Materials/M_fly08_8.uexp" 2664
"C:/24CI0412MP/Content/Satou/KTP_Effect/Particles/Fly/Expolison_08_08.uasset" 2665
"C:/24CI0412MP/Content/Satou/KTP_Effect/Particles/Fly/Expolison_08_08.uexp" 2666
"C:/24CI0412MP/Content/Satou/KTP_Effect/Textures/T_fly08_7.ubulk" 2667
"C:/24CI0412MP/Content/Satou/KTP_Effect/Textures/T_fly08_7.uasset" 2668
"C:/24CI0412MP/Content/Satou/KTP_Effect/Textures/T_fly08_7.uexp" 2669
"C:/24CI0412MP/Content/Satou/KTP_Effect/Materials/M_fly08_7.uasset" 2670
"C:/24CI0412MP/Content/Satou/KTP_Effect/Materials/M_fly08_7.uexp" 2671
"C:/24CI0412MP/Content/Satou/KTP_Effect/Particles/Fly/Expolison_08_07.uasset" 2672
"C:/24CI0412MP/Content/Satou/KTP_Effect/Particles/Fly/Expolison_08_07.uexp" 2673
"C:/24CI0412MP/Content/Satou/KTP_Effect/Textures/T_fly08_6.ubulk" 2674
"C:/24CI0412MP/Content/Satou/KTP_Effect/Textures/T_fly08_6.uasset" 2675
"C:/24CI0412MP/Content/Satou/KTP_Effect/Textures/T_fly08_6.uexp" 2676
"C:/24CI0412MP/Content/Satou/KTP_Effect/Materials/M_fly08_6.uasset" 2677
"C:/24CI0412MP/Content/Satou/KTP_Effect/Materials/M_fly08_6.uexp" 2678
"C:/24CI0412MP/Content/Satou/KTP_Effect/Particles/Fly/Expolison_08_06.uasset" 2679
"C:/24CI0412MP/Content/Satou/KTP_Effect/Particles/Fly/Expolison_08_06.uexp" 2680
"C:/24CI0412MP/Content/Satou/KTP_Effect/Textures/T_fly08_5.ubulk" 2681
"C:/24CI0412MP/Content/Satou/KTP_Effect/Textures/T_fly08_5.uasset" 2682
"C:/24CI0412MP/Content/Satou/KTP_Effect/Textures/T_fly08_5.uexp" 2683
"C:/24CI0412MP/Content/Satou/KTP_Effect/Materials/M_fly08_5.uasset" 2684
"C:/24CI0412MP/Content/Satou/KTP_Effect/Materials/M_fly08_5.uexp" 2685
"C:/24CI0412MP/Content/Satou/KTP_Effect/Particles/Fly/Expolison_08_05.uasset" 2686
"C:/24CI0412MP/Content/Satou/KTP_Effect/Particles/Fly/Expolison_08_05.uexp" 2687
"C:/24CI0412MP/Content/Satou/KTP_Effect/Textures/T_fly08_4.ubulk" 2688
"C:/24CI0412MP/Content/Satou/KTP_Effect/Textures/T_fly08_4.uasset" 2689
"C:/24CI0412MP/Content/Satou/KTP_Effect/Textures/T_fly08_4.uexp" 2690
"C:/24CI0412MP/Content/Satou/KTP_Effect/Materials/M_fly08_4.uasset" 2691
"C:/24CI0412MP/Content/Satou/KTP_Effect/Materials/M_fly08_4.uexp" 2692
"C:/24CI0412MP/Content/Satou/KTP_Effect/Particles/Fly/Expolison_08_04.uasset" 2693
"C:/24CI0412MP/Content/Satou/KTP_Effect/Particles/Fly/Expolison_08_04.uexp" 2694
"C:/24CI0412MP/Content/Satou/KTP_Effect/Textures/T_fly08_3.ubulk" 2695
"C:/24CI0412MP/Content/Satou/KTP_Effect/Textures/T_fly08_3.uasset" 2696
"C:/24CI0412MP/Content/Satou/KTP_Effect/Textures/T_fly08_3.uexp" 2697
"C:/24CI0412MP/Content/Satou/KTP_Effect/Materials/M_fly08_3.uasset" 2698
"C:/24CI0412MP/Content/Satou/KTP_Effect/Materials/M_fly08_3.uexp" 2699
"C:/24CI0412MP/Content/Satou/KTP_Effect/Particles/Fly/Expolison_08_03.uasset" 2700
"C:/24CI0412MP/Content/Satou/KTP_Effect/Particles/Fly/Expolison_08_03.uexp" 2701
"C:/24CI0412MP/Content/Satou/KTP_Effect/Textures/T_fly08_2.ubulk" 2702
"C:/24CI0412MP/Content/Satou/KTP_Effect/Textures/T_fly08_2.uasset" 2703
"C:/24CI0412MP/Content/Satou/KTP_Effect/Textures/T_fly08_2.uexp" 2704
"C:/24CI0412MP/Content/Satou/KTP_Effect/Materials/M_fly08_2.uasset" 2705
"C:/24CI0412MP/Content/Satou/KTP_Effect/Materials/M_fly08_2.uexp" 2706
"C:/24CI0412MP/Content/Satou/KTP_Effect/Particles/Fly/Expolison_08_02.uasset" 2707
"C:/24CI0412MP/Content/Satou/KTP_Effect/Particles/Fly/Expolison_08_02.uexp" 2708
"C:/24CI0412MP/Content/Satou/KTP_Effect/Textures/T_fly08_1.ubulk" 2709
"C:/24CI0412MP/Content/Satou/KTP_Effect/Textures/T_fly08_1.uasset" 2710
"C:/24CI0412MP/Content/Satou/KTP_Effect/Textures/T_fly08_1.uexp" 2711
"C:/24CI0412MP/Content/Satou/KTP_Effect/Materials/M_fly08_1.uasset" 2712
"C:/24CI0412MP/Content/Satou/KTP_Effect/Materials/M_fly08_1.uexp" 2713
"C:/24CI0412MP/Content/Satou/KTP_Effect/Particles/Fly/Expolison_08_01.uasset" 2714
"C:/24CI0412MP/Content/Satou/KTP_Effect/Particles/Fly/Expolison_08_01.uexp" 2715
"C:/24CI0412MP/Content/Satou/KTP_Effect/Textures/T_fly07_9.ubulk" 2716
"C:/24CI0412MP/Content/Satou/KTP_Effect/Textures/T_fly07_9.uasset" 2717
"C:/24CI0412MP/Content/Satou/KTP_Effect/Textures/T_fly07_9.uexp" 2718
"C:/24CI0412MP/Content/Satou/KTP_Effect/Materials/M_fly07_9.uasset" 2719
"C:/24CI0412MP/Content/Satou/KTP_Effect/Materials/M_fly07_9.uexp" 2720
"C:/24CI0412MP/Content/Satou/KTP_Effect/Particles/Fly/Expolison_07_09.uasset" 2721
"C:/24CI0412MP/Content/Satou/KTP_Effect/Particles/Fly/Expolison_07_09.uexp" 2722
"C:/24CI0412MP/Content/Satou/KTP_Effect/Textures/T_fly07_8.ubulk" 2723
"C:/24CI0412MP/Content/Satou/KTP_Effect/Textures/T_fly07_8.uasset" 2724
"C:/24CI0412MP/Content/Satou/KTP_Effect/Textures/T_fly07_8.uexp" 2725
"C:/24CI0412MP/Content/Satou/KTP_Effect/Materials/M_fly07_8.uasset" 2726
"C:/24CI0412MP/Content/Satou/KTP_Effect/Materials/M_fly07_8.uexp" 2727
"C:/24CI0412MP/Content/Satou/KTP_Effect/Particles/Fly/Expolison_07_08.uasset" 2728
"C:/24CI0412MP/Content/Satou/KTP_Effect/Particles/Fly/Expolison_07_08.uexp" 2729
"C:/24CI0412MP/Content/Satou/KTP_Effect/Textures/T_fly07_7.ubulk" 2730
"C:/24CI0412MP/Content/Satou/KTP_Effect/Textures/T_fly07_7.uasset" 2731
"C:/24CI0412MP/Content/Satou/KTP_Effect/Textures/T_fly07_7.uexp" 2732
"C:/24CI0412MP/Content/Satou/KTP_Effect/Materials/M_fly07_7.uasset" 2733
"C:/24CI0412MP/Content/Satou/KTP_Effect/Materials/M_fly07_7.uexp" 2734
"C:/24CI0412MP/Content/Satou/KTP_Effect/Particles/Fly/Expolison_07_07.uasset" 2735
"C:/24CI0412MP/Content/Satou/KTP_Effect/Particles/Fly/Expolison_07_07.uexp" 2736
"C:/24CI0412MP/Content/Satou/KTP_Effect/Textures/T_fly07_6.ubulk" 2737
"C:/24CI0412MP/Content/Satou/KTP_Effect/Textures/T_fly07_6.uasset" 2738
"C:/24CI0412MP/Content/Satou/KTP_Effect/Textures/T_fly07_6.uexp" 2739
"C:/24CI0412MP/Content/Satou/KTP_Effect/Materials/M_fly07_6.uasset" 2740
"C:/24CI0412MP/Content/Satou/KTP_Effect/Materials/M_fly07_6.uexp" 2741
"C:/24CI0412MP/Content/Satou/KTP_Effect/Particles/Fly/Expolison_07_06.uasset" 2742
"C:/24CI0412MP/Content/Satou/KTP_Effect/Particles/Fly/Expolison_07_06.uexp" 2743
"C:/24CI0412MP/Content/Satou/KTP_Effect/Textures/T_fly07_5.ubulk" 2744
"C:/24CI0412MP/Content/Satou/KTP_Effect/Textures/T_fly07_5.uasset" 2745
"C:/24CI0412MP/Content/Satou/KTP_Effect/Textures/T_fly07_5.uexp" 2746
"C:/24CI0412MP/Content/Satou/KTP_Effect/Materials/M_fly07_5.uasset" 2747
"C:/24CI0412MP/Content/Satou/KTP_Effect/Materials/M_fly07_5.uexp" 2748
"C:/24CI0412MP/Content/Satou/KTP_Effect/Particles/Fly/Expolison_07_05.uasset" 2749
"C:/24CI0412MP/Content/Satou/KTP_Effect/Particles/Fly/Expolison_07_05.uexp" 2750
"C:/24CI0412MP/Content/Satou/KTP_Effect/Textures/T_fly07_4.ubulk" 2751
"C:/24CI0412MP/Content/Satou/KTP_Effect/Textures/T_fly07_4.uasset" 2752
"C:/24CI0412MP/Content/Satou/KTP_Effect/Textures/T_fly07_4.uexp" 2753
"C:/24CI0412MP/Content/Satou/KTP_Effect/Materials/M_fly07_4.uasset" 2754
"C:/24CI0412MP/Content/Satou/KTP_Effect/Materials/M_fly07_4.uexp" 2755
"C:/24CI0412MP/Content/Satou/KTP_Effect/Particles/Fly/Expolison_07_04.uasset" 2756
"C:/24CI0412MP/Content/Satou/KTP_Effect/Particles/Fly/Expolison_07_04.uexp" 2757
"C:/24CI0412MP/Content/Satou/KTP_Effect/Textures/T_fly07_3.ubulk" 2758
"C:/24CI0412MP/Content/Satou/KTP_Effect/Textures/T_fly07_3.uasset" 2759
"C:/24CI0412MP/Content/Satou/KTP_Effect/Textures/T_fly07_3.uexp" 2760
"C:/24CI0412MP/Content/Satou/KTP_Effect/Materials/M_fly07_3.uasset" 2761
"C:/24CI0412MP/Content/Satou/KTP_Effect/Materials/M_fly07_3.uexp" 2762
"C:/24CI0412MP/Content/Satou/KTP_Effect/Particles/Fly/Expolison_07_03.uasset" 2763
"C:/24CI0412MP/Content/Satou/KTP_Effect/Particles/Fly/Expolison_07_03.uexp" 2764
"C:/24CI0412MP/Content/Satou/KTP_Effect/Textures/T_fly07_1.ubulk" 2765
"C:/24CI0412MP/Content/Satou/KTP_Effect/Textures/T_fly07_1.uasset" 2766
"C:/24CI0412MP/Content/Satou/KTP_Effect/Textures/T_fly07_1.uexp" 2767
"C:/24CI0412MP/Content/Satou/KTP_Effect/Materials/M_fly07_1.uasset" 2768
"C:/24CI0412MP/Content/Satou/KTP_Effect/Materials/M_fly07_1.uexp" 2769
"C:/24CI0412MP/Content/Satou/KTP_Effect/Particles/Fly/Expolison_07_01.uasset" 2770
"C:/24CI0412MP/Content/Satou/KTP_Effect/Particles/Fly/Expolison_07_01.uexp" 2771
"C:/24CI0412MP/Content/Satou/KTP_Effect/Textures/T_fly06_9.ubulk" 2772
"C:/24CI0412MP/Content/Satou/KTP_Effect/Textures/T_fly06_9.uasset" 2773
"C:/24CI0412MP/Content/Satou/KTP_Effect/Textures/T_fly06_9.uexp" 2774
"C:/24CI0412MP/Content/Satou/KTP_Effect/Materials/M_fly06_9.uasset" 2775
"C:/24CI0412MP/Content/Satou/KTP_Effect/Materials/M_fly06_9.uexp" 2776
"C:/24CI0412MP/Content/Satou/KTP_Effect/Materials/PublicMaterials/M_wave_fly006.uasset" 2777
"C:/24CI0412MP/Content/Satou/KTP_Effect/Materials/PublicMaterials/M_wave_fly006.uexp" 2778
"C:/24CI0412MP/Content/Satou/KTP_Effect/Particles/Fly/Expolison_06_09.uasset" 2779
"C:/24CI0412MP/Content/Satou/KTP_Effect/Particles/Fly/Expolison_06_09.uexp" 2780
"C:/24CI0412MP/Content/Satou/KTP_Effect/Textures/T_fly06_8.ubulk" 2781
"C:/24CI0412MP/Content/Satou/KTP_Effect/Textures/T_fly06_8.uasset" 2782
"C:/24CI0412MP/Content/Satou/KTP_Effect/Textures/T_fly06_8.uexp" 2783
"C:/24CI0412MP/Content/Satou/KTP_Effect/Materials/M_fly06_8.uasset" 2784
"C:/24CI0412MP/Content/Satou/KTP_Effect/Materials/M_fly06_8.uexp" 2785
"C:/24CI0412MP/Content/Satou/KTP_Effect/Particles/Fly/Expolison_06_08.uasset" 2786
"C:/24CI0412MP/Content/Satou/KTP_Effect/Particles/Fly/Expolison_06_08.uexp" 2787
"C:/24CI0412MP/Content/Satou/KTP_Effect/Textures/T_fly06_7.ubulk" 2788
"C:/24CI0412MP/Content/Satou/KTP_Effect/Textures/T_fly06_7.uasset" 2789
"C:/24CI0412MP/Content/Satou/KTP_Effect/Textures/T_fly06_7.uexp" 2790
"C:/24CI0412MP/Content/Satou/KTP_Effect/Materials/M_fly06_7.uasset" 2791
"C:/24CI0412MP/Content/Satou/KTP_Effect/Materials/M_fly06_7.uexp" 2792
"C:/24CI0412MP/Content/Satou/KTP_Effect/Particles/Fly/Expolison_06_07.uasset" 2793
"C:/24CI0412MP/Content/Satou/KTP_Effect/Particles/Fly/Expolison_06_07.uexp" 2794
"C:/24CI0412MP/Content/Satou/KTP_Effect/Textures/T_fly06_6.ubulk" 2795
"C:/24CI0412MP/Content/Satou/KTP_Effect/Textures/T_fly06_6.uasset" 2796
"C:/24CI0412MP/Content/Satou/KTP_Effect/Textures/T_fly06_6.uexp" 2797
"C:/24CI0412MP/Content/Satou/KTP_Effect/Materials/M_fly06_6.uasset" 2798
"C:/24CI0412MP/Content/Satou/KTP_Effect/Materials/M_fly06_6.uexp" 2799
"C:/24CI0412MP/Content/Satou/KTP_Effect/Particles/Fly/Expolison_06_06.uasset" 2800
"C:/24CI0412MP/Content/Satou/KTP_Effect/Particles/Fly/Expolison_06_06.uexp" 2801
"C:/24CI0412MP/Content/Satou/KTP_Effect/Textures/T_fly06_5.ubulk" 2802
"C:/24CI0412MP/Content/Satou/KTP_Effect/Textures/T_fly06_5.uasset" 2803
"C:/24CI0412MP/Content/Satou/KTP_Effect/Textures/T_fly06_5.uexp" 2804
"C:/24CI0412MP/Content/Satou/KTP_Effect/Materials/M_fly06_5.uasset" 2805
"C:/24CI0412MP/Content/Satou/KTP_Effect/Materials/M_fly06_5.uexp" 2806
"C:/24CI0412MP/Content/Satou/KTP_Effect/Particles/Fly/Expolison_06_05.uasset" 2807
"C:/24CI0412MP/Content/Satou/KTP_Effect/Particles/Fly/Expolison_06_05.uexp" 2808
"C:/24CI0412MP/Content/Satou/KTP_Effect/Textures/T_fly06_4.ubulk" 2809
"C:/24CI0412MP/Content/Satou/KTP_Effect/Textures/T_fly06_4.uasset" 2810
"C:/24CI0412MP/Content/Satou/KTP_Effect/Textures/T_fly06_4.uexp" 2811
"C:/24CI0412MP/Content/Satou/KTP_Effect/Materials/M_fly06_4.uasset" 2812
"C:/24CI0412MP/Content/Satou/KTP_Effect/Materials/M_fly06_4.uexp" 2813
"C:/24CI0412MP/Content/Satou/KTP_Effect/Particles/Fly/Expolison_06_04.uasset" 2814
"C:/24CI0412MP/Content/Satou/KTP_Effect/Particles/Fly/Expolison_06_04.uexp" 2815
"C:/24CI0412MP/Content/Satou/KTP_Effect/Textures/T_fly06_3.ubulk" 2816
"C:/24CI0412MP/Content/Satou/KTP_Effect/Textures/T_fly06_3.uasset" 2817
"C:/24CI0412MP/Content/Satou/KTP_Effect/Textures/T_fly06_3.uexp" 2818
"C:/24CI0412MP/Content/Satou/KTP_Effect/Materials/M_fly06_3.uasset" 2819
"C:/24CI0412MP/Content/Satou/KTP_Effect/Materials/M_fly06_3.uexp" 2820
"C:/24CI0412MP/Content/Satou/KTP_Effect/Particles/Fly/Expolison_06_03.uasset" 2821
"C:/24CI0412MP/Content/Satou/KTP_Effect/Particles/Fly/Expolison_06_03.uexp" 2822
"C:/24CI0412MP/Content/Satou/KTP_Effect/Textures/T_fly06_2.ubulk" 2823
"C:/24CI0412MP/Content/Satou/KTP_Effect/Textures/T_fly06_2.uasset" 2824
"C:/24CI0412MP/Content/Satou/KTP_Effect/Textures/T_fly06_2.uexp" 2825
"C:/24CI0412MP/Content/Satou/KTP_Effect/Materials/M_fly06_2.uasset" 2826
"C:/24CI0412MP/Content/Satou/KTP_Effect/Materials/M_fly06_2.uexp" 2827
"C:/24CI0412MP/Content/Satou/KTP_Effect/Particles/Fly/Expolison_06_02.uasset" 2828
"C:/24CI0412MP/Content/Satou/KTP_Effect/Particles/Fly/Expolison_06_02.uexp" 2829
"C:/24CI0412MP/Content/Satou/KTP_Effect/Textures/T_fly06_1.ubulk" 2830
"C:/24CI0412MP/Content/Satou/KTP_Effect/Textures/T_fly06_1.uasset" 2831
"C:/24CI0412MP/Content/Satou/KTP_Effect/Textures/T_fly06_1.uexp" 2832
"C:/24CI0412MP/Content/Satou/KTP_Effect/Materials/M_fly06_1.uasset" 2833
"C:/24CI0412MP/Content/Satou/KTP_Effect/Materials/M_fly06_1.uexp" 2834
"C:/24CI0412MP/Content/Satou/KTP_Effect/Particles/Fly/Expolison_06_01.uasset" 2835
"C:/24CI0412MP/Content/Satou/KTP_Effect/Particles/Fly/Expolison_06_01.uexp" 2836
"C:/24CI0412MP/Content/Satou/KTP_Effect/Textures/T_fly05_9.ubulk" 2837
"C:/24CI0412MP/Content/Satou/KTP_Effect/Textures/T_fly05_9.uasset" 2838
"C:/24CI0412MP/Content/Satou/KTP_Effect/Textures/T_fly05_9.uexp" 2839
"C:/24CI0412MP/Content/Satou/KTP_Effect/Materials/M_fly05_9.uasset" 2840
"C:/24CI0412MP/Content/Satou/KTP_Effect/Materials/M_fly05_9.uexp" 2841
"C:/24CI0412MP/Content/Satou/KTP_Effect/Mesh/SM_FX_ring.ubulk" 2842
"C:/24CI0412MP/Content/Satou/KTP_Effect/Mesh/SM_FX_ring.uasset" 2843
"C:/24CI0412MP/Content/Satou/KTP_Effect/Mesh/SM_FX_ring.uexp" 2844
"C:/24CI0412MP/Content/Satou/KTP_Effect/Materials/PublicMaterials/M_FX_Glow_ring_04.uasset" 2845
"C:/24CI0412MP/Content/Satou/KTP_Effect/Materials/PublicMaterials/M_FX_Glow_ring_04.uexp" 2846
"C:/24CI0412MP/Content/Satou/KTP_Effect/Particles/Fly/Expolison_05_09.uasset" 2847
"C:/24CI0412MP/Content/Satou/KTP_Effect/Particles/Fly/Expolison_05_09.uexp" 2848
"C:/24CI0412MP/Content/Satou/KTP_Effect/Textures/T_fly05_8.ubulk" 2849
"C:/24CI0412MP/Content/Satou/KTP_Effect/Textures/T_fly05_8.uasset" 2850
"C:/24CI0412MP/Content/Satou/KTP_Effect/Textures/T_fly05_8.uexp" 2851
"C:/24CI0412MP/Content/Satou/KTP_Effect/Materials/M_fly05_8.uasset" 2852
"C:/24CI0412MP/Content/Satou/KTP_Effect/Materials/M_fly05_8.uexp" 2853
"C:/24CI0412MP/Content/Satou/KTP_Effect/Particles/Fly/Expolison_05_08.uasset" 2854
"C:/24CI0412MP/Content/Satou/KTP_Effect/Particles/Fly/Expolison_05_08.uexp" 2855
"C:/24CI0412MP/Content/Satou/KTP_Effect/Textures/T_fly05_7.ubulk" 2856
"C:/24CI0412MP/Content/Satou/KTP_Effect/Textures/T_fly05_7.uasset" 2857
"C:/24CI0412MP/Content/Satou/KTP_Effect/Textures/T_fly05_7.uexp" 2858
"C:/24CI0412MP/Content/Satou/KTP_Effect/Materials/M_fly05_7.uasset" 2859
"C:/24CI0412MP/Content/Satou/KTP_Effect/Materials/M_fly05_7.uexp" 2860
"C:/24CI0412MP/Content/Satou/KTP_Effect/Particles/Fly/Expolison_05_07.uasset" 2861
"C:/24CI0412MP/Content/Satou/KTP_Effect/Particles/Fly/Expolison_05_07.uexp" 2862
"C:/24CI0412MP/Content/Satou/KTP_Effect/Textures/T_fly05_6.ubulk" 2863
"C:/24CI0412MP/Content/Satou/KTP_Effect/Textures/T_fly05_6.uasset" 2864
"C:/24CI0412MP/Content/Satou/KTP_Effect/Textures/T_fly05_6.uexp" 2865
"C:/24CI0412MP/Content/Satou/KTP_Effect/Materials/M_fly05_6.uasset" 2866
"C:/24CI0412MP/Content/Satou/KTP_Effect/Materials/M_fly05_6.uexp" 2867
"C:/24CI0412MP/Content/Satou/KTP_Effect/Particles/Fly/Expolison_05_06.uasset" 2868
"C:/24CI0412MP/Content/Satou/KTP_Effect/Particles/Fly/Expolison_05_06.uexp" 2869
"C:/24CI0412MP/Content/Satou/KTP_Effect/Textures/T_fly05_5.ubulk" 2870
"C:/24CI0412MP/Content/Satou/KTP_Effect/Textures/T_fly05_5.uasset" 2871
"C:/24CI0412MP/Content/Satou/KTP_Effect/Textures/T_fly05_5.uexp" 2872
"C:/24CI0412MP/Content/Satou/KTP_Effect/Materials/M_fly05_5.uasset" 2873
"C:/24CI0412MP/Content/Satou/KTP_Effect/Materials/M_fly05_5.uexp" 2874
"C:/24CI0412MP/Content/Satou/KTP_Effect/Particles/Fly/Expolison_05_05.uasset" 2875
"C:/24CI0412MP/Content/Satou/KTP_Effect/Particles/Fly/Expolison_05_05.uexp" 2876
"C:/24CI0412MP/Content/Satou/KTP_Effect/Textures/T_fly05_4.ubulk" 2877
"C:/24CI0412MP/Content/Satou/KTP_Effect/Textures/T_fly05_4.uasset" 2878
"C:/24CI0412MP/Content/Satou/KTP_Effect/Textures/T_fly05_4.uexp" 2879
"C:/24CI0412MP/Content/Satou/KTP_Effect/Materials/M_fly05_4.uasset" 2880
"C:/24CI0412MP/Content/Satou/KTP_Effect/Materials/M_fly05_4.uexp" 2881
"C:/24CI0412MP/Content/Satou/KTP_Effect/Particles/Fly/Expolison_05_04.uasset" 2882
"C:/24CI0412MP/Content/Satou/KTP_Effect/Particles/Fly/Expolison_05_04.uexp" 2883
"C:/24CI0412MP/Content/Satou/KTP_Effect/Textures/T_fly05_3.ubulk" 2884
"C:/24CI0412MP/Content/Satou/KTP_Effect/Textures/T_fly05_3.uasset" 2885
"C:/24CI0412MP/Content/Satou/KTP_Effect/Textures/T_fly05_3.uexp" 2886
"C:/24CI0412MP/Content/Satou/KTP_Effect/Materials/M_fly05_3.uasset" 2887
"C:/24CI0412MP/Content/Satou/KTP_Effect/Materials/M_fly05_3.uexp" 2888
"C:/24CI0412MP/Content/Satou/KTP_Effect/Particles/Fly/Expolison_05_03.uasset" 2889
"C:/24CI0412MP/Content/Satou/KTP_Effect/Particles/Fly/Expolison_05_03.uexp" 2890
"C:/24CI0412MP/Content/Satou/KTP_Effect/Textures/T_fly05_2.ubulk" 2891
"C:/24CI0412MP/Content/Satou/KTP_Effect/Textures/T_fly05_2.uasset" 2892
"C:/24CI0412MP/Content/Satou/KTP_Effect/Textures/T_fly05_2.uexp" 2893
"C:/24CI0412MP/Content/Satou/KTP_Effect/Materials/M_fly05_2.uasset" 2894
"C:/24CI0412MP/Content/Satou/KTP_Effect/Materials/M_fly05_2.uexp" 2895
"C:/24CI0412MP/Content/Satou/KTP_Effect/Particles/Fly/Expolison_05_02.uasset" 2896
"C:/24CI0412MP/Content/Satou/KTP_Effect/Particles/Fly/Expolison_05_02.uexp" 2897
"C:/24CI0412MP/Content/Satou/KTP_Effect/Textures/T_fly05_1.ubulk" 2898
"C:/24CI0412MP/Content/Satou/KTP_Effect/Textures/T_fly05_1.uasset" 2899
"C:/24CI0412MP/Content/Satou/KTP_Effect/Textures/T_fly05_1.uexp" 2900
"C:/24CI0412MP/Content/Satou/KTP_Effect/Materials/M_fly05_1.uasset" 2901
"C:/24CI0412MP/Content/Satou/KTP_Effect/Materials/M_fly05_1.uexp" 2902
"C:/24CI0412MP/Content/Satou/KTP_Effect/Particles/Fly/Expolison_05_01.uasset" 2903
"C:/24CI0412MP/Content/Satou/KTP_Effect/Particles/Fly/Expolison_05_01.uexp" 2904
"C:/24CI0412MP/Content/Satou/KTP_Effect/Textures/T_fly04_9.ubulk" 2905
"C:/24CI0412MP/Content/Satou/KTP_Effect/Textures/T_fly04_9.uasset" 2906
"C:/24CI0412MP/Content/Satou/KTP_Effect/Textures/T_fly04_9.uexp" 2907
"C:/24CI0412MP/Content/Satou/KTP_Effect/Materials/M_fly04_9.uasset" 2908
"C:/24CI0412MP/Content/Satou/KTP_Effect/Materials/M_fly04_9.uexp" 2909
"C:/24CI0412MP/Content/Satou/KTP_Effect/Particles/Fly/Expolison_04_09.uasset" 2910
"C:/24CI0412MP/Content/Satou/KTP_Effect/Particles/Fly/Expolison_04_09.uexp" 2911
"C:/24CI0412MP/Content/Satou/KTP_Effect/Textures/T_fly04_8.ubulk" 2912
"C:/24CI0412MP/Content/Satou/KTP_Effect/Textures/T_fly04_8.uasset" 2913
"C:/24CI0412MP/Content/Satou/KTP_Effect/Textures/T_fly04_8.uexp" 2914
"C:/24CI0412MP/Content/Satou/KTP_Effect/Materials/M_fly04_8.uasset" 2915
"C:/24CI0412MP/Content/Satou/KTP_Effect/Materials/M_fly04_8.uexp" 2916
"C:/24CI0412MP/Content/Satou/KTP_Effect/Particles/Fly/Expolison_04_08.uasset" 2917
"C:/24CI0412MP/Content/Satou/KTP_Effect/Particles/Fly/Expolison_04_08.uexp" 2918
"C:/24CI0412MP/Content/Satou/KTP_Effect/Textures/T_fly04_7.ubulk" 2919
"C:/24CI0412MP/Content/Satou/KTP_Effect/Textures/T_fly04_7.uasset" 2920
"C:/24CI0412MP/Content/Satou/KTP_Effect/Textures/T_fly04_7.uexp" 2921
"C:/24CI0412MP/Content/Satou/KTP_Effect/Materials/M_fly04_7.uasset" 2922
"C:/24CI0412MP/Content/Satou/KTP_Effect/Materials/M_fly04_7.uexp" 2923
"C:/24CI0412MP/Content/Satou/KTP_Effect/Particles/Fly/Expolison_04_07.uasset" 2924
"C:/24CI0412MP/Content/Satou/KTP_Effect/Particles/Fly/Expolison_04_07.uexp" 2925
"C:/24CI0412MP/Content/Satou/KTP_Effect/Textures/T_fly04_6.ubulk" 2926
"C:/24CI0412MP/Content/Satou/KTP_Effect/Textures/T_fly04_6.uasset" 2927
"C:/24CI0412MP/Content/Satou/KTP_Effect/Textures/T_fly04_6.uexp" 2928
"C:/24CI0412MP/Content/Satou/KTP_Effect/Materials/M_fly04_6.uasset" 2929
"C:/24CI0412MP/Content/Satou/KTP_Effect/Materials/M_fly04_6.uexp" 2930
"C:/24CI0412MP/Content/Satou/KTP_Effect/Particles/Fly/Expolison_04_06.uasset" 2931
"C:/24CI0412MP/Content/Satou/KTP_Effect/Particles/Fly/Expolison_04_06.uexp" 2932
"C:/24CI0412MP/Content/Satou/KTP_Effect/Textures/T_fly04_5.ubulk" 2933
"C:/24CI0412MP/Content/Satou/KTP_Effect/Textures/T_fly04_5.uasset" 2934
"C:/24CI0412MP/Content/Satou/KTP_Effect/Textures/T_fly04_5.uexp" 2935
"C:/24CI0412MP/Content/Satou/KTP_Effect/Materials/M_fly04_5.uasset" 2936
"C:/24CI0412MP/Content/Satou/KTP_Effect/Materials/M_fly04_5.uexp" 2937
"C:/24CI0412MP/Content/Satou/KTP_Effect/Particles/Fly/Expolison_04_05.uasset" 2938
"C:/24CI0412MP/Content/Satou/KTP_Effect/Particles/Fly/Expolison_04_05.uexp" 2939
"C:/24CI0412MP/Content/Satou/KTP_Effect/Textures/T_fly04_4.ubulk" 2940
"C:/24CI0412MP/Content/Satou/KTP_Effect/Textures/T_fly04_4.uasset" 2941
"C:/24CI0412MP/Content/Satou/KTP_Effect/Textures/T_fly04_4.uexp" 2942
"C:/24CI0412MP/Content/Satou/KTP_Effect/Materials/M_fly04_4.uasset" 2943
"C:/24CI0412MP/Content/Satou/KTP_Effect/Materials/M_fly04_4.uexp" 2944
"C:/24CI0412MP/Content/Satou/KTP_Effect/Particles/Fly/Expolison_04_04.uasset" 2945
"C:/24CI0412MP/Content/Satou/KTP_Effect/Particles/Fly/Expolison_04_04.uexp" 2946
"C:/24CI0412MP/Content/Satou/KTP_Effect/Textures/T_fly04_3.ubulk" 2947
"C:/24CI0412MP/Content/Satou/KTP_Effect/Textures/T_fly04_3.uasset" 2948
"C:/24CI0412MP/Content/Satou/KTP_Effect/Textures/T_fly04_3.uexp" 2949
"C:/24CI0412MP/Content/Satou/KTP_Effect/Materials/M_fly04_3.uasset" 2950
"C:/24CI0412MP/Content/Satou/KTP_Effect/Materials/M_fly04_3.uexp" 2951
"C:/24CI0412MP/Content/Satou/KTP_Effect/Particles/Fly/Expolison_04_03.uasset" 2952
"C:/24CI0412MP/Content/Satou/KTP_Effect/Particles/Fly/Expolison_04_03.uexp" 2953
"C:/24CI0412MP/Content/Satou/KTP_Effect/Textures/T_fly04_2.ubulk" 2954
"C:/24CI0412MP/Content/Satou/KTP_Effect/Textures/T_fly04_2.uasset" 2955
"C:/24CI0412MP/Content/Satou/KTP_Effect/Textures/T_fly04_2.uexp" 2956
"C:/24CI0412MP/Content/Satou/KTP_Effect/Materials/M_fly04_2.uasset" 2957
"C:/24CI0412MP/Content/Satou/KTP_Effect/Materials/M_fly04_2.uexp" 2958
"C:/24CI0412MP/Content/Satou/KTP_Effect/Particles/Fly/Expolison_04_02.uasset" 2959
"C:/24CI0412MP/Content/Satou/KTP_Effect/Particles/Fly/Expolison_04_02.uexp" 2960
"C:/24CI0412MP/Content/Satou/KTP_Effect/Textures/T_fly04_1.ubulk" 2961
"C:/24CI0412MP/Content/Satou/KTP_Effect/Textures/T_fly04_1.uasset" 2962
"C:/24CI0412MP/Content/Satou/KTP_Effect/Textures/T_fly04_1.uexp" 2963
"C:/24CI0412MP/Content/Satou/KTP_Effect/Materials/M_fly04_1.uasset" 2964
"C:/24CI0412MP/Content/Satou/KTP_Effect/Materials/M_fly04_1.uexp" 2965
"C:/24CI0412MP/Content/Satou/KTP_Effect/Particles/Fly/Expolison_04_01.uasset" 2966
"C:/24CI0412MP/Content/Satou/KTP_Effect/Particles/Fly/Expolison_04_01.uexp" 2967
"C:/24CI0412MP/Content/Satou/KTP_Effect/Textures/T_fly03_9.ubulk" 2968
"C:/24CI0412MP/Content/Satou/KTP_Effect/Textures/T_fly03_9.uasset" 2969
"C:/24CI0412MP/Content/Satou/KTP_Effect/Textures/T_fly03_9.uexp" 2970
"C:/24CI0412MP/Content/Satou/KTP_Effect/Materials/M_fly03_9.uasset" 2971
"C:/24CI0412MP/Content/Satou/KTP_Effect/Materials/M_fly03_9.uexp" 2972
"C:/24CI0412MP/Content/Satou/KTP_Effect/Mesh/SM_FX_burst_fly03.ubulk" 2973
"C:/24CI0412MP/Content/Satou/KTP_Effect/Mesh/SM_FX_burst_fly03.uasset" 2974
"C:/24CI0412MP/Content/Satou/KTP_Effect/Mesh/SM_FX_burst_fly03.uexp" 2975
"C:/24CI0412MP/Content/Satou/KTP_Effect/Textures/PublicTextures/T_Aura_03.ubulk" 2976
"C:/24CI0412MP/Content/Satou/KTP_Effect/Textures/PublicTextures/T_Aura_03.uasset" 2977
"C:/24CI0412MP/Content/Satou/KTP_Effect/Textures/PublicTextures/T_Aura_03.uexp" 2978
"C:/24CI0412MP/Content/Satou/KTP_Effect/Materials/PublicMaterials/M_FX_Aura_black_1.uasset" 2979
"C:/24CI0412MP/Content/Satou/KTP_Effect/Materials/PublicMaterials/M_FX_Aura_black_1.uexp" 2980
"C:/24CI0412MP/Content/Satou/KTP_Effect/Particles/Fly/Expolison_03_09.uasset" 2981
"C:/24CI0412MP/Content/Satou/KTP_Effect/Particles/Fly/Expolison_03_09.uexp" 2982
"C:/24CI0412MP/Content/Satou/KTP_Effect/Textures/T_fly03_8.ubulk" 2983
"C:/24CI0412MP/Content/Satou/KTP_Effect/Textures/T_fly03_8.uasset" 2984
"C:/24CI0412MP/Content/Satou/KTP_Effect/Textures/T_fly03_8.uexp" 2985
"C:/24CI0412MP/Content/Satou/KTP_Effect/Materials/M_fly03_8.uasset" 2986
"C:/24CI0412MP/Content/Satou/KTP_Effect/Materials/M_fly03_8.uexp" 2987
"C:/24CI0412MP/Content/Satou/KTP_Effect/Particles/Fly/Expolison_03_08.uasset" 2988
"C:/24CI0412MP/Content/Satou/KTP_Effect/Particles/Fly/Expolison_03_08.uexp" 2989
"C:/24CI0412MP/Content/Satou/KTP_Effect/Textures/T_fly03_7.ubulk" 2990
"C:/24CI0412MP/Content/Satou/KTP_Effect/Textures/T_fly03_7.uasset" 2991
"C:/24CI0412MP/Content/Satou/KTP_Effect/Textures/T_fly03_7.uexp" 2992
"C:/24CI0412MP/Content/Satou/KTP_Effect/Materials/M_fly03_7.uasset" 2993
"C:/24CI0412MP/Content/Satou/KTP_Effect/Materials/M_fly03_7.uexp" 2994
"C:/24CI0412MP/Content/Satou/KTP_Effect/Particles/Fly/Expolison_03_07.uasset" 2995
"C:/24CI0412MP/Content/Satou/KTP_Effect/Particles/Fly/Expolison_03_07.uexp" 2996
"C:/24CI0412MP/Content/Satou/KTP_Effect/Textures/T_fly03_6.ubulk" 2997
"C:/24CI0412MP/Content/Satou/KTP_Effect/Textures/T_fly03_6.uasset" 2998
"C:/24CI0412MP/Content/Satou/KTP_Effect/Textures/T_fly03_6.uexp" 2999
"C:/24CI0412MP/Content/Satou/KTP_Effect/Materials/M_fly03_6.uasset" 3000
"C:/24CI0412MP/Content/Satou/KTP_Effect/Materials/M_fly03_6.uexp" 3001
"C:/24CI0412MP/Content/Satou/KTP_Effect/Particles/Fly/Expolison_03_06.uasset" 3002
"C:/24CI0412MP/Content/Satou/KTP_Effect/Particles/Fly/Expolison_03_06.uexp" 3003
"C:/24CI0412MP/Content/Satou/KTP_Effect/Textures/T_fly03_5.ubulk" 3004
"C:/24CI0412MP/Content/Satou/KTP_Effect/Textures/T_fly03_5.uasset" 3005
"C:/24CI0412MP/Content/Satou/KTP_Effect/Textures/T_fly03_5.uexp" 3006
"C:/24CI0412MP/Content/Satou/KTP_Effect/Materials/M_fly03_5.uasset" 3007
"C:/24CI0412MP/Content/Satou/KTP_Effect/Materials/M_fly03_5.uexp" 3008
"C:/24CI0412MP/Content/Satou/KTP_Effect/Particles/Fly/Expolison_03_05.uasset" 3009
"C:/24CI0412MP/Content/Satou/KTP_Effect/Particles/Fly/Expolison_03_05.uexp" 3010
"C:/24CI0412MP/Content/Satou/KTP_Effect/Textures/T_fly03_4.ubulk" 3011
"C:/24CI0412MP/Content/Satou/KTP_Effect/Textures/T_fly03_4.uasset" 3012
"C:/24CI0412MP/Content/Satou/KTP_Effect/Textures/T_fly03_4.uexp" 3013
"C:/24CI0412MP/Content/Satou/KTP_Effect/Materials/M_fly03_4.uasset" 3014
"C:/24CI0412MP/Content/Satou/KTP_Effect/Materials/M_fly03_4.uexp" 3015
"C:/24CI0412MP/Content/Satou/KTP_Effect/Particles/Fly/Expolison_03_04.uasset" 3016
"C:/24CI0412MP/Content/Satou/KTP_Effect/Particles/Fly/Expolison_03_04.uexp" 3017
"C:/24CI0412MP/Content/Satou/KTP_Effect/Textures/T_fly03_3.ubulk" 3018
"C:/24CI0412MP/Content/Satou/KTP_Effect/Textures/T_fly03_3.uasset" 3019
"C:/24CI0412MP/Content/Satou/KTP_Effect/Textures/T_fly03_3.uexp" 3020
"C:/24CI0412MP/Content/Satou/KTP_Effect/Materials/M_fly03_3.uasset" 3021
"C:/24CI0412MP/Content/Satou/KTP_Effect/Materials/M_fly03_3.uexp" 3022
"C:/24CI0412MP/Content/Satou/KTP_Effect/Particles/Fly/Expolison_03_03.uasset" 3023
"C:/24CI0412MP/Content/Satou/KTP_Effect/Particles/Fly/Expolison_03_03.uexp" 3024
"C:/24CI0412MP/Content/Satou/KTP_Effect/Textures/T_fly03_2.ubulk" 3025
"C:/24CI0412MP/Content/Satou/KTP_Effect/Textures/T_fly03_2.uasset" 3026
"C:/24CI0412MP/Content/Satou/KTP_Effect/Textures/T_fly03_2.uexp" 3027
"C:/24CI0412MP/Content/Satou/KTP_Effect/Materials/M_fly03_2.uasset" 3028
"C:/24CI0412MP/Content/Satou/KTP_Effect/Materials/M_fly03_2.uexp" 3029
"C:/24CI0412MP/Content/Satou/KTP_Effect/Particles/Fly/Expolison_03_02.uasset" 3030
"C:/24CI0412MP/Content/Satou/KTP_Effect/Particles/Fly/Expolison_03_02.uexp" 3031
"C:/24CI0412MP/Content/Satou/KTP_Effect/Textures/T_fly03_1.ubulk" 3032
"C:/24CI0412MP/Content/Satou/KTP_Effect/Textures/T_fly03_1.uasset" 3033
"C:/24CI0412MP/Content/Satou/KTP_Effect/Textures/T_fly03_1.uexp" 3034
"C:/24CI0412MP/Content/Satou/KTP_Effect/Materials/M_fly03_1.uasset" 3035
"C:/24CI0412MP/Content/Satou/KTP_Effect/Materials/M_fly03_1.uexp" 3036
"C:/24CI0412MP/Content/Satou/KTP_Effect/Particles/Fly/Expolison_03_01.uasset" 3037
"C:/24CI0412MP/Content/Satou/KTP_Effect/Particles/Fly/Expolison_03_01.uexp" 3038
"C:/24CI0412MP/Content/Satou/KTP_Effect/Textures/T_fly02_9.ubulk" 3039
"C:/24CI0412MP/Content/Satou/KTP_Effect/Textures/T_fly02_9.uasset" 3040
"C:/24CI0412MP/Content/Satou/KTP_Effect/Textures/T_fly02_9.uexp" 3041
"C:/24CI0412MP/Content/Satou/KTP_Effect/Materials/M_fly02_9.uasset" 3042
"C:/24CI0412MP/Content/Satou/KTP_Effect/Materials/M_fly02_9.uexp" 3043
"C:/24CI0412MP/Content/Satou/KTP_Effect/Particles/Fly/Expolison_02_09.uasset" 3044
"C:/24CI0412MP/Content/Satou/KTP_Effect/Particles/Fly/Expolison_02_09.uexp" 3045
"C:/24CI0412MP/Content/Satou/KTP_Effect/Textures/T_fly02_8.ubulk" 3046
"C:/24CI0412MP/Content/Satou/KTP_Effect/Textures/T_fly02_8.uasset" 3047
"C:/24CI0412MP/Content/Satou/KTP_Effect/Textures/T_fly02_8.uexp" 3048
"C:/24CI0412MP/Content/Satou/KTP_Effect/Materials/M_fly02_8.uasset" 3049
"C:/24CI0412MP/Content/Satou/KTP_Effect/Materials/M_fly02_8.uexp" 3050
"C:/24CI0412MP/Content/Satou/KTP_Effect/Particles/Fly/Expolison_02_08.uasset" 3051
"C:/24CI0412MP/Content/Satou/KTP_Effect/Particles/Fly/Expolison_02_08.uexp" 3052
"C:/24CI0412MP/Content/Satou/KTP_Effect/Textures/T_fly02_7.ubulk" 3053
"C:/24CI0412MP/Content/Satou/KTP_Effect/Textures/T_fly02_7.uasset" 3054
"C:/24CI0412MP/Content/Satou/KTP_Effect/Textures/T_fly02_7.uexp" 3055
"C:/24CI0412MP/Content/Satou/KTP_Effect/Materials/M_fly02_7.uasset" 3056
"C:/24CI0412MP/Content/Satou/KTP_Effect/Materials/M_fly02_7.uexp" 3057
"C:/24CI0412MP/Content/Satou/KTP_Effect/Particles/Fly/Expolison_02_07.uasset" 3058
"C:/24CI0412MP/Content/Satou/KTP_Effect/Particles/Fly/Expolison_02_07.uexp" 3059
"C:/24CI0412MP/Content/Satou/KTP_Effect/Textures/T_fly02_6.ubulk" 3060
"C:/24CI0412MP/Content/Satou/KTP_Effect/Textures/T_fly02_6.uasset" 3061
"C:/24CI0412MP/Content/Satou/KTP_Effect/Textures/T_fly02_6.uexp" 3062
"C:/24CI0412MP/Content/Satou/KTP_Effect/Materials/M_fly02_6.uasset" 3063
"C:/24CI0412MP/Content/Satou/KTP_Effect/Materials/M_fly02_6.uexp" 3064
"C:/24CI0412MP/Content/Satou/KTP_Effect/Particles/Fly/Expolison_02_06.uasset" 3065
"C:/24CI0412MP/Content/Satou/KTP_Effect/Particles/Fly/Expolison_02_06.uexp" 3066
"C:/24CI0412MP/Content/Satou/KTP_Effect/Textures/T_fly02_5.ubulk" 3067
"C:/24CI0412MP/Content/Satou/KTP_Effect/Textures/T_fly02_5.uasset" 3068
"C:/24CI0412MP/Content/Satou/KTP_Effect/Textures/T_fly02_5.uexp" 3069
"C:/24CI0412MP/Content/Satou/KTP_Effect/Materials/M_fly02_5.uasset" 3070
"C:/24CI0412MP/Content/Satou/KTP_Effect/Materials/M_fly02_5.uexp" 3071
"C:/24CI0412MP/Content/Satou/KTP_Effect/Particles/Fly/Expolison_02_05.uasset" 3072
"C:/24CI0412MP/Content/Satou/KTP_Effect/Particles/Fly/Expolison_02_05.uexp" 3073
"C:/24CI0412MP/Content/Satou/KTP_Effect/Textures/T_fly02_4.ubulk" 3074
"C:/24CI0412MP/Content/Satou/KTP_Effect/Textures/T_fly02_4.uasset" 3075
"C:/24CI0412MP/Content/Satou/KTP_Effect/Textures/T_fly02_4.uexp" 3076
"C:/24CI0412MP/Content/Satou/KTP_Effect/Materials/M_fly02_4.uasset" 3077
"C:/24CI0412MP/Content/Satou/KTP_Effect/Materials/M_fly02_4.uexp" 3078
"C:/24CI0412MP/Content/Satou/KTP_Effect/Particles/Fly/Expolison_02_04.uasset" 3079
"C:/24CI0412MP/Content/Satou/KTP_Effect/Particles/Fly/Expolison_02_04.uexp" 3080
"C:/24CI0412MP/Content/Satou/KTP_Effect/Textures/T_fly02_3.ubulk" 3081
"C:/24CI0412MP/Content/Satou/KTP_Effect/Textures/T_fly02_3.uasset" 3082
"C:/24CI0412MP/Content/Satou/KTP_Effect/Textures/T_fly02_3.uexp" 3083
"C:/24CI0412MP/Content/Satou/KTP_Effect/Materials/M_fly02_3.uasset" 3084
"C:/24CI0412MP/Content/Satou/KTP_Effect/Materials/M_fly02_3.uexp" 3085
"C:/24CI0412MP/Content/Satou/KTP_Effect/Particles/Fly/Expolison_02_03.uasset" 3086
"C:/24CI0412MP/Content/Satou/KTP_Effect/Particles/Fly/Expolison_02_03.uexp" 3087
"C:/24CI0412MP/Content/Satou/KTP_Effect/Textures/T_fly02_2.ubulk" 3088
"C:/24CI0412MP/Content/Satou/KTP_Effect/Textures/T_fly02_2.uasset" 3089
"C:/24CI0412MP/Content/Satou/KTP_Effect/Textures/T_fly02_2.uexp" 3090
"C:/24CI0412MP/Content/Satou/KTP_Effect/Materials/M_fly02_2.uasset" 3091
"C:/24CI0412MP/Content/Satou/KTP_Effect/Materials/M_fly02_2.uexp" 3092
"C:/24CI0412MP/Content/Satou/KTP_Effect/Particles/Fly/Expolison_02_02.uasset" 3093
"C:/24CI0412MP/Content/Satou/KTP_Effect/Particles/Fly/Expolison_02_02.uexp" 3094
"C:/24CI0412MP/Content/Satou/KTP_Effect/Textures/T_fly02_1.ubulk" 3095
"C:/24CI0412MP/Content/Satou/KTP_Effect/Textures/T_fly02_1.uasset" 3096
"C:/24CI0412MP/Content/Satou/KTP_Effect/Textures/T_fly02_1.uexp" 3097
"C:/24CI0412MP/Content/Satou/KTP_Effect/Materials/M_fly02_1.uasset" 3098
"C:/24CI0412MP/Content/Satou/KTP_Effect/Materials/M_fly02_1.uexp" 3099
"C:/24CI0412MP/Content/Satou/KTP_Effect/Particles/Fly/Expolison_02_01.uasset" 3100
"C:/24CI0412MP/Content/Satou/KTP_Effect/Particles/Fly/Expolison_02_01.uexp" 3101
"C:/24CI0412MP/Content/Satou/KTP_Effect/Textures/T_fly01_9.ubulk" 3102
"C:/24CI0412MP/Content/Satou/KTP_Effect/Textures/T_fly01_9.uasset" 3103
"C:/24CI0412MP/Content/Satou/KTP_Effect/Textures/T_fly01_9.uexp" 3104
"C:/24CI0412MP/Content/Satou/KTP_Effect/Materials/M_fire01_9.uasset" 3105
"C:/24CI0412MP/Content/Satou/KTP_Effect/Materials/M_fire01_9.uexp" 3106
"C:/24CI0412MP/Content/Satou/KTP_Effect/Particles/Fly/Explosion_01_09.uasset" 3107
"C:/24CI0412MP/Content/Satou/KTP_Effect/Particles/Fly/Explosion_01_09.uexp" 3108
"C:/24CI0412MP/Content/Satou/KTP_Effect/Textures/T_fly01_8.ubulk" 3109
"C:/24CI0412MP/Content/Satou/KTP_Effect/Textures/T_fly01_8.uasset" 3110
"C:/24CI0412MP/Content/Satou/KTP_Effect/Textures/T_fly01_8.uexp" 3111
"C:/24CI0412MP/Content/Satou/KTP_Effect/Materials/M_fire01_8.uasset" 3112
"C:/24CI0412MP/Content/Satou/KTP_Effect/Materials/M_fire01_8.uexp" 3113
"C:/24CI0412MP/Content/Satou/KTP_Effect/Particles/Fly/Explosion_01_08.uasset" 3114
"C:/24CI0412MP/Content/Satou/KTP_Effect/Particles/Fly/Explosion_01_08.uexp" 3115
"C:/24CI0412MP/Content/Satou/KTP_Effect/Textures/T_fly01_7.ubulk" 3116
"C:/24CI0412MP/Content/Satou/KTP_Effect/Textures/T_fly01_7.uasset" 3117
"C:/24CI0412MP/Content/Satou/KTP_Effect/Textures/T_fly01_7.uexp" 3118
"C:/24CI0412MP/Content/Satou/KTP_Effect/Materials/M_fire01_7.uasset" 3119
"C:/24CI0412MP/Content/Satou/KTP_Effect/Materials/M_fire01_7.uexp" 3120
"C:/24CI0412MP/Content/Satou/KTP_Effect/Particles/Fly/Explosion_01_07.uasset" 3121
"C:/24CI0412MP/Content/Satou/KTP_Effect/Particles/Fly/Explosion_01_07.uexp" 3122
"C:/24CI0412MP/Content/Satou/KTP_Effect/Textures/T_fly01_6.ubulk" 3123
"C:/24CI0412MP/Content/Satou/KTP_Effect/Textures/T_fly01_6.uasset" 3124
"C:/24CI0412MP/Content/Satou/KTP_Effect/Textures/T_fly01_6.uexp" 3125
"C:/24CI0412MP/Content/Satou/KTP_Effect/Materials/M_fire01_6.uasset" 3126
"C:/24CI0412MP/Content/Satou/KTP_Effect/Materials/M_fire01_6.uexp" 3127
"C:/24CI0412MP/Content/Satou/KTP_Effect/Particles/Fly/Explosion_01_06.uasset" 3128
"C:/24CI0412MP/Content/Satou/KTP_Effect/Particles/Fly/Explosion_01_06.uexp" 3129
"C:/24CI0412MP/Content/Satou/KTP_Effect/Textures/T_fly01_5.ubulk" 3130
"C:/24CI0412MP/Content/Satou/KTP_Effect/Textures/T_fly01_5.uasset" 3131
"C:/24CI0412MP/Content/Satou/KTP_Effect/Textures/T_fly01_5.uexp" 3132
"C:/24CI0412MP/Content/Satou/KTP_Effect/Materials/M_fire01_5.uasset" 3133
"C:/24CI0412MP/Content/Satou/KTP_Effect/Materials/M_fire01_5.uexp" 3134
"C:/24CI0412MP/Content/Satou/KTP_Effect/Particles/Fly/Explosion_01_05.uasset" 3135
"C:/24CI0412MP/Content/Satou/KTP_Effect/Particles/Fly/Explosion_01_05.uexp" 3136
"C:/24CI0412MP/Content/Satou/KTP_Effect/Textures/T_fly01_4.ubulk" 3137
"C:/24CI0412MP/Content/Satou/KTP_Effect/Textures/T_fly01_4.uasset" 3138
"C:/24CI0412MP/Content/Satou/KTP_Effect/Textures/T_fly01_4.uexp" 3139
"C:/24CI0412MP/Content/Satou/KTP_Effect/Materials/M_fire01_4.uasset" 3140
"C:/24CI0412MP/Content/Satou/KTP_Effect/Materials/M_fire01_4.uexp" 3141
"C:/24CI0412MP/Content/Satou/KTP_Effect/Particles/Fly/Explosion_01_04.uasset" 3142
"C:/24CI0412MP/Content/Satou/KTP_Effect/Particles/Fly/Explosion_01_04.uexp" 3143
"C:/24CI0412MP/Content/Satou/KTP_Effect/Textures/T_fly01_3.ubulk" 3144
"C:/24CI0412MP/Content/Satou/KTP_Effect/Textures/T_fly01_3.uasset" 3145
"C:/24CI0412MP/Content/Satou/KTP_Effect/Textures/T_fly01_3.uexp" 3146
"C:/24CI0412MP/Content/Satou/KTP_Effect/Materials/M_fire01_3.uasset" 3147
"C:/24CI0412MP/Content/Satou/KTP_Effect/Materials/M_fire01_3.uexp" 3148
"C:/24CI0412MP/Content/Satou/KTP_Effect/Particles/Fly/Explosion_01_03.uasset" 3149
"C:/24CI0412MP/Content/Satou/KTP_Effect/Particles/Fly/Explosion_01_03.uexp" 3150
"C:/24CI0412MP/Content/Satou/KTP_Effect/Textures/T_fly01_2.ubulk" 3151
"C:/24CI0412MP/Content/Satou/KTP_Effect/Textures/T_fly01_2.uasset" 3152
"C:/24CI0412MP/Content/Satou/KTP_Effect/Textures/T_fly01_2.uexp" 3153
"C:/24CI0412MP/Content/Satou/KTP_Effect/Materials/M_fire01_2.uasset" 3154
"C:/24CI0412MP/Content/Satou/KTP_Effect/Materials/M_fire01_2.uexp" 3155
"C:/24CI0412MP/Content/Satou/KTP_Effect/Particles/Fly/Explosion_01_02.uasset" 3156
"C:/24CI0412MP/Content/Satou/KTP_Effect/Particles/Fly/Explosion_01_02.uexp" 3157
"C:/24CI0412MP/Content/Satou/KTP_Effect/Textures/T_fly01_1.ubulk" 3158
"C:/24CI0412MP/Content/Satou/KTP_Effect/Textures/T_fly01_1.uasset" 3159
"C:/24CI0412MP/Content/Satou/KTP_Effect/Textures/T_fly01_1.uexp" 3160
"C:/24CI0412MP/Content/Satou/KTP_Effect/Materials/M_fire01_1.uasset" 3161
"C:/24CI0412MP/Content/Satou/KTP_Effect/Materials/M_fire01_1.uexp" 3162
"C:/24CI0412MP/Content/Satou/KTP_Effect/Particles/Fly/Explosion_01_01.uasset" 3163
"C:/24CI0412MP/Content/Satou/KTP_Effect/Particles/Fly/Explosion_01_01.uexp" 3164
"C:/24CI0412MP/Content/Satou/KTP_Effect/Particles/Fly/Others/Trail_10_07.uasset" 3165
"C:/24CI0412MP/Content/Satou/KTP_Effect/Particles/Fly/Others/Trail_10_07.uexp" 3166
"C:/24CI0412MP/Content/Satou/KTP_Effect/Particles/Fly/Others/Trail_10_06.uasset" 3167
"C:/24CI0412MP/Content/Satou/KTP_Effect/Particles/Fly/Others/Trail_10_06.uexp" 3168
"C:/24CI0412MP/Content/Satou/KTP_Effect/Textures/PublicTextures/T_Arrow_01.ubulk" 3169
"C:/24CI0412MP/Content/Satou/KTP_Effect/Textures/PublicTextures/T_Arrow_01.uasset" 3170
"C:/24CI0412MP/Content/Satou/KTP_Effect/Textures/PublicTextures/T_Arrow_01.uexp" 3171
"C:/24CI0412MP/Content/Satou/KTP_Effect/Materials/PublicMaterials/M_FX_Glow_head_09.uasset" 3172
"C:/24CI0412MP/Content/Satou/KTP_Effect/Materials/PublicMaterials/M_FX_Glow_head_09.uexp" 3173
"C:/24CI0412MP/Content/Satou/KTP_Effect/Particles/Fly/Others/Trail_10_05.uasset" 3174
"C:/24CI0412MP/Content/Satou/KTP_Effect/Particles/Fly/Others/Trail_10_05.uexp" 3175
"C:/24CI0412MP/Content/Satou/KTP_Effect/Materials/PublicMaterials/M_wave_fly08_10.uasset" 3176
"C:/24CI0412MP/Content/Satou/KTP_Effect/Materials/PublicMaterials/M_wave_fly08_10.uexp" 3177
"C:/24CI0412MP/Content/Satou/KTP_Effect/Mesh/Ringtrail.ubulk" 3178
"C:/24CI0412MP/Content/Satou/KTP_Effect/Mesh/Ringtrail.uasset" 3179
"C:/24CI0412MP/Content/Satou/KTP_Effect/Mesh/Ringtrail.uexp" 3180
"C:/24CI0412MP/Content/Satou/KTP_Effect/Particles/Fly/Others/Trail_10_02.uasset" 3181
"C:/24CI0412MP/Content/Satou/KTP_Effect/Particles/Fly/Others/Trail_10_02.uexp" 3182
"C:/24CI0412MP/Content/Satou/KTP_Effect/Textures/PublicTextures/T_Lighting.ubulk" 3183
"C:/24CI0412MP/Content/Satou/KTP_Effect/Textures/PublicTextures/T_Lighting.uasset" 3184
"C:/24CI0412MP/Content/Satou/KTP_Effect/Textures/PublicTextures/T_Lighting.uexp" 3185
"C:/24CI0412MP/Content/Satou/KTP_Effect/Materials/PublicMaterials/M_FX_thunder.uasset" 3186
"C:/24CI0412MP/Content/Satou/KTP_Effect/Materials/PublicMaterials/M_FX_thunder.uexp" 3187
"C:/24CI0412MP/Content/Satou/KTP_Effect/Particles/Fly/Others/Trail_09_07.uasset" 3188
"C:/24CI0412MP/Content/Satou/KTP_Effect/Particles/Fly/Others/Trail_09_07.uexp" 3189
"C:/24CI0412MP/Content/Satou/KTP_Effect/Particles/Fly/Others/Trail_09_06.uasset" 3190
"C:/24CI0412MP/Content/Satou/KTP_Effect/Particles/Fly/Others/Trail_09_06.uexp" 3191
"C:/24CI0412MP/Content/Satou/KTP_Effect/Particles/Fly/Others/Trail_09_05.uasset" 3192
"C:/24CI0412MP/Content/Satou/KTP_Effect/Particles/Fly/Others/Trail_09_05.uexp" 3193
"C:/24CI0412MP/Content/Satou/KTP_Effect/Particles/Fly/Others/Trail_09_02.uasset" 3194
"C:/24CI0412MP/Content/Satou/KTP_Effect/Particles/Fly/Others/Trail_09_02.uexp" 3195
"C:/24CI0412MP/Content/Satou/KTP_Effect/Particles/Fly/Others/Trail_08_07.uasset" 3196
"C:/24CI0412MP/Content/Satou/KTP_Effect/Particles/Fly/Others/Trail_08_07.uexp" 3197
"C:/24CI0412MP/Content/Satou/KTP_Effect/Particles/Fly/Others/Trail_08_06.uasset" 3198
"C:/24CI0412MP/Content/Satou/KTP_Effect/Particles/Fly/Others/Trail_08_06.uexp" 3199
"C:/24CI0412MP/Content/Satou/KTP_Effect/Particles/Fly/Others/Trail_08_05.uasset" 3200
"C:/24CI0412MP/Content/Satou/KTP_Effect/Particles/Fly/Others/Trail_08_05.uexp" 3201
"C:/24CI0412MP/Content/Satou/KTP_Effect/Particles/Fly/Others/Trail_08_02.uasset" 3202
"C:/24CI0412MP/Content/Satou/KTP_Effect/Particles/Fly/Others/Trail_08_02.uexp" 3203
"C:/24CI0412MP/Content/Satou/KTP_Effect/Particles/Fly/Others/Trail_08_01.uasset" 3204
"C:/24CI0412MP/Content/Satou/KTP_Effect/Particles/Fly/Others/Trail_08_01.uexp" 3205
"C:/24CI0412MP/Content/Satou/KTP_Effect/Materials/PublicMaterials/M_FX_scifi.uasset" 3206
"C:/24CI0412MP/Content/Satou/KTP_Effect/Materials/PublicMaterials/M_FX_scifi.uexp" 3207
"C:/24CI0412MP/Content/Satou/KTP_Effect/Textures/PublicTextures/T_Tech_01.ubulk" 3208
"C:/24CI0412MP/Content/Satou/KTP_Effect/Textures/PublicTextures/T_Tech_01.uasset" 3209
"C:/24CI0412MP/Content/Satou/KTP_Effect/Textures/PublicTextures/T_Tech_01.uexp" 3210
"C:/24CI0412MP/Content/Satou/KTP_Effect/Materials/PublicMaterials/M_FX_trail_tech.uasset" 3211
"C:/24CI0412MP/Content/Satou/KTP_Effect/Materials/PublicMaterials/M_FX_trail_tech.uexp" 3212
"C:/24CI0412MP/Content/Satou/KTP_Effect/Materials/PublicMaterials/M_FX_trail_tech_2.uasset" 3213
"C:/24CI0412MP/Content/Satou/KTP_Effect/Materials/PublicMaterials/M_FX_trail_tech_2.uexp" 3214
"C:/24CI0412MP/Content/Satou/KTP_Effect/Textures/PublicTextures/T_Partech.ubulk" 3215
"C:/24CI0412MP/Content/Satou/KTP_Effect/Textures/PublicTextures/T_Partech.uasset" 3216
"C:/24CI0412MP/Content/Satou/KTP_Effect/Textures/PublicTextures/T_Partech.uexp" 3217
"C:/24CI0412MP/Content/Satou/KTP_Effect/Materials/PublicMaterials/M_FX_Tech_AS_fly07.uasset" 3218
"C:/24CI0412MP/Content/Satou/KTP_Effect/Materials/PublicMaterials/M_FX_Tech_AS_fly07.uexp" 3219
"C:/24CI0412MP/Content/Satou/KTP_Effect/Textures/PublicTextures/T_Arrow_02.ubulk" 3220
"C:/24CI0412MP/Content/Satou/KTP_Effect/Textures/PublicTextures/T_Arrow_02.uasset" 3221
"C:/24CI0412MP/Content/Satou/KTP_Effect/Textures/PublicTextures/T_Arrow_02.uexp" 3222
"C:/24CI0412MP/Content/Satou/KTP_Effect/Materials/PublicMaterials/M_FX_Glow_AS_fly07.uasset" 3223
"C:/24CI0412MP/Content/Satou/KTP_Effect/Materials/PublicMaterials/M_FX_Glow_AS_fly07.uexp" 3224
"C:/24CI0412MP/Content/Satou/KTP_Effect/Particles/Fly/Others/Trail_07_06.uasset" 3225
"C:/24CI0412MP/Content/Satou/KTP_Effect/Particles/Fly/Others/Trail_07_06.uexp" 3226
"C:/24CI0412MP/Content/Satou/KTP_Effect/Particles/Fly/Others/Trail_07_02.uasset" 3227
"C:/24CI0412MP/Content/Satou/KTP_Effect/Particles/Fly/Others/Trail_07_02.uexp" 3228
"C:/24CI0412MP/Content/Satou/KTP_Effect/Particles/Fly/Others/Trail_07_01.uasset" 3229
"C:/24CI0412MP/Content/Satou/KTP_Effect/Particles/Fly/Others/Trail_07_01.uexp" 3230
"C:/24CI0412MP/Content/Satou/KTP_Effect/Textures/PublicTextures/T_Butterfly.ubulk" 3231
"C:/24CI0412MP/Content/Satou/KTP_Effect/Textures/PublicTextures/T_Butterfly.uasset" 3232
"C:/24CI0412MP/Content/Satou/KTP_Effect/Textures/PublicTextures/T_Butterfly.uexp" 3233
"C:/24CI0412MP/Content/Satou/KTP_Effect/Materials/PublicMaterials/M_FX_Glow_AS_fly06.uasset" 3234
"C:/24CI0412MP/Content/Satou/KTP_Effect/Materials/PublicMaterials/M_FX_Glow_AS_fly06.uexp" 3235
"C:/24CI0412MP/Content/Satou/KTP_Effect/Particles/Fly/Others/Trail_06_09.uasset" 3236
"C:/24CI0412MP/Content/Satou/KTP_Effect/Particles/Fly/Others/Trail_06_09.uexp" 3237
"C:/24CI0412MP/Content/Satou/KTP_Effect/Particles/Fly/Others/Trail_06_08.uasset" 3238
"C:/24CI0412MP/Content/Satou/KTP_Effect/Particles/Fly/Others/Trail_06_08.uexp" 3239
"C:/24CI0412MP/Content/Satou/KTP_Effect/Particles/Fly/Others/Trail_06_07.uasset" 3240
"C:/24CI0412MP/Content/Satou/KTP_Effect/Particles/Fly/Others/Trail_06_07.uexp" 3241
"C:/24CI0412MP/Content/Satou/KTP_Effect/Particles/Fly/Others/Trail_06_06.uasset" 3242
"C:/24CI0412MP/Content/Satou/KTP_Effect/Particles/Fly/Others/Trail_06_06.uexp" 3243
"C:/24CI0412MP/Content/Satou/KTP_Effect/Particles/Fly/Others/Trail_06_05.uasset" 3244
"C:/24CI0412MP/Content/Satou/KTP_Effect/Particles/Fly/Others/Trail_06_05.uexp" 3245
"C:/24CI0412MP/Content/Satou/KTP_Effect/Particles/Fly/Others/Trail_06_03.uasset" 3246
"C:/24CI0412MP/Content/Satou/KTP_Effect/Particles/Fly/Others/Trail_06_03.uexp" 3247
"C:/24CI0412MP/Content/Satou/KTP_Effect/Textures/PublicTextures/T_Ball.ubulk" 3248
"C:/24CI0412MP/Content/Satou/KTP_Effect/Textures/PublicTextures/T_Ball.uasset" 3249
"C:/24CI0412MP/Content/Satou/KTP_Effect/Textures/PublicTextures/T_Ball.uexp" 3250
"C:/24CI0412MP/Content/Satou/KTP_Effect/Materials/PublicMaterials/M_FX_Glow_AS_8.uasset" 3251
"C:/24CI0412MP/Content/Satou/KTP_Effect/Materials/PublicMaterials/M_FX_Glow_AS_8.uexp" 3252
"C:/24CI0412MP/Content/Satou/KTP_Effect/Particles/Fly/Others/Trail_06_02.uasset" 3253
"C:/24CI0412MP/Content/Satou/KTP_Effect/Particles/Fly/Others/Trail_06_02.uexp" 3254
"C:/24CI0412MP/Content/Satou/KTP_Effect/Particles/Fly/Others/Trail_06_01.uasset" 3255
"C:/24CI0412MP/Content/Satou/KTP_Effect/Particles/Fly/Others/Trail_06_01.uexp" 3256
"C:/24CI0412MP/Content/Satou/KTP_Effect/Textures/PublicTextures/T_Arrow_03.ubulk" 3257
"C:/24CI0412MP/Content/Satou/KTP_Effect/Textures/PublicTextures/T_Arrow_03.uasset" 3258
"C:/24CI0412MP/Content/Satou/KTP_Effect/Textures/PublicTextures/T_Arrow_03.uexp" 3259
"C:/24CI0412MP/Content/Satou/KTP_Effect/Materials/PublicMaterials/M_FX_Glow_AS_fly05_3.uasset" 3260
"C:/24CI0412MP/Content/Satou/KTP_Effect/Materials/PublicMaterials/M_FX_Glow_AS_fly05_3.uexp" 3261
"C:/24CI0412MP/Content/Satou/KTP_Effect/Particles/Fly/Others/Trail_05_09.uasset" 3262
"C:/24CI0412MP/Content/Satou/KTP_Effect/Particles/Fly/Others/Trail_05_09.uexp" 3263
"C:/24CI0412MP/Content/Satou/KTP_Effect/Particles/Fly/Others/Trail_05_07.uasset" 3264
"C:/24CI0412MP/Content/Satou/KTP_Effect/Particles/Fly/Others/Trail_05_07.uexp" 3265
"C:/24CI0412MP/Content/Satou/KTP_Effect/Particles/Fly/Others/Trail_05_06.uasset" 3266
"C:/24CI0412MP/Content/Satou/KTP_Effect/Particles/Fly/Others/Trail_05_06.uexp" 3267
"C:/24CI0412MP/Content/Satou/KTP_Effect/Particles/Fly/Others/Trail_05_02.uasset" 3268
"C:/24CI0412MP/Content/Satou/KTP_Effect/Particles/Fly/Others/Trail_05_02.uexp" 3269
"C:/24CI0412MP/Content/Satou/KTP_Effect/Particles/Fly/Others/Trail_05_01.uasset" 3270
"C:/24CI0412MP/Content/Satou/KTP_Effect/Particles/Fly/Others/Trail_05_01.uexp" 3271
"C:/24CI0412MP/Content/Satou/KTP_Effect/Particles/Fly/Others/Trail_04_09.uasset" 3272
"C:/24CI0412MP/Content/Satou/KTP_Effect/Particles/Fly/Others/Trail_04_09.uexp" 3273
"C:/24CI0412MP/Content/Satou/KTP_Effect/Particles/Fly/Others/Trail_04_07.uasset" 3274
"C:/24CI0412MP/Content/Satou/KTP_Effect/Particles/Fly/Others/Trail_04_07.uexp" 3275
"C:/24CI0412MP/Content/Satou/KTP_Effect/Particles/Fly/Others/Trail_04_06.uasset" 3276
"C:/24CI0412MP/Content/Satou/KTP_Effect/Particles/Fly/Others/Trail_04_06.uexp" 3277
"C:/24CI0412MP/Content/Satou/KTP_Effect/Particles/Fly/Others/Trail_04_01.uasset" 3278
"C:/24CI0412MP/Content/Satou/KTP_Effect/Particles/Fly/Others/Trail_04_01.uexp" 3279
"C:/24CI0412MP/Content/Satou/KTP_Effect/Particles/Fly/Others/Trail_03_09.uasset" 3280
"C:/24CI0412MP/Content/Satou/KTP_Effect/Particles/Fly/Others/Trail_03_09.uexp" 3281
"C:/24CI0412MP/Content/Satou/KTP_Effect/Particles/Fly/Others/Trail_03_06.uasset" 3282
"C:/24CI0412MP/Content/Satou/KTP_Effect/Particles/Fly/Others/Trail_03_06.uexp" 3283
"C:/24CI0412MP/Content/Satou/KTP_Effect/Particles/Fly/Others/Trail_03_02.uasset" 3284
"C:/24CI0412MP/Content/Satou/KTP_Effect/Particles/Fly/Others/Trail_03_02.uexp" 3285
"C:/24CI0412MP/Content/Satou/KTP_Effect/Particles/Fly/Others/Trail_03_01.uasset" 3286
"C:/24CI0412MP/Content/Satou/KTP_Effect/Particles/Fly/Others/Trail_03_01.uexp" 3287
"C:/24CI0412MP/Content/Satou/KTP_Effect/Particles/Fly/Others/Trail_02_08.uasset" 3288
"C:/24CI0412MP/Content/Satou/KTP_Effect/Particles/Fly/Others/Trail_02_08.uexp" 3289
"C:/24CI0412MP/Content/Satou/KTP_Effect/Particles/Fly/Others/Trail_02_04.uasset" 3290
"C:/24CI0412MP/Content/Satou/KTP_Effect/Particles/Fly/Others/Trail_02_04.uexp" 3291
"C:/24CI0412MP/Content/Satou/KTP_Effect/Particles/Fly/Others/Trail_02_02.uasset" 3292
"C:/24CI0412MP/Content/Satou/KTP_Effect/Particles/Fly/Others/Trail_02_02.uexp" 3293
"C:/24CI0412MP/Content/Satou/KTP_Effect/Particles/Fly/Others/Trail_02_01.uasset" 3294
"C:/24CI0412MP/Content/Satou/KTP_Effect/Particles/Fly/Others/Trail_02_01.uexp" 3295
"C:/24CI0412MP/Content/Satou/KTP_Effect/Particles/Fly/Others/Trail_01_06.uasset" 3296
"C:/24CI0412MP/Content/Satou/KTP_Effect/Particles/Fly/Others/Trail_01_06.uexp" 3297
"C:/24CI0412MP/Content/Satou/KTP_Effect/Particles/Fly/Others/Trail_01_01.uasset" 3298
"C:/24CI0412MP/Content/Satou/KTP_Effect/Particles/Fly/Others/Trail_01_01.uexp" 3299
"C:/24CI0412MP/Content/Satou/KTP_Effect/Textures/PublicTextures/T_Shock.ubulk" 3300
"C:/24CI0412MP/Content/Satou/KTP_Effect/Textures/PublicTextures/T_Shock.uasset" 3301
"C:/24CI0412MP/Content/Satou/KTP_Effect/Textures/PublicTextures/T_Shock.uexp" 3302
"C:/24CI0412MP/Content/Satou/KTP_Effect/Materials/PublicMaterials/M_wave_fly05_2.uasset" 3303
"C:/24CI0412MP/Content/Satou/KTP_Effect/Materials/PublicMaterials/M_wave_fly05_2.uexp" 3304
"C:/24CI0412MP/Content/Satou/KTP_Effect/Materials/PublicMaterials/M_hit_fly.uasset" 3305
"C:/24CI0412MP/Content/Satou/KTP_Effect/Materials/PublicMaterials/M_hit_fly.uexp" 3306
"C:/24CI0412MP/Content/Satou/KTP_Effect/Particles/Fly/Others/energy_09_01.uasset" 3307
"C:/24CI0412MP/Content/Satou/KTP_Effect/Particles/Fly/Others/energy_09_01.uexp" 3308
"C:/24CI0412MP/Content/Satou/KTP_Effect/Mesh/M_Plane.ubulk" 3309
"C:/24CI0412MP/Content/Satou/KTP_Effect/Mesh/M_Plane.uasset" 3310
"C:/24CI0412MP/Content/Satou/KTP_Effect/Mesh/M_Plane.uexp" 3311
"C:/24CI0412MP/Content/Satou/KTP_Effect/Materials/PublicMaterials/M_FX_Glow_ring_2.uasset" 3312
"C:/24CI0412MP/Content/Satou/KTP_Effect/Materials/PublicMaterials/M_FX_Glow_ring_2.uexp" 3313
"C:/24CI0412MP/Content/Satou/KTP_Effect/Particles/Fly/Others/energy_08_01.uasset" 3314
"C:/24CI0412MP/Content/Satou/KTP_Effect/Particles/Fly/Others/energy_08_01.uexp" 3315
"C:/24CI0412MP/Content/Satou/KTP_Effect/Mesh/SM_FX_enegy.ubulk" 3316
"C:/24CI0412MP/Content/Satou/KTP_Effect/Mesh/SM_FX_enegy.uasset" 3317
"C:/24CI0412MP/Content/Satou/KTP_Effect/Mesh/SM_FX_enegy.uexp" 3318
"C:/24CI0412MP/Content/Satou/KTP_Effect/Materials/PublicMaterials/M_FX_Aura_07_en.uasset" 3319
"C:/24CI0412MP/Content/Satou/KTP_Effect/Materials/PublicMaterials/M_FX_Aura_07_en.uexp" 3320
"C:/24CI0412MP/Content/Satou/KTP_Effect/Particles/Fly/Others/energy_07_01.uasset" 3321
"C:/24CI0412MP/Content/Satou/KTP_Effect/Particles/Fly/Others/energy_07_01.uexp" 3322
"C:/24CI0412MP/Content/Satou/KTP_Effect/Particles/Fly/Others/energy_06_01.uasset" 3323
"C:/24CI0412MP/Content/Satou/KTP_Effect/Particles/Fly/Others/energy_06_01.uexp" 3324
"C:/24CI0412MP/Content/Satou/KTP_Effect/Particles/Fly/Others/energy_05_01.uasset" 3325
"C:/24CI0412MP/Content/Satou/KTP_Effect/Particles/Fly/Others/energy_05_01.uexp" 3326
"C:/24CI0412MP/Content/Satou/KTP_Effect/Mesh/line.ubulk" 3327
"C:/24CI0412MP/Content/Satou/KTP_Effect/Mesh/line.uasset" 3328
"C:/24CI0412MP/Content/Satou/KTP_Effect/Mesh/line.uexp" 3329
"C:/24CI0412MP/Content/Satou/KTP_Effect/Particles/Fly/Others/energy_04_01.uasset" 3330
"C:/24CI0412MP/Content/Satou/KTP_Effect/Particles/Fly/Others/energy_04_01.uexp" 3331
"C:/24CI0412MP/Content/Satou/KTP_Effect/Particles/Fly/Others/energy_03_01.uasset" 3332
"C:/24CI0412MP/Content/Satou/KTP_Effect/Particles/Fly/Others/energy_03_01.uexp" 3333
"C:/24CI0412MP/Content/Satou/KTP_Effect/Particles/Fly/Others/energy_02_01.uasset" 3334
"C:/24CI0412MP/Content/Satou/KTP_Effect/Particles/Fly/Others/energy_02_01.uexp" 3335
"C:/24CI0412MP/Content/Satou/KTP_Effect/Materials/PublicMaterials/M_Bullet_01.uasset" 3336
"C:/24CI0412MP/Content/Satou/KTP_Effect/Materials/PublicMaterials/M_Bullet_01.uexp" 3337
"C:/24CI0412MP/Content/Satou/KTP_Effect/Particles/Fly/Others/energy_01_01.uasset" 3338
"C:/24CI0412MP/Content/Satou/KTP_Effect/Particles/Fly/Others/energy_01_01.uexp" 3339
"C:/24CI0412MP/Content/Satou/KTP_Effect/Materials/PublicMaterials/M_fire01_bt20.uasset" 3340
"C:/24CI0412MP/Content/Satou/KTP_Effect/Materials/PublicMaterials/M_fire01_bt20.uexp" 3341
"C:/24CI0412MP/Content/Satou/KTP_Effect/Mesh/SM_FX_Botton20.ubulk" 3342
"C:/24CI0412MP/Content/Satou/KTP_Effect/Mesh/SM_FX_Botton20.uasset" 3343
"C:/24CI0412MP/Content/Satou/KTP_Effect/Mesh/SM_FX_Botton20.uexp" 3344
"C:/24CI0412MP/Content/Satou/KTP_Effect/Materials/PublicMaterials/M_FX_Aura_07.uasset" 3345
"C:/24CI0412MP/Content/Satou/KTP_Effect/Materials/PublicMaterials/M_FX_Aura_07.uexp" 3346
"C:/24CI0412MP/Content/Satou/KTP_Effect/Textures/T_bottom20_8.ubulk" 3347
"C:/24CI0412MP/Content/Satou/KTP_Effect/Textures/T_bottom20_8.uasset" 3348
"C:/24CI0412MP/Content/Satou/KTP_Effect/Textures/T_bottom20_8.uexp" 3349
"C:/24CI0412MP/Content/Satou/KTP_Effect/Materials/M_botton20_8.uasset" 3350
"C:/24CI0412MP/Content/Satou/KTP_Effect/Materials/M_botton20_8.uexp" 3351
"C:/24CI0412MP/Content/Satou/KTP_Effect/Particles/Bottom/Bottom20-08.uasset" 3352
"C:/24CI0412MP/Content/Satou/KTP_Effect/Particles/Bottom/Bottom20-08.uexp" 3353
"C:/24CI0412MP/Content/Satou/KTP_Effect/Textures/T_bottom20_7.ubulk" 3354
"C:/24CI0412MP/Content/Satou/KTP_Effect/Textures/T_bottom20_7.uasset" 3355
"C:/24CI0412MP/Content/Satou/KTP_Effect/Textures/T_bottom20_7.uexp" 3356
"C:/24CI0412MP/Content/Satou/KTP_Effect/Materials/M_botton20_7.uasset" 3357
"C:/24CI0412MP/Content/Satou/KTP_Effect/Materials/M_botton20_7.uexp" 3358
"C:/24CI0412MP/Content/Satou/KTP_Effect/Particles/Bottom/Bottom20-07.uasset" 3359
"C:/24CI0412MP/Content/Satou/KTP_Effect/Particles/Bottom/Bottom20-07.uexp" 3360
"C:/24CI0412MP/Content/Satou/KTP_Effect/Textures/T_bottom20_6.ubulk" 3361
"C:/24CI0412MP/Content/Satou/KTP_Effect/Textures/T_bottom20_6.uasset" 3362
"C:/24CI0412MP/Content/Satou/KTP_Effect/Textures/T_bottom20_6.uexp" 3363
"C:/24CI0412MP/Content/Satou/KTP_Effect/Materials/M_botton20_6.uasset" 3364
"C:/24CI0412MP/Content/Satou/KTP_Effect/Materials/M_botton20_6.uexp" 3365
"C:/24CI0412MP/Content/Satou/KTP_Effect/Particles/Bottom/Bottom20-06.uasset" 3366
"C:/24CI0412MP/Content/Satou/KTP_Effect/Particles/Bottom/Bottom20-06.uexp" 3367
"C:/24CI0412MP/Content/Satou/KTP_Effect/Textures/T_bottom20_5.ubulk" 3368
"C:/24CI0412MP/Content/Satou/KTP_Effect/Textures/T_bottom20_5.uasset" 3369
"C:/24CI0412MP/Content/Satou/KTP_Effect/Textures/T_bottom20_5.uexp" 3370
"C:/24CI0412MP/Content/Satou/KTP_Effect/Materials/M_botton20_5.uasset" 3371
"C:/24CI0412MP/Content/Satou/KTP_Effect/Materials/M_botton20_5.uexp" 3372
"C:/24CI0412MP/Content/Satou/KTP_Effect/Particles/Bottom/Bottom20-05.uasset" 3373
"C:/24CI0412MP/Content/Satou/KTP_Effect/Particles/Bottom/Bottom20-05.uexp" 3374
"C:/24CI0412MP/Content/Satou/KTP_Effect/Textures/T_bottom20_4.ubulk" 3375
"C:/24CI0412MP/Content/Satou/KTP_Effect/Textures/T_bottom20_4.uasset" 3376
"C:/24CI0412MP/Content/Satou/KTP_Effect/Textures/T_bottom20_4.uexp" 3377
"C:/24CI0412MP/Content/Satou/KTP_Effect/Materials/M_botton20_4.uasset" 3378
"C:/24CI0412MP/Content/Satou/KTP_Effect/Materials/M_botton20_4.uexp" 3379
"C:/24CI0412MP/Content/Satou/KTP_Effect/Particles/Bottom/Bottom20-04.uasset" 3380
"C:/24CI0412MP/Content/Satou/KTP_Effect/Particles/Bottom/Bottom20-04.uexp" 3381
"C:/24CI0412MP/Content/Satou/KTP_Effect/Textures/T_bottom20_3.ubulk" 3382
"C:/24CI0412MP/Content/Satou/KTP_Effect/Textures/T_bottom20_3.uasset" 3383
"C:/24CI0412MP/Content/Satou/KTP_Effect/Textures/T_bottom20_3.uexp" 3384
"C:/24CI0412MP/Content/Satou/KTP_Effect/Materials/M_botton20_3.uasset" 3385
"C:/24CI0412MP/Content/Satou/KTP_Effect/Materials/M_botton20_3.uexp" 3386
"C:/24CI0412MP/Content/Satou/KTP_Effect/Particles/Bottom/Bottom20-03.uasset" 3387
"C:/24CI0412MP/Content/Satou/KTP_Effect/Particles/Bottom/Bottom20-03.uexp" 3388
"C:/24CI0412MP/Content/Satou/KTP_Effect/Textures/T_bottom20_2.ubulk" 3389
"C:/24CI0412MP/Content/Satou/KTP_Effect/Textures/T_bottom20_2.uasset" 3390
"C:/24CI0412MP/Content/Satou/KTP_Effect/Textures/T_bottom20_2.uexp" 3391
"C:/24CI0412MP/Content/Satou/KTP_Effect/Materials/M_botton20_2.uasset" 3392
"C:/24CI0412MP/Content/Satou/KTP_Effect/Materials/M_botton20_2.uexp" 3393
"C:/24CI0412MP/Content/Satou/KTP_Effect/Particles/Bottom/Bottom20-02.uasset" 3394
"C:/24CI0412MP/Content/Satou/KTP_Effect/Particles/Bottom/Bottom20-02.uexp" 3395
"C:/24CI0412MP/Content/Satou/KTP_Effect/Textures/T_bottom20_1.ubulk" 3396
"C:/24CI0412MP/Content/Satou/KTP_Effect/Textures/T_bottom20_1.uasset" 3397
"C:/24CI0412MP/Content/Satou/KTP_Effect/Textures/T_bottom20_1.uexp" 3398
"C:/24CI0412MP/Content/Satou/KTP_Effect/Materials/M_botton20_1.uasset" 3399
"C:/24CI0412MP/Content/Satou/KTP_Effect/Materials/M_botton20_1.uexp" 3400
"C:/24CI0412MP/Content/Satou/KTP_Effect/Particles/Bottom/Bottom20-01.uasset" 3401
"C:/24CI0412MP/Content/Satou/KTP_Effect/Particles/Bottom/Bottom20-01.uexp" 3402
"C:/24CI0412MP/Content/Satou/KTP_Effect/Textures/PublicTextures/T_Ring.ubulk" 3403
"C:/24CI0412MP/Content/Satou/KTP_Effect/Textures/PublicTextures/T_Ring.uasset" 3404
"C:/24CI0412MP/Content/Satou/KTP_Effect/Textures/PublicTextures/T_Ring.uexp" 3405
"C:/24CI0412MP/Content/Satou/KTP_Effect/Materials/PublicMaterials/M_fire01_17.uasset" 3406
"C:/24CI0412MP/Content/Satou/KTP_Effect/Materials/PublicMaterials/M_fire01_17.uexp" 3407
"C:/24CI0412MP/Content/Satou/KTP_Effect/Mesh/SM_FX_cylinder_fire.ubulk" 3408
"C:/24CI0412MP/Content/Satou/KTP_Effect/Mesh/SM_FX_cylinder_fire.uasset" 3409
"C:/24CI0412MP/Content/Satou/KTP_Effect/Mesh/SM_FX_cylinder_fire.uexp" 3410
"C:/24CI0412MP/Content/Satou/KTP_Effect/Textures/T_bottom19_8.ubulk" 3411
"C:/24CI0412MP/Content/Satou/KTP_Effect/Textures/T_bottom19_8.uasset" 3412
"C:/24CI0412MP/Content/Satou/KTP_Effect/Textures/T_bottom19_8.uexp" 3413
"C:/24CI0412MP/Content/Satou/KTP_Effect/Materials/M_botton19_8.uasset" 3414
"C:/24CI0412MP/Content/Satou/KTP_Effect/Materials/M_botton19_8.uexp" 3415
"C:/24CI0412MP/Content/Satou/KTP_Effect/Mesh/SM_Fx_CylinderWindLine004_13.ubulk" 3416
"C:/24CI0412MP/Content/Satou/KTP_Effect/Mesh/SM_Fx_CylinderWindLine004_13.uasset" 3417
"C:/24CI0412MP/Content/Satou/KTP_Effect/Mesh/SM_Fx_CylinderWindLine004_13.uexp" 3418
"C:/24CI0412MP/Content/Satou/KTP_Effect/Particles/Bottom/Bottom19-08.uasset" 3419
"C:/24CI0412MP/Content/Satou/KTP_Effect/Particles/Bottom/Bottom19-08.uexp" 3420
"C:/24CI0412MP/Content/Satou/KTP_Effect/Textures/T_bottom19_7.ubulk" 3421
"C:/24CI0412MP/Content/Satou/KTP_Effect/Textures/T_bottom19_7.uasset" 3422
"C:/24CI0412MP/Content/Satou/KTP_Effect/Textures/T_bottom19_7.uexp" 3423
"C:/24CI0412MP/Content/Satou/KTP_Effect/Materials/M_botton19_7.uasset" 3424
"C:/24CI0412MP/Content/Satou/KTP_Effect/Materials/M_botton19_7.uexp" 3425
"C:/24CI0412MP/Content/Satou/KTP_Effect/Particles/Bottom/Bottom19-07.uasset" 3426
"C:/24CI0412MP/Content/Satou/KTP_Effect/Particles/Bottom/Bottom19-07.uexp" 3427
"C:/24CI0412MP/Content/Satou/KTP_Effect/Textures/T_bottom19_6.ubulk" 3428
"C:/24CI0412MP/Content/Satou/KTP_Effect/Textures/T_bottom19_6.uasset" 3429
"C:/24CI0412MP/Content/Satou/KTP_Effect/Textures/T_bottom19_6.uexp" 3430
"C:/24CI0412MP/Content/Satou/KTP_Effect/Materials/M_botton19_6.uasset" 3431
"C:/24CI0412MP/Content/Satou/KTP_Effect/Materials/M_botton19_6.uexp" 3432
"C:/24CI0412MP/Content/Satou/KTP_Effect/Particles/Bottom/Bottom19-06.uasset" 3433
"C:/24CI0412MP/Content/Satou/KTP_Effect/Particles/Bottom/Bottom19-06.uexp" 3434
"C:/24CI0412MP/Content/Satou/KTP_Effect/Textures/T_bottom19_5.ubulk" 3435
"C:/24CI0412MP/Content/Satou/KTP_Effect/Textures/T_bottom19_5.uasset" 3436
"C:/24CI0412MP/Content/Satou/KTP_Effect/Textures/T_bottom19_5.uexp" 3437
"C:/24CI0412MP/Content/Satou/KTP_Effect/Materials/M_botton19_5.uasset" 3438
"C:/24CI0412MP/Content/Satou/KTP_Effect/Materials/M_botton19_5.uexp" 3439
"C:/24CI0412MP/Content/Satou/KTP_Effect/Particles/Bottom/Bottom19-05.uasset" 3440
"C:/24CI0412MP/Content/Satou/KTP_Effect/Particles/Bottom/Bottom19-05.uexp" 3441
"C:/24CI0412MP/Content/Satou/KTP_Effect/Textures/T_bottom19_4.ubulk" 3442
"C:/24CI0412MP/Content/Satou/KTP_Effect/Textures/T_bottom19_4.uasset" 3443
"C:/24CI0412MP/Content/Satou/KTP_Effect/Textures/T_bottom19_4.uexp" 3444
"C:/24CI0412MP/Content/Satou/KTP_Effect/Materials/M_botton19_4.uasset" 3445
"C:/24CI0412MP/Content/Satou/KTP_Effect/Materials/M_botton19_4.uexp" 3446
"C:/24CI0412MP/Content/Satou/KTP_Effect/Particles/Bottom/Bottom19-04.uasset" 3447
"C:/24CI0412MP/Content/Satou/KTP_Effect/Particles/Bottom/Bottom19-04.uexp" 3448
"C:/24CI0412MP/Content/Satou/KTP_Effect/Textures/T_bottom19_3.ubulk" 3449
"C:/24CI0412MP/Content/Satou/KTP_Effect/Textures/T_bottom19_3.uasset" 3450
"C:/24CI0412MP/Content/Satou/KTP_Effect/Textures/T_bottom19_3.uexp" 3451
"C:/24CI0412MP/Content/Satou/KTP_Effect/Materials/M_botton19_3.uasset" 3452
"C:/24CI0412MP/Content/Satou/KTP_Effect/Materials/M_botton19_3.uexp" 3453
"C:/24CI0412MP/Content/Satou/KTP_Effect/Particles/Bottom/Bottom19-03.uasset" 3454
"C:/24CI0412MP/Content/Satou/KTP_Effect/Particles/Bottom/Bottom19-03.uexp" 3455
"C:/24CI0412MP/Content/Satou/KTP_Effect/Textures/T_bottom19_2.ubulk" 3456
"C:/24CI0412MP/Content/Satou/KTP_Effect/Textures/T_bottom19_2.uasset" 3457
"C:/24CI0412MP/Content/Satou/KTP_Effect/Textures/T_bottom19_2.uexp" 3458
"C:/24CI0412MP/Content/Satou/KTP_Effect/Materials/M_botton19_2.uasset" 3459
"C:/24CI0412MP/Content/Satou/KTP_Effect/Materials/M_botton19_2.uexp" 3460
"C:/24CI0412MP/Content/Satou/KTP_Effect/Particles/Bottom/Bottom19-02.uasset" 3461
"C:/24CI0412MP/Content/Satou/KTP_Effect/Particles/Bottom/Bottom19-02.uexp" 3462
"C:/24CI0412MP/Content/Satou/KTP_Effect/Textures/T_bottom19_1.ubulk" 3463
"C:/24CI0412MP/Content/Satou/KTP_Effect/Textures/T_bottom19_1.uasset" 3464
"C:/24CI0412MP/Content/Satou/KTP_Effect/Textures/T_bottom19_1.uexp" 3465
"C:/24CI0412MP/Content/Satou/KTP_Effect/Materials/M_botton19_1.uasset" 3466
"C:/24CI0412MP/Content/Satou/KTP_Effect/Materials/M_botton19_1.uexp" 3467
"C:/24CI0412MP/Content/Satou/KTP_Effect/Particles/Bottom/Bottom19-01.uasset" 3468
"C:/24CI0412MP/Content/Satou/KTP_Effect/Particles/Bottom/Bottom19-01.uexp" 3469
"C:/24CI0412MP/Content/Satou/KTP_Effect/Materials/PublicMaterials/M_fire01_bt11.uasset" 3470
"C:/24CI0412MP/Content/Satou/KTP_Effect/Materials/PublicMaterials/M_fire01_bt11.uexp" 3471
"C:/24CI0412MP/Content/Satou/KTP_Effect/Textures/T_bottom18_8.ubulk" 3472
"C:/24CI0412MP/Content/Satou/KTP_Effect/Textures/T_bottom18_8.uasset" 3473
"C:/24CI0412MP/Content/Satou/KTP_Effect/Textures/T_bottom18_8.uexp" 3474
"C:/24CI0412MP/Content/Satou/KTP_Effect/Materials/M_botton18_8.uasset" 3475
"C:/24CI0412MP/Content/Satou/KTP_Effect/Materials/M_botton18_8.uexp" 3476
"C:/24CI0412MP/Content/Satou/KTP_Effect/Particles/Bottom/Bottom18-08.uasset" 3477
"C:/24CI0412MP/Content/Satou/KTP_Effect/Particles/Bottom/Bottom18-08.uexp" 3478
"C:/24CI0412MP/Content/Satou/KTP_Effect/Textures/T_bottom18_7.ubulk" 3479
"C:/24CI0412MP/Content/Satou/KTP_Effect/Textures/T_bottom18_7.uasset" 3480
"C:/24CI0412MP/Content/Satou/KTP_Effect/Textures/T_bottom18_7.uexp" 3481
"C:/24CI0412MP/Content/Satou/KTP_Effect/Materials/M_botton18_7.uasset" 3482
"C:/24CI0412MP/Content/Satou/KTP_Effect/Materials/M_botton18_7.uexp" 3483
"C:/24CI0412MP/Content/Satou/KTP_Effect/Particles/Bottom/Bottom18-07.uasset" 3484
"C:/24CI0412MP/Content/Satou/KTP_Effect/Particles/Bottom/Bottom18-07.uexp" 3485
"C:/24CI0412MP/Content/Satou/KTP_Effect/Textures/T_bottom18_6.ubulk" 3486
"C:/24CI0412MP/Content/Satou/KTP_Effect/Textures/T_bottom18_6.uasset" 3487
"C:/24CI0412MP/Content/Satou/KTP_Effect/Textures/T_bottom18_6.uexp" 3488
"C:/24CI0412MP/Content/Satou/KTP_Effect/Materials/M_botton18_6.uasset" 3489
"C:/24CI0412MP/Content/Satou/KTP_Effect/Materials/M_botton18_6.uexp" 3490
"C:/24CI0412MP/Content/Satou/KTP_Effect/Particles/Bottom/Bottom18-06.uasset" 3491
"C:/24CI0412MP/Content/Satou/KTP_Effect/Particles/Bottom/Bottom18-06.uexp" 3492
"C:/24CI0412MP/Content/Satou/KTP_Effect/Textures/T_bottom18_5.ubulk" 3493
"C:/24CI0412MP/Content/Satou/KTP_Effect/Textures/T_bottom18_5.uasset" 3494
"C:/24CI0412MP/Content/Satou/KTP_Effect/Textures/T_bottom18_5.uexp" 3495
"C:/24CI0412MP/Content/Satou/KTP_Effect/Materials/M_botton18_5.uasset" 3496
"C:/24CI0412MP/Content/Satou/KTP_Effect/Materials/M_botton18_5.uexp" 3497
"C:/24CI0412MP/Content/Satou/KTP_Effect/Particles/Bottom/Bottom18-05.uasset" 3498
"C:/24CI0412MP/Content/Satou/KTP_Effect/Particles/Bottom/Bottom18-05.uexp" 3499
"C:/24CI0412MP/Content/Satou/KTP_Effect/Textures/T_bottom18_4.ubulk" 3500
"C:/24CI0412MP/Content/Satou/KTP_Effect/Textures/T_bottom18_4.uasset" 3501
"C:/24CI0412MP/Content/Satou/KTP_Effect/Textures/T_bottom18_4.uexp" 3502
"C:/24CI0412MP/Content/Satou/KTP_Effect/Materials/M_botton18_4.uasset" 3503
"C:/24CI0412MP/Content/Satou/KTP_Effect/Materials/M_botton18_4.uexp" 3504
"C:/24CI0412MP/Content/Satou/KTP_Effect/Particles/Bottom/Bottom18-04.uasset" 3505
"C:/24CI0412MP/Content/Satou/KTP_Effect/Particles/Bottom/Bottom18-04.uexp" 3506
"C:/24CI0412MP/Content/Satou/KTP_Effect/Textures/T_bottom18_3.ubulk" 3507
"C:/24CI0412MP/Content/Satou/KTP_Effect/Textures/T_bottom18_3.uasset" 3508
"C:/24CI0412MP/Content/Satou/KTP_Effect/Textures/T_bottom18_3.uexp" 3509
"C:/24CI0412MP/Content/Satou/KTP_Effect/Materials/M_botton18_3.uasset" 3510
"C:/24CI0412MP/Content/Satou/KTP_Effect/Materials/M_botton18_3.uexp" 3511
"C:/24CI0412MP/Content/Satou/KTP_Effect/Particles/Bottom/Bottom18-03.uasset" 3512
"C:/24CI0412MP/Content/Satou/KTP_Effect/Particles/Bottom/Bottom18-03.uexp" 3513
"C:/24CI0412MP/Content/Satou/KTP_Effect/Textures/T_bottom18_2.ubulk" 3514
"C:/24CI0412MP/Content/Satou/KTP_Effect/Textures/T_bottom18_2.uasset" 3515
"C:/24CI0412MP/Content/Satou/KTP_Effect/Textures/T_bottom18_2.uexp" 3516
"C:/24CI0412MP/Content/Satou/KTP_Effect/Materials/M_botton18_2.uasset" 3517
"C:/24CI0412MP/Content/Satou/KTP_Effect/Materials/M_botton18_2.uexp" 3518
"C:/24CI0412MP/Content/Satou/KTP_Effect/Particles/Bottom/Bottom18-02.uasset" 3519
"C:/24CI0412MP/Content/Satou/KTP_Effect/Particles/Bottom/Bottom18-02.uexp" 3520
"C:/24CI0412MP/Content/Satou/KTP_Effect/Textures/T_bottom18_1.ubulk" 3521
"C:/24CI0412MP/Content/Satou/KTP_Effect/Textures/T_bottom18_1.uasset" 3522
"C:/24CI0412MP/Content/Satou/KTP_Effect/Textures/T_bottom18_1.uexp" 3523
"C:/24CI0412MP/Content/Satou/KTP_Effect/Materials/M_botton18_1.uasset" 3524
"C:/24CI0412MP/Content/Satou/KTP_Effect/Materials/M_botton18_1.uexp" 3525
"C:/24CI0412MP/Content/Satou/KTP_Effect/Particles/Bottom/Bottom18-01.uasset" 3526
"C:/24CI0412MP/Content/Satou/KTP_Effect/Particles/Bottom/Bottom18-01.uexp" 3527
"C:/24CI0412MP/Content/Satou/KTP_Effect/Textures/T_bottom17_8.ubulk" 3528
"C:/24CI0412MP/Content/Satou/KTP_Effect/Textures/T_bottom17_8.uasset" 3529
"C:/24CI0412MP/Content/Satou/KTP_Effect/Textures/T_bottom17_8.uexp" 3530
"C:/24CI0412MP/Content/Satou/KTP_Effect/Materials/M_botton17_8.uasset" 3531
"C:/24CI0412MP/Content/Satou/KTP_Effect/Materials/M_botton17_8.uexp" 3532
"C:/24CI0412MP/Content/Satou/KTP_Effect/Particles/Bottom/Bottom17-08.uasset" 3533
"C:/24CI0412MP/Content/Satou/KTP_Effect/Particles/Bottom/Bottom17-08.uexp" 3534
"C:/24CI0412MP/Content/Satou/KTP_Effect/Textures/T_bottom17_7.ubulk" 3535
"C:/24CI0412MP/Content/Satou/KTP_Effect/Textures/T_bottom17_7.uasset" 3536
"C:/24CI0412MP/Content/Satou/KTP_Effect/Textures/T_bottom17_7.uexp" 3537
"C:/24CI0412MP/Content/Satou/KTP_Effect/Materials/M_botton17_7.uasset" 3538
"C:/24CI0412MP/Content/Satou/KTP_Effect/Materials/M_botton17_7.uexp" 3539
"C:/24CI0412MP/Content/Satou/KTP_Effect/Particles/Bottom/Bottom17-07.uasset" 3540
"C:/24CI0412MP/Content/Satou/KTP_Effect/Particles/Bottom/Bottom17-07.uexp" 3541
"C:/24CI0412MP/Content/Satou/KTP_Effect/Textures/T_bottom17_6.ubulk" 3542
"C:/24CI0412MP/Content/Satou/KTP_Effect/Textures/T_bottom17_6.uasset" 3543
"C:/24CI0412MP/Content/Satou/KTP_Effect/Textures/T_bottom17_6.uexp" 3544
"C:/24CI0412MP/Content/Satou/KTP_Effect/Materials/M_botton17_6.uasset" 3545
"C:/24CI0412MP/Content/Satou/KTP_Effect/Materials/M_botton17_6.uexp" 3546
"C:/24CI0412MP/Content/Satou/KTP_Effect/Particles/Bottom/Bottom17-06.uasset" 3547
"C:/24CI0412MP/Content/Satou/KTP_Effect/Particles/Bottom/Bottom17-06.uexp" 3548
"C:/24CI0412MP/Content/Satou/KTP_Effect/Textures/T_bottom17_5.ubulk" 3549
"C:/24CI0412MP/Content/Satou/KTP_Effect/Textures/T_bottom17_5.uasset" 3550
"C:/24CI0412MP/Content/Satou/KTP_Effect/Textures/T_bottom17_5.uexp" 3551
"C:/24CI0412MP/Content/Satou/KTP_Effect/Materials/M_botton17_5.uasset" 3552
"C:/24CI0412MP/Content/Satou/KTP_Effect/Materials/M_botton17_5.uexp" 3553
"C:/24CI0412MP/Content/Satou/KTP_Effect/Particles/Bottom/Bottom17-05.uasset" 3554
"C:/24CI0412MP/Content/Satou/KTP_Effect/Particles/Bottom/Bottom17-05.uexp" 3555
"C:/24CI0412MP/Content/Satou/KTP_Effect/Textures/T_bottom17_4.ubulk" 3556
"C:/24CI0412MP/Content/Satou/KTP_Effect/Textures/T_bottom17_4.uasset" 3557
"C:/24CI0412MP/Content/Satou/KTP_Effect/Textures/T_bottom17_4.uexp" 3558
"C:/24CI0412MP/Content/Satou/KTP_Effect/Materials/M_botton17_4.uasset" 3559
"C:/24CI0412MP/Content/Satou/KTP_Effect/Materials/M_botton17_4.uexp" 3560
"C:/24CI0412MP/Content/Satou/KTP_Effect/Particles/Bottom/Bottom17-04.uasset" 3561
"C:/24CI0412MP/Content/Satou/KTP_Effect/Particles/Bottom/Bottom17-04.uexp" 3562
"C:/24CI0412MP/Content/Satou/KTP_Effect/Textures/T_bottom17_3.ubulk" 3563
"C:/24CI0412MP/Content/Satou/KTP_Effect/Textures/T_bottom17_3.uasset" 3564
"C:/24CI0412MP/Content/Satou/KTP_Effect/Textures/T_bottom17_3.uexp" 3565
"C:/24CI0412MP/Content/Satou/KTP_Effect/Materials/M_botton17_3.uasset" 3566
"C:/24CI0412MP/Content/Satou/KTP_Effect/Materials/M_botton17_3.uexp" 3567
"C:/24CI0412MP/Content/Satou/KTP_Effect/Particles/Bottom/Bottom17-03.uasset" 3568
"C:/24CI0412MP/Content/Satou/KTP_Effect/Particles/Bottom/Bottom17-03.uexp" 3569
"C:/24CI0412MP/Content/Satou/KTP_Effect/Textures/T_bottom17_2.ubulk" 3570
"C:/24CI0412MP/Content/Satou/KTP_Effect/Textures/T_bottom17_2.uasset" 3571
"C:/24CI0412MP/Content/Satou/KTP_Effect/Textures/T_bottom17_2.uexp" 3572
"C:/24CI0412MP/Content/Satou/KTP_Effect/Materials/M_botton17_2.uasset" 3573
"C:/24CI0412MP/Content/Satou/KTP_Effect/Materials/M_botton17_2.uexp" 3574
"C:/24CI0412MP/Content/Satou/KTP_Effect/Particles/Bottom/Bottom17-02.uasset" 3575
"C:/24CI0412MP/Content/Satou/KTP_Effect/Particles/Bottom/Bottom17-02.uexp" 3576
"C:/24CI0412MP/Content/Satou/KTP_Effect/Textures/T_bottom17_1.ubulk" 3577
"C:/24CI0412MP/Content/Satou/KTP_Effect/Textures/T_bottom17_1.uasset" 3578
"C:/24CI0412MP/Content/Satou/KTP_Effect/Textures/T_bottom17_1.uexp" 3579
"C:/24CI0412MP/Content/Satou/KTP_Effect/Materials/M_botton17_1.uasset" 3580
"C:/24CI0412MP/Content/Satou/KTP_Effect/Materials/M_botton17_1.uexp" 3581
"C:/24CI0412MP/Content/Satou/KTP_Effect/Particles/Bottom/Bottom17-01.uasset" 3582
"C:/24CI0412MP/Content/Satou/KTP_Effect/Particles/Bottom/Bottom17-01.uexp" 3583
"C:/24CI0412MP/Content/Satou/KTP_Effect/Textures/T_bottom16_8.ubulk" 3584
"C:/24CI0412MP/Content/Satou/KTP_Effect/Textures/T_bottom16_8.uasset" 3585
"C:/24CI0412MP/Content/Satou/KTP_Effect/Textures/T_bottom16_8.uexp" 3586
"C:/24CI0412MP/Content/Satou/KTP_Effect/Materials/M_botton16_8.uasset" 3587
"C:/24CI0412MP/Content/Satou/KTP_Effect/Materials/M_botton16_8.uexp" 3588
"C:/24CI0412MP/Content/Satou/KTP_Effect/Particles/Bottom/Bottom16-08.uasset" 3589
"C:/24CI0412MP/Content/Satou/KTP_Effect/Particles/Bottom/Bottom16-08.uexp" 3590
"C:/24CI0412MP/Content/Satou/KTP_Effect/Textures/T_bottom16_7.ubulk" 3591
"C:/24CI0412MP/Content/Satou/KTP_Effect/Textures/T_bottom16_7.uasset" 3592
"C:/24CI0412MP/Content/Satou/KTP_Effect/Textures/T_bottom16_7.uexp" 3593
"C:/24CI0412MP/Content/Satou/KTP_Effect/Materials/M_botton16_7.uasset" 3594
"C:/24CI0412MP/Content/Satou/KTP_Effect/Materials/M_botton16_7.uexp" 3595
"C:/24CI0412MP/Content/Satou/KTP_Effect/Particles/Bottom/Bottom16-07.uasset" 3596
"C:/24CI0412MP/Content/Satou/KTP_Effect/Particles/Bottom/Bottom16-07.uexp" 3597
"C:/24CI0412MP/Content/Satou/KTP_Effect/Textures/T_bottom16_6.ubulk" 3598
"C:/24CI0412MP/Content/Satou/KTP_Effect/Textures/T_bottom16_6.uasset" 3599
"C:/24CI0412MP/Content/Satou/KTP_Effect/Textures/T_bottom16_6.uexp" 3600
"C:/24CI0412MP/Content/Satou/KTP_Effect/Materials/M_botton16_6.uasset" 3601
"C:/24CI0412MP/Content/Satou/KTP_Effect/Materials/M_botton16_6.uexp" 3602
"C:/24CI0412MP/Content/Satou/KTP_Effect/Particles/Bottom/Bottom16-06.uasset" 3603
"C:/24CI0412MP/Content/Satou/KTP_Effect/Particles/Bottom/Bottom16-06.uexp" 3604
"C:/24CI0412MP/Content/Satou/KTP_Effect/Textures/T_bottom16_5.ubulk" 3605
"C:/24CI0412MP/Content/Satou/KTP_Effect/Textures/T_bottom16_5.uasset" 3606
"C:/24CI0412MP/Content/Satou/KTP_Effect/Textures/T_bottom16_5.uexp" 3607
"C:/24CI0412MP/Content/Satou/KTP_Effect/Materials/M_botton16_5.uasset" 3608
"C:/24CI0412MP/Content/Satou/KTP_Effect/Materials/M_botton16_5.uexp" 3609
"C:/24CI0412MP/Content/Satou/KTP_Effect/Particles/Bottom/Bottom16-05.uasset" 3610
"C:/24CI0412MP/Content/Satou/KTP_Effect/Particles/Bottom/Bottom16-05.uexp" 3611
"C:/24CI0412MP/Content/Satou/KTP_Effect/Textures/T_bottom16_4.ubulk" 3612
"C:/24CI0412MP/Content/Satou/KTP_Effect/Textures/T_bottom16_4.uasset" 3613
"C:/24CI0412MP/Content/Satou/KTP_Effect/Textures/T_bottom16_4.uexp" 3614
"C:/24CI0412MP/Content/Satou/KTP_Effect/Materials/M_botton16_4.uasset" 3615
"C:/24CI0412MP/Content/Satou/KTP_Effect/Materials/M_botton16_4.uexp" 3616
"C:/24CI0412MP/Content/Satou/KTP_Effect/Particles/Bottom/Bottom16-04.uasset" 3617
"C:/24CI0412MP/Content/Satou/KTP_Effect/Particles/Bottom/Bottom16-04.uexp" 3618
"C:/24CI0412MP/Content/Satou/KTP_Effect/Textures/T_bottom16_3.ubulk" 3619
"C:/24CI0412MP/Content/Satou/KTP_Effect/Textures/T_bottom16_3.uasset" 3620
"C:/24CI0412MP/Content/Satou/KTP_Effect/Textures/T_bottom16_3.uexp" 3621
"C:/24CI0412MP/Content/Satou/KTP_Effect/Materials/M_botton16_3.uasset" 3622
"C:/24CI0412MP/Content/Satou/KTP_Effect/Materials/M_botton16_3.uexp" 3623
"C:/24CI0412MP/Content/Satou/KTP_Effect/Particles/Bottom/Bottom16-03.uasset" 3624
"C:/24CI0412MP/Content/Satou/KTP_Effect/Particles/Bottom/Bottom16-03.uexp" 3625
"C:/24CI0412MP/Content/Satou/KTP_Effect/Textures/T_bottom16_2.ubulk" 3626
"C:/24CI0412MP/Content/Satou/KTP_Effect/Textures/T_bottom16_2.uasset" 3627
"C:/24CI0412MP/Content/Satou/KTP_Effect/Textures/T_bottom16_2.uexp" 3628
"C:/24CI0412MP/Content/Satou/KTP_Effect/Materials/M_botton16_2.uasset" 3629
"C:/24CI0412MP/Content/Satou/KTP_Effect/Materials/M_botton16_2.uexp" 3630
"C:/24CI0412MP/Content/Satou/KTP_Effect/Particles/Bottom/Bottom16-02.uasset" 3631
"C:/24CI0412MP/Content/Satou/KTP_Effect/Particles/Bottom/Bottom16-02.uexp" 3632
"C:/24CI0412MP/Content/Satou/KTP_Effect/Textures/T_bottom16_1.ubulk" 3633
"C:/24CI0412MP/Content/Satou/KTP_Effect/Textures/T_bottom16_1.uasset" 3634
"C:/24CI0412MP/Content/Satou/KTP_Effect/Textures/T_bottom16_1.uexp" 3635
"C:/24CI0412MP/Content/Satou/KTP_Effect/Materials/M_botton16_1.uasset" 3636
"C:/24CI0412MP/Content/Satou/KTP_Effect/Materials/M_botton16_1.uexp" 3637
"C:/24CI0412MP/Content/Satou/KTP_Effect/Particles/Bottom/Bottom16-01.uasset" 3638
"C:/24CI0412MP/Content/Satou/KTP_Effect/Particles/Bottom/Bottom16-01.uexp" 3639
"C:/24CI0412MP/Content/Satou/KTP_Effect/Materials/PublicMaterials/M_fire01_bt15.uasset" 3640
"C:/24CI0412MP/Content/Satou/KTP_Effect/Materials/PublicMaterials/M_fire01_bt15.uexp" 3641
"C:/24CI0412MP/Content/Satou/KTP_Effect/Materials/PublicMaterials/M_FX_shape_15.uasset" 3642
"C:/24CI0412MP/Content/Satou/KTP_Effect/Materials/PublicMaterials/M_FX_shape_15.uexp" 3643
"C:/24CI0412MP/Content/Satou/KTP_Effect/Mesh/SM_FX_shape15.ubulk" 3644
"C:/24CI0412MP/Content/Satou/KTP_Effect/Mesh/SM_FX_shape15.uasset" 3645
"C:/24CI0412MP/Content/Satou/KTP_Effect/Mesh/SM_FX_shape15.uexp" 3646
"C:/24CI0412MP/Content/Satou/KTP_Effect/Textures/T_bottom15_8.ubulk" 3647
"C:/24CI0412MP/Content/Satou/KTP_Effect/Textures/T_bottom15_8.uasset" 3648
"C:/24CI0412MP/Content/Satou/KTP_Effect/Textures/T_bottom15_8.uexp" 3649
"C:/24CI0412MP/Content/Satou/KTP_Effect/Materials/M_botton15_8.uasset" 3650
"C:/24CI0412MP/Content/Satou/KTP_Effect/Materials/M_botton15_8.uexp" 3651
"C:/24CI0412MP/Content/Satou/KTP_Effect/Materials/PublicMaterials/M_FX_Aura_botton03_3.uasset" 3652
"C:/24CI0412MP/Content/Satou/KTP_Effect/Materials/PublicMaterials/M_FX_Aura_botton03_3.uexp" 3653
"C:/24CI0412MP/Content/Satou/KTP_Effect/Materials/PublicMaterials/M_FX_Aura_botton03_15.uasset" 3654
"C:/24CI0412MP/Content/Satou/KTP_Effect/Materials/PublicMaterials/M_FX_Aura_botton03_15.uexp" 3655
"C:/24CI0412MP/Content/Satou/KTP_Effect/Particles/Bottom/Bottom15-08.uasset" 3656
"C:/24CI0412MP/Content/Satou/KTP_Effect/Particles/Bottom/Bottom15-08.uexp" 3657
"C:/24CI0412MP/Content/Satou/KTP_Effect/Textures/T_bottom15_7.ubulk" 3658
"C:/24CI0412MP/Content/Satou/KTP_Effect/Textures/T_bottom15_7.uasset" 3659
"C:/24CI0412MP/Content/Satou/KTP_Effect/Textures/T_bottom15_7.uexp" 3660
"C:/24CI0412MP/Content/Satou/KTP_Effect/Materials/M_botton15_7.uasset" 3661
"C:/24CI0412MP/Content/Satou/KTP_Effect/Materials/M_botton15_7.uexp" 3662
"C:/24CI0412MP/Content/Satou/KTP_Effect/Particles/Bottom/Bottom15-07.uasset" 3663
"C:/24CI0412MP/Content/Satou/KTP_Effect/Particles/Bottom/Bottom15-07.uexp" 3664
"C:/24CI0412MP/Content/Satou/KTP_Effect/Textures/T_bottom15_6.ubulk" 3665
"C:/24CI0412MP/Content/Satou/KTP_Effect/Textures/T_bottom15_6.uasset" 3666
"C:/24CI0412MP/Content/Satou/KTP_Effect/Textures/T_bottom15_6.uexp" 3667
"C:/24CI0412MP/Content/Satou/KTP_Effect/Materials/M_botton15_6.uasset" 3668
"C:/24CI0412MP/Content/Satou/KTP_Effect/Materials/M_botton15_6.uexp" 3669
"C:/24CI0412MP/Content/Satou/KTP_Effect/Particles/Bottom/Bottom15-06.uasset" 3670
"C:/24CI0412MP/Content/Satou/KTP_Effect/Particles/Bottom/Bottom15-06.uexp" 3671
"C:/24CI0412MP/Content/Satou/KTP_Effect/Textures/T_bottom15_5.ubulk" 3672
"C:/24CI0412MP/Content/Satou/KTP_Effect/Textures/T_bottom15_5.uasset" 3673
"C:/24CI0412MP/Content/Satou/KTP_Effect/Textures/T_bottom15_5.uexp" 3674
"C:/24CI0412MP/Content/Satou/KTP_Effect/Materials/M_botton15_5.uasset" 3675
"C:/24CI0412MP/Content/Satou/KTP_Effect/Materials/M_botton15_5.uexp" 3676
"C:/24CI0412MP/Content/Satou/KTP_Effect/Particles/Bottom/Bottom15-05.uasset" 3677
"C:/24CI0412MP/Content/Satou/KTP_Effect/Particles/Bottom/Bottom15-05.uexp" 3678
"C:/24CI0412MP/Content/Satou/KTP_Effect/Textures/T_bottom15_4.ubulk" 3679
"C:/24CI0412MP/Content/Satou/KTP_Effect/Textures/T_bottom15_4.uasset" 3680
"C:/24CI0412MP/Content/Satou/KTP_Effect/Textures/T_bottom15_4.uexp" 3681
"C:/24CI0412MP/Content/Satou/KTP_Effect/Materials/M_botton15_4.uasset" 3682
"C:/24CI0412MP/Content/Satou/KTP_Effect/Materials/M_botton15_4.uexp" 3683
"C:/24CI0412MP/Content/Satou/KTP_Effect/Particles/Bottom/Bottom15-04.uasset" 3684
"C:/24CI0412MP/Content/Satou/KTP_Effect/Particles/Bottom/Bottom15-04.uexp" 3685
"C:/24CI0412MP/Content/Satou/KTP_Effect/Textures/T_bottom15_3.ubulk" 3686
"C:/24CI0412MP/Content/Satou/KTP_Effect/Textures/T_bottom15_3.uasset" 3687
"C:/24CI0412MP/Content/Satou/KTP_Effect/Textures/T_bottom15_3.uexp" 3688
"C:/24CI0412MP/Content/Satou/KTP_Effect/Materials/M_botton15_3.uasset" 3689
"C:/24CI0412MP/Content/Satou/KTP_Effect/Materials/M_botton15_3.uexp" 3690
"C:/24CI0412MP/Content/Satou/KTP_Effect/Particles/Bottom/Bottom15-03.uasset" 3691
"C:/24CI0412MP/Content/Satou/KTP_Effect/Particles/Bottom/Bottom15-03.uexp" 3692
"C:/24CI0412MP/Content/Satou/KTP_Effect/Textures/T_bottom15_2.ubulk" 3693
"C:/24CI0412MP/Content/Satou/KTP_Effect/Textures/T_bottom15_2.uasset" 3694
"C:/24CI0412MP/Content/Satou/KTP_Effect/Textures/T_bottom15_2.uexp" 3695
"C:/24CI0412MP/Content/Satou/KTP_Effect/Materials/M_botton15_2.uasset" 3696
"C:/24CI0412MP/Content/Satou/KTP_Effect/Materials/M_botton15_2.uexp" 3697
"C:/24CI0412MP/Content/Satou/KTP_Effect/Particles/Bottom/Bottom15-02.uasset" 3698
"C:/24CI0412MP/Content/Satou/KTP_Effect/Particles/Bottom/Bottom15-02.uexp" 3699
"C:/24CI0412MP/Content/Satou/KTP_Effect/Textures/T_bottom15_1.ubulk" 3700
"C:/24CI0412MP/Content/Satou/KTP_Effect/Textures/T_bottom15_1.uasset" 3701
"C:/24CI0412MP/Content/Satou/KTP_Effect/Textures/T_bottom15_1.uexp" 3702
"C:/24CI0412MP/Content/Satou/KTP_Effect/Materials/M_botton15_1.uasset" 3703
"C:/24CI0412MP/Content/Satou/KTP_Effect/Materials/M_botton15_1.uexp" 3704
"C:/24CI0412MP/Content/Satou/KTP_Effect/Particles/Bottom/Bottom15-01.uasset" 3705
"C:/24CI0412MP/Content/Satou/KTP_Effect/Particles/Bottom/Bottom15-01.uexp" 3706
"C:/24CI0412MP/Content/Satou/KTP_Effect/Mesh/SM_FX_plane_shape.ubulk" 3707
"C:/24CI0412MP/Content/Satou/KTP_Effect/Mesh/SM_FX_plane_shape.uasset" 3708
"C:/24CI0412MP/Content/Satou/KTP_Effect/Mesh/SM_FX_plane_shape.uexp" 3709
"C:/24CI0412MP/Content/Satou/KTP_Effect/Textures/T_bottom14_8.ubulk" 3710
"C:/24CI0412MP/Content/Satou/KTP_Effect/Textures/T_bottom14_8.uasset" 3711
"C:/24CI0412MP/Content/Satou/KTP_Effect/Textures/T_bottom14_8.uexp" 3712
"C:/24CI0412MP/Content/Satou/KTP_Effect/Materials/M_botton14_8.uasset" 3713
"C:/24CI0412MP/Content/Satou/KTP_Effect/Materials/M_botton14_8.uexp" 3714
"C:/24CI0412MP/Content/Satou/KTP_Effect/Materials/PublicMaterials/M_FX_shape18.uasset" 3715
"C:/24CI0412MP/Content/Satou/KTP_Effect/Materials/PublicMaterials/M_FX_shape18.uexp" 3716
"C:/24CI0412MP/Content/Satou/KTP_Effect/Particles/Bottom/Bottom14-08.uasset" 3717
"C:/24CI0412MP/Content/Satou/KTP_Effect/Particles/Bottom/Bottom14-08.uexp" 3718
"C:/24CI0412MP/Content/Satou/KTP_Effect/Textures/T_bottom14_7.ubulk" 3719
"C:/24CI0412MP/Content/Satou/KTP_Effect/Textures/T_bottom14_7.uasset" 3720
"C:/24CI0412MP/Content/Satou/KTP_Effect/Textures/T_bottom14_7.uexp" 3721
"C:/24CI0412MP/Content/Satou/KTP_Effect/Materials/M_botton14_7.uasset" 3722
"C:/24CI0412MP/Content/Satou/KTP_Effect/Materials/M_botton14_7.uexp" 3723
"C:/24CI0412MP/Content/Satou/KTP_Effect/Particles/Bottom/Bottom14-07.uasset" 3724
"C:/24CI0412MP/Content/Satou/KTP_Effect/Particles/Bottom/Bottom14-07.uexp" 3725
"C:/24CI0412MP/Content/Satou/KTP_Effect/Textures/T_bottom14_6.ubulk" 3726
"C:/24CI0412MP/Content/Satou/KTP_Effect/Textures/T_bottom14_6.uasset" 3727
"C:/24CI0412MP/Content/Satou/KTP_Effect/Textures/T_bottom14_6.uexp" 3728
"C:/24CI0412MP/Content/Satou/KTP_Effect/Materials/M_botton14_6.uasset" 3729
"C:/24CI0412MP/Content/Satou/KTP_Effect/Materials/M_botton14_6.uexp" 3730
"C:/24CI0412MP/Content/Satou/KTP_Effect/Particles/Bottom/Bottom14-06.uasset" 3731
"C:/24CI0412MP/Content/Satou/KTP_Effect/Particles/Bottom/Bottom14-06.uexp" 3732
"C:/24CI0412MP/Content/Satou/KTP_Effect/Textures/T_bottom14_5.ubulk" 3733
"C:/24CI0412MP/Content/Satou/KTP_Effect/Textures/T_bottom14_5.uasset" 3734
"C:/24CI0412MP/Content/Satou/KTP_Effect/Textures/T_bottom14_5.uexp" 3735
"C:/24CI0412MP/Content/Satou/KTP_Effect/Materials/M_botton14_5.uasset" 3736
"C:/24CI0412MP/Content/Satou/KTP_Effect/Materials/M_botton14_5.uexp" 3737
"C:/24CI0412MP/Content/Satou/KTP_Effect/Particles/Bottom/Bottom14-05.uasset" 3738
"C:/24CI0412MP/Content/Satou/KTP_Effect/Particles/Bottom/Bottom14-05.uexp" 3739
"C:/24CI0412MP/Content/Satou/KTP_Effect/Textures/T_bottom14_4.ubulk" 3740
"C:/24CI0412MP/Content/Satou/KTP_Effect/Textures/T_bottom14_4.uasset" 3741
"C:/24CI0412MP/Content/Satou/KTP_Effect/Textures/T_bottom14_4.uexp" 3742
"C:/24CI0412MP/Content/Satou/KTP_Effect/Materials/M_botton14_4.uasset" 3743
"C:/24CI0412MP/Content/Satou/KTP_Effect/Materials/M_botton14_4.uexp" 3744
"C:/24CI0412MP/Content/Satou/KTP_Effect/Particles/Bottom/Bottom14-04.uasset" 3745
"C:/24CI0412MP/Content/Satou/KTP_Effect/Particles/Bottom/Bottom14-04.uexp" 3746
"C:/24CI0412MP/Content/Satou/KTP_Effect/Textures/T_bottom14_3.ubulk" 3747
"C:/24CI0412MP/Content/Satou/KTP_Effect/Textures/T_bottom14_3.uasset" 3748
"C:/24CI0412MP/Content/Satou/KTP_Effect/Textures/T_bottom14_3.uexp" 3749
"C:/24CI0412MP/Content/Satou/KTP_Effect/Materials/M_botton14_3.uasset" 3750
"C:/24CI0412MP/Content/Satou/KTP_Effect/Materials/M_botton14_3.uexp" 3751
"C:/24CI0412MP/Content/Satou/KTP_Effect/Particles/Bottom/Bottom14-03.uasset" 3752
"C:/24CI0412MP/Content/Satou/KTP_Effect/Particles/Bottom/Bottom14-03.uexp" 3753
"C:/24CI0412MP/Content/Satou/KTP_Effect/Textures/T_bottom14_2.ubulk" 3754
"C:/24CI0412MP/Content/Satou/KTP_Effect/Textures/T_bottom14_2.uasset" 3755
"C:/24CI0412MP/Content/Satou/KTP_Effect/Textures/T_bottom14_2.uexp" 3756
"C:/24CI0412MP/Content/Satou/KTP_Effect/Materials/M_botton14_2.uasset" 3757
"C:/24CI0412MP/Content/Satou/KTP_Effect/Materials/M_botton14_2.uexp" 3758
"C:/24CI0412MP/Content/Satou/KTP_Effect/Particles/Bottom/Bottom14-02.uasset" 3759
"C:/24CI0412MP/Content/Satou/KTP_Effect/Particles/Bottom/Bottom14-02.uexp" 3760
"C:/24CI0412MP/Content/Satou/KTP_Effect/Textures/T_bottom14_1.ubulk" 3761
"C:/24CI0412MP/Content/Satou/KTP_Effect/Textures/T_bottom14_1.uasset" 3762
"C:/24CI0412MP/Content/Satou/KTP_Effect/Textures/T_bottom14_1.uexp" 3763
"C:/24CI0412MP/Content/Satou/KTP_Effect/Materials/M_botton14_1.uasset" 3764
"C:/24CI0412MP/Content/Satou/KTP_Effect/Materials/M_botton14_1.uexp" 3765
"C:/24CI0412MP/Content/Satou/KTP_Effect/Particles/Bottom/Bottom14-01.uasset" 3766
"C:/24CI0412MP/Content/Satou/KTP_Effect/Particles/Bottom/Bottom14-01.uexp" 3767
"C:/24CI0412MP/Content/Satou/KTP_Effect/Materials/PublicMaterials/M_FX_wwin_13.uasset" 3768
"C:/24CI0412MP/Content/Satou/KTP_Effect/Materials/PublicMaterials/M_FX_wwin_13.uexp" 3769
"C:/24CI0412MP/Content/Satou/KTP_Effect/Textures/T_bottom13_8.ubulk" 3770
"C:/24CI0412MP/Content/Satou/KTP_Effect/Textures/T_bottom13_8.uasset" 3771
"C:/24CI0412MP/Content/Satou/KTP_Effect/Textures/T_bottom13_8.uexp" 3772
"C:/24CI0412MP/Content/Satou/KTP_Effect/Materials/M_botton13_8.uasset" 3773
"C:/24CI0412MP/Content/Satou/KTP_Effect/Materials/M_botton13_8.uexp" 3774
"C:/24CI0412MP/Content/Satou/KTP_Effect/Particles/Bottom/Bottom13-08.uasset" 3775
"C:/24CI0412MP/Content/Satou/KTP_Effect/Particles/Bottom/Bottom13-08.uexp" 3776
"C:/24CI0412MP/Content/Satou/KTP_Effect/Textures/T_bottom13_7.ubulk" 3777
"C:/24CI0412MP/Content/Satou/KTP_Effect/Textures/T_bottom13_7.uasset" 3778
"C:/24CI0412MP/Content/Satou/KTP_Effect/Textures/T_bottom13_7.uexp" 3779
"C:/24CI0412MP/Content/Satou/KTP_Effect/Materials/M_botton13_7.uasset" 3780
"C:/24CI0412MP/Content/Satou/KTP_Effect/Materials/M_botton13_7.uexp" 3781
"C:/24CI0412MP/Content/Satou/KTP_Effect/Particles/Bottom/Bottom13-07.uasset" 3782
"C:/24CI0412MP/Content/Satou/KTP_Effect/Particles/Bottom/Bottom13-07.uexp" 3783
"C:/24CI0412MP/Content/Satou/KTP_Effect/Textures/T_bottom13_6.ubulk" 3784
"C:/24CI0412MP/Content/Satou/KTP_Effect/Textures/T_bottom13_6.uasset" 3785
"C:/24CI0412MP/Content/Satou/KTP_Effect/Textures/T_bottom13_6.uexp" 3786
"C:/24CI0412MP/Content/Satou/KTP_Effect/Materials/M_botton13_6.uasset" 3787
"C:/24CI0412MP/Content/Satou/KTP_Effect/Materials/M_botton13_6.uexp" 3788
"C:/24CI0412MP/Content/Satou/KTP_Effect/Particles/Bottom/Bottom13-06.uasset" 3789
"C:/24CI0412MP/Content/Satou/KTP_Effect/Particles/Bottom/Bottom13-06.uexp" 3790
"C:/24CI0412MP/Content/Satou/KTP_Effect/Textures/T_bottom13_5.ubulk" 3791
"C:/24CI0412MP/Content/Satou/KTP_Effect/Textures/T_bottom13_5.uasset" 3792
"C:/24CI0412MP/Content/Satou/KTP_Effect/Textures/T_bottom13_5.uexp" 3793
"C:/24CI0412MP/Content/Satou/KTP_Effect/Materials/M_botton13_5.uasset" 3794
"C:/24CI0412MP/Content/Satou/KTP_Effect/Materials/M_botton13_5.uexp" 3795
"C:/24CI0412MP/Content/Satou/KTP_Effect/Particles/Bottom/Bottom13-05.uasset" 3796
"C:/24CI0412MP/Content/Satou/KTP_Effect/Particles/Bottom/Bottom13-05.uexp" 3797
"C:/24CI0412MP/Content/Satou/KTP_Effect/Textures/T_bottom13_4.ubulk" 3798
"C:/24CI0412MP/Content/Satou/KTP_Effect/Textures/T_bottom13_4.uasset" 3799
"C:/24CI0412MP/Content/Satou/KTP_Effect/Textures/T_bottom13_4.uexp" 3800
"C:/24CI0412MP/Content/Satou/KTP_Effect/Materials/M_botton13_4.uasset" 3801
"C:/24CI0412MP/Content/Satou/KTP_Effect/Materials/M_botton13_4.uexp" 3802
"C:/24CI0412MP/Content/Satou/KTP_Effect/Particles/Bottom/Bottom13-04.uasset" 3803
"C:/24CI0412MP/Content/Satou/KTP_Effect/Particles/Bottom/Bottom13-04.uexp" 3804
"C:/24CI0412MP/Content/Satou/KTP_Effect/Textures/T_bottom13_3.ubulk" 3805
"C:/24CI0412MP/Content/Satou/KTP_Effect/Textures/T_bottom13_3.uasset" 3806
"C:/24CI0412MP/Content/Satou/KTP_Effect/Textures/T_bottom13_3.uexp" 3807
"C:/24CI0412MP/Content/Satou/KTP_Effect/Materials/M_botton13_3.uasset" 3808
"C:/24CI0412MP/Content/Satou/KTP_Effect/Materials/M_botton13_3.uexp" 3809
"C:/24CI0412MP/Content/Satou/KTP_Effect/Particles/Bottom/Bottom13-03.uasset" 3810
"C:/24CI0412MP/Content/Satou/KTP_Effect/Particles/Bottom/Bottom13-03.uexp" 3811
"C:/24CI0412MP/Content/Satou/KTP_Effect/Textures/T_bottom13_2.ubulk" 3812
"C:/24CI0412MP/Content/Satou/KTP_Effect/Textures/T_bottom13_2.uasset" 3813
"C:/24CI0412MP/Content/Satou/KTP_Effect/Textures/T_bottom13_2.uexp" 3814
"C:/24CI0412MP/Content/Satou/KTP_Effect/Materials/M_botton13_2.uasset" 3815
"C:/24CI0412MP/Content/Satou/KTP_Effect/Materials/M_botton13_2.uexp" 3816
"C:/24CI0412MP/Content/Satou/KTP_Effect/Particles/Bottom/Bottom13-02.uasset" 3817
"C:/24CI0412MP/Content/Satou/KTP_Effect/Particles/Bottom/Bottom13-02.uexp" 3818
"C:/24CI0412MP/Content/Satou/KTP_Effect/Textures/T_bottom13_1.ubulk" 3819
"C:/24CI0412MP/Content/Satou/KTP_Effect/Textures/T_bottom13_1.uasset" 3820
"C:/24CI0412MP/Content/Satou/KTP_Effect/Textures/T_bottom13_1.uexp" 3821
"C:/24CI0412MP/Content/Satou/KTP_Effect/Materials/M_botton13_1.uasset" 3822
"C:/24CI0412MP/Content/Satou/KTP_Effect/Materials/M_botton13_1.uexp" 3823
"C:/24CI0412MP/Content/Satou/KTP_Effect/Particles/Bottom/Bottom13-01.uasset" 3824
"C:/24CI0412MP/Content/Satou/KTP_Effect/Particles/Bottom/Bottom13-01.uexp" 3825
"C:/24CI0412MP/Content/Satou/KTP_Effect/Textures/T_bottom12_8.ubulk" 3826
"C:/24CI0412MP/Content/Satou/KTP_Effect/Textures/T_bottom12_8.uasset" 3827
"C:/24CI0412MP/Content/Satou/KTP_Effect/Textures/T_bottom12_8.uexp" 3828
"C:/24CI0412MP/Content/Satou/KTP_Effect/Materials/M_botton12_8.uasset" 3829
"C:/24CI0412MP/Content/Satou/KTP_Effect/Materials/M_botton12_8.uexp" 3830
"C:/24CI0412MP/Content/Satou/KTP_Effect/Mesh/SM_FX_shape12.ubulk" 3831
"C:/24CI0412MP/Content/Satou/KTP_Effect/Mesh/SM_FX_shape12.uasset" 3832
"C:/24CI0412MP/Content/Satou/KTP_Effect/Mesh/SM_FX_shape12.uexp" 3833
"C:/24CI0412MP/Content/Satou/KTP_Effect/Particles/Bottom/Bottom12-08.uasset" 3834
"C:/24CI0412MP/Content/Satou/KTP_Effect/Particles/Bottom/Bottom12-08.uexp" 3835
"C:/24CI0412MP/Content/Satou/KTP_Effect/Textures/T_bottom12_7.ubulk" 3836
"C:/24CI0412MP/Content/Satou/KTP_Effect/Textures/T_bottom12_7.uasset" 3837
"C:/24CI0412MP/Content/Satou/KTP_Effect/Textures/T_bottom12_7.uexp" 3838
"C:/24CI0412MP/Content/Satou/KTP_Effect/Materials/M_botton12_7.uasset" 3839
"C:/24CI0412MP/Content/Satou/KTP_Effect/Materials/M_botton12_7.uexp" 3840
"C:/24CI0412MP/Content/Satou/KTP_Effect/Particles/Bottom/Bottom12-07.uasset" 3841
"C:/24CI0412MP/Content/Satou/KTP_Effect/Particles/Bottom/Bottom12-07.uexp" 3842
"C:/24CI0412MP/Content/Satou/KTP_Effect/Textures/T_bottom12_6.ubulk" 3843
"C:/24CI0412MP/Content/Satou/KTP_Effect/Textures/T_bottom12_6.uasset" 3844
"C:/24CI0412MP/Content/Satou/KTP_Effect/Textures/T_bottom12_6.uexp" 3845
"C:/24CI0412MP/Content/Satou/KTP_Effect/Materials/M_botton12_6.uasset" 3846
"C:/24CI0412MP/Content/Satou/KTP_Effect/Materials/M_botton12_6.uexp" 3847
"C:/24CI0412MP/Content/Satou/KTP_Effect/Particles/Bottom/Bottom12-06.uasset" 3848
"C:/24CI0412MP/Content/Satou/KTP_Effect/Particles/Bottom/Bottom12-06.uexp" 3849
"C:/24CI0412MP/Content/Satou/KTP_Effect/Textures/T_bottom12_5.ubulk" 3850
"C:/24CI0412MP/Content/Satou/KTP_Effect/Textures/T_bottom12_5.uasset" 3851
"C:/24CI0412MP/Content/Satou/KTP_Effect/Textures/T_bottom12_5.uexp" 3852
"C:/24CI0412MP/Content/Satou/KTP_Effect/Materials/M_botton12_5.uasset" 3853
"C:/24CI0412MP/Content/Satou/KTP_Effect/Materials/M_botton12_5.uexp" 3854
"C:/24CI0412MP/Content/Satou/KTP_Effect/Particles/Bottom/Bottom12-05.uasset" 3855
"C:/24CI0412MP/Content/Satou/KTP_Effect/Particles/Bottom/Bottom12-05.uexp" 3856
"C:/24CI0412MP/Content/Satou/KTP_Effect/Textures/T_bottom12_4.ubulk" 3857
"C:/24CI0412MP/Content/Satou/KTP_Effect/Textures/T_bottom12_4.uasset" 3858
"C:/24CI0412MP/Content/Satou/KTP_Effect/Textures/T_bottom12_4.uexp" 3859
"C:/24CI0412MP/Content/Satou/KTP_Effect/Materials/M_botton12_4.uasset" 3860
"C:/24CI0412MP/Content/Satou/KTP_Effect/Materials/M_botton12_4.uexp" 3861
"C:/24CI0412MP/Content/Satou/KTP_Effect/Particles/Bottom/Bottom12-04.uasset" 3862
"C:/24CI0412MP/Content/Satou/KTP_Effect/Particles/Bottom/Bottom12-04.uexp" 3863
"C:/24CI0412MP/Content/Satou/KTP_Effect/Textures/T_bottom12_3.ubulk" 3864
"C:/24CI0412MP/Content/Satou/KTP_Effect/Textures/T_bottom12_3.uasset" 3865
"C:/24CI0412MP/Content/Satou/KTP_Effect/Textures/T_bottom12_3.uexp" 3866
"C:/24CI0412MP/Content/Satou/KTP_Effect/Materials/M_botton12_3.uasset" 3867
"C:/24CI0412MP/Content/Satou/KTP_Effect/Materials/M_botton12_3.uexp" 3868
"C:/24CI0412MP/Content/Satou/KTP_Effect/Particles/Bottom/Bottom12-03.uasset" 3869
"C:/24CI0412MP/Content/Satou/KTP_Effect/Particles/Bottom/Bottom12-03.uexp" 3870
"C:/24CI0412MP/Content/Satou/KTP_Effect/Textures/T_bottom12_2.ubulk" 3871
"C:/24CI0412MP/Content/Satou/KTP_Effect/Textures/T_bottom12_2.uasset" 3872
"C:/24CI0412MP/Content/Satou/KTP_Effect/Textures/T_bottom12_2.uexp" 3873
"C:/24CI0412MP/Content/Satou/KTP_Effect/Materials/M_botton12_2.uasset" 3874
"C:/24CI0412MP/Content/Satou/KTP_Effect/Materials/M_botton12_2.uexp" 3875
"C:/24CI0412MP/Content/Satou/KTP_Effect/Particles/Bottom/Bottom12-02.uasset" 3876
"C:/24CI0412MP/Content/Satou/KTP_Effect/Particles/Bottom/Bottom12-02.uexp" 3877
"C:/24CI0412MP/Content/Satou/KTP_Effect/Textures/T_bottom12_1.ubulk" 3878
"C:/24CI0412MP/Content/Satou/KTP_Effect/Textures/T_bottom12_1.uasset" 3879
"C:/24CI0412MP/Content/Satou/KTP_Effect/Textures/T_bottom12_1.uexp" 3880
"C:/24CI0412MP/Content/Satou/KTP_Effect/Materials/M_botton12_1.uasset" 3881
"C:/24CI0412MP/Content/Satou/KTP_Effect/Materials/M_botton12_1.uexp" 3882
"C:/24CI0412MP/Content/Satou/KTP_Effect/Particles/Bottom/Bottom12-01.uasset" 3883
"C:/24CI0412MP/Content/Satou/KTP_Effect/Particles/Bottom/Bottom12-01.uexp" 3884
"C:/24CI0412MP/Content/Satou/KTP_Effect/Textures/T_bottom11_8.ubulk" 3885
"C:/24CI0412MP/Content/Satou/KTP_Effect/Textures/T_bottom11_8.uasset" 3886
"C:/24CI0412MP/Content/Satou/KTP_Effect/Textures/T_bottom11_8.uexp" 3887
"C:/24CI0412MP/Content/Satou/KTP_Effect/Materials/M_botton11_8.uasset" 3888
"C:/24CI0412MP/Content/Satou/KTP_Effect/Materials/M_botton11_8.uexp" 3889
"C:/24CI0412MP/Content/Satou/KTP_Effect/Particles/Bottom/Bottom11-08.uasset" 3890
"C:/24CI0412MP/Content/Satou/KTP_Effect/Particles/Bottom/Bottom11-08.uexp" 3891
"C:/24CI0412MP/Content/Satou/KTP_Effect/Textures/T_bottom11_7.ubulk" 3892
"C:/24CI0412MP/Content/Satou/KTP_Effect/Textures/T_bottom11_7.uasset" 3893
"C:/24CI0412MP/Content/Satou/KTP_Effect/Textures/T_bottom11_7.uexp" 3894
"C:/24CI0412MP/Content/Satou/KTP_Effect/Materials/M_botton11_7.uasset" 3895
"C:/24CI0412MP/Content/Satou/KTP_Effect/Materials/M_botton11_7.uexp" 3896
"C:/24CI0412MP/Content/Satou/KTP_Effect/Particles/Bottom/Bottom11-07.uasset" 3897
"C:/24CI0412MP/Content/Satou/KTP_Effect/Particles/Bottom/Bottom11-07.uexp" 3898
"C:/24CI0412MP/Content/Satou/KTP_Effect/Textures/T_bottom11_6.ubulk" 3899
"C:/24CI0412MP/Content/Satou/KTP_Effect/Textures/T_bottom11_6.uasset" 3900
"C:/24CI0412MP/Content/Satou/KTP_Effect/Textures/T_bottom11_6.uexp" 3901
"C:/24CI0412MP/Content/Satou/KTP_Effect/Materials/M_botton11_6.uasset" 3902
"C:/24CI0412MP/Content/Satou/KTP_Effect/Materials/M_botton11_6.uexp" 3903
"C:/24CI0412MP/Content/Satou/KTP_Effect/Particles/Bottom/Bottom11-06.uasset" 3904
"C:/24CI0412MP/Content/Satou/KTP_Effect/Particles/Bottom/Bottom11-06.uexp" 3905
"C:/24CI0412MP/Content/Satou/KTP_Effect/Textures/T_bottom11_5.ubulk" 3906
"C:/24CI0412MP/Content/Satou/KTP_Effect/Textures/T_bottom11_5.uasset" 3907
"C:/24CI0412MP/Content/Satou/KTP_Effect/Textures/T_bottom11_5.uexp" 3908
"C:/24CI0412MP/Content/Satou/KTP_Effect/Materials/M_botton11_5.uasset" 3909
"C:/24CI0412MP/Content/Satou/KTP_Effect/Materials/M_botton11_5.uexp" 3910
"C:/24CI0412MP/Content/Satou/KTP_Effect/Particles/Bottom/Bottom11-05.uasset" 3911
"C:/24CI0412MP/Content/Satou/KTP_Effect/Particles/Bottom/Bottom11-05.uexp" 3912
"C:/24CI0412MP/Content/Satou/KTP_Effect/Textures/T_bottom11_4.ubulk" 3913
"C:/24CI0412MP/Content/Satou/KTP_Effect/Textures/T_bottom11_4.uasset" 3914
"C:/24CI0412MP/Content/Satou/KTP_Effect/Textures/T_bottom11_4.uexp" 3915
"C:/24CI0412MP/Content/Satou/KTP_Effect/Materials/M_botton11_4.uasset" 3916
"C:/24CI0412MP/Content/Satou/KTP_Effect/Materials/M_botton11_4.uexp" 3917
"C:/24CI0412MP/Content/Satou/KTP_Effect/Particles/Bottom/Bottom11-04.uasset" 3918
"C:/24CI0412MP/Content/Satou/KTP_Effect/Particles/Bottom/Bottom11-04.uexp" 3919
"C:/24CI0412MP/Content/Satou/KTP_Effect/Textures/T_bottom11_3.ubulk" 3920
"C:/24CI0412MP/Content/Satou/KTP_Effect/Textures/T_bottom11_3.uasset" 3921
"C:/24CI0412MP/Content/Satou/KTP_Effect/Textures/T_bottom11_3.uexp" 3922
"C:/24CI0412MP/Content/Satou/KTP_Effect/Materials/M_botton11_3.uasset" 3923
"C:/24CI0412MP/Content/Satou/KTP_Effect/Materials/M_botton11_3.uexp" 3924
"C:/24CI0412MP/Content/Satou/KTP_Effect/Particles/Bottom/Bottom11-03.uasset" 3925
"C:/24CI0412MP/Content/Satou/KTP_Effect/Particles/Bottom/Bottom11-03.uexp" 3926
"C:/24CI0412MP/Content/Satou/KTP_Effect/Textures/T_bottom11_2.ubulk" 3927
"C:/24CI0412MP/Content/Satou/KTP_Effect/Textures/T_bottom11_2.uasset" 3928
"C:/24CI0412MP/Content/Satou/KTP_Effect/Textures/T_bottom11_2.uexp" 3929
"C:/24CI0412MP/Content/Satou/KTP_Effect/Materials/M_botton11_2.uasset" 3930
"C:/24CI0412MP/Content/Satou/KTP_Effect/Materials/M_botton11_2.uexp" 3931
"C:/24CI0412MP/Content/Satou/KTP_Effect/Particles/Bottom/Bottom11-02.uasset" 3932
"C:/24CI0412MP/Content/Satou/KTP_Effect/Particles/Bottom/Bottom11-02.uexp" 3933
"C:/24CI0412MP/Content/Satou/KTP_Effect/Textures/T_bottom11_1.ubulk" 3934
"C:/24CI0412MP/Content/Satou/KTP_Effect/Textures/T_bottom11_1.uasset" 3935
"C:/24CI0412MP/Content/Satou/KTP_Effect/Textures/T_bottom11_1.uexp" 3936
"C:/24CI0412MP/Content/Satou/KTP_Effect/Materials/M_botton11_1.uasset" 3937
"C:/24CI0412MP/Content/Satou/KTP_Effect/Materials/M_botton11_1.uexp" 3938
"C:/24CI0412MP/Content/Satou/KTP_Effect/Particles/Bottom/Bottom11-01.uasset" 3939
"C:/24CI0412MP/Content/Satou/KTP_Effect/Particles/Bottom/Bottom11-01.uexp" 3940
"C:/24CI0412MP/Content/Satou/KTP_Effect/Textures/T_bottom10_8.ubulk" 3941
"C:/24CI0412MP/Content/Satou/KTP_Effect/Textures/T_bottom10_8.uasset" 3942
"C:/24CI0412MP/Content/Satou/KTP_Effect/Textures/T_bottom10_8.uexp" 3943
"C:/24CI0412MP/Content/Satou/KTP_Effect/Materials/M_botton10-8.uasset" 3944
"C:/24CI0412MP/Content/Satou/KTP_Effect/Materials/M_botton10-8.uexp" 3945
"C:/24CI0412MP/Content/Satou/KTP_Effect/Materials/PublicMaterials/M_fire01_BT10.uasset" 3946
"C:/24CI0412MP/Content/Satou/KTP_Effect/Materials/PublicMaterials/M_fire01_BT10.uexp" 3947
"C:/24CI0412MP/Content/Satou/KTP_Effect/Particles/Bottom/Bottom10-08.uasset" 3948
"C:/24CI0412MP/Content/Satou/KTP_Effect/Particles/Bottom/Bottom10-08.uexp" 3949
"C:/24CI0412MP/Content/Satou/KTP_Effect/Textures/T_bottom10_7.ubulk" 3950
"C:/24CI0412MP/Content/Satou/KTP_Effect/Textures/T_bottom10_7.uasset" 3951
"C:/24CI0412MP/Content/Satou/KTP_Effect/Textures/T_bottom10_7.uexp" 3952
"C:/24CI0412MP/Content/Satou/KTP_Effect/Materials/M_botton10-7.uasset" 3953
"C:/24CI0412MP/Content/Satou/KTP_Effect/Materials/M_botton10-7.uexp" 3954
"C:/24CI0412MP/Content/Satou/KTP_Effect/Particles/Bottom/Bottom10-07.uasset" 3955
"C:/24CI0412MP/Content/Satou/KTP_Effect/Particles/Bottom/Bottom10-07.uexp" 3956
"C:/24CI0412MP/Content/Satou/KTP_Effect/Textures/T_bottom10_6.ubulk" 3957
"C:/24CI0412MP/Content/Satou/KTP_Effect/Textures/T_bottom10_6.uasset" 3958
"C:/24CI0412MP/Content/Satou/KTP_Effect/Textures/T_bottom10_6.uexp" 3959
"C:/24CI0412MP/Content/Satou/KTP_Effect/Materials/M_botton10-6.uasset" 3960
"C:/24CI0412MP/Content/Satou/KTP_Effect/Materials/M_botton10-6.uexp" 3961
"C:/24CI0412MP/Content/Satou/KTP_Effect/Particles/Bottom/Bottom10-06.uasset" 3962
"C:/24CI0412MP/Content/Satou/KTP_Effect/Particles/Bottom/Bottom10-06.uexp" 3963
"C:/24CI0412MP/Content/Satou/KTP_Effect/Textures/T_bottom10_5.ubulk" 3964
"C:/24CI0412MP/Content/Satou/KTP_Effect/Textures/T_bottom10_5.uasset" 3965
"C:/24CI0412MP/Content/Satou/KTP_Effect/Textures/T_bottom10_5.uexp" 3966
"C:/24CI0412MP/Content/Satou/KTP_Effect/Materials/M_botton10-5.uasset" 3967
"C:/24CI0412MP/Content/Satou/KTP_Effect/Materials/M_botton10-5.uexp" 3968
"C:/24CI0412MP/Content/Satou/KTP_Effect/Particles/Bottom/Bottom10-05.uasset" 3969
"C:/24CI0412MP/Content/Satou/KTP_Effect/Particles/Bottom/Bottom10-05.uexp" 3970
"C:/24CI0412MP/Content/Satou/KTP_Effect/Textures/T_bottom10_4.ubulk" 3971
"C:/24CI0412MP/Content/Satou/KTP_Effect/Textures/T_bottom10_4.uasset" 3972
"C:/24CI0412MP/Content/Satou/KTP_Effect/Textures/T_bottom10_4.uexp" 3973
"C:/24CI0412MP/Content/Satou/KTP_Effect/Materials/M_botton10-4.uasset" 3974
"C:/24CI0412MP/Content/Satou/KTP_Effect/Materials/M_botton10-4.uexp" 3975
"C:/24CI0412MP/Content/Satou/KTP_Effect/Particles/Bottom/Bottom10-04.uasset" 3976
"C:/24CI0412MP/Content/Satou/KTP_Effect/Particles/Bottom/Bottom10-04.uexp" 3977
"C:/24CI0412MP/Content/Satou/KTP_Effect/Textures/T_bottom10_3.ubulk" 3978
"C:/24CI0412MP/Content/Satou/KTP_Effect/Textures/T_bottom10_3.uasset" 3979
"C:/24CI0412MP/Content/Satou/KTP_Effect/Textures/T_bottom10_3.uexp" 3980
"C:/24CI0412MP/Content/Satou/KTP_Effect/Materials/M_botton10-3.uasset" 3981
"C:/24CI0412MP/Content/Satou/KTP_Effect/Materials/M_botton10-3.uexp" 3982
"C:/24CI0412MP/Content/Satou/KTP_Effect/Particles/Bottom/Bottom10-03.uasset" 3983
"C:/24CI0412MP/Content/Satou/KTP_Effect/Particles/Bottom/Bottom10-03.uexp" 3984
"C:/24CI0412MP/Content/Satou/KTP_Effect/Textures/T_bottom10_2.ubulk" 3985
"C:/24CI0412MP/Content/Satou/KTP_Effect/Textures/T_bottom10_2.uasset" 3986
"C:/24CI0412MP/Content/Satou/KTP_Effect/Textures/T_bottom10_2.uexp" 3987
"C:/24CI0412MP/Content/Satou/KTP_Effect/Materials/M_botton10-2.uasset" 3988
"C:/24CI0412MP/Content/Satou/KTP_Effect/Materials/M_botton10-2.uexp" 3989
"C:/24CI0412MP/Content/Satou/KTP_Effect/Particles/Bottom/Bottom10-02.uasset" 3990
"C:/24CI0412MP/Content/Satou/KTP_Effect/Particles/Bottom/Bottom10-02.uexp" 3991
"C:/24CI0412MP/Content/Satou/KTP_Effect/Textures/T_bottom10_1.ubulk" 3992
"C:/24CI0412MP/Content/Satou/KTP_Effect/Textures/T_bottom10_1.uasset" 3993
"C:/24CI0412MP/Content/Satou/KTP_Effect/Textures/T_bottom10_1.uexp" 3994
"C:/24CI0412MP/Content/Satou/KTP_Effect/Materials/M_botton10-1.uasset" 3995
"C:/24CI0412MP/Content/Satou/KTP_Effect/Materials/M_botton10-1.uexp" 3996
"C:/24CI0412MP/Content/Satou/KTP_Effect/Particles/Bottom/Bottom10-01.uasset" 3997
"C:/24CI0412MP/Content/Satou/KTP_Effect/Particles/Bottom/Bottom10-01.uexp" 3998
"C:/24CI0412MP/Content/Satou/KTP_Effect/Textures/T_bottom09_8.ubulk" 3999
"C:/24CI0412MP/Content/Satou/KTP_Effect/Textures/T_bottom09_8.uasset" 4000
"C:/24CI0412MP/Content/Satou/KTP_Effect/Textures/T_bottom09_8.uexp" 4001
"C:/24CI0412MP/Content/Satou/KTP_Effect/Materials/M_botton09-8.uasset" 4002
"C:/24CI0412MP/Content/Satou/KTP_Effect/Materials/M_botton09-8.uexp" 4003
"C:/24CI0412MP/Content/Satou/KTP_Effect/Mesh/SM_FX_polygon.ubulk" 4004
"C:/24CI0412MP/Content/Satou/KTP_Effect/Mesh/SM_FX_polygon.uasset" 4005
"C:/24CI0412MP/Content/Satou/KTP_Effect/Mesh/SM_FX_polygon.uexp" 4006
"C:/24CI0412MP/Content/Satou/KTP_Effect/Particles/Bottom/Bottom09-08.uasset" 4007
"C:/24CI0412MP/Content/Satou/KTP_Effect/Particles/Bottom/Bottom09-08.uexp" 4008
"C:/24CI0412MP/Content/Satou/KTP_Effect/Textures/T_bottom09_7.ubulk" 4009
"C:/24CI0412MP/Content/Satou/KTP_Effect/Textures/T_bottom09_7.uasset" 4010
"C:/24CI0412MP/Content/Satou/KTP_Effect/Textures/T_bottom09_7.uexp" 4011
"C:/24CI0412MP/Content/Satou/KTP_Effect/Materials/M_botton09-7.uasset" 4012
"C:/24CI0412MP/Content/Satou/KTP_Effect/Materials/M_botton09-7.uexp" 4013
"C:/24CI0412MP/Content/Satou/KTP_Effect/Particles/Bottom/Bottom09-07.uasset" 4014
"C:/24CI0412MP/Content/Satou/KTP_Effect/Particles/Bottom/Bottom09-07.uexp" 4015
"C:/24CI0412MP/Content/Satou/KTP_Effect/Textures/T_bottom09_6.ubulk" 4016
"C:/24CI0412MP/Content/Satou/KTP_Effect/Textures/T_bottom09_6.uasset" 4017
"C:/24CI0412MP/Content/Satou/KTP_Effect/Textures/T_bottom09_6.uexp" 4018
"C:/24CI0412MP/Content/Satou/KTP_Effect/Materials/M_botton09-6.uasset" 4019
"C:/24CI0412MP/Content/Satou/KTP_Effect/Materials/M_botton09-6.uexp" 4020
"C:/24CI0412MP/Content/Satou/KTP_Effect/Particles/Bottom/Bottom09-06.uasset" 4021
"C:/24CI0412MP/Content/Satou/KTP_Effect/Particles/Bottom/Bottom09-06.uexp" 4022
"C:/24CI0412MP/Content/Satou/KTP_Effect/Textures/T_bottom09_5.ubulk" 4023
"C:/24CI0412MP/Content/Satou/KTP_Effect/Textures/T_bottom09_5.uasset" 4024
"C:/24CI0412MP/Content/Satou/KTP_Effect/Textures/T_bottom09_5.uexp" 4025
"C:/24CI0412MP/Content/Satou/KTP_Effect/Materials/M_botton09-5.uasset" 4026
"C:/24CI0412MP/Content/Satou/KTP_Effect/Materials/M_botton09-5.uexp" 4027
"C:/24CI0412MP/Content/Satou/KTP_Effect/Particles/Bottom/Bottom09-05.uasset" 4028
"C:/24CI0412MP/Content/Satou/KTP_Effect/Particles/Bottom/Bottom09-05.uexp" 4029
"C:/24CI0412MP/Content/Satou/KTP_Effect/Textures/T_bottom09_4.ubulk" 4030
"C:/24CI0412MP/Content/Satou/KTP_Effect/Textures/T_bottom09_4.uasset" 4031
"C:/24CI0412MP/Content/Satou/KTP_Effect/Textures/T_bottom09_4.uexp" 4032
"C:/24CI0412MP/Content/Satou/KTP_Effect/Materials/M_botton09-4.uasset" 4033
"C:/24CI0412MP/Content/Satou/KTP_Effect/Materials/M_botton09-4.uexp" 4034
"C:/24CI0412MP/Content/Satou/KTP_Effect/Particles/Bottom/Bottom09-04.uasset" 4035
"C:/24CI0412MP/Content/Satou/KTP_Effect/Particles/Bottom/Bottom09-04.uexp" 4036
"C:/24CI0412MP/Content/Satou/KTP_Effect/Textures/T_bottom09_3.ubulk" 4037
"C:/24CI0412MP/Content/Satou/KTP_Effect/Textures/T_bottom09_3.uasset" 4038
"C:/24CI0412MP/Content/Satou/KTP_Effect/Textures/T_bottom09_3.uexp" 4039
"C:/24CI0412MP/Content/Satou/KTP_Effect/Materials/M_botton09-3.uasset" 4040
"C:/24CI0412MP/Content/Satou/KTP_Effect/Materials/M_botton09-3.uexp" 4041
"C:/24CI0412MP/Content/Satou/KTP_Effect/Particles/Bottom/Bottom09-03.uasset" 4042
"C:/24CI0412MP/Content/Satou/KTP_Effect/Particles/Bottom/Bottom09-03.uexp" 4043
"C:/24CI0412MP/Content/Satou/KTP_Effect/Textures/T_bottom09_2.ubulk" 4044
"C:/24CI0412MP/Content/Satou/KTP_Effect/Textures/T_bottom09_2.uasset" 4045
"C:/24CI0412MP/Content/Satou/KTP_Effect/Textures/T_bottom09_2.uexp" 4046
"C:/24CI0412MP/Content/Satou/KTP_Effect/Materials/M_botton09-2.uasset" 4047
"C:/24CI0412MP/Content/Satou/KTP_Effect/Materials/M_botton09-2.uexp" 4048
"C:/24CI0412MP/Content/Satou/KTP_Effect/Particles/Bottom/Bottom09-02.uasset" 4049
"C:/24CI0412MP/Content/Satou/KTP_Effect/Particles/Bottom/Bottom09-02.uexp" 4050
"C:/24CI0412MP/Content/Satou/KTP_Effect/Textures/T_bottom09_1.ubulk" 4051
"C:/24CI0412MP/Content/Satou/KTP_Effect/Textures/T_bottom09_1.uasset" 4052
"C:/24CI0412MP/Content/Satou/KTP_Effect/Textures/T_bottom09_1.uexp" 4053
"C:/24CI0412MP/Content/Satou/KTP_Effect/Materials/M_botton09-1.uasset" 4054
"C:/24CI0412MP/Content/Satou/KTP_Effect/Materials/M_botton09-1.uexp" 4055
"C:/24CI0412MP/Content/Satou/KTP_Effect/Particles/Bottom/Bottom09-01.uasset" 4056
"C:/24CI0412MP/Content/Satou/KTP_Effect/Particles/Bottom/Bottom09-01.uexp" 4057
"C:/24CI0412MP/Content/Satou/KTP_Effect/Textures/T_bottom08_8.ubulk" 4058
"C:/24CI0412MP/Content/Satou/KTP_Effect/Textures/T_bottom08_8.uasset" 4059
"C:/24CI0412MP/Content/Satou/KTP_Effect/Textures/T_bottom08_8.uexp" 4060
"C:/24CI0412MP/Content/Satou/KTP_Effect/Materials/M_botton08_8.uasset" 4061
"C:/24CI0412MP/Content/Satou/KTP_Effect/Materials/M_botton08_8.uexp" 4062
"C:/24CI0412MP/Content/Satou/KTP_Effect/Particles/Bottom/Bottom08-08.uasset" 4063
"C:/24CI0412MP/Content/Satou/KTP_Effect/Particles/Bottom/Bottom08-08.uexp" 4064
"C:/24CI0412MP/Content/Satou/KTP_Effect/Textures/T_bottom08_7.ubulk" 4065
"C:/24CI0412MP/Content/Satou/KTP_Effect/Textures/T_bottom08_7.uasset" 4066
"C:/24CI0412MP/Content/Satou/KTP_Effect/Textures/T_bottom08_7.uexp" 4067
"C:/24CI0412MP/Content/Satou/KTP_Effect/Materials/M_botton08_7.uasset" 4068
"C:/24CI0412MP/Content/Satou/KTP_Effect/Materials/M_botton08_7.uexp" 4069
"C:/24CI0412MP/Content/Satou/KTP_Effect/Particles/Bottom/Bottom08-07.uasset" 4070
"C:/24CI0412MP/Content/Satou/KTP_Effect/Particles/Bottom/Bottom08-07.uexp" 4071
"C:/24CI0412MP/Content/Satou/KTP_Effect/Textures/T_bottom08_6.ubulk" 4072
"C:/24CI0412MP/Content/Satou/KTP_Effect/Textures/T_bottom08_6.uasset" 4073
"C:/24CI0412MP/Content/Satou/KTP_Effect/Textures/T_bottom08_6.uexp" 4074
"C:/24CI0412MP/Content/Satou/KTP_Effect/Materials/M_botton08_6.uasset" 4075
"C:/24CI0412MP/Content/Satou/KTP_Effect/Materials/M_botton08_6.uexp" 4076
"C:/24CI0412MP/Content/Satou/KTP_Effect/Particles/Bottom/Bottom08-06.uasset" 4077
"C:/24CI0412MP/Content/Satou/KTP_Effect/Particles/Bottom/Bottom08-06.uexp" 4078
"C:/24CI0412MP/Content/Satou/KTP_Effect/Textures/T_bottom08_5.ubulk" 4079
"C:/24CI0412MP/Content/Satou/KTP_Effect/Textures/T_bottom08_5.uasset" 4080
"C:/24CI0412MP/Content/Satou/KTP_Effect/Textures/T_bottom08_5.uexp" 4081
"C:/24CI0412MP/Content/Satou/KTP_Effect/Materials/M_botton08_5.uasset" 4082
"C:/24CI0412MP/Content/Satou/KTP_Effect/Materials/M_botton08_5.uexp" 4083
"C:/24CI0412MP/Content/Satou/KTP_Effect/Particles/Bottom/Bottom08-05.uasset" 4084
"C:/24CI0412MP/Content/Satou/KTP_Effect/Particles/Bottom/Bottom08-05.uexp" 4085
"C:/24CI0412MP/Content/Satou/KTP_Effect/Textures/T_bottom08_3.ubulk" 4086
"C:/24CI0412MP/Content/Satou/KTP_Effect/Textures/T_bottom08_3.uasset" 4087
"C:/24CI0412MP/Content/Satou/KTP_Effect/Textures/T_bottom08_3.uexp" 4088
"C:/24CI0412MP/Content/Satou/KTP_Effect/Materials/M_botton08_4.uasset" 4089
"C:/24CI0412MP/Content/Satou/KTP_Effect/Materials/M_botton08_4.uexp" 4090
"C:/24CI0412MP/Content/Satou/KTP_Effect/Particles/Bottom/Bottom08-04.uasset" 4091
"C:/24CI0412MP/Content/Satou/KTP_Effect/Particles/Bottom/Bottom08-04.uexp" 4092
"C:/24CI0412MP/Content/Satou/KTP_Effect/Textures/T_bottom08_4.ubulk" 4093
"C:/24CI0412MP/Content/Satou/KTP_Effect/Textures/T_bottom08_4.uasset" 4094
"C:/24CI0412MP/Content/Satou/KTP_Effect/Textures/T_bottom08_4.uexp" 4095
"C:/24CI0412MP/Content/Satou/KTP_Effect/Materials/M_botton08_3.uasset" 4096
"C:/24CI0412MP/Content/Satou/KTP_Effect/Materials/M_botton08_3.uexp" 4097
"C:/24CI0412MP/Content/Satou/KTP_Effect/Particles/Bottom/Bottom08-03.uasset" 4098
"C:/24CI0412MP/Content/Satou/KTP_Effect/Particles/Bottom/Bottom08-03.uexp" 4099
"C:/24CI0412MP/Content/Satou/KTP_Effect/Textures/T_bottom08_2.ubulk" 4100
"C:/24CI0412MP/Content/Satou/KTP_Effect/Textures/T_bottom08_2.uasset" 4101
"C:/24CI0412MP/Content/Satou/KTP_Effect/Textures/T_bottom08_2.uexp" 4102
"C:/24CI0412MP/Content/Satou/KTP_Effect/Materials/M_botton08_2.uasset" 4103
"C:/24CI0412MP/Content/Satou/KTP_Effect/Materials/M_botton08_2.uexp" 4104
"C:/24CI0412MP/Content/Satou/KTP_Effect/Particles/Bottom/Bottom08-02.uasset" 4105
"C:/24CI0412MP/Content/Satou/KTP_Effect/Particles/Bottom/Bottom08-02.uexp" 4106
"C:/24CI0412MP/Content/Satou/KTP_Effect/Textures/T_bottom08_1.ubulk" 4107
"C:/24CI0412MP/Content/Satou/KTP_Effect/Textures/T_bottom08_1.uasset" 4108
"C:/24CI0412MP/Content/Satou/KTP_Effect/Textures/T_bottom08_1.uexp" 4109
"C:/24CI0412MP/Content/Satou/KTP_Effect/Materials/M_botton08_1.uasset" 4110
"C:/24CI0412MP/Content/Satou/KTP_Effect/Materials/M_botton08_1.uexp" 4111
"C:/24CI0412MP/Content/Satou/KTP_Effect/Particles/Bottom/Bottom08-01.uasset" 4112
"C:/24CI0412MP/Content/Satou/KTP_Effect/Particles/Bottom/Bottom08-01.uexp" 4113
"C:/24CI0412MP/Content/Satou/KTP_Effect/Textures/T_bottom07_5.ubulk" 4114
"C:/24CI0412MP/Content/Satou/KTP_Effect/Textures/T_bottom07_5.uasset" 4115
"C:/24CI0412MP/Content/Satou/KTP_Effect/Textures/T_bottom07_5.uexp" 4116
"C:/24CI0412MP/Content/Satou/KTP_Effect/Materials/M_botton07_8.uasset" 4117
"C:/24CI0412MP/Content/Satou/KTP_Effect/Materials/M_botton07_8.uexp" 4118
"C:/24CI0412MP/Content/Satou/KTP_Effect/Particles/Bottom/Bottom07-08.uasset" 4119
"C:/24CI0412MP/Content/Satou/KTP_Effect/Particles/Bottom/Bottom07-08.uexp" 4120
"C:/24CI0412MP/Content/Satou/KTP_Effect/Textures/T_bottom07_6.ubulk" 4121
"C:/24CI0412MP/Content/Satou/KTP_Effect/Textures/T_bottom07_6.uasset" 4122
"C:/24CI0412MP/Content/Satou/KTP_Effect/Textures/T_bottom07_6.uexp" 4123
"C:/24CI0412MP/Content/Satou/KTP_Effect/Materials/M_botton07_7.uasset" 4124
"C:/24CI0412MP/Content/Satou/KTP_Effect/Materials/M_botton07_7.uexp" 4125
"C:/24CI0412MP/Content/Satou/KTP_Effect/Particles/Bottom/Bottom07-07.uasset" 4126
"C:/24CI0412MP/Content/Satou/KTP_Effect/Particles/Bottom/Bottom07-07.uexp" 4127
"C:/24CI0412MP/Content/Satou/KTP_Effect/Textures/T_bottom07_4.ubulk" 4128
"C:/24CI0412MP/Content/Satou/KTP_Effect/Textures/T_bottom07_4.uasset" 4129
"C:/24CI0412MP/Content/Satou/KTP_Effect/Textures/T_bottom07_4.uexp" 4130
"C:/24CI0412MP/Content/Satou/KTP_Effect/Materials/M_botton07_6.uasset" 4131
"C:/24CI0412MP/Content/Satou/KTP_Effect/Materials/M_botton07_6.uexp" 4132
"C:/24CI0412MP/Content/Satou/KTP_Effect/Particles/Bottom/Bottom07-06.uasset" 4133
"C:/24CI0412MP/Content/Satou/KTP_Effect/Particles/Bottom/Bottom07-06.uexp" 4134
"C:/24CI0412MP/Content/Satou/KTP_Effect/Textures/T_bottom07_3.ubulk" 4135
"C:/24CI0412MP/Content/Satou/KTP_Effect/Textures/T_bottom07_3.uasset" 4136
"C:/24CI0412MP/Content/Satou/KTP_Effect/Textures/T_bottom07_3.uexp" 4137
"C:/24CI0412MP/Content/Satou/KTP_Effect/Materials/M_botton07_5.uasset" 4138
"C:/24CI0412MP/Content/Satou/KTP_Effect/Materials/M_botton07_5.uexp" 4139
"C:/24CI0412MP/Content/Satou/KTP_Effect/Particles/Bottom/Bottom07-05.uasset" 4140
"C:/24CI0412MP/Content/Satou/KTP_Effect/Particles/Bottom/Bottom07-05.uexp" 4141
"C:/24CI0412MP/Content/Satou/KTP_Effect/Textures/T_bottom07_2.ubulk" 4142
"C:/24CI0412MP/Content/Satou/KTP_Effect/Textures/T_bottom07_2.uasset" 4143
"C:/24CI0412MP/Content/Satou/KTP_Effect/Textures/T_bottom07_2.uexp" 4144
"C:/24CI0412MP/Content/Satou/KTP_Effect/Materials/M_botton07_4.uasset" 4145
"C:/24CI0412MP/Content/Satou/KTP_Effect/Materials/M_botton07_4.uexp" 4146
"C:/24CI0412MP/Content/Satou/KTP_Effect/Particles/Bottom/Bottom07-04.uasset" 4147
"C:/24CI0412MP/Content/Satou/KTP_Effect/Particles/Bottom/Bottom07-04.uexp" 4148
"C:/24CI0412MP/Content/Satou/KTP_Effect/Textures/T_bottom07_8.ubulk" 4149
"C:/24CI0412MP/Content/Satou/KTP_Effect/Textures/T_bottom07_8.uasset" 4150
"C:/24CI0412MP/Content/Satou/KTP_Effect/Textures/T_bottom07_8.uexp" 4151
"C:/24CI0412MP/Content/Satou/KTP_Effect/Materials/M_botton07_3.uasset" 4152
"C:/24CI0412MP/Content/Satou/KTP_Effect/Materials/M_botton07_3.uexp" 4153
"C:/24CI0412MP/Content/Satou/KTP_Effect/Particles/Bottom/Bottom07-03.uasset" 4154
"C:/24CI0412MP/Content/Satou/KTP_Effect/Particles/Bottom/Bottom07-03.uexp" 4155
"C:/24CI0412MP/Content/Satou/KTP_Effect/Textures/T_bottom07_7.ubulk" 4156
"C:/24CI0412MP/Content/Satou/KTP_Effect/Textures/T_bottom07_7.uasset" 4157
"C:/24CI0412MP/Content/Satou/KTP_Effect/Textures/T_bottom07_7.uexp" 4158
"C:/24CI0412MP/Content/Satou/KTP_Effect/Materials/M_botton07_2.uasset" 4159
"C:/24CI0412MP/Content/Satou/KTP_Effect/Materials/M_botton07_2.uexp" 4160
"C:/24CI0412MP/Content/Satou/KTP_Effect/Particles/Bottom/Bottom07-02.uasset" 4161
"C:/24CI0412MP/Content/Satou/KTP_Effect/Particles/Bottom/Bottom07-02.uexp" 4162
"C:/24CI0412MP/Content/Satou/KTP_Effect/Textures/T_bottom07_1.ubulk" 4163
"C:/24CI0412MP/Content/Satou/KTP_Effect/Textures/T_bottom07_1.uasset" 4164
"C:/24CI0412MP/Content/Satou/KTP_Effect/Textures/T_bottom07_1.uexp" 4165
"C:/24CI0412MP/Content/Satou/KTP_Effect/Materials/M_botton07_1.uasset" 4166
"C:/24CI0412MP/Content/Satou/KTP_Effect/Materials/M_botton07_1.uexp" 4167
"C:/24CI0412MP/Content/Satou/KTP_Effect/Particles/Bottom/Bottom07-01.uasset" 4168
"C:/24CI0412MP/Content/Satou/KTP_Effect/Particles/Bottom/Bottom07-01.uexp" 4169
"C:/24CI0412MP/Content/Satou/KTP_Effect/Textures/T_bottom06_8.ubulk" 4170
"C:/24CI0412MP/Content/Satou/KTP_Effect/Textures/T_bottom06_8.uasset" 4171
"C:/24CI0412MP/Content/Satou/KTP_Effect/Textures/T_bottom06_8.uexp" 4172
"C:/24CI0412MP/Content/Satou/KTP_Effect/Materials/M_botton06_8.uasset" 4173
"C:/24CI0412MP/Content/Satou/KTP_Effect/Materials/M_botton06_8.uexp" 4174
"C:/24CI0412MP/Content/Satou/KTP_Effect/Particles/Bottom/Bottom06-08.uasset" 4175
"C:/24CI0412MP/Content/Satou/KTP_Effect/Particles/Bottom/Bottom06-08.uexp" 4176
"C:/24CI0412MP/Content/Satou/KTP_Effect/Textures/T_bottom06_7.ubulk" 4177
"C:/24CI0412MP/Content/Satou/KTP_Effect/Textures/T_bottom06_7.uasset" 4178
"C:/24CI0412MP/Content/Satou/KTP_Effect/Textures/T_bottom06_7.uexp" 4179
"C:/24CI0412MP/Content/Satou/KTP_Effect/Materials/M_botton06_7.uasset" 4180
"C:/24CI0412MP/Content/Satou/KTP_Effect/Materials/M_botton06_7.uexp" 4181
"C:/24CI0412MP/Content/Satou/KTP_Effect/Particles/Bottom/Bottom06-07.uasset" 4182
"C:/24CI0412MP/Content/Satou/KTP_Effect/Particles/Bottom/Bottom06-07.uexp" 4183
"C:/24CI0412MP/Content/Satou/KTP_Effect/Textures/T_bottom06_6.ubulk" 4184
"C:/24CI0412MP/Content/Satou/KTP_Effect/Textures/T_bottom06_6.uasset" 4185
"C:/24CI0412MP/Content/Satou/KTP_Effect/Textures/T_bottom06_6.uexp" 4186
"C:/24CI0412MP/Content/Satou/KTP_Effect/Materials/M_botton06_6.uasset" 4187
"C:/24CI0412MP/Content/Satou/KTP_Effect/Materials/M_botton06_6.uexp" 4188
"C:/24CI0412MP/Content/Satou/KTP_Effect/Particles/Bottom/Bottom06-06.uasset" 4189
"C:/24CI0412MP/Content/Satou/KTP_Effect/Particles/Bottom/Bottom06-06.uexp" 4190
"C:/24CI0412MP/Content/Satou/KTP_Effect/Textures/T_bottom06_5.ubulk" 4191
"C:/24CI0412MP/Content/Satou/KTP_Effect/Textures/T_bottom06_5.uasset" 4192
"C:/24CI0412MP/Content/Satou/KTP_Effect/Textures/T_bottom06_5.uexp" 4193
"C:/24CI0412MP/Content/Satou/KTP_Effect/Materials/M_botton06_5.uasset" 4194
"C:/24CI0412MP/Content/Satou/KTP_Effect/Materials/M_botton06_5.uexp" 4195
"C:/24CI0412MP/Content/Satou/KTP_Effect/Particles/Bottom/Bottom06-05.uasset" 4196
"C:/24CI0412MP/Content/Satou/KTP_Effect/Particles/Bottom/Bottom06-05.uexp" 4197
"C:/24CI0412MP/Content/Satou/KTP_Effect/Textures/T_bottom06_4.ubulk" 4198
"C:/24CI0412MP/Content/Satou/KTP_Effect/Textures/T_bottom06_4.uasset" 4199
"C:/24CI0412MP/Content/Satou/KTP_Effect/Textures/T_bottom06_4.uexp" 4200
"C:/24CI0412MP/Content/Satou/KTP_Effect/Materials/M_botton06_4.uasset" 4201
"C:/24CI0412MP/Content/Satou/KTP_Effect/Materials/M_botton06_4.uexp" 4202
"C:/24CI0412MP/Content/Satou/KTP_Effect/Particles/Bottom/Bottom06-04.uasset" 4203
"C:/24CI0412MP/Content/Satou/KTP_Effect/Particles/Bottom/Bottom06-04.uexp" 4204
"C:/24CI0412MP/Content/Satou/KTP_Effect/Textures/T_bottom06_3.ubulk" 4205
"C:/24CI0412MP/Content/Satou/KTP_Effect/Textures/T_bottom06_3.uasset" 4206
"C:/24CI0412MP/Content/Satou/KTP_Effect/Textures/T_bottom06_3.uexp" 4207
"C:/24CI0412MP/Content/Satou/KTP_Effect/Materials/M_botton06_3.uasset" 4208
"C:/24CI0412MP/Content/Satou/KTP_Effect/Materials/M_botton06_3.uexp" 4209
"C:/24CI0412MP/Content/Satou/KTP_Effect/Particles/Bottom/Bottom06-03.uasset" 4210
"C:/24CI0412MP/Content/Satou/KTP_Effect/Particles/Bottom/Bottom06-03.uexp" 4211
"C:/24CI0412MP/Content/Satou/KTP_Effect/Textures/T_bottom06_2.ubulk" 4212
"C:/24CI0412MP/Content/Satou/KTP_Effect/Textures/T_bottom06_2.uasset" 4213
"C:/24CI0412MP/Content/Satou/KTP_Effect/Textures/T_bottom06_2.uexp" 4214
"C:/24CI0412MP/Content/Satou/KTP_Effect/Materials/M_botton06_2.uasset" 4215
"C:/24CI0412MP/Content/Satou/KTP_Effect/Materials/M_botton06_2.uexp" 4216
"C:/24CI0412MP/Content/Satou/KTP_Effect/Particles/Bottom/Bottom06-02.uasset" 4217
"C:/24CI0412MP/Content/Satou/KTP_Effect/Particles/Bottom/Bottom06-02.uexp" 4218
"C:/24CI0412MP/Content/Satou/KTP_Effect/Textures/T_bottom06_1.ubulk" 4219
"C:/24CI0412MP/Content/Satou/KTP_Effect/Textures/T_bottom06_1.uasset" 4220
"C:/24CI0412MP/Content/Satou/KTP_Effect/Textures/T_bottom06_1.uexp" 4221
"C:/24CI0412MP/Content/Satou/KTP_Effect/Materials/M_botton06_1.uasset" 4222
"C:/24CI0412MP/Content/Satou/KTP_Effect/Materials/M_botton06_1.uexp" 4223
"C:/24CI0412MP/Content/Satou/KTP_Effect/Particles/Bottom/Bottom06-01.uasset" 4224
"C:/24CI0412MP/Content/Satou/KTP_Effect/Particles/Bottom/Bottom06-01.uexp" 4225
"C:/24CI0412MP/Content/Satou/KTP_Effect/Textures/T_bottom05_8.ubulk" 4226
"C:/24CI0412MP/Content/Satou/KTP_Effect/Textures/T_bottom05_8.uasset" 4227
"C:/24CI0412MP/Content/Satou/KTP_Effect/Textures/T_bottom05_8.uexp" 4228
"C:/24CI0412MP/Content/Satou/KTP_Effect/Materials/M_botton05_8.uasset" 4229
"C:/24CI0412MP/Content/Satou/KTP_Effect/Materials/M_botton05_8.uexp" 4230
"C:/24CI0412MP/Content/Satou/KTP_Effect/Particles/Bottom/Bottom05-08.uasset" 4231
"C:/24CI0412MP/Content/Satou/KTP_Effect/Particles/Bottom/Bottom05-08.uexp" 4232
"C:/24CI0412MP/Content/Satou/KTP_Effect/Textures/T_bottom05_7.ubulk" 4233
"C:/24CI0412MP/Content/Satou/KTP_Effect/Textures/T_bottom05_7.uasset" 4234
"C:/24CI0412MP/Content/Satou/KTP_Effect/Textures/T_bottom05_7.uexp" 4235
"C:/24CI0412MP/Content/Satou/KTP_Effect/Materials/M_botton05_7.uasset" 4236
"C:/24CI0412MP/Content/Satou/KTP_Effect/Materials/M_botton05_7.uexp" 4237
"C:/24CI0412MP/Content/Satou/KTP_Effect/Particles/Bottom/Bottom05-07.uasset" 4238
"C:/24CI0412MP/Content/Satou/KTP_Effect/Particles/Bottom/Bottom05-07.uexp" 4239
"C:/24CI0412MP/Content/Satou/KTP_Effect/Textures/T_bottom05_6.ubulk" 4240
"C:/24CI0412MP/Content/Satou/KTP_Effect/Textures/T_bottom05_6.uasset" 4241
"C:/24CI0412MP/Content/Satou/KTP_Effect/Textures/T_bottom05_6.uexp" 4242
"C:/24CI0412MP/Content/Satou/KTP_Effect/Materials/M_botton05_6.uasset" 4243
"C:/24CI0412MP/Content/Satou/KTP_Effect/Materials/M_botton05_6.uexp" 4244
"C:/24CI0412MP/Content/Satou/KTP_Effect/Particles/Bottom/Bottom05-06.uasset" 4245
"C:/24CI0412MP/Content/Satou/KTP_Effect/Particles/Bottom/Bottom05-06.uexp" 4246
"C:/24CI0412MP/Content/Satou/KTP_Effect/Textures/T_bottom05_5.ubulk" 4247
"C:/24CI0412MP/Content/Satou/KTP_Effect/Textures/T_bottom05_5.uasset" 4248
"C:/24CI0412MP/Content/Satou/KTP_Effect/Textures/T_bottom05_5.uexp" 4249
"C:/24CI0412MP/Content/Satou/KTP_Effect/Materials/M_botton05_5.uasset" 4250
"C:/24CI0412MP/Content/Satou/KTP_Effect/Materials/M_botton05_5.uexp" 4251
"C:/24CI0412MP/Content/Satou/KTP_Effect/Particles/Bottom/Bottom05-05.uasset" 4252
"C:/24CI0412MP/Content/Satou/KTP_Effect/Particles/Bottom/Bottom05-05.uexp" 4253
"C:/24CI0412MP/Content/Satou/KTP_Effect/Textures/T_bottom05_4.ubulk" 4254
"C:/24CI0412MP/Content/Satou/KTP_Effect/Textures/T_bottom05_4.uasset" 4255
"C:/24CI0412MP/Content/Satou/KTP_Effect/Textures/T_bottom05_4.uexp" 4256
"C:/24CI0412MP/Content/Satou/KTP_Effect/Materials/M_botton05_4.uasset" 4257
"C:/24CI0412MP/Content/Satou/KTP_Effect/Materials/M_botton05_4.uexp" 4258
"C:/24CI0412MP/Content/Satou/KTP_Effect/Particles/Bottom/Bottom05-04.uasset" 4259
"C:/24CI0412MP/Content/Satou/KTP_Effect/Particles/Bottom/Bottom05-04.uexp" 4260
"C:/24CI0412MP/Content/Satou/KTP_Effect/Textures/T_bottom05_3.ubulk" 4261
"C:/24CI0412MP/Content/Satou/KTP_Effect/Textures/T_bottom05_3.uasset" 4262
"C:/24CI0412MP/Content/Satou/KTP_Effect/Textures/T_bottom05_3.uexp" 4263
"C:/24CI0412MP/Content/Satou/KTP_Effect/Materials/M_botton05_3.uasset" 4264
"C:/24CI0412MP/Content/Satou/KTP_Effect/Materials/M_botton05_3.uexp" 4265
"C:/24CI0412MP/Content/Satou/KTP_Effect/Particles/Bottom/Bottom05-03.uasset" 4266
"C:/24CI0412MP/Content/Satou/KTP_Effect/Particles/Bottom/Bottom05-03.uexp" 4267
"C:/24CI0412MP/Content/Satou/KTP_Effect/Textures/T_bottom05_2.ubulk" 4268
"C:/24CI0412MP/Content/Satou/KTP_Effect/Textures/T_bottom05_2.uasset" 4269
"C:/24CI0412MP/Content/Satou/KTP_Effect/Textures/T_bottom05_2.uexp" 4270
"C:/24CI0412MP/Content/Satou/KTP_Effect/Materials/M_botton05_2.uasset" 4271
"C:/24CI0412MP/Content/Satou/KTP_Effect/Materials/M_botton05_2.uexp" 4272
"C:/24CI0412MP/Content/Satou/KTP_Effect/Particles/Bottom/Bottom05-02.uasset" 4273
"C:/24CI0412MP/Content/Satou/KTP_Effect/Particles/Bottom/Bottom05-02.uexp" 4274
"C:/24CI0412MP/Content/Satou/KTP_Effect/Textures/T_bottom05_1.ubulk" 4275
"C:/24CI0412MP/Content/Satou/KTP_Effect/Textures/T_bottom05_1.uasset" 4276
"C:/24CI0412MP/Content/Satou/KTP_Effect/Textures/T_bottom05_1.uexp" 4277
"C:/24CI0412MP/Content/Satou/KTP_Effect/Materials/M_botton05_1.uasset" 4278
"C:/24CI0412MP/Content/Satou/KTP_Effect/Materials/M_botton05_1.uexp" 4279
"C:/24CI0412MP/Content/Satou/KTP_Effect/Particles/Bottom/Bottom05-01.uasset" 4280
"C:/24CI0412MP/Content/Satou/KTP_Effect/Particles/Bottom/Bottom05-01.uexp" 4281
"C:/24CI0412MP/Content/Satou/KTP_Effect/Mesh/Aura.ubulk" 4282
"C:/24CI0412MP/Content/Satou/KTP_Effect/Mesh/Aura.uasset" 4283
"C:/24CI0412MP/Content/Satou/KTP_Effect/Mesh/Aura.uexp" 4284
"C:/24CI0412MP/Content/Satou/KTP_Effect/Textures/T_bottom04_8.ubulk" 4285
"C:/24CI0412MP/Content/Satou/KTP_Effect/Textures/T_bottom04_8.uasset" 4286
"C:/24CI0412MP/Content/Satou/KTP_Effect/Textures/T_bottom04_8.uexp" 4287
"C:/24CI0412MP/Content/Satou/KTP_Effect/Materials/M_botton04_8.uasset" 4288
"C:/24CI0412MP/Content/Satou/KTP_Effect/Materials/M_botton04_8.uexp" 4289
"C:/24CI0412MP/Content/Satou/KTP_Effect/Particles/Bottom/Bottom04-08.uasset" 4290
"C:/24CI0412MP/Content/Satou/KTP_Effect/Particles/Bottom/Bottom04-08.uexp" 4291
"C:/24CI0412MP/Content/Satou/KTP_Effect/Textures/T_bottom04_7.ubulk" 4292
"C:/24CI0412MP/Content/Satou/KTP_Effect/Textures/T_bottom04_7.uasset" 4293
"C:/24CI0412MP/Content/Satou/KTP_Effect/Textures/T_bottom04_7.uexp" 4294
"C:/24CI0412MP/Content/Satou/KTP_Effect/Materials/M_botton04_7.uasset" 4295
"C:/24CI0412MP/Content/Satou/KTP_Effect/Materials/M_botton04_7.uexp" 4296
"C:/24CI0412MP/Content/Satou/KTP_Effect/Particles/Bottom/Bottom04-07.uasset" 4297
"C:/24CI0412MP/Content/Satou/KTP_Effect/Particles/Bottom/Bottom04-07.uexp" 4298
"C:/24CI0412MP/Content/Satou/KTP_Effect/Textures/T_bottom04_6.ubulk" 4299
"C:/24CI0412MP/Content/Satou/KTP_Effect/Textures/T_bottom04_6.uasset" 4300
"C:/24CI0412MP/Content/Satou/KTP_Effect/Textures/T_bottom04_6.uexp" 4301
"C:/24CI0412MP/Content/Satou/KTP_Effect/Materials/M_botton04_6.uasset" 4302
"C:/24CI0412MP/Content/Satou/KTP_Effect/Materials/M_botton04_6.uexp" 4303
"C:/24CI0412MP/Content/Satou/KTP_Effect/Particles/Bottom/Bottom04-06.uasset" 4304
"C:/24CI0412MP/Content/Satou/KTP_Effect/Particles/Bottom/Bottom04-06.uexp" 4305
"C:/24CI0412MP/Content/Satou/KTP_Effect/Textures/T_bottom04_5.ubulk" 4306
"C:/24CI0412MP/Content/Satou/KTP_Effect/Textures/T_bottom04_5.uasset" 4307
"C:/24CI0412MP/Content/Satou/KTP_Effect/Textures/T_bottom04_5.uexp" 4308
"C:/24CI0412MP/Content/Satou/KTP_Effect/Materials/M_botton04_5.uasset" 4309
"C:/24CI0412MP/Content/Satou/KTP_Effect/Materials/M_botton04_5.uexp" 4310
"C:/24CI0412MP/Content/Satou/KTP_Effect/Particles/Bottom/Bottom04-05.uasset" 4311
"C:/24CI0412MP/Content/Satou/KTP_Effect/Particles/Bottom/Bottom04-05.uexp" 4312
"C:/24CI0412MP/Content/Satou/KTP_Effect/Textures/T_bottom04_4.ubulk" 4313
"C:/24CI0412MP/Content/Satou/KTP_Effect/Textures/T_bottom04_4.uasset" 4314
"C:/24CI0412MP/Content/Satou/KTP_Effect/Textures/T_bottom04_4.uexp" 4315
"C:/24CI0412MP/Content/Satou/KTP_Effect/Materials/M_botton04_4.uasset" 4316
"C:/24CI0412MP/Content/Satou/KTP_Effect/Materials/M_botton04_4.uexp" 4317
"C:/24CI0412MP/Content/Satou/KTP_Effect/Particles/Bottom/Bottom04-04.uasset" 4318
"C:/24CI0412MP/Content/Satou/KTP_Effect/Particles/Bottom/Bottom04-04.uexp" 4319
"C:/24CI0412MP/Content/Satou/KTP_Effect/Textures/T_bottom04_3.ubulk" 4320
"C:/24CI0412MP/Content/Satou/KTP_Effect/Textures/T_bottom04_3.uasset" 4321
"C:/24CI0412MP/Content/Satou/KTP_Effect/Textures/T_bottom04_3.uexp" 4322
"C:/24CI0412MP/Content/Satou/KTP_Effect/Materials/M_botton04_3.uasset" 4323
"C:/24CI0412MP/Content/Satou/KTP_Effect/Materials/M_botton04_3.uexp" 4324
"C:/24CI0412MP/Content/Satou/KTP_Effect/Particles/Bottom/Bottom04-03.uasset" 4325
"C:/24CI0412MP/Content/Satou/KTP_Effect/Particles/Bottom/Bottom04-03.uexp" 4326
"C:/24CI0412MP/Content/Satou/KTP_Effect/Textures/T_bottom04_2.ubulk" 4327
"C:/24CI0412MP/Content/Satou/KTP_Effect/Textures/T_bottom04_2.uasset" 4328
"C:/24CI0412MP/Content/Satou/KTP_Effect/Textures/T_bottom04_2.uexp" 4329
"C:/24CI0412MP/Content/Satou/KTP_Effect/Materials/M_botton04_2.uasset" 4330
"C:/24CI0412MP/Content/Satou/KTP_Effect/Materials/M_botton04_2.uexp" 4331
"C:/24CI0412MP/Content/Satou/KTP_Effect/Particles/Bottom/Bottom04-02.uasset" 4332
"C:/24CI0412MP/Content/Satou/KTP_Effect/Particles/Bottom/Bottom04-02.uexp" 4333
"C:/24CI0412MP/Content/Satou/KTP_Effect/Textures/T_bottom04_1.ubulk" 4334
"C:/24CI0412MP/Content/Satou/KTP_Effect/Textures/T_bottom04_1.uasset" 4335
"C:/24CI0412MP/Content/Satou/KTP_Effect/Textures/T_bottom04_1.uexp" 4336
"C:/24CI0412MP/Content/Satou/KTP_Effect/Materials/M_botton04_1.uasset" 4337
"C:/24CI0412MP/Content/Satou/KTP_Effect/Materials/M_botton04_1.uexp" 4338
"C:/24CI0412MP/Content/Satou/KTP_Effect/Particles/Bottom/Bottom04-01.uasset" 4339
"C:/24CI0412MP/Content/Satou/KTP_Effect/Particles/Bottom/Bottom04-01.uexp" 4340
"C:/24CI0412MP/Content/Satou/KTP_Effect/Textures/T_bottom03_8.ubulk" 4341
"C:/24CI0412MP/Content/Satou/KTP_Effect/Textures/T_bottom03_8.uasset" 4342
"C:/24CI0412MP/Content/Satou/KTP_Effect/Textures/T_bottom03_8.uexp" 4343
"C:/24CI0412MP/Content/Satou/KTP_Effect/Materials/M_botton03_8.uasset" 4344
"C:/24CI0412MP/Content/Satou/KTP_Effect/Materials/M_botton03_8.uexp" 4345
"C:/24CI0412MP/Content/Satou/KTP_Effect/Materials/PublicMaterials/M_FX_Aura_botton03.uasset" 4346
"C:/24CI0412MP/Content/Satou/KTP_Effect/Materials/PublicMaterials/M_FX_Aura_botton03.uexp" 4347
"C:/24CI0412MP/Content/Satou/KTP_Effect/Mesh/SM_FX_cylinder_twwist.ubulk" 4348
"C:/24CI0412MP/Content/Satou/KTP_Effect/Mesh/SM_FX_cylinder_twwist.uasset" 4349
"C:/24CI0412MP/Content/Satou/KTP_Effect/Mesh/SM_FX_cylinder_twwist.uexp" 4350
"C:/24CI0412MP/Content/Satou/KTP_Effect/Particles/Bottom/Bottom03-08.uasset" 4351
"C:/24CI0412MP/Content/Satou/KTP_Effect/Particles/Bottom/Bottom03-08.uexp" 4352
"C:/24CI0412MP/Content/Satou/KTP_Effect/Textures/T_bottom03_7.ubulk" 4353
"C:/24CI0412MP/Content/Satou/KTP_Effect/Textures/T_bottom03_7.uasset" 4354
"C:/24CI0412MP/Content/Satou/KTP_Effect/Textures/T_bottom03_7.uexp" 4355
"C:/24CI0412MP/Content/Satou/KTP_Effect/Materials/M_botton03_7.uasset" 4356
"C:/24CI0412MP/Content/Satou/KTP_Effect/Materials/M_botton03_7.uexp" 4357
"C:/24CI0412MP/Content/Satou/KTP_Effect/Particles/Bottom/Bottom03-07.uasset" 4358
"C:/24CI0412MP/Content/Satou/KTP_Effect/Particles/Bottom/Bottom03-07.uexp" 4359
"C:/24CI0412MP/Content/Satou/KTP_Effect/Textures/T_bottom03_6.ubulk" 4360
"C:/24CI0412MP/Content/Satou/KTP_Effect/Textures/T_bottom03_6.uasset" 4361
"C:/24CI0412MP/Content/Satou/KTP_Effect/Textures/T_bottom03_6.uexp" 4362
"C:/24CI0412MP/Content/Satou/KTP_Effect/Materials/M_botton03_6.uasset" 4363
"C:/24CI0412MP/Content/Satou/KTP_Effect/Materials/M_botton03_6.uexp" 4364
"C:/24CI0412MP/Content/Satou/KTP_Effect/Particles/Bottom/Bottom03-06.uasset" 4365
"C:/24CI0412MP/Content/Satou/KTP_Effect/Particles/Bottom/Bottom03-06.uexp" 4366
"C:/24CI0412MP/Content/Satou/KTP_Effect/Textures/T_bottom03_5.ubulk" 4367
"C:/24CI0412MP/Content/Satou/KTP_Effect/Textures/T_bottom03_5.uasset" 4368
"C:/24CI0412MP/Content/Satou/KTP_Effect/Textures/T_bottom03_5.uexp" 4369
"C:/24CI0412MP/Content/Satou/KTP_Effect/Materials/M_botton03_5.uasset" 4370
"C:/24CI0412MP/Content/Satou/KTP_Effect/Materials/M_botton03_5.uexp" 4371
"C:/24CI0412MP/Content/Satou/KTP_Effect/Particles/Bottom/Bottom03-05.uasset" 4372
"C:/24CI0412MP/Content/Satou/KTP_Effect/Particles/Bottom/Bottom03-05.uexp" 4373
"C:/24CI0412MP/Content/Satou/KTP_Effect/Textures/T_bottom03_4.ubulk" 4374
"C:/24CI0412MP/Content/Satou/KTP_Effect/Textures/T_bottom03_4.uasset" 4375
"C:/24CI0412MP/Content/Satou/KTP_Effect/Textures/T_bottom03_4.uexp" 4376
"C:/24CI0412MP/Content/Satou/KTP_Effect/Materials/M_botton03_4.uasset" 4377
"C:/24CI0412MP/Content/Satou/KTP_Effect/Materials/M_botton03_4.uexp" 4378
"C:/24CI0412MP/Content/Satou/KTP_Effect/Particles/Bottom/Bottom03-04.uasset" 4379
"C:/24CI0412MP/Content/Satou/KTP_Effect/Particles/Bottom/Bottom03-04.uexp" 4380
"C:/24CI0412MP/Content/Satou/KTP_Effect/Textures/T_bottom03_3.ubulk" 4381
"C:/24CI0412MP/Content/Satou/KTP_Effect/Textures/T_bottom03_3.uasset" 4382
"C:/24CI0412MP/Content/Satou/KTP_Effect/Textures/T_bottom03_3.uexp" 4383
"C:/24CI0412MP/Content/Satou/KTP_Effect/Materials/M_botton03_3.uasset" 4384
"C:/24CI0412MP/Content/Satou/KTP_Effect/Materials/M_botton03_3.uexp" 4385
"C:/24CI0412MP/Content/Satou/KTP_Effect/Particles/Bottom/Bottom03-03.uasset" 4386
"C:/24CI0412MP/Content/Satou/KTP_Effect/Particles/Bottom/Bottom03-03.uexp" 4387
"C:/24CI0412MP/Content/Satou/KTP_Effect/Textures/T_bottom03_2.ubulk" 4388
"C:/24CI0412MP/Content/Satou/KTP_Effect/Textures/T_bottom03_2.uasset" 4389
"C:/24CI0412MP/Content/Satou/KTP_Effect/Textures/T_bottom03_2.uexp" 4390
"C:/24CI0412MP/Content/Satou/KTP_Effect/Materials/M_botton03_2.uasset" 4391
"C:/24CI0412MP/Content/Satou/KTP_Effect/Materials/M_botton03_2.uexp" 4392
"C:/24CI0412MP/Content/Satou/KTP_Effect/Particles/Bottom/Bottom03-02.uasset" 4393
"C:/24CI0412MP/Content/Satou/KTP_Effect/Particles/Bottom/Bottom03-02.uexp" 4394
"C:/24CI0412MP/Content/Satou/KTP_Effect/Textures/T_bottom03_1.ubulk" 4395
"C:/24CI0412MP/Content/Satou/KTP_Effect/Textures/T_bottom03_1.uasset" 4396
"C:/24CI0412MP/Content/Satou/KTP_Effect/Textures/T_bottom03_1.uexp" 4397
"C:/24CI0412MP/Content/Satou/KTP_Effect/Materials/M_botton03_1.uasset" 4398
"C:/24CI0412MP/Content/Satou/KTP_Effect/Materials/M_botton03_1.uexp" 4399
"C:/24CI0412MP/Content/Satou/KTP_Effect/Particles/Bottom/Bottom03-01.uasset" 4400
"C:/24CI0412MP/Content/Satou/KTP_Effect/Particles/Bottom/Bottom03-01.uexp" 4401
"C:/24CI0412MP/Content/Satou/KTP_Effect/Textures/T_bottom02_6.ubulk" 4402
"C:/24CI0412MP/Content/Satou/KTP_Effect/Textures/T_bottom02_6.uasset" 4403
"C:/24CI0412MP/Content/Satou/KTP_Effect/Textures/T_bottom02_6.uexp" 4404
"C:/24CI0412MP/Content/Satou/KTP_Effect/Materials/M_botton02_8.uasset" 4405
"C:/24CI0412MP/Content/Satou/KTP_Effect/Materials/M_botton02_8.uexp" 4406
"C:/24CI0412MP/Content/Satou/KTP_Effect/Particles/Bottom/Bottom02-08.uasset" 4407
"C:/24CI0412MP/Content/Satou/KTP_Effect/Particles/Bottom/Bottom02-08.uexp" 4408
"C:/24CI0412MP/Content/Satou/KTP_Effect/Textures/T_bottom02_4.ubulk" 4409
"C:/24CI0412MP/Content/Satou/KTP_Effect/Textures/T_bottom02_4.uasset" 4410
"C:/24CI0412MP/Content/Satou/KTP_Effect/Textures/T_bottom02_4.uexp" 4411
"C:/24CI0412MP/Content/Satou/KTP_Effect/Materials/M_botton02_6.uasset" 4412
"C:/24CI0412MP/Content/Satou/KTP_Effect/Materials/M_botton02_6.uexp" 4413
"C:/24CI0412MP/Content/Satou/KTP_Effect/Particles/Bottom/Bottom02-06.uasset" 4414
"C:/24CI0412MP/Content/Satou/KTP_Effect/Particles/Bottom/Bottom02-06.uexp" 4415
"C:/24CI0412MP/Content/Satou/KTP_Effect/Textures/T_bottom02_8.ubulk" 4416
"C:/24CI0412MP/Content/Satou/KTP_Effect/Textures/T_bottom02_8.uasset" 4417
"C:/24CI0412MP/Content/Satou/KTP_Effect/Textures/T_bottom02_8.uexp" 4418
"C:/24CI0412MP/Content/Satou/KTP_Effect/Materials/M_botton02_5.uasset" 4419
"C:/24CI0412MP/Content/Satou/KTP_Effect/Materials/M_botton02_5.uexp" 4420
"C:/24CI0412MP/Content/Satou/KTP_Effect/Particles/Bottom/Bottom02-05.uasset" 4421
"C:/24CI0412MP/Content/Satou/KTP_Effect/Particles/Bottom/Bottom02-05.uexp" 4422
"C:/24CI0412MP/Content/Satou/KTP_Effect/Textures/T_bottom02_7.ubulk" 4423
"C:/24CI0412MP/Content/Satou/KTP_Effect/Textures/T_bottom02_7.uasset" 4424
"C:/24CI0412MP/Content/Satou/KTP_Effect/Textures/T_bottom02_7.uexp" 4425
"C:/24CI0412MP/Content/Satou/KTP_Effect/Materials/M_botton02_4.uasset" 4426
"C:/24CI0412MP/Content/Satou/KTP_Effect/Materials/M_botton02_4.uexp" 4427
"C:/24CI0412MP/Content/Satou/KTP_Effect/Particles/Bottom/Bottom02-04.uasset" 4428
"C:/24CI0412MP/Content/Satou/KTP_Effect/Particles/Bottom/Bottom02-04.uexp" 4429
"C:/24CI0412MP/Content/Satou/KTP_Effect/Textures/T_bottom02_3.ubulk" 4430
"C:/24CI0412MP/Content/Satou/KTP_Effect/Textures/T_bottom02_3.uasset" 4431
"C:/24CI0412MP/Content/Satou/KTP_Effect/Textures/T_bottom02_3.uexp" 4432
"C:/24CI0412MP/Content/Satou/KTP_Effect/Materials/M_botton02_3.uasset" 4433
"C:/24CI0412MP/Content/Satou/KTP_Effect/Materials/M_botton02_3.uexp" 4434
"C:/24CI0412MP/Content/Satou/KTP_Effect/Particles/Bottom/Bottom02-03.uasset" 4435
"C:/24CI0412MP/Content/Satou/KTP_Effect/Particles/Bottom/Bottom02-03.uexp" 4436
"C:/24CI0412MP/Content/Satou/KTP_Effect/Textures/T_bottom02_2.ubulk" 4437
"C:/24CI0412MP/Content/Satou/KTP_Effect/Textures/T_bottom02_2.uasset" 4438
"C:/24CI0412MP/Content/Satou/KTP_Effect/Textures/T_bottom02_2.uexp" 4439
"C:/24CI0412MP/Content/Satou/KTP_Effect/Materials/M_botton02_2.uasset" 4440
"C:/24CI0412MP/Content/Satou/KTP_Effect/Materials/M_botton02_2.uexp" 4441
"C:/24CI0412MP/Content/Satou/KTP_Effect/Particles/Bottom/Bottom02-02.uasset" 4442
"C:/24CI0412MP/Content/Satou/KTP_Effect/Particles/Bottom/Bottom02-02.uexp" 4443
"C:/24CI0412MP/Content/Satou/KTP_Effect/Textures/T_bottom02_1.ubulk" 4444
"C:/24CI0412MP/Content/Satou/KTP_Effect/Textures/T_bottom02_1.uasset" 4445
"C:/24CI0412MP/Content/Satou/KTP_Effect/Textures/T_bottom02_1.uexp" 4446
"C:/24CI0412MP/Content/Satou/KTP_Effect/Materials/M_botton02_1.uasset" 4447
"C:/24CI0412MP/Content/Satou/KTP_Effect/Materials/M_botton02_1.uexp" 4448
"C:/24CI0412MP/Content/Satou/KTP_Effect/Particles/Bottom/Bottom02-01.uasset" 4449
"C:/24CI0412MP/Content/Satou/KTP_Effect/Particles/Bottom/Bottom02-01.uexp" 4450
"C:/24CI0412MP/Content/Satou/KTP_Effect/Textures/T_bottom01_8.ubulk" 4451
"C:/24CI0412MP/Content/Satou/KTP_Effect/Textures/T_bottom01_8.uasset" 4452
"C:/24CI0412MP/Content/Satou/KTP_Effect/Textures/T_bottom01_8.uexp" 4453
"C:/24CI0412MP/Content/Satou/KTP_Effect/Materials/M_botton01_8.uasset" 4454
"C:/24CI0412MP/Content/Satou/KTP_Effect/Materials/M_botton01_8.uexp" 4455
"C:/24CI0412MP/Content/Satou/KTP_Effect/Materials/PublicMaterials/M_fire01_24.uasset" 4456
"C:/24CI0412MP/Content/Satou/KTP_Effect/Materials/PublicMaterials/M_fire01_24.uexp" 4457
"C:/24CI0412MP/Content/Satou/KTP_Effect/Particles/Bottom/Bottom01-08.uasset" 4458
"C:/24CI0412MP/Content/Satou/KTP_Effect/Particles/Bottom/Bottom01-08.uexp" 4459
"C:/24CI0412MP/Content/Satou/KTP_Effect/Textures/T_bottom01_7.ubulk" 4460
"C:/24CI0412MP/Content/Satou/KTP_Effect/Textures/T_bottom01_7.uasset" 4461
"C:/24CI0412MP/Content/Satou/KTP_Effect/Textures/T_bottom01_7.uexp" 4462
"C:/24CI0412MP/Content/Satou/KTP_Effect/Materials/M_botton01_7.uasset" 4463
"C:/24CI0412MP/Content/Satou/KTP_Effect/Materials/M_botton01_7.uexp" 4464
"C:/24CI0412MP/Content/Satou/KTP_Effect/Particles/Bottom/Bottom01-07.uasset" 4465
"C:/24CI0412MP/Content/Satou/KTP_Effect/Particles/Bottom/Bottom01-07.uexp" 4466
"C:/24CI0412MP/Content/Satou/KTP_Effect/Textures/T_bottom01_6.ubulk" 4467
"C:/24CI0412MP/Content/Satou/KTP_Effect/Textures/T_bottom01_6.uasset" 4468
"C:/24CI0412MP/Content/Satou/KTP_Effect/Textures/T_bottom01_6.uexp" 4469
"C:/24CI0412MP/Content/Satou/KTP_Effect/Materials/M_botton01_6.uasset" 4470
"C:/24CI0412MP/Content/Satou/KTP_Effect/Materials/M_botton01_6.uexp" 4471
"C:/24CI0412MP/Content/Satou/KTP_Effect/Particles/Bottom/Bottom01-06.uasset" 4472
"C:/24CI0412MP/Content/Satou/KTP_Effect/Particles/Bottom/Bottom01-06.uexp" 4473
"C:/24CI0412MP/Content/Satou/KTP_Effect/Textures/T_bottom01_5.ubulk" 4474
"C:/24CI0412MP/Content/Satou/KTP_Effect/Textures/T_bottom01_5.uasset" 4475
"C:/24CI0412MP/Content/Satou/KTP_Effect/Textures/T_bottom01_5.uexp" 4476
"C:/24CI0412MP/Content/Satou/KTP_Effect/Materials/M_botton01_5.uasset" 4477
"C:/24CI0412MP/Content/Satou/KTP_Effect/Materials/M_botton01_5.uexp" 4478
"C:/24CI0412MP/Content/Satou/KTP_Effect/Particles/Bottom/Bottom01-05.uasset" 4479
"C:/24CI0412MP/Content/Satou/KTP_Effect/Particles/Bottom/Bottom01-05.uexp" 4480
"C:/24CI0412MP/Content/Satou/KTP_Effect/Textures/T_bottom01_4.ubulk" 4481
"C:/24CI0412MP/Content/Satou/KTP_Effect/Textures/T_bottom01_4.uasset" 4482
"C:/24CI0412MP/Content/Satou/KTP_Effect/Textures/T_bottom01_4.uexp" 4483
"C:/24CI0412MP/Content/Satou/KTP_Effect/Materials/M_botton01_4.uasset" 4484
"C:/24CI0412MP/Content/Satou/KTP_Effect/Materials/M_botton01_4.uexp" 4485
"C:/24CI0412MP/Content/Satou/KTP_Effect/Particles/Bottom/Bottom01-04.uasset" 4486
"C:/24CI0412MP/Content/Satou/KTP_Effect/Particles/Bottom/Bottom01-04.uexp" 4487
"C:/24CI0412MP/Content/Satou/KTP_Effect/Textures/T_bottom01_3.ubulk" 4488
"C:/24CI0412MP/Content/Satou/KTP_Effect/Textures/T_bottom01_3.uasset" 4489
"C:/24CI0412MP/Content/Satou/KTP_Effect/Textures/T_bottom01_3.uexp" 4490
"C:/24CI0412MP/Content/Satou/KTP_Effect/Materials/M_botton01_3.uasset" 4491
"C:/24CI0412MP/Content/Satou/KTP_Effect/Materials/M_botton01_3.uexp" 4492
"C:/24CI0412MP/Content/Satou/KTP_Effect/Particles/Bottom/Bottom01-03.uasset" 4493
"C:/24CI0412MP/Content/Satou/KTP_Effect/Particles/Bottom/Bottom01-03.uexp" 4494
"C:/24CI0412MP/Content/Satou/KTP_Effect/Textures/T_bottom01_2.ubulk" 4495
"C:/24CI0412MP/Content/Satou/KTP_Effect/Textures/T_bottom01_2.uasset" 4496
"C:/24CI0412MP/Content/Satou/KTP_Effect/Textures/T_bottom01_2.uexp" 4497
"C:/24CI0412MP/Content/Satou/KTP_Effect/Materials/M_botton01_2.uasset" 4498
"C:/24CI0412MP/Content/Satou/KTP_Effect/Materials/M_botton01_2.uexp" 4499
"C:/24CI0412MP/Content/Satou/KTP_Effect/Particles/Bottom/Bottom01-02.uasset" 4500
"C:/24CI0412MP/Content/Satou/KTP_Effect/Particles/Bottom/Bottom01-02.uexp" 4501
"C:/24CI0412MP/Content/Satou/KTP_Effect/Textures/T_bottom01_1.ubulk" 4502
"C:/24CI0412MP/Content/Satou/KTP_Effect/Textures/T_bottom01_1.uasset" 4503
"C:/24CI0412MP/Content/Satou/KTP_Effect/Textures/T_bottom01_1.uexp" 4504
"C:/24CI0412MP/Content/Satou/KTP_Effect/Materials/M_botton01_1.uasset" 4505
"C:/24CI0412MP/Content/Satou/KTP_Effect/Materials/M_botton01_1.uexp" 4506
"C:/24CI0412MP/Content/Satou/KTP_Effect/Particles/Bottom/Bottom01-01.uasset" 4507
"C:/24CI0412MP/Content/Satou/KTP_Effect/Particles/Bottom/Bottom01-01.uexp" 4508
"C:/24CI0412MP/Content/Oonishi/Fab/figs/source/lambert1.uasset" 4509
"C:/24CI0412MP/Content/Oonishi/Fab/figs/source/lambert1.uexp" 4510
"C:/24CI0412MP/Content/Oonishi/Fab/figs/source/figs_2_fig_slice_01_geom.ubulk" 4511
"C:/24CI0412MP/Content/Oonishi/Fab/figs/source/figs_2_fig_slice_01_geom.uasset" 4512
"C:/24CI0412MP/Content/Oonishi/Fab/figs/source/figs_2_fig_slice_01_geom.uexp" 4513
"C:/24CI0412MP/Content/Mediterranean_Coast/Textures/Tree_Billboards/PineTree/T_PinusBrutia_05_Bill_Bc.uasset" 4514
"C:/24CI0412MP/Content/Mediterranean_Coast/Textures/Tree_Billboards/PineTree/T_PinusBrutia_05_Bill_Bc.uexp" 4515
"C:/24CI0412MP/Content/Mediterranean_Coast/Textures/Tree_Billboards/PineTree/T_PinusBrutia_05_Bill_N.ubulk" 4516
"C:/24CI0412MP/Content/Mediterranean_Coast/Textures/Tree_Billboards/PineTree/T_PinusBrutia_05_Bill_N.uasset" 4517
"C:/24CI0412MP/Content/Mediterranean_Coast/Textures/Tree_Billboards/PineTree/T_PinusBrutia_05_Bill_N.uexp" 4518
"C:/24CI0412MP/Content/Mediterranean_Coast/Textures/Tree_Billboards/PineTree/T_PinusBrutia_05_Bill_SSS.uasset" 4519
"C:/24CI0412MP/Content/Mediterranean_Coast/Textures/Tree_Billboards/PineTree/T_PinusBrutia_05_Bill_SSS.uexp" 4520
"C:/24CI0412MP/Content/Mediterranean_Coast/Materials/MI_PinusBrutiaBill_05.uasset" 4521
"C:/24CI0412MP/Content/Mediterranean_Coast/Materials/MI_PinusBrutiaBill_05.uexp" 4522
"C:/24CI0412MP/Content/Mediterranean_Coast/Meshes/SM_Pinus_Brutia_05.ubulk" 4523
"C:/24CI0412MP/Content/Mediterranean_Coast/Meshes/SM_Pinus_Brutia_05.uasset" 4524
"C:/24CI0412MP/Content/Mediterranean_Coast/Meshes/SM_Pinus_Brutia_05.uexp" 4525
"C:/24CI0412MP/Content/Mediterranean_Coast/World_Settings/StaticMeshFoliages/SMF_Pine_05.uasset" 4526
"C:/24CI0412MP/Content/Mediterranean_Coast/World_Settings/StaticMeshFoliages/SMF_Pine_05.uexp" 4527
"C:/24CI0412MP/Content/Mediterranean_Coast/World_Settings/Sharedassets/SandLayer_LayerInfo.uasset" 4528
"C:/24CI0412MP/Content/Mediterranean_Coast/World_Settings/Sharedassets/SandLayer_LayerInfo.uexp" 4529
"C:/24CI0412MP/Content/Mediterranean_Coast/World_Settings/Sharedassets/GroundLayer_LayerInfo.uasset" 4530
"C:/24CI0412MP/Content/Mediterranean_Coast/World_Settings/Sharedassets/GroundLayer_LayerInfo.uexp" 4531
"C:/24CI0412MP/Content/Mediterranean_Coast/World_Settings/Sharedassets/GrassLayer_LayerInfo.uasset" 4532
"C:/24CI0412MP/Content/Mediterranean_Coast/World_Settings/Sharedassets/GrassLayer_LayerInfo.uexp" 4533
"C:/24CI0412MP/Content/Mediterranean_Coast/World_Settings/Sharedassets/ForestSpawner_LayerInfo.uasset" 4534
"C:/24CI0412MP/Content/Mediterranean_Coast/World_Settings/Sharedassets/ForestSpawner_LayerInfo.uexp" 4535
"C:/24CI0412MP/Content/Mediterranean_Coast/World_Settings/Sharedassets/ForestLayer_LayerInfo.uasset" 4536
"C:/24CI0412MP/Content/Mediterranean_Coast/World_Settings/Sharedassets/ForestLayer_LayerInfo.uexp" 4537
"C:/24CI0412MP/Content/FPWeapon/Materials/MaterialLayers/T_ML_FineRubber.ubulk" 4538
"C:/24CI0412MP/Content/FPWeapon/Materials/MaterialLayers/T_ML_FineRubber.uasset" 4539
"C:/24CI0412MP/Content/FPWeapon/Materials/MaterialLayers/T_ML_FineRubber.uexp" 4540
"C:/24CI0412MP/Content/CreateAsetts_CG/UE5_File/Magic/SK_Magic_Skeleton.uasset" 4541
"C:/24CI0412MP/Content/CreateAsetts_CG/UE5_File/Magic/SK_Magic_Skeleton.uexp" 4542
"C:/24CI0412MP/Content/CreateAsetts_CG/UE5_File/Magic/SK_Magic_PhysicsAsset.uasset" 4543
"C:/24CI0412MP/Content/CreateAsetts_CG/UE5_File/Magic/SK_Magic_PhysicsAsset.uexp" 4544
"../../../Engine/Plugins/Animation/ACLPlugin/Content/ACLAnimBoneCompressionSettings.uasset" 4545
"../../../Engine/Plugins/Animation/ACLPlugin/Content/ACLAnimBoneCompressionSettings.uexp" 4546
"../../../Engine/Content/Animation/DefaultVariableFrameStrippingSettings.uasset" 4547
"../../../Engine/Content/Animation/DefaultVariableFrameStrippingSettings.uexp" 4548
"../../../Engine/Plugins/Animation/ACLPlugin/Content/ACLAnimCurveCompressionSettings.uasset" 4549
"../../../Engine/Plugins/Animation/ACLPlugin/Content/ACLAnimCurveCompressionSettings.uexp" 4550
"C:/24CI0412MP/Content/CreateAsetts_CG/UE5_File/Magic/A_Magic_Anim.uasset" 4551
"C:/24CI0412MP/Content/CreateAsetts_CG/UE5_File/Magic/A_Magic_Anim.uexp" 4552
"C:/24CI0412MP/Content/Characters/MannequinsXR/Meshes/SK_MannequinsXR.uasset" 4553
"C:/24CI0412MP/Content/Characters/MannequinsXR/Meshes/SK_MannequinsXR.uexp" 4554
"C:/24CI0412MP/Content/Characters/MannequinsXR/Meshes/SkeletalMeshLODSettings_MannequinsXR.uasset" 4555
"C:/24CI0412MP/Content/Characters/MannequinsXR/Meshes/SkeletalMeshLODSettings_MannequinsXR.uexp" 4556
"C:/24CI0412MP/Content/Characters/MannequinsXR/Textures/Quinn/T_Quinn_02_CCRCCPlastic_MSK.ubulk" 4557
"C:/24CI0412MP/Content/Characters/MannequinsXR/Textures/Quinn/T_Quinn_02_CCRCCPlastic_MSK.uasset" 4558
"C:/24CI0412MP/Content/Characters/MannequinsXR/Textures/Quinn/T_Quinn_02_CCRCCPlastic_MSK.uexp" 4559
"C:/24CI0412MP/Content/Characters/MannequinsXR/Textures/Quinn/T_Quinn_01_CCRCCPlastic_MSK.ubulk" 4560
"C:/24CI0412MP/Content/Characters/MannequinsXR/Textures/Quinn/T_Quinn_01_CCRCCPlastic_MSK.uasset" 4561
"C:/24CI0412MP/Content/Characters/MannequinsXR/Textures/Quinn/T_Quinn_01_CCRCCPlastic_MSK.uexp" 4562
"C:/24CI0412MP/Content/Characters/MannequinsXR/Textures/Quinn/T_Quinn_01_ASAOMASK_MSK.ubulk" 4563
"C:/24CI0412MP/Content/Characters/MannequinsXR/Textures/Quinn/T_Quinn_01_ASAOMASK_MSK.uasset" 4564
"C:/24CI0412MP/Content/Characters/MannequinsXR/Textures/Quinn/T_Quinn_01_ASAOMASK_MSK.uexp" 4565
"C:/24CI0412MP/Content/Characters/MannequinsXR/Textures/Quinn/T_Quinn_01ID_D.ubulk" 4566
"C:/24CI0412MP/Content/Characters/MannequinsXR/Textures/Quinn/T_Quinn_01ID_D.uasset" 4567
"C:/24CI0412MP/Content/Characters/MannequinsXR/Textures/Quinn/T_Quinn_01ID_D.uexp" 4568
"C:/24CI0412MP/Content/Characters/MannequinsXR/Textures/Quinn/T_Quinn_01ID_MSR_MSK.ubulk" 4569
"C:/24CI0412MP/Content/Characters/MannequinsXR/Textures/Quinn/T_Quinn_01ID_MSR_MSK.uasset" 4570
"C:/24CI0412MP/Content/Characters/MannequinsXR/Textures/Quinn/T_Quinn_01ID_MSR_MSK.uexp" 4571
"C:/24CI0412MP/Content/Characters/MannequinsXR/Textures/Quinn/T_Quinn_01ID_N.ubulk" 4572
"C:/24CI0412MP/Content/Characters/MannequinsXR/Textures/Quinn/T_Quinn_01ID_N.uasset" 4573
"C:/24CI0412MP/Content/Characters/MannequinsXR/Textures/Quinn/T_Quinn_01ID_N.uexp" 4574
"C:/24CI0412MP/Content/Characters/MannequinsXR/Materials/Functions/ML_BaseColorFallOff.uasset" 4575
"C:/24CI0412MP/Content/Characters/MannequinsXR/Materials/Functions/ML_BaseColorFallOff.uexp" 4576
"C:/24CI0412MP/Content/Characters/MannequinsXR/Textures/Manny/T_Manny_01_BN.ubulk" 4577
"C:/24CI0412MP/Content/Characters/MannequinsXR/Textures/Manny/T_Manny_01_BN.uasset" 4578
"C:/24CI0412MP/Content/Characters/MannequinsXR/Textures/Manny/T_Manny_01_BN.uexp" 4579
"C:/24CI0412MP/Content/Characters/MannequinsXR/Textures/Manny/T_Manny_01_ASAOPMASK_MSK.ubulk" 4580
"C:/24CI0412MP/Content/Characters/MannequinsXR/Textures/Manny/T_Manny_01_ASAOPMASK_MSK.uasset" 4581
"C:/24CI0412MP/Content/Characters/MannequinsXR/Textures/Manny/T_Manny_01_ASAOPMASK_MSK.uexp" 4582
"C:/24CI0412MP/Content/Characters/MannequinsXR/Materials/Functions/ChromaticCurve.uasset" 4583
"C:/24CI0412MP/Content/Characters/MannequinsXR/Materials/Functions/ChromaticCurve.uexp" 4584
"C:/24CI0412MP/Content/Characters/MannequinsXR/Materials/Functions/CA_Mannequin.uasset" 4585
"C:/24CI0412MP/Content/Characters/MannequinsXR/Materials/Functions/CA_Mannequin.uexp" 4586
"C:/24CI0412MP/Content/Characters/MannequinsXR/Materials/Functions/MF_Diffraction.uasset" 4587
"C:/24CI0412MP/Content/Characters/MannequinsXR/Materials/Functions/MF_Diffraction.uexp" 4588
"C:/24CI0412MP/Content/Characters/MannequinsXR/Textures/Manny/T_Manny_01_D.ubulk" 4589
"C:/24CI0412MP/Content/Characters/MannequinsXR/Textures/Manny/T_Manny_01_D.uasset" 4590
"C:/24CI0412MP/Content/Characters/MannequinsXR/Textures/Manny/T_Manny_01_D.uexp" 4591
"C:/24CI0412MP/Content/Characters/MannequinsXR/Textures/Manny/T_Manny_01_Tan.ubulk" 4592
"C:/24CI0412MP/Content/Characters/MannequinsXR/Textures/Manny/T_Manny_01_Tan.uasset" 4593
"C:/24CI0412MP/Content/Characters/MannequinsXR/Textures/Manny/T_Manny_01_Tan.uexp" 4594
"C:/24CI0412MP/Content/Characters/MannequinsXR/Textures/Shared/T_UE_Logo_M.uasset" 4595
"C:/24CI0412MP/Content/Characters/MannequinsXR/Textures/Shared/T_UE_Logo_M.uexp" 4596
"../../../Engine/Content/Functions/Engine_MaterialFunctions01/Texturing/ScaleUVsByCenter.uasset" 4597
"../../../Engine/Content/Functions/Engine_MaterialFunctions01/Texturing/ScaleUVsByCenter.uexp" 4598
"C:/24CI0412MP/Content/Characters/MannequinsXR/Materials/Functions/MF_logo3layers.uasset" 4599
"C:/24CI0412MP/Content/Characters/MannequinsXR/Materials/Functions/MF_logo3layers.uexp" 4600
"C:/24CI0412MP/Content/Characters/MannequinsXR/Textures/Manny/T_Manny_01_N.ubulk" 4601
"C:/24CI0412MP/Content/Characters/MannequinsXR/Textures/Manny/T_Manny_01_N.uasset" 4602
"C:/24CI0412MP/Content/Characters/MannequinsXR/Textures/Manny/T_Manny_01_N.uexp" 4603
"C:/24CI0412MP/Content/Characters/MannequinsXR/Textures/Manny/T_Manny_01_MSR_MSK.ubulk" 4604
"C:/24CI0412MP/Content/Characters/MannequinsXR/Textures/Manny/T_Manny_01_MSR_MSK.uasset" 4605
"C:/24CI0412MP/Content/Characters/MannequinsXR/Textures/Manny/T_Manny_01_MSR_MSK.uexp" 4606
"C:/24CI0412MP/Content/Characters/MannequinsXR/Textures/Manny/T_Manny_01_CCRCCPlastic_MSK.ubulk" 4607
"C:/24CI0412MP/Content/Characters/MannequinsXR/Textures/Manny/T_Manny_01_CCRCCPlastic_MSK.uasset" 4608
"C:/24CI0412MP/Content/Characters/MannequinsXR/Textures/Manny/T_Manny_01_CCRCCPlastic_MSK.uexp" 4609
"C:/24CI0412MP/Content/Characters/MannequinsXR/Materials/M_Mannequin.uasset" 4610
"C:/24CI0412MP/Content/Characters/MannequinsXR/Materials/M_Mannequin.uexp" 4611
"C:/24CI0412MP/Content/Characters/MannequinsXR/Textures/Quinn/T_Quinn_01ID_BN.ubulk" 4612
"C:/24CI0412MP/Content/Characters/MannequinsXR/Textures/Quinn/T_Quinn_01ID_BN.uasset" 4613
"C:/24CI0412MP/Content/Characters/MannequinsXR/Textures/Quinn/T_Quinn_01ID_BN.uexp" 4614
"C:/24CI0412MP/Content/Characters/MannequinsXR/Textures/Quinn/T_Quinn_01ID_Tan.ubulk" 4615
"C:/24CI0412MP/Content/Characters/MannequinsXR/Textures/Quinn/T_Quinn_01ID_Tan.uasset" 4616
"C:/24CI0412MP/Content/Characters/MannequinsXR/Textures/Quinn/T_Quinn_01ID_Tan.uexp" 4617
"C:/24CI0412MP/Content/Characters/MannequinsXR/Materials/Instances/Quinn/MI_Quinn_01.uasset" 4618
"C:/24CI0412MP/Content/Characters/MannequinsXR/Materials/Instances/Quinn/MI_Quinn_01.uexp" 4619
"C:/24CI0412MP/Content/Characters/MannequinsXR/Textures/Quinn/T_Quinn_02ID_D.ubulk" 4620
"C:/24CI0412MP/Content/Characters/MannequinsXR/Textures/Quinn/T_Quinn_02ID_D.uasset" 4621
"C:/24CI0412MP/Content/Characters/MannequinsXR/Textures/Quinn/T_Quinn_02ID_D.uexp" 4622
"C:/24CI0412MP/Content/Characters/MannequinsXR/Textures/Quinn/T_Quinn_02ID_MSR_MSK.ubulk" 4623
"C:/24CI0412MP/Content/Characters/MannequinsXR/Textures/Quinn/T_Quinn_02ID_MSR_MSK.uasset" 4624
"C:/24CI0412MP/Content/Characters/MannequinsXR/Textures/Quinn/T_Quinn_02ID_MSR_MSK.uexp" 4625
"C:/24CI0412MP/Content/Characters/MannequinsXR/Textures/Quinn/T_Quinn_02_ASAOMASK_MSK.ubulk" 4626
"C:/24CI0412MP/Content/Characters/MannequinsXR/Textures/Quinn/T_Quinn_02_ASAOMASK_MSK.uasset" 4627
"C:/24CI0412MP/Content/Characters/MannequinsXR/Textures/Quinn/T_Quinn_02_ASAOMASK_MSK.uexp" 4628
"C:/24CI0412MP/Content/Characters/MannequinsXR/Textures/Quinn/T_Quinn_02ID_N.ubulk" 4629
"C:/24CI0412MP/Content/Characters/MannequinsXR/Textures/Quinn/T_Quinn_02ID_N.uasset" 4630
"C:/24CI0412MP/Content/Characters/MannequinsXR/Textures/Quinn/T_Quinn_02ID_N.uexp" 4631
"C:/24CI0412MP/Content/Characters/MannequinsXR/Textures/Quinn/T_Quinn_02ID_BN.ubulk" 4632
"C:/24CI0412MP/Content/Characters/MannequinsXR/Textures/Quinn/T_Quinn_02ID_BN.uasset" 4633
"C:/24CI0412MP/Content/Characters/MannequinsXR/Textures/Quinn/T_Quinn_02ID_BN.uexp" 4634
"C:/24CI0412MP/Content/Characters/MannequinsXR/Textures/Quinn/T_Quinn_02ID_Tan.ubulk" 4635
"C:/24CI0412MP/Content/Characters/MannequinsXR/Textures/Quinn/T_Quinn_02ID_Tan.uasset" 4636
"C:/24CI0412MP/Content/Characters/MannequinsXR/Textures/Quinn/T_Quinn_02ID_Tan.uexp" 4637
"C:/24CI0412MP/Content/Characters/MannequinsXR/Materials/Instances/Quinn/MI_Quinn_02.uasset" 4638
"C:/24CI0412MP/Content/Characters/MannequinsXR/Materials/Instances/Quinn/MI_Quinn_02.uexp" 4639
"C:/24CI0412MP/Content/Characters/MannequinsXR/Meshes/SKM_QuinnXR_right.uasset" 4640
"C:/24CI0412MP/Content/Characters/MannequinsXR/Meshes/SKM_QuinnXR_right.uexp" 4641
"C:/24CI0412MP/Content/Characters/MannequinsXR/Meshes/SKM_QuinnXR_left.uasset" 4642
"C:/24CI0412MP/Content/Characters/MannequinsXR/Meshes/SKM_QuinnXR_left.uexp" 4643
"../../../Engine/Content/Maps/Entry_BuiltData.uasset" 4644
"../../../Engine/Content/Maps/Entry_BuiltData.uexp" 4645
"../../../Engine/Content/Maps/Entry.uexp" 4646
"../../../Engine/Content/Maps/Entry.umap" 4647
"../../../Engine/Content/EngineMaterials/BlendFunc_DefBlend.uasset" 4648
"../../../Engine/Content/EngineMaterials/BlendFunc_DefBlend.uexp" 4649
"../../../Engine/Content/OpenWorldTemplate/LandscapeMaterial/T_GridChecker_A.ubulk" 4650
"../../../Engine/Content/OpenWorldTemplate/LandscapeMaterial/T_GridChecker_A.uasset" 4651
"../../../Engine/Content/OpenWorldTemplate/LandscapeMaterial/T_GridChecker_A.uexp" 4652
"../../../Engine/Content/EngineMaterials/BlendFunc_DefBase.uasset" 4653
"../../../Engine/Content/EngineMaterials/BlendFunc_DefBase.uexp" 4654
"../../../Engine/Content/Functions/Engine_MaterialFunctions03/Blends/Blend_Overlay.uasset" 4655
"../../../Engine/Content/Functions/Engine_MaterialFunctions03/Blends/Blend_Overlay.uexp" 4656
"../../../Engine/Content/OpenWorldTemplate/LandscapeMaterial/MF_ProcGrid.uasset" 4657
"../../../Engine/Content/OpenWorldTemplate/LandscapeMaterial/MF_ProcGrid.uexp" 4658
"../../../Engine/Content/OpenWorldTemplate/LandscapeMaterial/M_ProcGrid.uasset" 4659
"../../../Engine/Content/OpenWorldTemplate/LandscapeMaterial/M_ProcGrid.uexp" 4660
"../../../Engine/Content/OpenWorldTemplate/LandscapeMaterial/MI_ProcGrid.uasset" 4661
"../../../Engine/Content/OpenWorldTemplate/LandscapeMaterial/MI_ProcGrid.uexp" 4662
"../../../Engine/Content/MapTemplates/SM_Template_Map_Floor.ubulk" 4663
"../../../Engine/Content/MapTemplates/SM_Template_Map_Floor.uasset" 4664
"../../../Engine/Content/MapTemplates/SM_Template_Map_Floor.uexp" 4665
"C:/24CI0412MP/Content/Yoshizawa/Yoshizawa.uexp" 4666
"C:/24CI0412MP/Content/Yoshizawa/Yoshizawa.umap" 4667
"C:/24CI0412MP/Content/VRTemplate/Textures/T_Grid.ubulk" 4668
"C:/24CI0412MP/Content/VRTemplate/Textures/T_Grid.uasset" 4669
"C:/24CI0412MP/Content/VRTemplate/Textures/T_Grid.uexp" 4670
"../../../Engine/Content/Functions/Engine_MaterialFunctions02/Utility/AppendMany.uasset" 4671
"../../../Engine/Content/Functions/Engine_MaterialFunctions02/Utility/AppendMany.uexp" 4672
"../../../Engine/Content/Functions/Engine_MaterialFunctions01/Texturing/WorldAlignedTexture.uasset" 4673
"../../../Engine/Content/Functions/Engine_MaterialFunctions01/Texturing/WorldAlignedTexture.uexp" 4674
"C:/24CI0412MP/Content/VRTemplate/Materials/M_GridRotation.uasset" 4675
"C:/24CI0412MP/Content/VRTemplate/Materials/M_GridRotation.uexp" 4676
"C:/24CI0412MP/Content/VRTemplate/Materials/MI_Grid_Accent.uasset" 4677
"C:/24CI0412MP/Content/VRTemplate/Materials/MI_Grid_Accent.uexp" 4678
"C:/24CI0412MP/Content/VRTemplate/Haptics/GrabHapticEffect.uasset" 4679
"C:/24CI0412MP/Content/VRTemplate/Haptics/GrabHapticEffect.uexp" 4680
"C:/24CI0412MP/Content/VRTemplate/Blueprints/GrabType.uasset" 4681
"C:/24CI0412MP/Content/VRTemplate/Blueprints/GrabType.uexp" 4682
"C:/24CI0412MP/Content/VRTemplate/Blueprints/GrabComponent.uasset" 4683
"C:/24CI0412MP/Content/VRTemplate/Blueprints/GrabComponent.uexp" 4684
"../../../Engine/Content/EngineSky/C_Sky_Horizon_Color.uasset" 4685
"../../../Engine/Content/EngineSky/C_Sky_Horizon_Color.uexp" 4686
"../../../Engine/Content/EngineSky/C_Sky_Cloud_Color.uasset" 4687
"../../../Engine/Content/EngineSky/C_Sky_Cloud_Color.uexp" 4688
"../../../Engine/Content/EngineSky/C_Sky_Zenith_Color.uasset" 4689
"../../../Engine/Content/EngineSky/C_Sky_Zenith_Color.uexp" 4690
"../../../Engine/Content/EngineSky/BP_Sky_Sphere.uasset" 4691
"../../../Engine/Content/EngineSky/BP_Sky_Sphere.uexp" 4692
"C:/24CI0412MP/Content/VRTemplate/Materials/MI_Grid_Default.uasset" 4693
"C:/24CI0412MP/Content/VRTemplate/Materials/MI_Grid_Default.uexp" 4694
"../../../Engine/Content/VREditor/BasicMeshes/T_CleanFloorGrunge_01_D.ubulk" 4695
"../../../Engine/Content/VREditor/BasicMeshes/T_CleanFloorGrunge_01_D.uasset" 4696
"../../../Engine/Content/VREditor/BasicMeshes/T_CleanFloorGrunge_01_D.uexp" 4697
"../../../Engine/Content/VREditor/BasicMeshes/M_Floor_01.uasset" 4698
"../../../Engine/Content/VREditor/BasicMeshes/M_Floor_01.uexp" 4699
"../../../Engine/Content/VREditor/BasicMeshes/MI_Cube_01.uasset" 4700
"../../../Engine/Content/VREditor/BasicMeshes/MI_Cube_01.uexp" 4701
"../../../Engine/Content/VREditor/BasicMeshes/SM_Cube_01.ubulk" 4702
"../../../Engine/Content/VREditor/BasicMeshes/SM_Cube_01.uasset" 4703
"../../../Engine/Content/VREditor/BasicMeshes/SM_Cube_01.uexp" 4704
"C:/24CI0412MP/Content/VRTemplate/Blueprints/Grabbable_SmallCube.uasset" 4705
"C:/24CI0412MP/Content/VRTemplate/Blueprints/Grabbable_SmallCube.uexp" 4706
"C:/24CI0412MP/Content/LevelPrototyping/Meshes/SM_Cube.ubulk" 4707
"C:/24CI0412MP/Content/LevelPrototyping/Meshes/SM_Cube.uasset" 4708
"C:/24CI0412MP/Content/LevelPrototyping/Meshes/SM_Cube.uexp" 4709
"C:/24CI0412MP/Content/LevelPrototyping/Materials/M_Solid.uasset" 4710
"C:/24CI0412MP/Content/LevelPrototyping/Materials/M_Solid.uexp" 4711
"C:/24CI0412MP/Content/LevelPrototyping/Materials/MI_Solid_Blue.uasset" 4712
"C:/24CI0412MP/Content/LevelPrototyping/Materials/MI_Solid_Blue.uexp" 4713
"C:/24CI0412MP/Content/LevelPrototyping/Meshes/SM_ChamferCube.ubulk" 4714
"C:/24CI0412MP/Content/LevelPrototyping/Meshes/SM_ChamferCube.uasset" 4715
"C:/24CI0412MP/Content/LevelPrototyping/Meshes/SM_ChamferCube.uexp" 4716
"C:/24CI0412MP/Content/VRTemplate/VFX/NPC_VRTemplate.uasset" 4717
"C:/24CI0412MP/Content/VRTemplate/VFX/NPC_VRTemplate.uexp" 4718
"../../../Engine/Content/Functions/Engine_MaterialFunctions02/Utility/DepthFromWorldPosition.uasset" 4719
"../../../Engine/Content/Functions/Engine_MaterialFunctions02/Utility/DepthFromWorldPosition.uexp" 4720
"C:/24CI0412MP/Content/VRTemplate/Materials/Functions/MF_OccludedPixels.uasset" 4721
"C:/24CI0412MP/Content/VRTemplate/Materials/Functions/MF_OccludedPixels.uexp" 4722
"C:/24CI0412MP/Content/VRTemplate/Materials/M_TeleportNoise.uasset" 4723
"C:/24CI0412MP/Content/VRTemplate/Materials/M_TeleportNoise.uexp" 4724
"C:/24CI0412MP/Content/VRTemplate/VFX/NS_PlayAreaBounds.uasset" 4725
"C:/24CI0412MP/Content/VRTemplate/VFX/NS_PlayAreaBounds.uexp" 4726
"../../../Engine/Content/BasicShapes/Cylinder.ubulk" 4727
"../../../Engine/Content/BasicShapes/Cylinder.uasset" 4728
"../../../Engine/Content/BasicShapes/Cylinder.uexp" 4729
"C:/24CI0412MP/Content/VRTemplate/Materials/M_TeleportCylinder.uasset" 4730
"C:/24CI0412MP/Content/VRTemplate/Materials/M_TeleportCylinder.uexp" 4731
"C:/24CI0412MP/Content/VRTemplate/VFX/NS_TeleportRing.uasset" 4732
"C:/24CI0412MP/Content/VRTemplate/VFX/NS_TeleportRing.uexp" 4733
"C:/24CI0412MP/Content/VRTemplate/Blueprints/VRTeleportVisualizer.uasset" 4734
"C:/24CI0412MP/Content/VRTemplate/Blueprints/VRTeleportVisualizer.uexp" 4735
"C:/24CI0412MP/Content/Characters/MannequinsXR/Textures/Manny/T_Manny_02_MSR_MSK.ubulk" 4736
"C:/24CI0412MP/Content/Characters/MannequinsXR/Textures/Manny/T_Manny_02_MSR_MSK.uasset" 4737
"C:/24CI0412MP/Content/Characters/MannequinsXR/Textures/Manny/T_Manny_02_MSR_MSK.uexp" 4738
"C:/24CI0412MP/Content/Characters/MannequinsXR/Textures/Manny/T_Manny_02_N.ubulk" 4739
"C:/24CI0412MP/Content/Characters/MannequinsXR/Textures/Manny/T_Manny_02_N.uasset" 4740
"C:/24CI0412MP/Content/Characters/MannequinsXR/Textures/Manny/T_Manny_02_N.uexp" 4741
"C:/24CI0412MP/Content/Characters/MannequinsXR/Textures/Manny/T_Manny_02_Tan.ubulk" 4742
"C:/24CI0412MP/Content/Characters/MannequinsXR/Textures/Manny/T_Manny_02_Tan.uasset" 4743
"C:/24CI0412MP/Content/Characters/MannequinsXR/Textures/Manny/T_Manny_02_Tan.uexp" 4744
"C:/24CI0412MP/Content/Characters/MannequinsXR/Materials/Instances/Manny/MI_Manny_01.uasset" 4745
"C:/24CI0412MP/Content/Characters/MannequinsXR/Materials/Instances/Manny/MI_Manny_01.uexp" 4746
"C:/24CI0412MP/Content/Characters/MannequinsXR/Textures/Manny/T_Manny_02_D.ubulk" 4747
"C:/24CI0412MP/Content/Characters/MannequinsXR/Textures/Manny/T_Manny_02_D.uasset" 4748
"C:/24CI0412MP/Content/Characters/MannequinsXR/Textures/Manny/T_Manny_02_D.uexp" 4749
"C:/24CI0412MP/Content/Characters/MannequinsXR/Textures/Manny/T_Manny_02_ASAOPMASK_MSK.ubulk" 4750
"C:/24CI0412MP/Content/Characters/MannequinsXR/Textures/Manny/T_Manny_02_ASAOPMASK_MSK.uasset" 4751
"C:/24CI0412MP/Content/Characters/MannequinsXR/Textures/Manny/T_Manny_02_ASAOPMASK_MSK.uexp" 4752
"C:/24CI0412MP/Content/Characters/MannequinsXR/Textures/Manny/T_Manny_02_CCRCCPlastic_MSK.ubulk" 4753
"C:/24CI0412MP/Content/Characters/MannequinsXR/Textures/Manny/T_Manny_02_CCRCCPlastic_MSK.uasset" 4754
"C:/24CI0412MP/Content/Characters/MannequinsXR/Textures/Manny/T_Manny_02_CCRCCPlastic_MSK.uexp" 4755
"C:/24CI0412MP/Content/Characters/MannequinsXR/Textures/Manny/T_Manny_02_BN.ubulk" 4756
"C:/24CI0412MP/Content/Characters/MannequinsXR/Textures/Manny/T_Manny_02_BN.uasset" 4757
"C:/24CI0412MP/Content/Characters/MannequinsXR/Textures/Manny/T_Manny_02_BN.uexp" 4758
"C:/24CI0412MP/Content/Characters/MannequinsXR/Materials/Instances/Manny/MI_Manny_02.uasset" 4759
"C:/24CI0412MP/Content/Characters/MannequinsXR/Materials/Instances/Manny/MI_Manny_02.uexp" 4760
"C:/24CI0412MP/Content/Characters/MannequinsXR/Meshes/SKM_MannyXR_left.uasset" 4761
"C:/24CI0412MP/Content/Characters/MannequinsXR/Meshes/SKM_MannyXR_left.uexp" 4762
"../../../Engine/Content/Animation/DefaultAnimCurveCompressionSettings.uasset" 4763
"../../../Engine/Content/Animation/DefaultAnimCurveCompressionSettings.uexp" 4764
"../../../Engine/Content/Animation/DefaultRecorderBoneCompression.uasset" 4765
"../../../Engine/Content/Animation/DefaultRecorderBoneCompression.uexp" 4766
"C:/24CI0412MP/Content/Characters/MannequinsXR/Animations/A_MannequinsXR_Idle_Right.uasset" 4767
"C:/24CI0412MP/Content/Characters/MannequinsXR/Animations/A_MannequinsXR_Idle_Right.uexp" 4768
"C:/24CI0412MP/Content/Characters/MannequinsXR/Animations/A_MannequinsXR_ThumbUp_Right.uasset" 4769
"C:/24CI0412MP/Content/Characters/MannequinsXR/Animations/A_MannequinsXR_ThumbUp_Right.uexp" 4770
"C:/24CI0412MP/Content/Characters/MannequinsXR/Animations/A_MannequinsXR_Point_Right.uasset" 4771
"C:/24CI0412MP/Content/Characters/MannequinsXR/Animations/A_MannequinsXR_Point_Right.uexp" 4772
"C:/24CI0412MP/Content/Characters/MannequinsXR/Animations/MDT_MannequinsXR.uasset" 4773
"C:/24CI0412MP/Content/Characters/MannequinsXR/Animations/MDT_MannequinsXR.uexp" 4774
"C:/24CI0412MP/Content/Characters/MannequinsXR/Animations/A_MannequinsXR_Grasp_Right.uasset" 4775
"C:/24CI0412MP/Content/Characters/MannequinsXR/Animations/A_MannequinsXR_Grasp_Right.uexp" 4776
"C:/24CI0412MP/Content/Characters/MannequinsXR/Animations/A_MannequinsXR_IndexCurl_Right.uasset" 4777
"C:/24CI0412MP/Content/Characters/MannequinsXR/Animations/A_MannequinsXR_IndexCurl_Right.uexp" 4778
"C:/24CI0412MP/Content/Characters/MannequinsXR/Meshes/ABP_MannequinsXR.uasset" 4779
"C:/24CI0412MP/Content/Characters/MannequinsXR/Meshes/ABP_MannequinsXR.uexp" 4780
"C:/24CI0412MP/Content/Characters/MannequinsXR/B_MannequinsXR.uasset" 4781
"C:/24CI0412MP/Content/Characters/MannequinsXR/B_MannequinsXR.uexp" 4782
"C:/24CI0412MP/Content/VRTemplate/Materials/DefaultRibbonMaterial_NoGradient.uasset" 4783
"C:/24CI0412MP/Content/VRTemplate/Materials/DefaultRibbonMaterial_NoGradient.uexp" 4784
"C:/24CI0412MP/Content/VRTemplate/VFX/NS_TeleportTrace.uasset" 4785
"C:/24CI0412MP/Content/VRTemplate/VFX/NS_TeleportTrace.uexp" 4786
"C:/24CI0412MP/Content/Characters/MannequinsXR/Meshes/SKM_MannyXR_right.uasset" 4787
"C:/24CI0412MP/Content/Characters/MannequinsXR/Meshes/SKM_MannyXR_right.uexp" 4788
"../../../Engine/Content/VREditor/Devices/Generic/GenericHMDMaterial.uasset" 4789
"../../../Engine/Content/VREditor/Devices/Generic/GenericHMDMaterial.uexp" 4790
"../../../Engine/Content/VREditor/Devices/Generic/GenericHMD.ubulk" 4791
"../../../Engine/Content/VREditor/Devices/Generic/GenericHMD.uasset" 4792
"../../../Engine/Content/VREditor/Devices/Generic/GenericHMD.uexp" 4793
"C:/24CI0412MP/Content/VRTemplate/VFX/NS_MenuLaser.uasset" 4794
"C:/24CI0412MP/Content/VRTemplate/VFX/NS_MenuLaser.uexp" 4795
"C:/24CI0412MP/Content/VRTemplate/Blueprints/WidgetMenu.uasset" 4796
"C:/24CI0412MP/Content/VRTemplate/Blueprints/WidgetMenu.uexp" 4797
"C:/24CI0412MP/Content/VRTemplate/Materials/M_VRCursor.uasset" 4798
"C:/24CI0412MP/Content/VRTemplate/Materials/M_VRCursor.uexp" 4799
"C:/24CI0412MP/Content/VRTemplate/Blueprints/Menu.uasset" 4800
"C:/24CI0412MP/Content/VRTemplate/Blueprints/Menu.uexp" 4801
"C:/24CI0412MP/Content/VRTemplate/Blueprints/VRPawn.uasset" 4802
"C:/24CI0412MP/Content/VRTemplate/Blueprints/VRPawn.uexp" 4803
"C:/24CI0412MP/Content/VRTemplate/Blueprints/VRGameMode.uasset" 4804
"C:/24CI0412MP/Content/VRTemplate/Blueprints/VRGameMode.uexp" 4805
"../../../Engine/Content/VREditor/BasicMeshes/MI_Ball_01.uasset" 4806
"../../../Engine/Content/VREditor/BasicMeshes/MI_Ball_01.uexp" 4807
"../../../Engine/Content/VREditor/BasicMeshes/SM_Ball_01.ubulk" 4808
"../../../Engine/Content/VREditor/BasicMeshes/SM_Ball_01.uasset" 4809
"../../../Engine/Content/VREditor/BasicMeshes/SM_Ball_01.uexp" 4810
"C:/24CI0412MP/Content/VRTemplate/Audio/Fire01.ubulk" 4811
"C:/24CI0412MP/Content/VRTemplate/Audio/Fire01.uasset" 4812
"C:/24CI0412MP/Content/VRTemplate/Audio/Fire01.uexp" 4813
"C:/24CI0412MP/Content/VRTemplate/Audio/Fire_Cue.uasset" 4814
"C:/24CI0412MP/Content/VRTemplate/Audio/Fire_Cue.uexp" 4815
"C:/24CI0412MP/Content/FPWeapon/Mesh/SK_FPGun_Skeleton.uasset" 4816
"C:/24CI0412MP/Content/FPWeapon/Mesh/SK_FPGun_Skeleton.uexp" 4817
"C:/24CI0412MP/Content/FPWeapon/Materials/MaterialLayers/T_ML_Rubber_Blue_01_D.ubulk" 4818
"C:/24CI0412MP/Content/FPWeapon/Materials/MaterialLayers/T_ML_Rubber_Blue_01_D.uasset" 4819
"C:/24CI0412MP/Content/FPWeapon/Materials/MaterialLayers/T_ML_Rubber_Blue_01_D.uexp" 4820
"C:/24CI0412MP/Content/FPWeapon/Textures/T_FPGun_N.ubulk" 4821
"C:/24CI0412MP/Content/FPWeapon/Textures/T_FPGun_N.uasset" 4822
"C:/24CI0412MP/Content/FPWeapon/Textures/T_FPGun_N.uexp" 4823
"../../../Engine/Content/Functions/MaterialLayerFunctions/MatLayerBlend_NormalBlend.uasset" 4824
"../../../Engine/Content/Functions/MaterialLayerFunctions/MatLayerBlend_NormalBlend.uexp" 4825
"C:/24CI0412MP/Content/FPWeapon/Materials/MaterialLayers/T_ML_Rubber_Blue_01_N.ubulk" 4826
"C:/24CI0412MP/Content/FPWeapon/Materials/MaterialLayers/T_ML_Rubber_Blue_01_N.uasset" 4827
"C:/24CI0412MP/Content/FPWeapon/Materials/MaterialLayers/T_ML_Rubber_Blue_01_N.uexp" 4828
"C:/24CI0412MP/Content/FPWeapon/Materials/MaterialLayers/ML_Screen.uasset" 4829
"C:/24CI0412MP/Content/FPWeapon/Materials/MaterialLayers/ML_Screen.uexp" 4830
"C:/24CI0412MP/Content/FPWeapon/Materials/MaterialLayers/T_ML_Aluminum01_N.ubulk" 4831
"C:/24CI0412MP/Content/FPWeapon/Materials/MaterialLayers/T_ML_Aluminum01_N.uasset" 4832
"C:/24CI0412MP/Content/FPWeapon/Materials/MaterialLayers/T_ML_Aluminum01_N.uexp" 4833
"C:/24CI0412MP/Content/FPWeapon/Materials/MaterialLayers/T_ML_Aluminum01.ubulk" 4834
"C:/24CI0412MP/Content/FPWeapon/Materials/MaterialLayers/T_ML_Aluminum01.uasset" 4835
"C:/24CI0412MP/Content/FPWeapon/Materials/MaterialLayers/T_ML_Aluminum01.uexp" 4836
"C:/24CI0412MP/Content/FPWeapon/Materials/MaterialLayers/ML_SoftMetal_UE4.uasset" 4837
"C:/24CI0412MP/Content/FPWeapon/Materials/MaterialLayers/ML_SoftMetal_UE4.uexp" 4838
"../../../Engine/Content/Functions/MaterialLayerFunctions/MatLayerBlend_Simple.uasset" 4839
"../../../Engine/Content/Functions/MaterialLayerFunctions/MatLayerBlend_Simple.uexp" 4840
"C:/24CI0412MP/Content/FPWeapon/Textures/T_FPGun_M.ubulk" 4841
"C:/24CI0412MP/Content/FPWeapon/Textures/T_FPGun_M.uasset" 4842
"C:/24CI0412MP/Content/FPWeapon/Textures/T_FPGun_M.uexp" 4843
"C:/24CI0412MP/Content/FPWeapon/Materials/MaterialLayers/ML_Plastic_Shiny_Beige.uasset" 4844
"C:/24CI0412MP/Content/FPWeapon/Materials/MaterialLayers/ML_Plastic_Shiny_Beige.uexp" 4845
"C:/24CI0412MP/Content/FPWeapon/Materials/MaterialLayers/ML_GlossyBlack_Latex_UE4.uasset" 4846
"C:/24CI0412MP/Content/FPWeapon/Materials/MaterialLayers/ML_GlossyBlack_Latex_UE4.uexp" 4847
"C:/24CI0412MP/Content/FPWeapon/Materials/M_FPGun.uasset" 4848
"C:/24CI0412MP/Content/FPWeapon/Materials/M_FPGun.uexp" 4849
"C:/24CI0412MP/Content/FPWeapon/Mesh/SK_FPGun_Physics.uasset" 4850
"C:/24CI0412MP/Content/FPWeapon/Mesh/SK_FPGun_Physics.uexp" 4851
"C:/24CI0412MP/Content/FPWeapon/Mesh/SK_FPGun.uasset" 4852
"C:/24CI0412MP/Content/FPWeapon/Mesh/SK_FPGun.uexp" 4853
"C:/24CI0412MP/Content/VRTemplate/Haptics/PistolFireHapticEffect.uasset" 4854
"C:/24CI0412MP/Content/VRTemplate/Haptics/PistolFireHapticEffect.uexp" 4855
"C:/24CI0412MP/Content/VRTemplate/Materials/M_Projectile.uasset" 4856
"C:/24CI0412MP/Content/VRTemplate/Materials/M_Projectile.uexp" 4857
"C:/24CI0412MP/Content/VRTemplate/Materials/MI_Projectile.uasset" 4858
"C:/24CI0412MP/Content/VRTemplate/Materials/MI_Projectile.uexp" 4859
"C:/24CI0412MP/Content/VRTemplate/Blueprints/Projectile.uasset" 4860
"C:/24CI0412MP/Content/VRTemplate/Blueprints/Projectile.uexp" 4861
"C:/24CI0412MP/Content/VRTemplate/Blueprints/Pistol.uasset" 4862
"C:/24CI0412MP/Content/VRTemplate/Blueprints/Pistol.uexp" 4863
"C:/24CI0412MP/Content/VRSpectator/Input/Actions/IA_VRSpectator_ResetRotation.uasset" 4864
"C:/24CI0412MP/Content/VRSpectator/Input/Actions/IA_VRSpectator_ResetRotation.uexp" 4865
"C:/24CI0412MP/Content/VRSpectator/Input/Actions/IA_VRSpectator_FOV_Reset.uasset" 4866
"C:/24CI0412MP/Content/VRSpectator/Input/Actions/IA_VRSpectator_FOV_Reset.uexp" 4867
"C:/24CI0412MP/Content/VRSpectator/Input/Actions/IA_VRSpectator_FOV.uasset" 4868
"C:/24CI0412MP/Content/VRSpectator/Input/Actions/IA_VRSpectator_FOV.uexp" 4869
"C:/24CI0412MP/Content/VRSpectator/Input/Actions/IA_VRSpectator_Toggle.uasset" 4870
"C:/24CI0412MP/Content/VRSpectator/Input/Actions/IA_VRSpectator_Toggle.uexp" 4871
"C:/24CI0412MP/Content/VRSpectator/Input/Actions/IA_VRSpectator_Move.uasset" 4872
"C:/24CI0412MP/Content/VRSpectator/Input/Actions/IA_VRSpectator_Move.uexp" 4873
"C:/24CI0412MP/Content/VRSpectator/Input/Actions/IA_VRSpectator_Look.uasset" 4874
"C:/24CI0412MP/Content/VRSpectator/Input/Actions/IA_VRSpectator_Look.uexp" 4875
"C:/24CI0412MP/Content/VRSpectator/Input/Actions/IA_VRSpectator_FadeInOut.uasset" 4876
"C:/24CI0412MP/Content/VRSpectator/Input/Actions/IA_VRSpectator_FadeInOut.uexp" 4877
"C:/24CI0412MP/Content/VRSpectator/Input/IMC_VRSpectator.uasset" 4878
"C:/24CI0412MP/Content/VRSpectator/Input/IMC_VRSpectator.uexp" 4879
"C:/24CI0412MP/Content/VRSpectator/RT_VRSpectator.uasset" 4880
"C:/24CI0412MP/Content/VRSpectator/RT_VRSpectator.uexp" 4881
"../../../Engine/Content/EditorResources/MatineeCam_D.uasset" 4882
"../../../Engine/Content/EditorResources/MatineeCam_D.uexp" 4883
"../../../Engine/Content/EditorMaterials/MatineeCam_mat.uasset" 4884
"../../../Engine/Content/EditorMaterials/MatineeCam_mat.uexp" 4885
"../../../Engine/Content/EditorMeshes/MatineeCam_SM.ubulk" 4886
"../../../Engine/Content/EditorMeshes/MatineeCam_SM.uasset" 4887
"../../../Engine/Content/EditorMeshes/MatineeCam_SM.uexp" 4888
"C:/24CI0412MP/Content/VRSpectator/EVRSpectatorMode.uasset" 4889
"C:/24CI0412MP/Content/VRSpectator/EVRSpectatorMode.uexp" 4890
"C:/24CI0412MP/Content/VRSpectator/VRSpectator.uasset" 4891
"C:/24CI0412MP/Content/VRSpectator/VRSpectator.uexp" 4892
"C:/24CI0412MP/Content/VRTemplate/Maps/VRTemplateMap_BuiltData.ubulk" 4893
"C:/24CI0412MP/Content/VRTemplate/Maps/VRTemplateMap_BuiltData.uasset" 4894
"C:/24CI0412MP/Content/VRTemplate/Maps/VRTemplateMap_BuiltData.uexp" 4895
"C:/24CI0412MP/Content/VRTemplate/Maps/VRTemplateMap.uexp" 4896
"C:/24CI0412MP/Content/VRTemplate/Maps/VRTemplateMap.umap" 4897
"C:/24CI0412MP/Content/StarterContent/Textures/T_Frame_M.ubulk" 4898
"C:/24CI0412MP/Content/StarterContent/Textures/T_Frame_M.uasset" 4899
"C:/24CI0412MP/Content/StarterContent/Textures/T_Frame_M.uexp" 4900
"C:/24CI0412MP/Content/StarterContent/Textures/T_Frame_N.ubulk" 4901
"C:/24CI0412MP/Content/StarterContent/Textures/T_Frame_N.uasset" 4902
"C:/24CI0412MP/Content/StarterContent/Textures/T_Frame_N.uexp" 4903
"C:/24CI0412MP/Content/StarterContent/Props/Materials/M_Frame.uasset" 4904
"C:/24CI0412MP/Content/StarterContent/Props/Materials/M_Frame.uexp" 4905
"C:/24CI0412MP/Content/StarterContent/Props/SM_DoorFrame.ubulk" 4906
"C:/24CI0412MP/Content/StarterContent/Props/SM_DoorFrame.uasset" 4907
"C:/24CI0412MP/Content/StarterContent/Props/SM_DoorFrame.uexp" 4908
"C:/24CI0412MP/Content/StarterContent/Textures/T_MacroVariation.uasset" 4909
"C:/24CI0412MP/Content/StarterContent/Textures/T_MacroVariation.uexp" 4910
"C:/24CI0412MP/Content/StarterContent/Materials/M_Metal_Brushed_Nickel.uasset" 4911
"C:/24CI0412MP/Content/StarterContent/Materials/M_Metal_Brushed_Nickel.uexp" 4912
"C:/24CI0412MP/Content/StarterContent/Textures/T_Lamp_N.ubulk" 4913
"C:/24CI0412MP/Content/StarterContent/Textures/T_Lamp_N.uasset" 4914
"C:/24CI0412MP/Content/StarterContent/Textures/T_Lamp_N.uexp" 4915
"C:/24CI0412MP/Content/StarterContent/Textures/T_Lamp_M.ubulk" 4916
"C:/24CI0412MP/Content/StarterContent/Textures/T_Lamp_M.uasset" 4917
"C:/24CI0412MP/Content/StarterContent/Textures/T_Lamp_M.uexp" 4918
"C:/24CI0412MP/Content/StarterContent/Props/Materials/M_Lamp.uasset" 4919
"C:/24CI0412MP/Content/StarterContent/Props/Materials/M_Lamp.uexp" 4920
"C:/24CI0412MP/Content/StarterContent/Props/SM_Lamp_Ceiling.ubulk" 4921
"C:/24CI0412MP/Content/StarterContent/Props/SM_Lamp_Ceiling.uasset" 4922
"C:/24CI0412MP/Content/StarterContent/Props/SM_Lamp_Ceiling.uexp" 4923
"C:/24CI0412MP/Content/StarterContent/Blueprints/Blueprint_CeilingLight.uasset" 4924
"C:/24CI0412MP/Content/StarterContent/Blueprints/Blueprint_CeilingLight.uexp" 4925
"../../../Engine/Content/Functions/Engine_MaterialFunctions03/Procedurals/ComputeFilterWidth.uasset" 4926
"../../../Engine/Content/Functions/Engine_MaterialFunctions03/Procedurals/ComputeFilterWidth.uexp" 4927
"../../../Engine/Content/EngineMaterials/AntiAliasedTextMaterialTranslucent.uasset" 4928
"../../../Engine/Content/EngineMaterials/AntiAliasedTextMaterialTranslucent.uexp" 4929
"C:/24CI0412MP/Content/StarterContent/Architecture/Wall_Door_400x300.ubulk" 4930
"C:/24CI0412MP/Content/StarterContent/Architecture/Wall_Door_400x300.uasset" 4931
"C:/24CI0412MP/Content/StarterContent/Architecture/Wall_Door_400x300.uexp" 4932
"C:/24CI0412MP/Content/StarterContent/Textures/T_Wood_Pine_D.ubulk" 4933
"C:/24CI0412MP/Content/StarterContent/Textures/T_Wood_Pine_D.uasset" 4934
"C:/24CI0412MP/Content/StarterContent/Textures/T_Wood_Pine_D.uexp" 4935
"C:/24CI0412MP/Content/StarterContent/Textures/T_Wood_Pine_N.ubulk" 4936
"C:/24CI0412MP/Content/StarterContent/Textures/T_Wood_Pine_N.uasset" 4937
"C:/24CI0412MP/Content/StarterContent/Textures/T_Wood_Pine_N.uexp" 4938
"C:/24CI0412MP/Content/StarterContent/Textures/T_Perlin_Noise_M.ubulk" 4939
"C:/24CI0412MP/Content/StarterContent/Textures/T_Perlin_Noise_M.uasset" 4940
"C:/24CI0412MP/Content/StarterContent/Textures/T_Perlin_Noise_M.uexp" 4941
"C:/24CI0412MP/Content/StarterContent/Materials/M_Wood_Pine.uasset" 4942
"C:/24CI0412MP/Content/StarterContent/Materials/M_Wood_Pine.uexp" 4943
"C:/24CI0412MP/Content/StarterContent/Textures/T_Rock_Smooth_Granite_D.ubulk" 4944
"C:/24CI0412MP/Content/StarterContent/Textures/T_Rock_Smooth_Granite_D.uasset" 4945
"C:/24CI0412MP/Content/StarterContent/Textures/T_Rock_Smooth_Granite_D.uexp" 4946
"C:/24CI0412MP/Content/StarterContent/Textures/T_CobbleStone_Smooth_D.ubulk" 4947
"C:/24CI0412MP/Content/StarterContent/Textures/T_CobbleStone_Smooth_D.uasset" 4948
"C:/24CI0412MP/Content/StarterContent/Textures/T_CobbleStone_Smooth_D.uexp" 4949
"C:/24CI0412MP/Content/StarterContent/Textures/T_Gradinet_01.ubulk" 4950
"C:/24CI0412MP/Content/StarterContent/Textures/T_Gradinet_01.uasset" 4951
"C:/24CI0412MP/Content/StarterContent/Textures/T_Gradinet_01.uexp" 4952
"C:/24CI0412MP/Content/StarterContent/Textures/T_CobbleStone_Smooth_M.ubulk" 4953
"C:/24CI0412MP/Content/StarterContent/Textures/T_CobbleStone_Smooth_M.uasset" 4954
"C:/24CI0412MP/Content/StarterContent/Textures/T_CobbleStone_Smooth_M.uexp" 4955
"C:/24CI0412MP/Content/StarterContent/Textures/T_CobbleStone_Smooth_N.ubulk" 4956
"C:/24CI0412MP/Content/StarterContent/Textures/T_CobbleStone_Smooth_N.uasset" 4957
"C:/24CI0412MP/Content/StarterContent/Textures/T_CobbleStone_Smooth_N.uexp" 4958
"C:/24CI0412MP/Content/StarterContent/Materials/M_CobbleStone_Smooth.uasset" 4959
"C:/24CI0412MP/Content/StarterContent/Materials/M_CobbleStone_Smooth.uexp" 4960
"C:/24CI0412MP/Content/StarterContent/Textures/T_Rock_Basalt_N.ubulk" 4961
"C:/24CI0412MP/Content/StarterContent/Textures/T_Rock_Basalt_N.uasset" 4962
"C:/24CI0412MP/Content/StarterContent/Textures/T_Rock_Basalt_N.uexp" 4963
"C:/24CI0412MP/Content/StarterContent/Materials/M_Rock_Basalt.uasset" 4964
"C:/24CI0412MP/Content/StarterContent/Materials/M_Rock_Basalt.uexp" 4965
"C:/24CI0412MP/Content/StarterContent/Shapes/Shape_Cube.ubulk" 4966
"C:/24CI0412MP/Content/StarterContent/Shapes/Shape_Cube.uasset" 4967
"C:/24CI0412MP/Content/StarterContent/Shapes/Shape_Cube.uexp" 4968
"C:/24CI0412MP/Content/StarterContent/Textures/T_Concrete_Tiles_Variation_M.ubulk" 4969
"C:/24CI0412MP/Content/StarterContent/Textures/T_Concrete_Tiles_Variation_M.uasset" 4970
"C:/24CI0412MP/Content/StarterContent/Textures/T_Concrete_Tiles_Variation_M.uexp" 4971
"C:/24CI0412MP/Content/StarterContent/Textures/T_Concrete_Tiles_D.ubulk" 4972
"C:/24CI0412MP/Content/StarterContent/Textures/T_Concrete_Tiles_D.uasset" 4973
"C:/24CI0412MP/Content/StarterContent/Textures/T_Concrete_Tiles_D.uexp" 4974
"C:/24CI0412MP/Content/StarterContent/Textures/T_Concrete_Tiles_M.ubulk" 4975
"C:/24CI0412MP/Content/StarterContent/Textures/T_Concrete_Tiles_M.uasset" 4976
"C:/24CI0412MP/Content/StarterContent/Textures/T_Concrete_Tiles_M.uexp" 4977
"C:/24CI0412MP/Content/StarterContent/Textures/T_Concrete_Tiles_N.ubulk" 4978
"C:/24CI0412MP/Content/StarterContent/Textures/T_Concrete_Tiles_N.uasset" 4979
"C:/24CI0412MP/Content/StarterContent/Textures/T_Concrete_Tiles_N.uexp" 4980
"C:/24CI0412MP/Content/StarterContent/Materials/M_Concrete_Tiles.uasset" 4981
"C:/24CI0412MP/Content/StarterContent/Materials/M_Concrete_Tiles.uexp" 4982
"C:/24CI0412MP/Content/StarterContent/Props/MaterialSphere.ubulk" 4983
"C:/24CI0412MP/Content/StarterContent/Props/MaterialSphere.uasset" 4984
"C:/24CI0412MP/Content/StarterContent/Props/MaterialSphere.uexp" 4985
"C:/24CI0412MP/Content/StarterContent/Textures/T_Metal_Rust_N.ubulk" 4986
"C:/24CI0412MP/Content/StarterContent/Textures/T_Metal_Rust_N.uasset" 4987
"C:/24CI0412MP/Content/StarterContent/Textures/T_Metal_Rust_N.uexp" 4988
"C:/24CI0412MP/Content/StarterContent/Textures/T_Metal_Rust_D.ubulk" 4989
"C:/24CI0412MP/Content/StarterContent/Textures/T_Metal_Rust_D.uasset" 4990
"C:/24CI0412MP/Content/StarterContent/Textures/T_Metal_Rust_D.uexp" 4991
"C:/24CI0412MP/Content/StarterContent/Materials/M_Metal_Rust.uasset" 4992
"C:/24CI0412MP/Content/StarterContent/Materials/M_Metal_Rust.uexp" 4993
"C:/24CI0412MP/Content/StarterContent/Textures/T_Rock_Slate_D.ubulk" 4994
"C:/24CI0412MP/Content/StarterContent/Textures/T_Rock_Slate_D.uasset" 4995
"C:/24CI0412MP/Content/StarterContent/Textures/T_Rock_Slate_D.uexp" 4996
"C:/24CI0412MP/Content/StarterContent/Textures/T_Rock_Slate_N.ubulk" 4997
"C:/24CI0412MP/Content/StarterContent/Textures/T_Rock_Slate_N.uasset" 4998
"C:/24CI0412MP/Content/StarterContent/Textures/T_Rock_Slate_N.uexp" 4999
"C:/24CI0412MP/Content/StarterContent/Materials/M_Rock_Slate.uasset" 5000
"C:/24CI0412MP/Content/StarterContent/Materials/M_Rock_Slate.uexp" 5001
"C:/24CI0412MP/Content/StarterContent/Textures/T_Concrete_Poured_D.ubulk" 5002
"C:/24CI0412MP/Content/StarterContent/Textures/T_Concrete_Poured_D.uasset" 5003
"C:/24CI0412MP/Content/StarterContent/Textures/T_Concrete_Poured_D.uexp" 5004
"C:/24CI0412MP/Content/StarterContent/Textures/T_Concrete_Poured_N.ubulk" 5005
"C:/24CI0412MP/Content/StarterContent/Textures/T_Concrete_Poured_N.uasset" 5006
"C:/24CI0412MP/Content/StarterContent/Textures/T_Concrete_Poured_N.uexp" 5007
"C:/24CI0412MP/Content/StarterContent/Materials/M_Concrete_Poured.uasset" 5008
"C:/24CI0412MP/Content/StarterContent/Materials/M_Concrete_Poured.uexp" 5009
"C:/24CI0412MP/Content/StarterContent/Textures/T_Brick_Clay_Beveled_M.ubulk" 5010
"C:/24CI0412MP/Content/StarterContent/Textures/T_Brick_Clay_Beveled_M.uasset" 5011
"C:/24CI0412MP/Content/StarterContent/Textures/T_Brick_Clay_Beveled_M.uexp" 5012
"C:/24CI0412MP/Content/StarterContent/Textures/T_Brick_Clay_Beveled_N.ubulk" 5013
"C:/24CI0412MP/Content/StarterContent/Textures/T_Brick_Clay_Beveled_N.uasset" 5014
"C:/24CI0412MP/Content/StarterContent/Textures/T_Brick_Clay_Beveled_N.uexp" 5015
"C:/24CI0412MP/Content/StarterContent/Textures/T_Brick_Clay_Beveled_D.ubulk" 5016
"C:/24CI0412MP/Content/StarterContent/Textures/T_Brick_Clay_Beveled_D.uasset" 5017
"C:/24CI0412MP/Content/StarterContent/Textures/T_Brick_Clay_Beveled_D.uexp" 5018
"C:/24CI0412MP/Content/StarterContent/Materials/M_Brick_Clay_Beveled.uasset" 5019
"C:/24CI0412MP/Content/StarterContent/Materials/M_Brick_Clay_Beveled.uexp" 5020
"C:/24CI0412MP/Content/StarterContent/Textures/T_Tech_Hex_Tile_M.ubulk" 5021
"C:/24CI0412MP/Content/StarterContent/Textures/T_Tech_Hex_Tile_M.uasset" 5022
"C:/24CI0412MP/Content/StarterContent/Textures/T_Tech_Hex_Tile_M.uexp" 5023
"C:/24CI0412MP/Content/StarterContent/Textures/T_Tech_Hex_Tile_N.ubulk" 5024
"C:/24CI0412MP/Content/StarterContent/Textures/T_Tech_Hex_Tile_N.uasset" 5025
"C:/24CI0412MP/Content/StarterContent/Textures/T_Tech_Hex_Tile_N.uexp" 5026
"C:/24CI0412MP/Content/StarterContent/Materials/M_Tech_Hex_Tile.uasset" 5027
"C:/24CI0412MP/Content/StarterContent/Materials/M_Tech_Hex_Tile.uexp" 5028
"../../../Engine/Content/Functions/Engine_MaterialFunctions01/Opacity/AlphaOffset.uasset" 5029
"../../../Engine/Content/Functions/Engine_MaterialFunctions01/Opacity/AlphaOffset.uexp" 5030
"C:/24CI0412MP/Content/StarterContent/Textures/T_Wood_Floor_Walnut_M.ubulk" 5031
"C:/24CI0412MP/Content/StarterContent/Textures/T_Wood_Floor_Walnut_M.uasset" 5032
"C:/24CI0412MP/Content/StarterContent/Textures/T_Wood_Floor_Walnut_M.uexp" 5033
"C:/24CI0412MP/Content/StarterContent/Textures/T_Wood_Floor_Walnut_D.ubulk" 5034
"C:/24CI0412MP/Content/StarterContent/Textures/T_Wood_Floor_Walnut_D.uasset" 5035
"C:/24CI0412MP/Content/StarterContent/Textures/T_Wood_Floor_Walnut_D.uexp" 5036
"C:/24CI0412MP/Content/StarterContent/Textures/T_Wood_Floor_Walnut_N.ubulk" 5037
"C:/24CI0412MP/Content/StarterContent/Textures/T_Wood_Floor_Walnut_N.uasset" 5038
"C:/24CI0412MP/Content/StarterContent/Textures/T_Wood_Floor_Walnut_N.uexp" 5039
"C:/24CI0412MP/Content/StarterContent/Materials/M_Wood_Floor_Walnut_Worn.uasset" 5040
"C:/24CI0412MP/Content/StarterContent/Materials/M_Wood_Floor_Walnut_Worn.uexp" 5041
"C:/24CI0412MP/Content/StarterContent/Textures/T_Ground_Gravel_N.ubulk" 5042
"C:/24CI0412MP/Content/StarterContent/Textures/T_Ground_Gravel_N.uasset" 5043
"C:/24CI0412MP/Content/StarterContent/Textures/T_Ground_Gravel_N.uexp" 5044
"C:/24CI0412MP/Content/StarterContent/Textures/T_Ground_Gravel_D.ubulk" 5045
"C:/24CI0412MP/Content/StarterContent/Textures/T_Ground_Gravel_D.uasset" 5046
"C:/24CI0412MP/Content/StarterContent/Textures/T_Ground_Gravel_D.uexp" 5047
"C:/24CI0412MP/Content/StarterContent/Materials/M_Ground_Gravel.uasset" 5048
"C:/24CI0412MP/Content/StarterContent/Materials/M_Ground_Gravel.uexp" 5049
"C:/24CI0412MP/Content/StarterContent/Audio/Steam01_Cue.uasset" 5050
"C:/24CI0412MP/Content/StarterContent/Audio/Steam01_Cue.uexp" 5051
"C:/24CI0412MP/Content/StarterContent/Particles/P_Steam_Lit.uasset" 5052
"C:/24CI0412MP/Content/StarterContent/Particles/P_Steam_Lit.uexp" 5053
"C:/24CI0412MP/Content/StarterContent/Blueprints/Blueprint_Effect_Steam.uasset" 5054
"C:/24CI0412MP/Content/StarterContent/Blueprints/Blueprint_Effect_Steam.uexp" 5055
"C:/24CI0412MP/Content/StarterContent/Audio/Fire_Sparks01_Cue.uasset" 5056
"C:/24CI0412MP/Content/StarterContent/Audio/Fire_Sparks01_Cue.uexp" 5057
"C:/24CI0412MP/Content/StarterContent/Textures/T_Spark_Core.ubulk" 5058
"C:/24CI0412MP/Content/StarterContent/Textures/T_Spark_Core.uasset" 5059
"C:/24CI0412MP/Content/StarterContent/Textures/T_Spark_Core.uexp" 5060
"C:/24CI0412MP/Content/StarterContent/Particles/Materials/M_Spark.uasset" 5061
"C:/24CI0412MP/Content/StarterContent/Particles/Materials/M_Spark.uexp" 5062
"C:/24CI0412MP/Content/StarterContent/Particles/Materials/M_Radial_Gradient.uasset" 5063
"C:/24CI0412MP/Content/StarterContent/Particles/Materials/M_Radial_Gradient.uexp" 5064
"C:/24CI0412MP/Content/StarterContent/Particles/P_Sparks.uasset" 5065
"C:/24CI0412MP/Content/StarterContent/Particles/P_Sparks.uexp" 5066
"C:/24CI0412MP/Content/StarterContent/Blueprints/Blueprint_Effect_Sparks.uasset" 5067
"C:/24CI0412MP/Content/StarterContent/Blueprints/Blueprint_Effect_Sparks.uexp" 5068
"C:/24CI0412MP/Content/StarterContent/Textures/T_Water_N.ubulk" 5069
"C:/24CI0412MP/Content/StarterContent/Textures/T_Water_N.uasset" 5070
"C:/24CI0412MP/Content/StarterContent/Textures/T_Water_N.uexp" 5071
"C:/24CI0412MP/Content/StarterContent/Materials/M_Water_Lake.uasset" 5072
"C:/24CI0412MP/Content/StarterContent/Materials/M_Water_Lake.uexp" 5073
"C:/24CI0412MP/Content/StarterContent/Architecture/Wall_400x200.ubulk" 5074
"C:/24CI0412MP/Content/StarterContent/Architecture/Wall_400x200.uasset" 5075
"C:/24CI0412MP/Content/StarterContent/Architecture/Wall_400x200.uexp" 5076
"C:/24CI0412MP/Content/StarterContent/Textures/T_Checker_Noise_M.ubulk" 5077
"C:/24CI0412MP/Content/StarterContent/Textures/T_Checker_Noise_M.uasset" 5078
"C:/24CI0412MP/Content/StarterContent/Textures/T_Checker_Noise_M.uexp" 5079
"C:/24CI0412MP/Content/StarterContent/Textures/T_Tech_Dot_M.ubulk" 5080
"C:/24CI0412MP/Content/StarterContent/Textures/T_Tech_Dot_M.uasset" 5081
"C:/24CI0412MP/Content/StarterContent/Textures/T_Tech_Dot_M.uexp" 5082
"C:/24CI0412MP/Content/StarterContent/Textures/T_Tech_Dot_N.ubulk" 5083
"C:/24CI0412MP/Content/StarterContent/Textures/T_Tech_Dot_N.uasset" 5084
"C:/24CI0412MP/Content/StarterContent/Textures/T_Tech_Dot_N.uexp" 5085
"C:/24CI0412MP/Content/StarterContent/Textures/T_Single_Tile_N.ubulk" 5086
"C:/24CI0412MP/Content/StarterContent/Textures/T_Single_Tile_N.uasset" 5087
"C:/24CI0412MP/Content/StarterContent/Textures/T_Single_Tile_N.uexp" 5088
"C:/24CI0412MP/Content/StarterContent/Materials/M_Tech_Checker_Dot.uasset" 5089
"C:/24CI0412MP/Content/StarterContent/Materials/M_Tech_Checker_Dot.uexp" 5090
"C:/24CI0412MP/Content/StarterContent/Architecture/Floor_400x400.ubulk" 5091
"C:/24CI0412MP/Content/StarterContent/Architecture/Floor_400x400.uasset" 5092
"C:/24CI0412MP/Content/StarterContent/Architecture/Floor_400x400.uexp" 5093
"C:/24CI0412MP/Content/StarterContent/Props/SM_GlassWindow.ubulk" 5094
"C:/24CI0412MP/Content/StarterContent/Props/SM_GlassWindow.uasset" 5095
"C:/24CI0412MP/Content/StarterContent/Props/SM_GlassWindow.uexp" 5096
"C:/24CI0412MP/Content/StarterContent/Textures/T_Metal_Gold_N.ubulk" 5097
"C:/24CI0412MP/Content/StarterContent/Textures/T_Metal_Gold_N.uasset" 5098
"C:/24CI0412MP/Content/StarterContent/Textures/T_Metal_Gold_N.uexp" 5099
"C:/24CI0412MP/Content/StarterContent/Textures/T_Rock_Marble_Polished_D.ubulk" 5100
"C:/24CI0412MP/Content/StarterContent/Textures/T_Rock_Marble_Polished_D.uasset" 5101
"C:/24CI0412MP/Content/StarterContent/Textures/T_Rock_Marble_Polished_D.uexp" 5102
"C:/24CI0412MP/Content/StarterContent/Materials/M_Rock_Marble_Polished.uasset" 5103
"C:/24CI0412MP/Content/StarterContent/Materials/M_Rock_Marble_Polished.uexp" 5104
"C:/24CI0412MP/Content/StarterContent/Textures/T_Concrete_Grime_D.ubulk" 5105
"C:/24CI0412MP/Content/StarterContent/Textures/T_Concrete_Grime_D.uasset" 5106
"C:/24CI0412MP/Content/StarterContent/Textures/T_Concrete_Grime_D.uexp" 5107
"C:/24CI0412MP/Content/StarterContent/Materials/M_Concrete_Grime.uasset" 5108
"C:/24CI0412MP/Content/StarterContent/Materials/M_Concrete_Grime.uexp" 5109
"C:/24CI0412MP/Content/StarterContent/Textures/T_Ceramic_Tile_M.ubulk" 5110
"C:/24CI0412MP/Content/StarterContent/Textures/T_Ceramic_Tile_M.uasset" 5111
"C:/24CI0412MP/Content/StarterContent/Textures/T_Ceramic_Tile_M.uexp" 5112
"C:/24CI0412MP/Content/StarterContent/Textures/T_Ceramic_Tile_N.ubulk" 5113
"C:/24CI0412MP/Content/StarterContent/Textures/T_Ceramic_Tile_N.uasset" 5114
"C:/24CI0412MP/Content/StarterContent/Textures/T_Ceramic_Tile_N.uexp" 5115
"C:/24CI0412MP/Content/StarterContent/Materials/M_Ceramic_Tile_Checker.uasset" 5116
"C:/24CI0412MP/Content/StarterContent/Materials/M_Ceramic_Tile_Checker.uexp" 5117
"C:/24CI0412MP/Content/StarterContent/Textures/T_Rock_Sandstone_N.ubulk" 5118
"C:/24CI0412MP/Content/StarterContent/Textures/T_Rock_Sandstone_N.uasset" 5119
"C:/24CI0412MP/Content/StarterContent/Textures/T_Rock_Sandstone_N.uexp" 5120
"C:/24CI0412MP/Content/StarterContent/Textures/T_Rock_Sandstone_D.ubulk" 5121
"C:/24CI0412MP/Content/StarterContent/Textures/T_Rock_Sandstone_D.uasset" 5122
"C:/24CI0412MP/Content/StarterContent/Textures/T_Rock_Sandstone_D.uexp" 5123
"C:/24CI0412MP/Content/StarterContent/Materials/M_Rock_Sandstone.uasset" 5124
"C:/24CI0412MP/Content/StarterContent/Materials/M_Rock_Sandstone.uexp" 5125
"C:/24CI0412MP/Content/StarterContent/Textures/T_Wood_Walnut_N.ubulk" 5126
"C:/24CI0412MP/Content/StarterContent/Textures/T_Wood_Walnut_N.uasset" 5127
"C:/24CI0412MP/Content/StarterContent/Textures/T_Wood_Walnut_N.uexp" 5128
"C:/24CI0412MP/Content/StarterContent/Textures/T_Wood_Walnut_D.ubulk" 5129
"C:/24CI0412MP/Content/StarterContent/Textures/T_Wood_Walnut_D.uasset" 5130
"C:/24CI0412MP/Content/StarterContent/Textures/T_Wood_Walnut_D.uexp" 5131
"C:/24CI0412MP/Content/StarterContent/Materials/M_Wood_Walnut.uasset" 5132
"C:/24CI0412MP/Content/StarterContent/Materials/M_Wood_Walnut.uexp" 5133
"C:/24CI0412MP/Content/StarterContent/Audio/Collapse_Cue.uasset" 5134
"C:/24CI0412MP/Content/StarterContent/Audio/Collapse_Cue.uexp" 5135
"C:/24CI0412MP/Content/StarterContent/Textures/T_Brick_Cut_Stone_N.ubulk" 5136
"C:/24CI0412MP/Content/StarterContent/Textures/T_Brick_Cut_Stone_N.uasset" 5137
"C:/24CI0412MP/Content/StarterContent/Textures/T_Brick_Cut_Stone_N.uexp" 5138
"C:/24CI0412MP/Content/StarterContent/Textures/T_Brick_Cut_Stone_D.ubulk" 5139
"C:/24CI0412MP/Content/StarterContent/Textures/T_Brick_Cut_Stone_D.uasset" 5140
"C:/24CI0412MP/Content/StarterContent/Textures/T_Brick_Cut_Stone_D.uexp" 5141
"C:/24CI0412MP/Content/StarterContent/Materials/M_Brick_Cut_Stone.uasset" 5142
"C:/24CI0412MP/Content/StarterContent/Materials/M_Brick_Cut_Stone.uexp" 5143
"C:/24CI0412MP/Content/StarterContent/Textures/T_Dust_Particle_D.ubulk" 5144
"C:/24CI0412MP/Content/StarterContent/Textures/T_Dust_Particle_D.uasset" 5145
"C:/24CI0412MP/Content/StarterContent/Textures/T_Dust_Particle_D.uexp" 5146
"C:/24CI0412MP/Content/StarterContent/Particles/Materials/M_Dust_Particle.uasset" 5147
"C:/24CI0412MP/Content/StarterContent/Particles/Materials/M_Dust_Particle.uexp" 5148
"C:/24CI0412MP/Content/StarterContent/Particles/P_Ambient_Dust.uasset" 5149
"C:/24CI0412MP/Content/StarterContent/Particles/P_Ambient_Dust.uexp" 5150
"C:/24CI0412MP/Content/StarterContent/Props/SM_WindowFrame.ubulk" 5151
"C:/24CI0412MP/Content/StarterContent/Props/SM_WindowFrame.uasset" 5152
"C:/24CI0412MP/Content/StarterContent/Props/SM_WindowFrame.uexp" 5153
"C:/24CI0412MP/Content/StarterContent/Textures/T_Metal_Copper_D.ubulk" 5154
"C:/24CI0412MP/Content/StarterContent/Textures/T_Metal_Copper_D.uasset" 5155
"C:/24CI0412MP/Content/StarterContent/Textures/T_Metal_Copper_D.uexp" 5156
"C:/24CI0412MP/Content/StarterContent/Materials/M_Metal_Copper.uasset" 5157
"C:/24CI0412MP/Content/StarterContent/Materials/M_Metal_Copper.uexp" 5158
"C:/24CI0412MP/Content/StarterContent/Textures/T_Water_M.ubulk" 5159
"C:/24CI0412MP/Content/StarterContent/Textures/T_Water_M.uasset" 5160
"C:/24CI0412MP/Content/StarterContent/Textures/T_Water_M.uexp" 5161
"C:/24CI0412MP/Content/StarterContent/Materials/M_Water_Ocean.uasset" 5162
"C:/24CI0412MP/Content/StarterContent/Materials/M_Water_Ocean.uexp" 5163
"C:/24CI0412MP/Content/StarterContent/Textures/T_CobbleStone_Pebble_N.ubulk" 5164
"C:/24CI0412MP/Content/StarterContent/Textures/T_CobbleStone_Pebble_N.uasset" 5165
"C:/24CI0412MP/Content/StarterContent/Textures/T_CobbleStone_Pebble_N.uexp" 5166
"C:/24CI0412MP/Content/StarterContent/Textures/T_CobbleStone_Pebble_M.ubulk" 5167
"C:/24CI0412MP/Content/StarterContent/Textures/T_CobbleStone_Pebble_M.uasset" 5168
"C:/24CI0412MP/Content/StarterContent/Textures/T_CobbleStone_Pebble_M.uexp" 5169
"C:/24CI0412MP/Content/StarterContent/Textures/T_CobbleStone_Pebble_D.ubulk" 5170
"C:/24CI0412MP/Content/StarterContent/Textures/T_CobbleStone_Pebble_D.uasset" 5171
"C:/24CI0412MP/Content/StarterContent/Textures/T_CobbleStone_Pebble_D.uexp" 5172
"C:/24CI0412MP/Content/StarterContent/Materials/M_CobbleStone_Pebble.uasset" 5173
"C:/24CI0412MP/Content/StarterContent/Materials/M_CobbleStone_Pebble.uexp" 5174
"C:/24CI0412MP/Content/StarterContent/Textures/T_Brick_Clay_Old_N.ubulk" 5175
"C:/24CI0412MP/Content/StarterContent/Textures/T_Brick_Clay_Old_N.uasset" 5176
"C:/24CI0412MP/Content/StarterContent/Textures/T_Brick_Clay_Old_N.uexp" 5177
"C:/24CI0412MP/Content/StarterContent/Textures/T_Brick_Clay_Old_D.ubulk" 5178
"C:/24CI0412MP/Content/StarterContent/Textures/T_Brick_Clay_Old_D.uasset" 5179
"C:/24CI0412MP/Content/StarterContent/Textures/T_Brick_Clay_Old_D.uexp" 5180
"C:/24CI0412MP/Content/StarterContent/Materials/M_Brick_Clay_Old.uasset" 5181
"C:/24CI0412MP/Content/StarterContent/Materials/M_Brick_Clay_Old.uexp" 5182
"C:/24CI0412MP/Content/StarterContent/Textures/T_Metal_Steel_D.ubulk" 5183
"C:/24CI0412MP/Content/StarterContent/Textures/T_Metal_Steel_D.uasset" 5184
"C:/24CI0412MP/Content/StarterContent/Textures/T_Metal_Steel_D.uexp" 5185
"C:/24CI0412MP/Content/StarterContent/Textures/T_Metal_Steel_N.ubulk" 5186
"C:/24CI0412MP/Content/StarterContent/Textures/T_Metal_Steel_N.uasset" 5187
"C:/24CI0412MP/Content/StarterContent/Textures/T_Metal_Steel_N.uexp" 5188
"C:/24CI0412MP/Content/StarterContent/Materials/M_Metal_Steel.uasset" 5189
"C:/24CI0412MP/Content/StarterContent/Materials/M_Metal_Steel.uexp" 5190
"C:/24CI0412MP/Content/StarterContent/Materials/M_Wood_Floor_Walnut_Polished.uasset" 5191
"C:/24CI0412MP/Content/StarterContent/Materials/M_Wood_Floor_Walnut_Polished.uexp" 5192
"C:/24CI0412MP/Content/StarterContent/Props/SM_Lamp_Wall.ubulk" 5193
"C:/24CI0412MP/Content/StarterContent/Props/SM_Lamp_Wall.uasset" 5194
"C:/24CI0412MP/Content/StarterContent/Props/SM_Lamp_Wall.uexp" 5195
"C:/24CI0412MP/Content/StarterContent/Blueprints/Blueprint_WallSconce.uasset" 5196
"C:/24CI0412MP/Content/StarterContent/Blueprints/Blueprint_WallSconce.uexp" 5197
"C:/24CI0412MP/Content/StarterContent/Textures/T_Tech_Panel_N.ubulk" 5198
"C:/24CI0412MP/Content/StarterContent/Textures/T_Tech_Panel_N.uasset" 5199
"C:/24CI0412MP/Content/StarterContent/Textures/T_Tech_Panel_N.uexp" 5200
"C:/24CI0412MP/Content/StarterContent/Textures/T_Tech_Panel_M.ubulk" 5201
"C:/24CI0412MP/Content/StarterContent/Textures/T_Tech_Panel_M.uasset" 5202
"C:/24CI0412MP/Content/StarterContent/Textures/T_Tech_Panel_M.uexp" 5203
"C:/24CI0412MP/Content/StarterContent/Materials/M_Tech_Panel.uasset" 5204
"C:/24CI0412MP/Content/StarterContent/Materials/M_Tech_Panel.uexp" 5205
"C:/24CI0412MP/Content/StarterContent/Materials/M_Tech_Hex_Tile_Pulse.uasset" 5206
"C:/24CI0412MP/Content/StarterContent/Materials/M_Tech_Hex_Tile_Pulse.uexp" 5207
"C:/24CI0412MP/Content/StarterContent/Props/SM_PillarFrame.ubulk" 5208
"C:/24CI0412MP/Content/StarterContent/Props/SM_PillarFrame.uasset" 5209
"C:/24CI0412MP/Content/StarterContent/Props/SM_PillarFrame.uexp" 5210
"C:/24CI0412MP/Content/StarterContent/Textures/T_TableRound_N.ubulk" 5211
"C:/24CI0412MP/Content/StarterContent/Textures/T_TableRound_N.uasset" 5212
"C:/24CI0412MP/Content/StarterContent/Textures/T_TableRound_N.uexp" 5213
"C:/24CI0412MP/Content/StarterContent/Textures/T_TableRound_M.ubulk" 5214
"C:/24CI0412MP/Content/StarterContent/Textures/T_TableRound_M.uasset" 5215
"C:/24CI0412MP/Content/StarterContent/Textures/T_TableRound_M.uexp" 5216
"C:/24CI0412MP/Content/StarterContent/Props/Materials/M_TableRound.uasset" 5217
"C:/24CI0412MP/Content/StarterContent/Props/Materials/M_TableRound.uexp" 5218
"C:/24CI0412MP/Content/StarterContent/Props/SM_TableRound.ubulk" 5219
"C:/24CI0412MP/Content/StarterContent/Props/SM_TableRound.uasset" 5220
"C:/24CI0412MP/Content/StarterContent/Props/SM_TableRound.uexp" 5221
"C:/24CI0412MP/Content/StarterContent/Textures/T_Fire_Tiled_D.ubulk" 5222
"C:/24CI0412MP/Content/StarterContent/Textures/T_Fire_Tiled_D.uasset" 5223
"C:/24CI0412MP/Content/StarterContent/Textures/T_Fire_Tiled_D.uexp" 5224
"C:/24CI0412MP/Content/StarterContent/Textures/T_Fire_SubUV.ubulk" 5225
"C:/24CI0412MP/Content/StarterContent/Textures/T_Fire_SubUV.uasset" 5226
"C:/24CI0412MP/Content/StarterContent/Textures/T_Fire_SubUV.uexp" 5227
"C:/24CI0412MP/Content/StarterContent/Particles/Materials/M_Fire_SubUV.uasset" 5228
"C:/24CI0412MP/Content/StarterContent/Particles/Materials/M_Fire_SubUV.uexp" 5229
"C:/24CI0412MP/Content/StarterContent/Particles/Materials/M_Heat_Distortion.uasset" 5230
"C:/24CI0412MP/Content/StarterContent/Particles/Materials/M_Heat_Distortion.uexp" 5231
"C:/24CI0412MP/Content/StarterContent/Particles/P_Fire.uasset" 5232
"C:/24CI0412MP/Content/StarterContent/Particles/P_Fire.uexp" 5233
"C:/24CI0412MP/Content/StarterContent/Audio/Fire01_Cue.uasset" 5234
"C:/24CI0412MP/Content/StarterContent/Audio/Fire01_Cue.uexp" 5235
"C:/24CI0412MP/Content/StarterContent/Blueprints/Blueprint_Effect_Fire.uasset" 5236
"C:/24CI0412MP/Content/StarterContent/Blueprints/Blueprint_Effect_Fire.uexp" 5237
"C:/24CI0412MP/Content/StarterContent/Textures/T_Wood_Oak_N.ubulk" 5238
"C:/24CI0412MP/Content/StarterContent/Textures/T_Wood_Oak_N.uasset" 5239
"C:/24CI0412MP/Content/StarterContent/Textures/T_Wood_Oak_N.uexp" 5240
"C:/24CI0412MP/Content/StarterContent/Textures/T_Wood_Oak_D.ubulk" 5241
"C:/24CI0412MP/Content/StarterContent/Textures/T_Wood_Oak_D.uasset" 5242
"C:/24CI0412MP/Content/StarterContent/Textures/T_Wood_Oak_D.uexp" 5243
"C:/24CI0412MP/Content/StarterContent/Materials/M_Wood_Oak.uasset" 5244
"C:/24CI0412MP/Content/StarterContent/Materials/M_Wood_Oak.uexp" 5245
"C:/24CI0412MP/Content/StarterContent/Architecture/Wall_Window_400x300.ubulk" 5246
"C:/24CI0412MP/Content/StarterContent/Architecture/Wall_Window_400x300.uasset" 5247
"C:/24CI0412MP/Content/StarterContent/Architecture/Wall_Window_400x300.uexp" 5248
"C:/24CI0412MP/Content/StarterContent/Textures/T_Brick_Hewn_Stone_N.ubulk" 5249
"C:/24CI0412MP/Content/StarterContent/Textures/T_Brick_Hewn_Stone_N.uasset" 5250
"C:/24CI0412MP/Content/StarterContent/Textures/T_Brick_Hewn_Stone_N.uexp" 5251
"C:/24CI0412MP/Content/StarterContent/Textures/T_Brick_Hewn_Stone_D.ubulk" 5252
"C:/24CI0412MP/Content/StarterContent/Textures/T_Brick_Hewn_Stone_D.uasset" 5253
"C:/24CI0412MP/Content/StarterContent/Textures/T_Brick_Hewn_Stone_D.uexp" 5254
"C:/24CI0412MP/Content/StarterContent/Textures/T_Brick_Hewn_Stone_M.ubulk" 5255
"C:/24CI0412MP/Content/StarterContent/Textures/T_Brick_Hewn_Stone_M.uasset" 5256
"C:/24CI0412MP/Content/StarterContent/Textures/T_Brick_Hewn_Stone_M.uexp" 5257
"C:/24CI0412MP/Content/StarterContent/Materials/M_Brick_Hewn_Stone.uasset" 5258
"C:/24CI0412MP/Content/StarterContent/Materials/M_Brick_Hewn_Stone.uexp" 5259
"C:/24CI0412MP/Content/StarterContent/Audio/Smoke01_Cue.uasset" 5260
"C:/24CI0412MP/Content/StarterContent/Audio/Smoke01_Cue.uexp" 5261
"C:/24CI0412MP/Content/StarterContent/Particles/P_Smoke.uasset" 5262
"C:/24CI0412MP/Content/StarterContent/Particles/P_Smoke.uexp" 5263
"C:/24CI0412MP/Content/StarterContent/Blueprints/Blueprint_Effect_Smoke.uasset" 5264
"C:/24CI0412MP/Content/StarterContent/Blueprints/Blueprint_Effect_Smoke.uexp" 5265
"C:/24CI0412MP/Content/StarterContent/Textures/T_CobbleStone_Rough_N.ubulk" 5266
"C:/24CI0412MP/Content/StarterContent/Textures/T_CobbleStone_Rough_N.uasset" 5267
"C:/24CI0412MP/Content/StarterContent/Textures/T_CobbleStone_Rough_N.uexp" 5268
"C:/24CI0412MP/Content/StarterContent/Textures/T_CobbleStone_Rough_D.ubulk" 5269
"C:/24CI0412MP/Content/StarterContent/Textures/T_CobbleStone_Rough_D.uasset" 5270
"C:/24CI0412MP/Content/StarterContent/Textures/T_CobbleStone_Rough_D.uexp" 5271
"C:/24CI0412MP/Content/StarterContent/Materials/M_CobbleStone_Rough.uasset" 5272
"C:/24CI0412MP/Content/StarterContent/Materials/M_CobbleStone_Rough.uexp" 5273
"C:/24CI0412MP/Content/StarterContent/Textures/T_Statue_M.ubulk" 5274
"C:/24CI0412MP/Content/StarterContent/Textures/T_Statue_M.uasset" 5275
"C:/24CI0412MP/Content/StarterContent/Textures/T_Statue_M.uexp" 5276
"C:/24CI0412MP/Content/StarterContent/Textures/T_Statue_N.ubulk" 5277
"C:/24CI0412MP/Content/StarterContent/Textures/T_Statue_N.uasset" 5278
"C:/24CI0412MP/Content/StarterContent/Textures/T_Statue_N.uexp" 5279
"C:/24CI0412MP/Content/StarterContent/Props/Materials/M_Statue.uasset" 5280
"C:/24CI0412MP/Content/StarterContent/Props/Materials/M_Statue.uexp" 5281
"C:/24CI0412MP/Content/StarterContent/Props/Materials/M_StatueGlass.uasset" 5282
"C:/24CI0412MP/Content/StarterContent/Props/Materials/M_StatueGlass.uexp" 5283
"C:/24CI0412MP/Content/StarterContent/Props/SM_Statue.ubulk" 5284
"C:/24CI0412MP/Content/StarterContent/Props/SM_Statue.uasset" 5285
"C:/24CI0412MP/Content/StarterContent/Props/SM_Statue.uexp" 5286
"C:/24CI0412MP/Content/StarterContent/Textures/T_ground_Moss_D.ubulk" 5287
"C:/24CI0412MP/Content/StarterContent/Textures/T_ground_Moss_D.uasset" 5288
"C:/24CI0412MP/Content/StarterContent/Textures/T_ground_Moss_D.uexp" 5289
"C:/24CI0412MP/Content/StarterContent/Textures/T_Ground_Moss_N.ubulk" 5290
"C:/24CI0412MP/Content/StarterContent/Textures/T_Ground_Moss_N.uasset" 5291
"C:/24CI0412MP/Content/StarterContent/Textures/T_Ground_Moss_N.uexp" 5292
"C:/24CI0412MP/Content/StarterContent/Materials/M_Ground_Moss.uasset" 5293
"C:/24CI0412MP/Content/StarterContent/Materials/M_Ground_Moss.uexp" 5294
"C:/24CI0412MP/Content/StarterContent/Props/SM_PillarFrame300.ubulk" 5295
"C:/24CI0412MP/Content/StarterContent/Props/SM_PillarFrame300.uasset" 5296
"C:/24CI0412MP/Content/StarterContent/Props/SM_PillarFrame300.uexp" 5297
"C:/24CI0412MP/Content/StarterContent/Materials/M_Metal_Chrome.uasset" 5298
"C:/24CI0412MP/Content/StarterContent/Materials/M_Metal_Chrome.uexp" 5299
"C:/24CI0412MP/Content/StarterContent/Textures/T_Metal_Gold_D.ubulk" 5300
"C:/24CI0412MP/Content/StarterContent/Textures/T_Metal_Gold_D.uasset" 5301
"C:/24CI0412MP/Content/StarterContent/Textures/T_Metal_Gold_D.uexp" 5302
"C:/24CI0412MP/Content/StarterContent/Materials/M_Metal_Gold.uasset" 5303
"C:/24CI0412MP/Content/StarterContent/Materials/M_Metal_Gold.uexp" 5304
"C:/24CI0412MP/Content/StarterContent/Textures/T_Ground_Grass_D.ubulk" 5305
"C:/24CI0412MP/Content/StarterContent/Textures/T_Ground_Grass_D.uasset" 5306
"C:/24CI0412MP/Content/StarterContent/Textures/T_Ground_Grass_D.uexp" 5307
"C:/24CI0412MP/Content/StarterContent/Textures/T_Ground_Grass_N.ubulk" 5308
"C:/24CI0412MP/Content/StarterContent/Textures/T_Ground_Grass_N.uasset" 5309
"C:/24CI0412MP/Content/StarterContent/Textures/T_Ground_Grass_N.uexp" 5310
"C:/24CI0412MP/Content/StarterContent/Materials/M_Ground_Grass.uasset" 5311
"C:/24CI0412MP/Content/StarterContent/Materials/M_Ground_Grass.uexp" 5312
"C:/24CI0412MP/Content/StarterContent/Audio/Starter_Background_Cue.uasset" 5313
"C:/24CI0412MP/Content/StarterContent/Audio/Starter_Background_Cue.uexp" 5314
"C:/24CI0412MP/Content/StarterContent/Maps/StarterMap_BuiltData.ubulk" 5315
"C:/24CI0412MP/Content/StarterContent/Maps/StarterMap_BuiltData.uasset" 5316
"C:/24CI0412MP/Content/StarterContent/Maps/StarterMap_BuiltData.uexp" 5317
"C:/24CI0412MP/Content/StarterContent/Props/SM_CornerFrame.ubulk" 5318
"C:/24CI0412MP/Content/StarterContent/Props/SM_CornerFrame.uasset" 5319
"C:/24CI0412MP/Content/StarterContent/Props/SM_CornerFrame.uexp" 5320
"C:/24CI0412MP/Content/StarterContent/Shapes/Shape_Sphere.ubulk" 5321
"C:/24CI0412MP/Content/StarterContent/Shapes/Shape_Sphere.uasset" 5322
"C:/24CI0412MP/Content/StarterContent/Shapes/Shape_Sphere.uexp" 5323
"C:/24CI0412MP/Content/StarterContent/Audio/Starter_Music_Cue.uasset" 5324
"C:/24CI0412MP/Content/StarterContent/Audio/Starter_Music_Cue.uexp" 5325
"C:/24CI0412MP/Content/StarterContent/Shapes/Shape_QuadPyramid.ubulk" 5326
"C:/24CI0412MP/Content/StarterContent/Shapes/Shape_QuadPyramid.uasset" 5327
"C:/24CI0412MP/Content/StarterContent/Shapes/Shape_QuadPyramid.uexp" 5328
"C:/24CI0412MP/Content/StarterContent/Textures/T_Brick_Clay_New_D.ubulk" 5329
"C:/24CI0412MP/Content/StarterContent/Textures/T_Brick_Clay_New_D.uasset" 5330
"C:/24CI0412MP/Content/StarterContent/Textures/T_Brick_Clay_New_D.uexp" 5331
"C:/24CI0412MP/Content/StarterContent/Textures/T_Brick_Clay_New_M.uasset" 5332
"C:/24CI0412MP/Content/StarterContent/Textures/T_Brick_Clay_New_M.uexp" 5333
"C:/24CI0412MP/Content/StarterContent/Textures/T_Brick_Clay_New_N.uasset" 5334
"C:/24CI0412MP/Content/StarterContent/Textures/T_Brick_Clay_New_N.uexp" 5335
"C:/24CI0412MP/Content/StarterContent/Materials/M_Brick_Clay_New.uasset" 5336
"C:/24CI0412MP/Content/StarterContent/Materials/M_Brick_Clay_New.uexp" 5337
"C:/24CI0412MP/Content/StarterContent/Textures/T_Metal_Aluminum_D.ubulk" 5338
"C:/24CI0412MP/Content/StarterContent/Textures/T_Metal_Aluminum_D.uasset" 5339
"C:/24CI0412MP/Content/StarterContent/Textures/T_Metal_Aluminum_D.uexp" 5340
"C:/24CI0412MP/Content/StarterContent/Materials/M_Metal_Burnished_Steel.uasset" 5341
"C:/24CI0412MP/Content/StarterContent/Materials/M_Metal_Burnished_Steel.uexp" 5342
"C:/24CI0412MP/Content/StarterContent/Props/SM_Chair.ubulk" 5343
"C:/24CI0412MP/Content/StarterContent/Props/SM_Chair.uasset" 5344
"C:/24CI0412MP/Content/StarterContent/Props/SM_Chair.uexp" 5345
"C:/24CI0412MP/Content/StarterContent/Textures/T_Concrete_Panels_D.ubulk" 5346
"C:/24CI0412MP/Content/StarterContent/Textures/T_Concrete_Panels_D.uasset" 5347
"C:/24CI0412MP/Content/StarterContent/Textures/T_Concrete_Panels_D.uexp" 5348
"C:/24CI0412MP/Content/StarterContent/Textures/T_Concrete_Panels_N.ubulk" 5349
"C:/24CI0412MP/Content/StarterContent/Textures/T_Concrete_Panels_N.uasset" 5350
"C:/24CI0412MP/Content/StarterContent/Textures/T_Concrete_Panels_N.uexp" 5351
"C:/24CI0412MP/Content/StarterContent/Materials/M_Concrete_Panels.uasset" 5352
"C:/24CI0412MP/Content/StarterContent/Materials/M_Concrete_Panels.uexp" 5353
"C:/24CI0412MP/Content/StarterContent/Maps/StarterMap.uexp" 5354
"C:/24CI0412MP/Content/StarterContent/Maps/StarterMap.umap" 5355
"C:/24CI0412MP/Content/StarterContent/Maps/Minimal_Default_BuiltData.ubulk" 5356
"C:/24CI0412MP/Content/StarterContent/Maps/Minimal_Default_BuiltData.uasset" 5357
"C:/24CI0412MP/Content/StarterContent/Maps/Minimal_Default_BuiltData.uexp" 5358
"C:/24CI0412MP/Content/StarterContent/Maps/Minimal_Default.uexp" 5359
"C:/24CI0412MP/Content/StarterContent/Maps/Minimal_Default.umap" 5360
"C:/24CI0412MP/Content/StarterContent/Maps/Advanced_Lighting_BuiltData.ubulk" 5361
"C:/24CI0412MP/Content/StarterContent/Maps/Advanced_Lighting_BuiltData.uasset" 5362
"C:/24CI0412MP/Content/StarterContent/Maps/Advanced_Lighting_BuiltData.uexp" 5363
"C:/24CI0412MP/Content/StarterContent/Materials/M_AssetPlatform.uasset" 5364
"C:/24CI0412MP/Content/StarterContent/Materials/M_AssetPlatform.uexp" 5365
"C:/24CI0412MP/Content/StarterContent/Architecture/SM_AssetPlatform.ubulk" 5366
"C:/24CI0412MP/Content/StarterContent/Architecture/SM_AssetPlatform.uasset" 5367
"C:/24CI0412MP/Content/StarterContent/Architecture/SM_AssetPlatform.uexp" 5368
"../../../Engine/Content/MapTemplates/Sky/DaylightAmbientCubemap.uasset" 5369
"../../../Engine/Content/MapTemplates/Sky/DaylightAmbientCubemap.uexp" 5370
"C:/24CI0412MP/Content/StarterContent/Blueprints/Assets/M_LightStage_Skybox_Master.uasset" 5371
"C:/24CI0412MP/Content/StarterContent/Blueprints/Assets/M_LightStage_Skybox_Master.uexp" 5372
"C:/24CI0412MP/Content/StarterContent/Blueprints/Assets/M_LightStage_Skybox_HDRI.uasset" 5373
"C:/24CI0412MP/Content/StarterContent/Blueprints/Assets/M_LightStage_Skybox_HDRI.uexp" 5374
"C:/24CI0412MP/Content/StarterContent/HDRI/HDRI_Epic_Courtyard_Daylight.uasset" 5375
"C:/24CI0412MP/Content/StarterContent/HDRI/HDRI_Epic_Courtyard_Daylight.uexp" 5376
"C:/24CI0412MP/Content/StarterContent/Blueprints/Assets/SunlightColorLUT.uasset" 5377
"C:/24CI0412MP/Content/StarterContent/Blueprints/Assets/SunlightColorLUT.uexp" 5378
"C:/24CI0412MP/Content/StarterContent/Blueprints/Assets/M_LightStage_Skybox_Black.uasset" 5379
"C:/24CI0412MP/Content/StarterContent/Blueprints/Assets/M_LightStage_Skybox_Black.uexp" 5380
"C:/24CI0412MP/Content/StarterContent/Blueprints/Assets/FogBrightnessLUT.uasset" 5381
"C:/24CI0412MP/Content/StarterContent/Blueprints/Assets/FogBrightnessLUT.uexp" 5382
"C:/24CI0412MP/Content/StarterContent/Blueprints/Assets/SM_Arrows.ubulk" 5383
"C:/24CI0412MP/Content/StarterContent/Blueprints/Assets/SM_Arrows.uasset" 5384
"C:/24CI0412MP/Content/StarterContent/Blueprints/Assets/SM_Arrows.uexp" 5385
"C:/24CI0412MP/Content/StarterContent/Blueprints/Assets/M_LightStage_Arrows.uasset" 5386
"C:/24CI0412MP/Content/StarterContent/Blueprints/Assets/M_LightStage_Arrows.uexp" 5387
"../../../Engine/Content/ArtTools/RenderToTexture/MaterialFunctions/CheckerPattern.uasset" 5388
"../../../Engine/Content/ArtTools/RenderToTexture/MaterialFunctions/CheckerPattern.uexp" 5389
"../../../Engine/Content/Functions/Engine_MaterialFunctions02/ScreenResolution.uasset" 5390
"../../../Engine/Content/Functions/Engine_MaterialFunctions02/ScreenResolution.uexp" 5391
"../../../Engine/Content/Functions/Engine_MaterialFunctions02/Texturing/ScreenAlignedUVs.uasset" 5392
"../../../Engine/Content/Functions/Engine_MaterialFunctions02/Texturing/ScreenAlignedUVs.uexp" 5393
"../../../Engine/Content/EditorMaterials/Thumbnails/SkySphereMaterial.uasset" 5394
"../../../Engine/Content/EditorMaterials/Thumbnails/SkySphereMaterial.uexp" 5395
"C:/24CI0412MP/Content/StarterContent/Blueprints/Assets/Skybox.ubulk" 5396
"C:/24CI0412MP/Content/StarterContent/Blueprints/Assets/Skybox.uasset" 5397
"C:/24CI0412MP/Content/StarterContent/Blueprints/Assets/Skybox.uexp" 5398
"C:/24CI0412MP/Content/StarterContent/Blueprints/BP_LightStudio.uasset" 5399
"C:/24CI0412MP/Content/StarterContent/Blueprints/BP_LightStudio.uexp" 5400
"../../../Engine/Content/EditorMeshes/ColorCalibrator/M_GreyBall.uasset" 5401
"../../../Engine/Content/EditorMeshes/ColorCalibrator/M_GreyBall.uexp" 5402
"../../../Engine/Content/EditorMeshes/ColorCalibrator/M_ClearCoat.uasset" 5403
"../../../Engine/Content/EditorMeshes/ColorCalibrator/M_ClearCoat.uexp" 5404
"../../../Engine/Content/EditorMeshes/ColorCalibrator/M_ChromeBall.uasset" 5405
"../../../Engine/Content/EditorMeshes/ColorCalibrator/M_ChromeBall.uexp" 5406
"../../../Engine/Content/EditorMeshes/ColorCalibrator/M_ClearCoatBlack.uasset" 5407
"../../../Engine/Content/EditorMeshes/ColorCalibrator/M_ClearCoatBlack.uexp" 5408
"../../../Engine/Content/EditorMeshes/ColorCalibrator/Color_checker.ubulk" 5409
"../../../Engine/Content/EditorMeshes/ColorCalibrator/Color_checker.uasset" 5410
"../../../Engine/Content/EditorMeshes/ColorCalibrator/Color_checker.uexp" 5411
"../../../Engine/Content/EditorMeshes/ColorCalibrator/M_ColorGrid.uasset" 5412
"../../../Engine/Content/EditorMeshes/ColorCalibrator/M_ColorGrid.uexp" 5413
"../../../Engine/Content/EditorMeshes/ColorCalibrator/SM_ColorCalibrator.ubulk" 5414
"../../../Engine/Content/EditorMeshes/ColorCalibrator/SM_ColorCalibrator.uasset" 5415
"../../../Engine/Content/EditorMeshes/ColorCalibrator/SM_ColorCalibrator.uexp" 5416
"C:/24CI0412MP/Content/StarterContent/Maps/Advanced_Lighting.uexp" 5417
"C:/24CI0412MP/Content/StarterContent/Maps/Advanced_Lighting.umap" 5418
"C:/24CI0412MP/Content/Satou/Blueprints/BP_WayRoad.uasset" 5419
"C:/24CI0412MP/Content/Satou/Blueprints/BP_WayRoad.uexp" 5420
"C:/24CI0412MP/Content/Satou/SplineTest.uexp" 5421
"C:/24CI0412MP/Content/Satou/SplineTest.umap" 5422
"C:/24CI0412MP/Content/Satou/satou01.uexp" 5423
"C:/24CI0412MP/Content/Satou/satou01.ubulk" 5424
"C:/24CI0412MP/Content/Satou/satou01.umap" 5425
"C:/24CI0412MP/Content/Satou/SceneTemp/result.uexp" 5426
"C:/24CI0412MP/Content/Satou/SceneTemp/result.umap" 5427
"C:/24CI0412MP/Content/Oonishi/Oonishi.uexp" 5428
"C:/24CI0412MP/Content/Oonishi/Oonishi.umap" 5429
"C:/24CI0412MP/Content/Morimoto/Morimoto.uexp" 5430
"C:/24CI0412MP/Content/Morimoto/Morimoto.umap" 5431
"C:/24CI0412MP/Content/Li/Tutorial.uexp" 5432
"C:/24CI0412MP/Content/Li/Tutorial.ubulk" 5433
"C:/24CI0412MP/Content/Li/Tutorial.umap" 5434
"../../../Engine/Content/EngineSounds/Master.uasset" 5435
"../../../Engine/Content/EngineSounds/Master.uexp" 5436
"../../../Engine/Content/EngineSounds/Special_Attack_PSM.uasset" 5437
"../../../Engine/Content/EngineSounds/Special_Attack_PSM.uexp" 5438
"../../../Engine/Content/EngineSounds/SFX.uasset" 5439
"../../../Engine/Content/EngineSounds/SFX.uexp" 5440
"../../../Engine/Content/EngineSounds/Normal_Attack.uasset" 5441
"../../../Engine/Content/EngineSounds/Normal_Attack.uexp" 5442
"../../../Engine/Content/EngineSounds/Duck_Normal_Attack_MixMod.uasset" 5443
"../../../Engine/Content/EngineSounds/Duck_Normal_Attack_MixMod.uexp" 5444
"C:/24CI0412MP/Content/Li/WG_Title.uasset" 5445
"C:/24CI0412MP/Content/Li/WG_Title.uexp" 5446
"C:/24CI0412MP/Content/Li/TitleLevel.uexp" 5447
"C:/24CI0412MP/Content/Li/TitleLevel.umap" 5448
"C:/24CI0412MP/Content/Li/Li.uexp" 5449
"C:/24CI0412MP/Content/Li/Li.umap" 5450
"C:/24CI0412MP/Content/KTP_Effect/Textures/PublicTextures/T_ShockRing.ubulk" 5451
"C:/24CI0412MP/Content/KTP_Effect/Textures/PublicTextures/T_ShockRing.uasset" 5452
"C:/24CI0412MP/Content/KTP_Effect/Textures/PublicTextures/T_ShockRing.uexp" 5453
"C:/24CI0412MP/Content/KTP_Effect/Materials/PublicMaterials/M_ring.uasset" 5454
"C:/24CI0412MP/Content/KTP_Effect/Materials/PublicMaterials/M_ring.uexp" 5455
"C:/24CI0412MP/Content/KTP_Effect/Textures/PublicTextures/T_Aura_06.ubulk" 5456
"C:/24CI0412MP/Content/KTP_Effect/Textures/PublicTextures/T_Aura_06.uasset" 5457
"C:/24CI0412MP/Content/KTP_Effect/Textures/PublicTextures/T_Aura_06.uexp" 5458
"C:/24CI0412MP/Content/KTP_Effect/Materials/PublicMaterials/M_FX_Aura_10.uasset" 5459
"C:/24CI0412MP/Content/KTP_Effect/Materials/PublicMaterials/M_FX_Aura_10.uexp" 5460
"C:/24CI0412MP/Content/KTP_Effect/Textures/T_fly10_8.ubulk" 5461
"C:/24CI0412MP/Content/KTP_Effect/Textures/T_fly10_8.uasset" 5462
"C:/24CI0412MP/Content/KTP_Effect/Textures/T_fly10_8.uexp" 5463
"C:/24CI0412MP/Content/KTP_Effect/Materials/M_fly10_8.uasset" 5464
"C:/24CI0412MP/Content/KTP_Effect/Materials/M_fly10_8.uexp" 5465
"C:/24CI0412MP/Content/KTP_Effect/Particles/Fly/Expolison_10_08.uasset" 5466
"C:/24CI0412MP/Content/KTP_Effect/Particles/Fly/Expolison_10_08.uexp" 5467
"C:/24CI0412MP/Content/KTP_Effect/Materials/PublicMaterials/M_FX_Glow_ring_04.uasset" 5468
"C:/24CI0412MP/Content/KTP_Effect/Materials/PublicMaterials/M_FX_Glow_ring_04.uexp" 5469
"C:/24CI0412MP/Content/KTP_Effect/Textures/T_fly04_5.ubulk" 5470
"C:/24CI0412MP/Content/KTP_Effect/Textures/T_fly04_5.uasset" 5471
"C:/24CI0412MP/Content/KTP_Effect/Textures/T_fly04_5.uexp" 5472
"C:/24CI0412MP/Content/KTP_Effect/Materials/M_fly04_5.uasset" 5473
"C:/24CI0412MP/Content/KTP_Effect/Materials/M_fly04_5.uexp" 5474
"C:/24CI0412MP/Content/KTP_Effect/Mesh/SM_FX_ring.ubulk" 5475
"C:/24CI0412MP/Content/KTP_Effect/Mesh/SM_FX_ring.uasset" 5476
"C:/24CI0412MP/Content/KTP_Effect/Mesh/SM_FX_ring.uexp" 5477
"C:/24CI0412MP/Content/KTP_Effect/Particles/Fly/Expolison_04_05.uasset" 5478
"C:/24CI0412MP/Content/KTP_Effect/Particles/Fly/Expolison_04_05.uexp" 5479
"C:/24CI0412MP/Content/KTP_Effect/Textures/PublicTextures/T_Ball.ubulk" 5480
"C:/24CI0412MP/Content/KTP_Effect/Textures/PublicTextures/T_Ball.uasset" 5481
"C:/24CI0412MP/Content/KTP_Effect/Textures/PublicTextures/T_Ball.uexp" 5482
"C:/24CI0412MP/Content/KTP_Effect/Materials/PublicMaterials/M_FX_Glow_AS_8.uasset" 5483
"C:/24CI0412MP/Content/KTP_Effect/Materials/PublicMaterials/M_FX_Glow_AS_8.uexp" 5484
"C:/24CI0412MP/Content/KTP_Effect/Materials/PublicMaterials/M_FX_TRAIL011.uasset" 5485
"C:/24CI0412MP/Content/KTP_Effect/Materials/PublicMaterials/M_FX_TRAIL011.uexp" 5486
"C:/24CI0412MP/Content/KTP_Effect/Particles/Fly/Others/Trail_02_02.uasset" 5487
"C:/24CI0412MP/Content/KTP_Effect/Particles/Fly/Others/Trail_02_02.uexp" 5488
"C:/24CI0412MP/Content/KTP_Effect/Particles/Fly/Others/Trail_10_06.uasset" 5489
"C:/24CI0412MP/Content/KTP_Effect/Particles/Fly/Others/Trail_10_06.uexp" 5490
"C:/24CI0412MP/Content/KTP_Effect/Particles/Fly/Others/Trail_04_06.uasset" 5491
"C:/24CI0412MP/Content/KTP_Effect/Particles/Fly/Others/Trail_04_06.uexp" 5492
"C:/24CI0412MP/Content/KTP_Effect/Materials/PublicMaterials/M_wave_fly10.uasset" 5493
"C:/24CI0412MP/Content/KTP_Effect/Materials/PublicMaterials/M_wave_fly10.uexp" 5494
"C:/24CI0412MP/Content/KTP_Effect/Mesh/SM_FX_wave.ubulk" 5495
"C:/24CI0412MP/Content/KTP_Effect/Mesh/SM_FX_wave.uasset" 5496
"C:/24CI0412MP/Content/KTP_Effect/Mesh/SM_FX_wave.uexp" 5497
"C:/24CI0412MP/Content/KTP_Effect/Textures/T_fly08_2.ubulk" 5498
"C:/24CI0412MP/Content/KTP_Effect/Textures/T_fly08_2.uasset" 5499
"C:/24CI0412MP/Content/KTP_Effect/Textures/T_fly08_2.uexp" 5500
"C:/24CI0412MP/Content/KTP_Effect/Materials/M_fly08_2.uasset" 5501
"C:/24CI0412MP/Content/KTP_Effect/Materials/M_fly08_2.uexp" 5502
"C:/24CI0412MP/Content/KTP_Effect/Particles/Fly/Expolison_08_02.uasset" 5503
"C:/24CI0412MP/Content/KTP_Effect/Particles/Fly/Expolison_08_02.uexp" 5504
"C:/24CI0412MP/Content/KTP_Effect/Mesh/SM_FX_enegy.ubulk" 5505
"C:/24CI0412MP/Content/KTP_Effect/Mesh/SM_FX_enegy.uasset" 5506
"C:/24CI0412MP/Content/KTP_Effect/Mesh/SM_FX_enegy.uexp" 5507
"C:/24CI0412MP/Content/KTP_Effect/Textures/PublicTextures/T_Partech.ubulk" 5508
"C:/24CI0412MP/Content/KTP_Effect/Textures/PublicTextures/T_Partech.uasset" 5509
"C:/24CI0412MP/Content/KTP_Effect/Textures/PublicTextures/T_Partech.uexp" 5510
"C:/24CI0412MP/Content/KTP_Effect/Materials/PublicMaterials/M_FX_Tech_AS_fly07.uasset" 5511
"C:/24CI0412MP/Content/KTP_Effect/Materials/PublicMaterials/M_FX_Tech_AS_fly07.uexp" 5512
"C:/24CI0412MP/Content/KTP_Effect/Materials/PublicMaterials/M_FX_Aura_07_en.uasset" 5513
"C:/24CI0412MP/Content/KTP_Effect/Materials/PublicMaterials/M_FX_Aura_07_en.uexp" 5514
"C:/24CI0412MP/Content/KTP_Effect/Materials/PublicMaterials/M_FX_scifi.uasset" 5515
"C:/24CI0412MP/Content/KTP_Effect/Materials/PublicMaterials/M_FX_scifi.uexp" 5516
"C:/24CI0412MP/Content/KTP_Effect/Particles/Fly/Others/energy_07_01.uasset" 5517
"C:/24CI0412MP/Content/KTP_Effect/Particles/Fly/Others/energy_07_01.uexp" 5518
"C:/24CI0412MP/Content/KTP_Effect/Mesh/Ringtrail.ubulk" 5519
"C:/24CI0412MP/Content/KTP_Effect/Mesh/Ringtrail.uasset" 5520
"C:/24CI0412MP/Content/KTP_Effect/Mesh/Ringtrail.uexp" 5521
"C:/24CI0412MP/Content/KTP_Effect/Textures/PublicTextures/T_Arrow_01.ubulk" 5522
"C:/24CI0412MP/Content/KTP_Effect/Textures/PublicTextures/T_Arrow_01.uasset" 5523
"C:/24CI0412MP/Content/KTP_Effect/Textures/PublicTextures/T_Arrow_01.uexp" 5524
"C:/24CI0412MP/Content/KTP_Effect/Materials/PublicMaterials/M_FX_Glow_head_09.uasset" 5525
"C:/24CI0412MP/Content/KTP_Effect/Materials/PublicMaterials/M_FX_Glow_head_09.uexp" 5526
"C:/24CI0412MP/Content/KTP_Effect/Materials/PublicMaterials/M_wave_fly08_10.uasset" 5527
"C:/24CI0412MP/Content/KTP_Effect/Materials/PublicMaterials/M_wave_fly08_10.uexp" 5528
"C:/24CI0412MP/Content/KTP_Effect/Textures/PublicTextures/T_Lighting.ubulk" 5529
"C:/24CI0412MP/Content/KTP_Effect/Textures/PublicTextures/T_Lighting.uasset" 5530
"C:/24CI0412MP/Content/KTP_Effect/Textures/PublicTextures/T_Lighting.uexp" 5531
"C:/24CI0412MP/Content/KTP_Effect/Materials/PublicMaterials/M_FX_thunder.uasset" 5532
"C:/24CI0412MP/Content/KTP_Effect/Materials/PublicMaterials/M_FX_thunder.uexp" 5533
"C:/24CI0412MP/Content/KTP_Effect/Particles/Fly/Others/Trail_09_02.uasset" 5534
"C:/24CI0412MP/Content/KTP_Effect/Particles/Fly/Others/Trail_09_02.uexp" 5535
"C:/24CI0412MP/Content/KTP_Effect/Textures/PublicTextures/T_Tech_01.ubulk" 5536
"C:/24CI0412MP/Content/KTP_Effect/Textures/PublicTextures/T_Tech_01.uasset" 5537
"C:/24CI0412MP/Content/KTP_Effect/Textures/PublicTextures/T_Tech_01.uexp" 5538
"C:/24CI0412MP/Content/KTP_Effect/Materials/PublicMaterials/M_FX_trail_tech.uasset" 5539
"C:/24CI0412MP/Content/KTP_Effect/Materials/PublicMaterials/M_FX_trail_tech.uexp" 5540
"C:/24CI0412MP/Content/KTP_Effect/Textures/PublicTextures/T_Arrow_02.ubulk" 5541
"C:/24CI0412MP/Content/KTP_Effect/Textures/PublicTextures/T_Arrow_02.uasset" 5542
"C:/24CI0412MP/Content/KTP_Effect/Textures/PublicTextures/T_Arrow_02.uexp" 5543
"C:/24CI0412MP/Content/KTP_Effect/Materials/PublicMaterials/M_FX_Glow_AS_fly07.uasset" 5544
"C:/24CI0412MP/Content/KTP_Effect/Materials/PublicMaterials/M_FX_Glow_AS_fly07.uexp" 5545
"C:/24CI0412MP/Content/KTP_Effect/Particles/Fly/Others/Trail_07_02.uasset" 5546
"C:/24CI0412MP/Content/KTP_Effect/Particles/Fly/Others/Trail_07_02.uexp" 5547
"C:/24CI0412MP/Content/KTP_Effect/Particles/Fly/Others/Trail_10_05.uasset" 5548
"C:/24CI0412MP/Content/KTP_Effect/Particles/Fly/Others/Trail_10_05.uexp" 5549
"C:/24CI0412MP/Content/KTP_Effect/Textures/T_fly07_3.ubulk" 5550
"C:/24CI0412MP/Content/KTP_Effect/Textures/T_fly07_3.uasset" 5551
"C:/24CI0412MP/Content/KTP_Effect/Textures/T_fly07_3.uexp" 5552
"C:/24CI0412MP/Content/KTP_Effect/Materials/M_fly07_3.uasset" 5553
"C:/24CI0412MP/Content/KTP_Effect/Materials/M_fly07_3.uexp" 5554
"C:/24CI0412MP/Content/KTP_Effect/Textures/PublicTextures/T_Aura_04.ubulk" 5555
"C:/24CI0412MP/Content/KTP_Effect/Textures/PublicTextures/T_Aura_04.uasset" 5556
"C:/24CI0412MP/Content/KTP_Effect/Textures/PublicTextures/T_Aura_04.uexp" 5557
"C:/24CI0412MP/Content/KTP_Effect/Textures/PublicTextures/T_Aura_02.ubulk" 5558
"C:/24CI0412MP/Content/KTP_Effect/Textures/PublicTextures/T_Aura_02.uasset" 5559
"C:/24CI0412MP/Content/KTP_Effect/Textures/PublicTextures/T_Aura_02.uexp" 5560
"C:/24CI0412MP/Content/KTP_Effect/Textures/PublicTextures/T_Noise.ubulk" 5561
"C:/24CI0412MP/Content/KTP_Effect/Textures/PublicTextures/T_Noise.uasset" 5562
"C:/24CI0412MP/Content/KTP_Effect/Textures/PublicTextures/T_Noise.uexp" 5563
"C:/24CI0412MP/Content/KTP_Effect/Materials/PublicMaterials/M_FX_Aura_21.uasset" 5564
"C:/24CI0412MP/Content/KTP_Effect/Materials/PublicMaterials/M_FX_Aura_21.uexp" 5565
"C:/24CI0412MP/Content/KTP_Effect/Textures/PublicTextures/T_Aura_05.ubulk" 5566
"C:/24CI0412MP/Content/KTP_Effect/Textures/PublicTextures/T_Aura_05.uasset" 5567
"C:/24CI0412MP/Content/KTP_Effect/Textures/PublicTextures/T_Aura_05.uexp" 5568
"C:/24CI0412MP/Content/KTP_Effect/Materials/PublicMaterials/M_wave_fly007.uasset" 5569
"C:/24CI0412MP/Content/KTP_Effect/Materials/PublicMaterials/M_wave_fly007.uexp" 5570
"C:/24CI0412MP/Content/KTP_Effect/Particles/Fly/Expolison_07_03.uasset" 5571
"C:/24CI0412MP/Content/KTP_Effect/Particles/Fly/Expolison_07_03.uexp" 5572
"C:/24CI0412MP/Content/KTP_Effect/Textures/T_fly05_9.ubulk" 5573
"C:/24CI0412MP/Content/KTP_Effect/Textures/T_fly05_9.uasset" 5574
"C:/24CI0412MP/Content/KTP_Effect/Textures/T_fly05_9.uexp" 5575
"C:/24CI0412MP/Content/KTP_Effect/Materials/M_fly05_9.uasset" 5576
"C:/24CI0412MP/Content/KTP_Effect/Materials/M_fly05_9.uexp" 5577
"C:/24CI0412MP/Content/KTP_Effect/Particles/Fly/Expolison_05_09.uasset" 5578
"C:/24CI0412MP/Content/KTP_Effect/Particles/Fly/Expolison_05_09.uexp" 5579
"C:/24CI0412MP/Content/KTP_Effect/Textures/PublicTextures/T_Arrow_03.ubulk" 5580
"C:/24CI0412MP/Content/KTP_Effect/Textures/PublicTextures/T_Arrow_03.uasset" 5581
"C:/24CI0412MP/Content/KTP_Effect/Textures/PublicTextures/T_Arrow_03.uexp" 5582
"C:/24CI0412MP/Content/KTP_Effect/Materials/PublicMaterials/M_FX_Glow_AS_fly05_3.uasset" 5583
"C:/24CI0412MP/Content/KTP_Effect/Materials/PublicMaterials/M_FX_Glow_AS_fly05_3.uexp" 5584
"C:/24CI0412MP/Content/KTP_Effect/Particles/Fly/Others/Trail_05_01.uasset" 5585
"C:/24CI0412MP/Content/KTP_Effect/Particles/Fly/Others/Trail_05_01.uexp" 5586
"C:/24CI0412MP/Content/KTP_Effect/Textures/T_fly03_3.ubulk" 5587
"C:/24CI0412MP/Content/KTP_Effect/Textures/T_fly03_3.uasset" 5588
"C:/24CI0412MP/Content/KTP_Effect/Textures/T_fly03_3.uexp" 5589
"C:/24CI0412MP/Content/KTP_Effect/Materials/M_fly03_3.uasset" 5590
"C:/24CI0412MP/Content/KTP_Effect/Materials/M_fly03_3.uexp" 5591
"C:/24CI0412MP/Content/KTP_Effect/Particles/Fly/Expolison_03_03.uasset" 5592
"C:/24CI0412MP/Content/KTP_Effect/Particles/Fly/Expolison_03_03.uexp" 5593
"C:/24CI0412MP/Content/KTP_Effect/Textures/T_fly03_6.ubulk" 5594
"C:/24CI0412MP/Content/KTP_Effect/Textures/T_fly03_6.uasset" 5595
"C:/24CI0412MP/Content/KTP_Effect/Textures/T_fly03_6.uexp" 5596
"C:/24CI0412MP/Content/KTP_Effect/Materials/M_fly03_6.uasset" 5597
"C:/24CI0412MP/Content/KTP_Effect/Materials/M_fly03_6.uexp" 5598
"C:/24CI0412MP/Content/KTP_Effect/Particles/Fly/Expolison_03_06.uasset" 5599
"C:/24CI0412MP/Content/KTP_Effect/Particles/Fly/Expolison_03_06.uexp" 5600
"C:/24CI0412MP/Content/KTP_Effect/Textures/PublicTextures/T_Butterfly.ubulk" 5601
"C:/24CI0412MP/Content/KTP_Effect/Textures/PublicTextures/T_Butterfly.uasset" 5602
"C:/24CI0412MP/Content/KTP_Effect/Textures/PublicTextures/T_Butterfly.uexp" 5603
"C:/24CI0412MP/Content/KTP_Effect/Materials/PublicMaterials/M_FX_Glow_AS_fly06.uasset" 5604
"C:/24CI0412MP/Content/KTP_Effect/Materials/PublicMaterials/M_FX_Glow_AS_fly06.uexp" 5605
"C:/24CI0412MP/Content/KTP_Effect/Particles/Fly/Others/Trail_06_05.uasset" 5606
"C:/24CI0412MP/Content/KTP_Effect/Particles/Fly/Others/Trail_06_05.uexp" 5607
"C:/24CI0412MP/Content/KTP_Effect/Particles/Fly/Others/Trail_04_09.uasset" 5608
"C:/24CI0412MP/Content/KTP_Effect/Particles/Fly/Others/Trail_04_09.uexp" 5609
"C:/24CI0412MP/Content/KTP_Effect/Textures/T_fly07_2.ubulk" 5610
"C:/24CI0412MP/Content/KTP_Effect/Textures/T_fly07_2.uasset" 5611
"C:/24CI0412MP/Content/KTP_Effect/Textures/T_fly07_2.uexp" 5612
"C:/24CI0412MP/Content/KTP_Effect/Materials/M_fly07_2.uasset" 5613
"C:/24CI0412MP/Content/KTP_Effect/Materials/M_fly07_2.uexp" 5614
"C:/24CI0412MP/Content/KTP_Effect/Particles/Fly/Expolison_07_02.uasset" 5615
"C:/24CI0412MP/Content/KTP_Effect/Particles/Fly/Expolison_07_02.uexp" 5616
"C:/24CI0412MP/Content/KTP_Effect/Textures/T_fly09_3.ubulk" 5617
"C:/24CI0412MP/Content/KTP_Effect/Textures/T_fly09_3.uasset" 5618
"C:/24CI0412MP/Content/KTP_Effect/Textures/T_fly09_3.uexp" 5619
"C:/24CI0412MP/Content/KTP_Effect/Materials/M_fly09_3.uasset" 5620
"C:/24CI0412MP/Content/KTP_Effect/Materials/M_fly09_3.uexp" 5621
"C:/24CI0412MP/Content/KTP_Effect/Textures/PublicTextures/T_Star_01.ubulk" 5622
"C:/24CI0412MP/Content/KTP_Effect/Textures/PublicTextures/T_Star_01.uasset" 5623
"C:/24CI0412MP/Content/KTP_Effect/Textures/PublicTextures/T_Star_01.uexp" 5624
"C:/24CI0412MP/Content/KTP_Effect/Materials/PublicMaterials/M_FX_Glow_AS_fly05_09.uasset" 5625
"C:/24CI0412MP/Content/KTP_Effect/Materials/PublicMaterials/M_FX_Glow_AS_fly05_09.uexp" 5626
"C:/24CI0412MP/Content/KTP_Effect/Particles/Fly/Expolison_09_03.uasset" 5627
"C:/24CI0412MP/Content/KTP_Effect/Particles/Fly/Expolison_09_03.uexp" 5628
"C:/24CI0412MP/Content/KTP_Effect/Textures/T_fly09_9.ubulk" 5629
"C:/24CI0412MP/Content/KTP_Effect/Textures/T_fly09_9.uasset" 5630
"C:/24CI0412MP/Content/KTP_Effect/Textures/T_fly09_9.uexp" 5631
"C:/24CI0412MP/Content/KTP_Effect/Materials/M_fly09_9.uasset" 5632
"C:/24CI0412MP/Content/KTP_Effect/Materials/M_fly09_9.uexp" 5633
"C:/24CI0412MP/Content/KTP_Effect/Particles/Fly/Expolison_09_09.uasset" 5634
"C:/24CI0412MP/Content/KTP_Effect/Particles/Fly/Expolison_09_09.uexp" 5635
"C:/24CI0412MP/Content/KTP_Effect/Textures/T_fly01_8.ubulk" 5636
"C:/24CI0412MP/Content/KTP_Effect/Textures/T_fly01_8.uasset" 5637
"C:/24CI0412MP/Content/KTP_Effect/Textures/T_fly01_8.uexp" 5638
"C:/24CI0412MP/Content/KTP_Effect/Materials/M_fire01_8.uasset" 5639
"C:/24CI0412MP/Content/KTP_Effect/Materials/M_fire01_8.uexp" 5640
"C:/24CI0412MP/Content/KTP_Effect/Particles/Fly/Explosion_01_08.uasset" 5641
"C:/24CI0412MP/Content/KTP_Effect/Particles/Fly/Explosion_01_08.uexp" 5642
"C:/24CI0412MP/Content/KTP_Effect/Textures/T_fly08_7.ubulk" 5643
"C:/24CI0412MP/Content/KTP_Effect/Textures/T_fly08_7.uasset" 5644
"C:/24CI0412MP/Content/KTP_Effect/Textures/T_fly08_7.uexp" 5645
"C:/24CI0412MP/Content/KTP_Effect/Materials/M_fly08_7.uasset" 5646
"C:/24CI0412MP/Content/KTP_Effect/Materials/M_fly08_7.uexp" 5647
"C:/24CI0412MP/Content/KTP_Effect/Particles/Fly/Expolison_08_07.uasset" 5648
"C:/24CI0412MP/Content/KTP_Effect/Particles/Fly/Expolison_08_07.uexp" 5649
"C:/24CI0412MP/Content/KTP_Effect/Textures/T_fly07_4.ubulk" 5650
"C:/24CI0412MP/Content/KTP_Effect/Textures/T_fly07_4.uasset" 5651
"C:/24CI0412MP/Content/KTP_Effect/Textures/T_fly07_4.uexp" 5652
"C:/24CI0412MP/Content/KTP_Effect/Materials/M_fly07_4.uasset" 5653
"C:/24CI0412MP/Content/KTP_Effect/Materials/M_fly07_4.uexp" 5654
"C:/24CI0412MP/Content/KTP_Effect/Particles/Fly/Expolison_07_04.uasset" 5655
"C:/24CI0412MP/Content/KTP_Effect/Particles/Fly/Expolison_07_04.uexp" 5656
"C:/24CI0412MP/Content/KTP_Effect/Materials/PublicMaterials/M_wave_fly006.uasset" 5657
"C:/24CI0412MP/Content/KTP_Effect/Materials/PublicMaterials/M_wave_fly006.uexp" 5658
"C:/24CI0412MP/Content/KTP_Effect/Textures/T_fly06_5.ubulk" 5659
"C:/24CI0412MP/Content/KTP_Effect/Textures/T_fly06_5.uasset" 5660
"C:/24CI0412MP/Content/KTP_Effect/Textures/T_fly06_5.uexp" 5661
"C:/24CI0412MP/Content/KTP_Effect/Materials/M_fly06_5.uasset" 5662
"C:/24CI0412MP/Content/KTP_Effect/Materials/M_fly06_5.uexp" 5663
"C:/24CI0412MP/Content/KTP_Effect/Particles/Fly/Expolison_06_05.uasset" 5664
"C:/24CI0412MP/Content/KTP_Effect/Particles/Fly/Expolison_06_05.uexp" 5665
"C:/24CI0412MP/Content/KTP_Effect/Textures/T_fly02_4.ubulk" 5666
"C:/24CI0412MP/Content/KTP_Effect/Textures/T_fly02_4.uasset" 5667
"C:/24CI0412MP/Content/KTP_Effect/Textures/T_fly02_4.uexp" 5668
"C:/24CI0412MP/Content/KTP_Effect/Materials/M_fly02_4.uasset" 5669
"C:/24CI0412MP/Content/KTP_Effect/Materials/M_fly02_4.uexp" 5670
"C:/24CI0412MP/Content/KTP_Effect/Particles/Fly/Expolison_02_04.uasset" 5671
"C:/24CI0412MP/Content/KTP_Effect/Particles/Fly/Expolison_02_04.uexp" 5672
"C:/24CI0412MP/Content/KTP_Effect/Textures/T_fly03_5.ubulk" 5673
"C:/24CI0412MP/Content/KTP_Effect/Textures/T_fly03_5.uasset" 5674
"C:/24CI0412MP/Content/KTP_Effect/Textures/T_fly03_5.uexp" 5675
"C:/24CI0412MP/Content/KTP_Effect/Materials/M_fly03_5.uasset" 5676
"C:/24CI0412MP/Content/KTP_Effect/Materials/M_fly03_5.uexp" 5677
"C:/24CI0412MP/Content/KTP_Effect/Particles/Fly/Expolison_03_05.uasset" 5678
"C:/24CI0412MP/Content/KTP_Effect/Particles/Fly/Expolison_03_05.uexp" 5679
"C:/24CI0412MP/Content/KTP_Effect/Particles/Fly/Others/Trail_06_01.uasset" 5680
"C:/24CI0412MP/Content/KTP_Effect/Particles/Fly/Others/Trail_06_01.uexp" 5681
"C:/24CI0412MP/Content/KTP_Effect/Textures/T_fly04_6.ubulk" 5682
"C:/24CI0412MP/Content/KTP_Effect/Textures/T_fly04_6.uasset" 5683
"C:/24CI0412MP/Content/KTP_Effect/Textures/T_fly04_6.uexp" 5684
"C:/24CI0412MP/Content/KTP_Effect/Materials/M_fly04_6.uasset" 5685
"C:/24CI0412MP/Content/KTP_Effect/Materials/M_fly04_6.uexp" 5686
"C:/24CI0412MP/Content/KTP_Effect/Particles/Fly/Expolison_04_06.uasset" 5687
"C:/24CI0412MP/Content/KTP_Effect/Particles/Fly/Expolison_04_06.uexp" 5688
"C:/24CI0412MP/Content/KTP_Effect/Textures/T_fly07_6.ubulk" 5689
"C:/24CI0412MP/Content/KTP_Effect/Textures/T_fly07_6.uasset" 5690
"C:/24CI0412MP/Content/KTP_Effect/Textures/T_fly07_6.uexp" 5691
"C:/24CI0412MP/Content/KTP_Effect/Materials/M_fly07_6.uasset" 5692
"C:/24CI0412MP/Content/KTP_Effect/Materials/M_fly07_6.uexp" 5693
"C:/24CI0412MP/Content/KTP_Effect/Particles/Fly/Expolison_07_06.uasset" 5694
"C:/24CI0412MP/Content/KTP_Effect/Particles/Fly/Expolison_07_06.uexp" 5695
"C:/24CI0412MP/Content/KTP_Effect/Particles/Fly/Others/energy_02_01.uasset" 5696
"C:/24CI0412MP/Content/KTP_Effect/Particles/Fly/Others/energy_02_01.uexp" 5697
"C:/24CI0412MP/Content/KTP_Effect/Particles/Fly/Others/Trail_06_06.uasset" 5698
"C:/24CI0412MP/Content/KTP_Effect/Particles/Fly/Others/Trail_06_06.uexp" 5699
"C:/24CI0412MP/Content/KTP_Effect/Textures/T_fly09_5.ubulk" 5700
"C:/24CI0412MP/Content/KTP_Effect/Textures/T_fly09_5.uasset" 5701
"C:/24CI0412MP/Content/KTP_Effect/Textures/T_fly09_5.uexp" 5702
"C:/24CI0412MP/Content/KTP_Effect/Materials/M_fly09_5.uasset" 5703
"C:/24CI0412MP/Content/KTP_Effect/Materials/M_fly09_5.uexp" 5704
"C:/24CI0412MP/Content/KTP_Effect/Particles/Fly/Expolison_09_05.uasset" 5705
"C:/24CI0412MP/Content/KTP_Effect/Particles/Fly/Expolison_09_05.uexp" 5706
"C:/24CI0412MP/Content/KTP_Effect/Textures/T_fly05_8.ubulk" 5707
"C:/24CI0412MP/Content/KTP_Effect/Textures/T_fly05_8.uasset" 5708
"C:/24CI0412MP/Content/KTP_Effect/Textures/T_fly05_8.uexp" 5709
"C:/24CI0412MP/Content/KTP_Effect/Materials/M_fly05_8.uasset" 5710
"C:/24CI0412MP/Content/KTP_Effect/Materials/M_fly05_8.uexp" 5711
"C:/24CI0412MP/Content/KTP_Effect/Particles/Fly/Expolison_05_08.uasset" 5712
"C:/24CI0412MP/Content/KTP_Effect/Particles/Fly/Expolison_05_08.uexp" 5713
"C:/24CI0412MP/Content/KTP_Effect/Textures/T_fly04_8.ubulk" 5714
"C:/24CI0412MP/Content/KTP_Effect/Textures/T_fly04_8.uasset" 5715
"C:/24CI0412MP/Content/KTP_Effect/Textures/T_fly04_8.uexp" 5716
"C:/24CI0412MP/Content/KTP_Effect/Materials/M_fly04_8.uasset" 5717
"C:/24CI0412MP/Content/KTP_Effect/Materials/M_fly04_8.uexp" 5718
"C:/24CI0412MP/Content/KTP_Effect/Particles/Fly/Expolison_04_08.uasset" 5719
"C:/24CI0412MP/Content/KTP_Effect/Particles/Fly/Expolison_04_08.uexp" 5720
"C:/24CI0412MP/Content/KTP_Effect/Textures/T_fly08_8.ubulk" 5721
"C:/24CI0412MP/Content/KTP_Effect/Textures/T_fly08_8.uasset" 5722
"C:/24CI0412MP/Content/KTP_Effect/Textures/T_fly08_8.uexp" 5723
"C:/24CI0412MP/Content/KTP_Effect/Materials/M_fly08_8.uasset" 5724
"C:/24CI0412MP/Content/KTP_Effect/Materials/M_fly08_8.uexp" 5725
"C:/24CI0412MP/Content/KTP_Effect/Particles/Fly/Expolison_08_08.uasset" 5726
"C:/24CI0412MP/Content/KTP_Effect/Particles/Fly/Expolison_08_08.uexp" 5727
"C:/24CI0412MP/Content/KTP_Effect/Particles/Fly/Others/Trail_09_05.uasset" 5728
"C:/24CI0412MP/Content/KTP_Effect/Particles/Fly/Others/Trail_09_05.uexp" 5729
"C:/24CI0412MP/Content/KTP_Effect/Textures/T_fly02_3.ubulk" 5730
"C:/24CI0412MP/Content/KTP_Effect/Textures/T_fly02_3.uasset" 5731
"C:/24CI0412MP/Content/KTP_Effect/Textures/T_fly02_3.uexp" 5732
"C:/24CI0412MP/Content/KTP_Effect/Materials/M_fly02_3.uasset" 5733
"C:/24CI0412MP/Content/KTP_Effect/Materials/M_fly02_3.uexp" 5734
"C:/24CI0412MP/Content/KTP_Effect/Particles/Fly/Expolison_02_03.uasset" 5735
"C:/24CI0412MP/Content/KTP_Effect/Particles/Fly/Expolison_02_03.uexp" 5736
"C:/24CI0412MP/Content/KTP_Effect/Textures/T_fly01_5.ubulk" 5737
"C:/24CI0412MP/Content/KTP_Effect/Textures/T_fly01_5.uasset" 5738
"C:/24CI0412MP/Content/KTP_Effect/Textures/T_fly01_5.uexp" 5739
"C:/24CI0412MP/Content/KTP_Effect/Materials/M_fire01_5.uasset" 5740
"C:/24CI0412MP/Content/KTP_Effect/Materials/M_fire01_5.uexp" 5741
"C:/24CI0412MP/Content/KTP_Effect/Particles/Fly/Explosion_01_05.uasset" 5742
"C:/24CI0412MP/Content/KTP_Effect/Particles/Fly/Explosion_01_05.uexp" 5743
"C:/24CI0412MP/Content/KTP_Effect/Textures/PublicTextures/T_Half_Light.ubulk" 5744
"C:/24CI0412MP/Content/KTP_Effect/Textures/PublicTextures/T_Half_Light.uasset" 5745
"C:/24CI0412MP/Content/KTP_Effect/Textures/PublicTextures/T_Half_Light.uexp" 5746
"C:/24CI0412MP/Content/KTP_Effect/Materials/PublicMaterials/M_FX_Glow_AS_fly08.uasset" 5747
"C:/24CI0412MP/Content/KTP_Effect/Materials/PublicMaterials/M_FX_Glow_AS_fly08.uexp" 5748
"C:/24CI0412MP/Content/KTP_Effect/Particles/Fly/Others/Trail_08_09.uasset" 5749
"C:/24CI0412MP/Content/KTP_Effect/Particles/Fly/Others/Trail_08_09.uexp" 5750
"C:/24CI0412MP/Content/KTP_Effect/Particles/Fly/Others/Trail_01_06.uasset" 5751
"C:/24CI0412MP/Content/KTP_Effect/Particles/Fly/Others/Trail_01_06.uexp" 5752
"C:/24CI0412MP/Content/KTP_Effect/Materials/PublicMaterials/M_FX_Glow_ring_2.uasset" 5753
"C:/24CI0412MP/Content/KTP_Effect/Materials/PublicMaterials/M_FX_Glow_ring_2.uexp" 5754
"C:/24CI0412MP/Content/KTP_Effect/Materials/PublicMaterials/M_hit_fly.uasset" 5755
"C:/24CI0412MP/Content/KTP_Effect/Materials/PublicMaterials/M_hit_fly.uexp" 5756
"C:/24CI0412MP/Content/KTP_Effect/Mesh/M_Plane.ubulk" 5757
"C:/24CI0412MP/Content/KTP_Effect/Mesh/M_Plane.uasset" 5758
"C:/24CI0412MP/Content/KTP_Effect/Mesh/M_Plane.uexp" 5759
"C:/24CI0412MP/Content/KTP_Effect/Particles/Fly/Others/energy_06_01.uasset" 5760
"C:/24CI0412MP/Content/KTP_Effect/Particles/Fly/Others/energy_06_01.uexp" 5761
"C:/24CI0412MP/Content/KTP_Effect/Particles/Fly/Others/Trail_08_06.uasset" 5762
"C:/24CI0412MP/Content/KTP_Effect/Particles/Fly/Others/Trail_08_06.uexp" 5763
"C:/24CI0412MP/Content/KTP_Effect/Textures/T_fly03_9.ubulk" 5764
"C:/24CI0412MP/Content/KTP_Effect/Textures/T_fly03_9.uasset" 5765
"C:/24CI0412MP/Content/KTP_Effect/Textures/T_fly03_9.uexp" 5766
"C:/24CI0412MP/Content/KTP_Effect/Materials/M_fly03_9.uasset" 5767
"C:/24CI0412MP/Content/KTP_Effect/Materials/M_fly03_9.uexp" 5768
"C:/24CI0412MP/Content/KTP_Effect/Particles/Fly/Expolison_03_09.uasset" 5769
"C:/24CI0412MP/Content/KTP_Effect/Particles/Fly/Expolison_03_09.uexp" 5770
"C:/24CI0412MP/Content/KTP_Effect/Particles/Fly/Others/Trail_02_01.uasset" 5771
"C:/24CI0412MP/Content/KTP_Effect/Particles/Fly/Others/Trail_02_01.uexp" 5772
"C:/24CI0412MP/Content/KTP_Effect/Textures/T_fly03_8.ubulk" 5773
"C:/24CI0412MP/Content/KTP_Effect/Textures/T_fly03_8.uasset" 5774
"C:/24CI0412MP/Content/KTP_Effect/Textures/T_fly03_8.uexp" 5775
"C:/24CI0412MP/Content/KTP_Effect/Materials/M_fly03_8.uasset" 5776
"C:/24CI0412MP/Content/KTP_Effect/Materials/M_fly03_8.uexp" 5777
"C:/24CI0412MP/Content/KTP_Effect/Particles/Fly/Expolison_03_08.uasset" 5778
"C:/24CI0412MP/Content/KTP_Effect/Particles/Fly/Expolison_03_08.uexp" 5779
"C:/24CI0412MP/Content/KTP_Effect/Textures/T_fly02_8.ubulk" 5780
"C:/24CI0412MP/Content/KTP_Effect/Textures/T_fly02_8.uasset" 5781
"C:/24CI0412MP/Content/KTP_Effect/Textures/T_fly02_8.uexp" 5782
"C:/24CI0412MP/Content/KTP_Effect/Materials/M_fly02_8.uasset" 5783
"C:/24CI0412MP/Content/KTP_Effect/Materials/M_fly02_8.uexp" 5784
"C:/24CI0412MP/Content/KTP_Effect/Particles/Fly/Expolison_02_08.uasset" 5785
"C:/24CI0412MP/Content/KTP_Effect/Particles/Fly/Expolison_02_08.uexp" 5786
"C:/24CI0412MP/Content/KTP_Effect/Textures/T_fly03_7.ubulk" 5787
"C:/24CI0412MP/Content/KTP_Effect/Textures/T_fly03_7.uasset" 5788
"C:/24CI0412MP/Content/KTP_Effect/Textures/T_fly03_7.uexp" 5789
"C:/24CI0412MP/Content/KTP_Effect/Materials/M_fly03_7.uasset" 5790
"C:/24CI0412MP/Content/KTP_Effect/Materials/M_fly03_7.uexp" 5791
"C:/24CI0412MP/Content/KTP_Effect/Particles/Fly/Expolison_03_07.uasset" 5792
"C:/24CI0412MP/Content/KTP_Effect/Particles/Fly/Expolison_03_07.uexp" 5793
"C:/24CI0412MP/Content/KTP_Effect/Textures/T_fly10_6.ubulk" 5794
"C:/24CI0412MP/Content/KTP_Effect/Textures/T_fly10_6.uasset" 5795
"C:/24CI0412MP/Content/KTP_Effect/Textures/T_fly10_6.uexp" 5796
"C:/24CI0412MP/Content/KTP_Effect/Materials/M_fly10_6.uasset" 5797
"C:/24CI0412MP/Content/KTP_Effect/Materials/M_fly10_6.uexp" 5798
"C:/24CI0412MP/Content/KTP_Effect/Particles/Fly/Expolison_10_06.uasset" 5799
"C:/24CI0412MP/Content/KTP_Effect/Particles/Fly/Expolison_10_06.uexp" 5800
"C:/24CI0412MP/Content/KTP_Effect/Textures/T_fly05_1.ubulk" 5801
"C:/24CI0412MP/Content/KTP_Effect/Textures/T_fly05_1.uasset" 5802
"C:/24CI0412MP/Content/KTP_Effect/Textures/T_fly05_1.uexp" 5803
"C:/24CI0412MP/Content/KTP_Effect/Materials/M_fly05_1.uasset" 5804
"C:/24CI0412MP/Content/KTP_Effect/Materials/M_fly05_1.uexp" 5805
"C:/24CI0412MP/Content/KTP_Effect/Particles/Fly/Expolison_05_01.uasset" 5806
"C:/24CI0412MP/Content/KTP_Effect/Particles/Fly/Expolison_05_01.uexp" 5807
"C:/24CI0412MP/Content/KTP_Effect/Textures/T_fly07_8.ubulk" 5808
"C:/24CI0412MP/Content/KTP_Effect/Textures/T_fly07_8.uasset" 5809
"C:/24CI0412MP/Content/KTP_Effect/Textures/T_fly07_8.uexp" 5810
"C:/24CI0412MP/Content/KTP_Effect/Materials/M_fly07_8.uasset" 5811
"C:/24CI0412MP/Content/KTP_Effect/Materials/M_fly07_8.uexp" 5812
"C:/24CI0412MP/Content/KTP_Effect/Particles/Fly/Expolison_07_08.uasset" 5813
"C:/24CI0412MP/Content/KTP_Effect/Particles/Fly/Expolison_07_08.uexp" 5814
"C:/24CI0412MP/Content/KTP_Effect/Textures/T_fly08_9.ubulk" 5815
"C:/24CI0412MP/Content/KTP_Effect/Textures/T_fly08_9.uasset" 5816
"C:/24CI0412MP/Content/KTP_Effect/Textures/T_fly08_9.uexp" 5817
"C:/24CI0412MP/Content/KTP_Effect/Materials/M_fly08_9.uasset" 5818
"C:/24CI0412MP/Content/KTP_Effect/Materials/M_fly08_9.uexp" 5819
"C:/24CI0412MP/Content/KTP_Effect/Particles/Fly/Expolison_08_09.uasset" 5820
"C:/24CI0412MP/Content/KTP_Effect/Particles/Fly/Expolison_08_09.uexp" 5821
"C:/24CI0412MP/Content/KTP_Effect/Particles/Fly/Others/Trail_01_01.uasset" 5822
"C:/24CI0412MP/Content/KTP_Effect/Particles/Fly/Others/Trail_01_01.uexp" 5823
"C:/24CI0412MP/Content/KTP_Effect/Textures/T_fly05_3.ubulk" 5824
"C:/24CI0412MP/Content/KTP_Effect/Textures/T_fly05_3.uasset" 5825
"C:/24CI0412MP/Content/KTP_Effect/Textures/T_fly05_3.uexp" 5826
"C:/24CI0412MP/Content/KTP_Effect/Materials/M_fly05_3.uasset" 5827
"C:/24CI0412MP/Content/KTP_Effect/Materials/M_fly05_3.uexp" 5828
"C:/24CI0412MP/Content/KTP_Effect/Particles/Fly/Expolison_05_03.uasset" 5829
"C:/24CI0412MP/Content/KTP_Effect/Particles/Fly/Expolison_05_03.uexp" 5830
"C:/24CI0412MP/Content/KTP_Effect/Textures/T_fly06_6.ubulk" 5831
"C:/24CI0412MP/Content/KTP_Effect/Textures/T_fly06_6.uasset" 5832
"C:/24CI0412MP/Content/KTP_Effect/Textures/T_fly06_6.uexp" 5833
"C:/24CI0412MP/Content/KTP_Effect/Materials/M_fly06_6.uasset" 5834
"C:/24CI0412MP/Content/KTP_Effect/Materials/M_fly06_6.uexp" 5835
"C:/24CI0412MP/Content/KTP_Effect/Particles/Fly/Expolison_06_06.uasset" 5836
"C:/24CI0412MP/Content/KTP_Effect/Particles/Fly/Expolison_06_06.uexp" 5837
"C:/24CI0412MP/Content/KTP_Effect/Textures/T_fly09_1.ubulk" 5838
"C:/24CI0412MP/Content/KTP_Effect/Textures/T_fly09_1.uasset" 5839
"C:/24CI0412MP/Content/KTP_Effect/Textures/T_fly09_1.uexp" 5840
"C:/24CI0412MP/Content/KTP_Effect/Materials/M_fly09_1.uasset" 5841
"C:/24CI0412MP/Content/KTP_Effect/Materials/M_fly09_1.uexp" 5842
"C:/24CI0412MP/Content/KTP_Effect/Particles/Fly/Expolison_09_01.uasset" 5843
"C:/24CI0412MP/Content/KTP_Effect/Particles/Fly/Expolison_09_01.uexp" 5844
"C:/24CI0412MP/Content/KTP_Effect/Textures/T_fly04_2.ubulk" 5845
"C:/24CI0412MP/Content/KTP_Effect/Textures/T_fly04_2.uasset" 5846
"C:/24CI0412MP/Content/KTP_Effect/Textures/T_fly04_2.uexp" 5847
"C:/24CI0412MP/Content/KTP_Effect/Materials/M_fly04_2.uasset" 5848
"C:/24CI0412MP/Content/KTP_Effect/Materials/M_fly04_2.uexp" 5849
"C:/24CI0412MP/Content/KTP_Effect/Particles/Fly/Expolison_04_02.uasset" 5850
"C:/24CI0412MP/Content/KTP_Effect/Particles/Fly/Expolison_04_02.uexp" 5851
"C:/24CI0412MP/Content/KTP_Effect/Textures/T_fly09_2.ubulk" 5852
"C:/24CI0412MP/Content/KTP_Effect/Textures/T_fly09_2.uasset" 5853
"C:/24CI0412MP/Content/KTP_Effect/Textures/T_fly09_2.uexp" 5854
"C:/24CI0412MP/Content/KTP_Effect/Materials/M_fly09_2.uasset" 5855
"C:/24CI0412MP/Content/KTP_Effect/Materials/M_fly09_2.uexp" 5856
"C:/24CI0412MP/Content/KTP_Effect/Particles/Fly/Expolison_09_02.uasset" 5857
"C:/24CI0412MP/Content/KTP_Effect/Particles/Fly/Expolison_09_02.uexp" 5858
"C:/24CI0412MP/Content/KTP_Effect/Textures/T_fly06_4.ubulk" 5859
"C:/24CI0412MP/Content/KTP_Effect/Textures/T_fly06_4.uasset" 5860
"C:/24CI0412MP/Content/KTP_Effect/Textures/T_fly06_4.uexp" 5861
"C:/24CI0412MP/Content/KTP_Effect/Materials/M_fly06_4.uasset" 5862
"C:/24CI0412MP/Content/KTP_Effect/Materials/M_fly06_4.uexp" 5863
"C:/24CI0412MP/Content/KTP_Effect/Particles/Fly/Expolison_06_04.uasset" 5864
"C:/24CI0412MP/Content/KTP_Effect/Particles/Fly/Expolison_06_04.uexp" 5865
"C:/24CI0412MP/Content/KTP_Effect/Particles/Fly/Others/Trail_04_07.uasset" 5866
"C:/24CI0412MP/Content/KTP_Effect/Particles/Fly/Others/Trail_04_07.uexp" 5867
"C:/24CI0412MP/Content/KTP_Effect/Textures/T_fly04_1.ubulk" 5868
"C:/24CI0412MP/Content/KTP_Effect/Textures/T_fly04_1.uasset" 5869
"C:/24CI0412MP/Content/KTP_Effect/Textures/T_fly04_1.uexp" 5870
"C:/24CI0412MP/Content/KTP_Effect/Materials/M_fly04_1.uasset" 5871
"C:/24CI0412MP/Content/KTP_Effect/Materials/M_fly04_1.uexp" 5872
"C:/24CI0412MP/Content/KTP_Effect/Particles/Fly/Expolison_04_01.uasset" 5873
"C:/24CI0412MP/Content/KTP_Effect/Particles/Fly/Expolison_04_01.uexp" 5874
"C:/24CI0412MP/Content/KTP_Effect/Particles/Fly/Others/Trail_02_04.uasset" 5875
"C:/24CI0412MP/Content/KTP_Effect/Particles/Fly/Others/Trail_02_04.uexp" 5876
"C:/24CI0412MP/Content/KTP_Effect/Textures/T_fly10_5.ubulk" 5877
"C:/24CI0412MP/Content/KTP_Effect/Textures/T_fly10_5.uasset" 5878
"C:/24CI0412MP/Content/KTP_Effect/Textures/T_fly10_5.uexp" 5879
"C:/24CI0412MP/Content/KTP_Effect/Materials/M_fly10_5.uasset" 5880
"C:/24CI0412MP/Content/KTP_Effect/Materials/M_fly10_5.uexp" 5881
"C:/24CI0412MP/Content/KTP_Effect/Particles/Fly/Expolison_10_05.uasset" 5882
"C:/24CI0412MP/Content/KTP_Effect/Particles/Fly/Expolison_10_05.uexp" 5883
"C:/24CI0412MP/Content/KTP_Effect/Textures/T_fly09_6.ubulk" 5884
"C:/24CI0412MP/Content/KTP_Effect/Textures/T_fly09_6.uasset" 5885
"C:/24CI0412MP/Content/KTP_Effect/Textures/T_fly09_6.uexp" 5886
"C:/24CI0412MP/Content/KTP_Effect/Materials/M_fly09_6.uasset" 5887
"C:/24CI0412MP/Content/KTP_Effect/Materials/M_fly09_6.uexp" 5888
"C:/24CI0412MP/Content/KTP_Effect/Particles/Fly/Expolison_09_06.uasset" 5889
"C:/24CI0412MP/Content/KTP_Effect/Particles/Fly/Expolison_09_06.uexp" 5890
"C:/24CI0412MP/Content/KTP_Effect/Particles/Fly/Others/Trail_10_09.uasset" 5891
"C:/24CI0412MP/Content/KTP_Effect/Particles/Fly/Others/Trail_10_09.uexp" 5892
"C:/24CI0412MP/Content/KTP_Effect/Particles/Fly/Others/Trail_03_09.uasset" 5893
"C:/24CI0412MP/Content/KTP_Effect/Particles/Fly/Others/Trail_03_09.uexp" 5894
"C:/24CI0412MP/Content/KTP_Effect/Textures/T_fly08_4.ubulk" 5895
"C:/24CI0412MP/Content/KTP_Effect/Textures/T_fly08_4.uasset" 5896
"C:/24CI0412MP/Content/KTP_Effect/Textures/T_fly08_4.uexp" 5897
"C:/24CI0412MP/Content/KTP_Effect/Materials/M_fly08_4.uasset" 5898
"C:/24CI0412MP/Content/KTP_Effect/Materials/M_fly08_4.uexp" 5899
"C:/24CI0412MP/Content/KTP_Effect/Particles/Fly/Expolison_08_04.uasset" 5900
"C:/24CI0412MP/Content/KTP_Effect/Particles/Fly/Expolison_08_04.uexp" 5901
"C:/24CI0412MP/Content/KTP_Effect/Textures/T_fly01_2.ubulk" 5902
"C:/24CI0412MP/Content/KTP_Effect/Textures/T_fly01_2.uasset" 5903
"C:/24CI0412MP/Content/KTP_Effect/Textures/T_fly01_2.uexp" 5904
"C:/24CI0412MP/Content/KTP_Effect/Materials/M_fire01_2.uasset" 5905
"C:/24CI0412MP/Content/KTP_Effect/Materials/M_fire01_2.uexp" 5906
"C:/24CI0412MP/Content/KTP_Effect/Particles/Fly/Explosion_01_02.uasset" 5907
"C:/24CI0412MP/Content/KTP_Effect/Particles/Fly/Explosion_01_02.uexp" 5908
"C:/24CI0412MP/Content/KTP_Effect/Textures/T_fly10_7.ubulk" 5909
"C:/24CI0412MP/Content/KTP_Effect/Textures/T_fly10_7.uasset" 5910
"C:/24CI0412MP/Content/KTP_Effect/Textures/T_fly10_7.uexp" 5911
"C:/24CI0412MP/Content/KTP_Effect/Materials/M_fly10_7.uasset" 5912
"C:/24CI0412MP/Content/KTP_Effect/Materials/M_fly10_7.uexp" 5913
"C:/24CI0412MP/Content/KTP_Effect/Particles/Fly/Expolison_10_07.uasset" 5914
"C:/24CI0412MP/Content/KTP_Effect/Particles/Fly/Expolison_10_07.uexp" 5915
"C:/24CI0412MP/Content/KTP_Effect/Textures/T_fly02_2.ubulk" 5916
"C:/24CI0412MP/Content/KTP_Effect/Textures/T_fly02_2.uasset" 5917
"C:/24CI0412MP/Content/KTP_Effect/Textures/T_fly02_2.uexp" 5918
"C:/24CI0412MP/Content/KTP_Effect/Materials/M_fly02_2.uasset" 5919
"C:/24CI0412MP/Content/KTP_Effect/Materials/M_fly02_2.uexp" 5920
"C:/24CI0412MP/Content/KTP_Effect/Particles/Fly/Expolison_02_02.uasset" 5921
"C:/24CI0412MP/Content/KTP_Effect/Particles/Fly/Expolison_02_02.uexp" 5922
"C:/24CI0412MP/Content/KTP_Effect/Textures/T_fly05_5.ubulk" 5923
"C:/24CI0412MP/Content/KTP_Effect/Textures/T_fly05_5.uasset" 5924
"C:/24CI0412MP/Content/KTP_Effect/Textures/T_fly05_5.uexp" 5925
"C:/24CI0412MP/Content/KTP_Effect/Materials/M_fly05_5.uasset" 5926
"C:/24CI0412MP/Content/KTP_Effect/Materials/M_fly05_5.uexp" 5927
"C:/24CI0412MP/Content/KTP_Effect/Particles/Fly/Expolison_05_05.uasset" 5928
"C:/24CI0412MP/Content/KTP_Effect/Particles/Fly/Expolison_05_05.uexp" 5929
"C:/24CI0412MP/Content/KTP_Effect/Particles/Fly/Others/Trail_04_01.uasset" 5930
"C:/24CI0412MP/Content/KTP_Effect/Particles/Fly/Others/Trail_04_01.uexp" 5931
"C:/24CI0412MP/Content/KTP_Effect/Textures/T_fly04_3.ubulk" 5932
"C:/24CI0412MP/Content/KTP_Effect/Textures/T_fly04_3.uasset" 5933
"C:/24CI0412MP/Content/KTP_Effect/Textures/T_fly04_3.uexp" 5934
"C:/24CI0412MP/Content/KTP_Effect/Materials/M_fly04_3.uasset" 5935
"C:/24CI0412MP/Content/KTP_Effect/Materials/M_fly04_3.uexp" 5936
"C:/24CI0412MP/Content/KTP_Effect/Particles/Fly/Expolison_04_03.uasset" 5937
"C:/24CI0412MP/Content/KTP_Effect/Particles/Fly/Expolison_04_03.uexp" 5938
"C:/24CI0412MP/Content/KTP_Effect/Particles/Fly/Others/Trail_03_01.uasset" 5939
"C:/24CI0412MP/Content/KTP_Effect/Particles/Fly/Others/Trail_03_01.uexp" 5940
"C:/24CI0412MP/Content/KTP_Effect/Textures/T_fly01_6.ubulk" 5941
"C:/24CI0412MP/Content/KTP_Effect/Textures/T_fly01_6.uasset" 5942
"C:/24CI0412MP/Content/KTP_Effect/Textures/T_fly01_6.uexp" 5943
"C:/24CI0412MP/Content/KTP_Effect/Materials/M_fire01_6.uasset" 5944
"C:/24CI0412MP/Content/KTP_Effect/Materials/M_fire01_6.uexp" 5945
"C:/24CI0412MP/Content/KTP_Effect/Particles/Fly/Explosion_01_06.uasset" 5946
"C:/24CI0412MP/Content/KTP_Effect/Particles/Fly/Explosion_01_06.uexp" 5947
"C:/24CI0412MP/Content/KTP_Effect/Textures/T_fly02_9.ubulk" 5948
"C:/24CI0412MP/Content/KTP_Effect/Textures/T_fly02_9.uasset" 5949
"C:/24CI0412MP/Content/KTP_Effect/Textures/T_fly02_9.uexp" 5950
"C:/24CI0412MP/Content/KTP_Effect/Materials/M_fly02_9.uasset" 5951
"C:/24CI0412MP/Content/KTP_Effect/Materials/M_fly02_9.uexp" 5952
"C:/24CI0412MP/Content/KTP_Effect/Particles/Fly/Expolison_02_09.uasset" 5953
"C:/24CI0412MP/Content/KTP_Effect/Particles/Fly/Expolison_02_09.uexp" 5954
"C:/24CI0412MP/Content/KTP_Effect/Textures/T_fly03_2.ubulk" 5955
"C:/24CI0412MP/Content/KTP_Effect/Textures/T_fly03_2.uasset" 5956
"C:/24CI0412MP/Content/KTP_Effect/Textures/T_fly03_2.uexp" 5957
"C:/24CI0412MP/Content/KTP_Effect/Materials/M_fly03_2.uasset" 5958
"C:/24CI0412MP/Content/KTP_Effect/Materials/M_fly03_2.uexp" 5959
"C:/24CI0412MP/Content/KTP_Effect/Particles/Fly/Expolison_03_02.uasset" 5960
"C:/24CI0412MP/Content/KTP_Effect/Particles/Fly/Expolison_03_02.uexp" 5961
"C:/24CI0412MP/Content/KTP_Effect/Particles/Fly/Others/Trail_03_02.uasset" 5962
"C:/24CI0412MP/Content/KTP_Effect/Particles/Fly/Others/Trail_03_02.uexp" 5963
"C:/24CI0412MP/Content/KTP_Effect/Textures/T_fly07_1.ubulk" 5964
"C:/24CI0412MP/Content/KTP_Effect/Textures/T_fly07_1.uasset" 5965
"C:/24CI0412MP/Content/KTP_Effect/Textures/T_fly07_1.uexp" 5966
"C:/24CI0412MP/Content/KTP_Effect/Materials/M_fly07_1.uasset" 5967
"C:/24CI0412MP/Content/KTP_Effect/Materials/M_fly07_1.uexp" 5968
"C:/24CI0412MP/Content/KTP_Effect/Particles/Fly/Expolison_07_01.uasset" 5969
"C:/24CI0412MP/Content/KTP_Effect/Particles/Fly/Expolison_07_01.uexp" 5970
"C:/24CI0412MP/Content/KTP_Effect/Particles/Fly/Others/Trail_05_06.uasset" 5971
"C:/24CI0412MP/Content/KTP_Effect/Particles/Fly/Others/Trail_05_06.uexp" 5972
"C:/24CI0412MP/Content/KTP_Effect/Particles/Fly/Others/Trail_06_09.uasset" 5973
"C:/24CI0412MP/Content/KTP_Effect/Particles/Fly/Others/Trail_06_09.uexp" 5974
"C:/24CI0412MP/Content/KTP_Effect/Particles/Fly/Others/Trail_08_01.uasset" 5975
"C:/24CI0412MP/Content/KTP_Effect/Particles/Fly/Others/Trail_08_01.uexp" 5976
"C:/24CI0412MP/Content/KTP_Effect/Textures/T_fly03_1.ubulk" 5977
"C:/24CI0412MP/Content/KTP_Effect/Textures/T_fly03_1.uasset" 5978
"C:/24CI0412MP/Content/KTP_Effect/Textures/T_fly03_1.uexp" 5979
"C:/24CI0412MP/Content/KTP_Effect/Materials/M_fly03_1.uasset" 5980
"C:/24CI0412MP/Content/KTP_Effect/Materials/M_fly03_1.uexp" 5981
"C:/24CI0412MP/Content/KTP_Effect/Particles/Fly/Expolison_03_01.uasset" 5982
"C:/24CI0412MP/Content/KTP_Effect/Particles/Fly/Expolison_03_01.uexp" 5983
"C:/24CI0412MP/Content/KTP_Effect/Textures/T_fly10_3.ubulk" 5984
"C:/24CI0412MP/Content/KTP_Effect/Textures/T_fly10_3.uasset" 5985
"C:/24CI0412MP/Content/KTP_Effect/Textures/T_fly10_3.uexp" 5986
"C:/24CI0412MP/Content/KTP_Effect/Materials/M_fly10_3.uasset" 5987
"C:/24CI0412MP/Content/KTP_Effect/Materials/M_fly10_3.uexp" 5988
"C:/24CI0412MP/Content/KTP_Effect/Particles/Fly/Expolison_10_03.uasset" 5989
"C:/24CI0412MP/Content/KTP_Effect/Particles/Fly/Expolison_10_03.uexp" 5990
"C:/24CI0412MP/Content/KTP_Effect/Particles/Fly/Others/Trail_09_07.uasset" 5991
"C:/24CI0412MP/Content/KTP_Effect/Particles/Fly/Others/Trail_09_07.uexp" 5992
"C:/24CI0412MP/Content/KTP_Effect/Textures/T_fly10_1.ubulk" 5993
"C:/24CI0412MP/Content/KTP_Effect/Textures/T_fly10_1.uasset" 5994
"C:/24CI0412MP/Content/KTP_Effect/Textures/T_fly10_1.uexp" 5995
"C:/24CI0412MP/Content/KTP_Effect/Materials/M_fly10_1.uasset" 5996
"C:/24CI0412MP/Content/KTP_Effect/Materials/M_fly10_1.uexp" 5997
"C:/24CI0412MP/Content/KTP_Effect/Particles/Fly/Expolison_10_01.uasset" 5998
"C:/24CI0412MP/Content/KTP_Effect/Particles/Fly/Expolison_10_01.uexp" 5999
"C:/24CI0412MP/Content/KTP_Effect/Textures/T_fly04_4.ubulk" 6000
"C:/24CI0412MP/Content/KTP_Effect/Textures/T_fly04_4.uasset" 6001
"C:/24CI0412MP/Content/KTP_Effect/Textures/T_fly04_4.uexp" 6002
"C:/24CI0412MP/Content/KTP_Effect/Materials/M_fly04_4.uasset" 6003
"C:/24CI0412MP/Content/KTP_Effect/Materials/M_fly04_4.uexp" 6004
"C:/24CI0412MP/Content/KTP_Effect/Particles/Fly/Expolison_04_04.uasset" 6005
"C:/24CI0412MP/Content/KTP_Effect/Particles/Fly/Expolison_04_04.uexp" 6006
"C:/24CI0412MP/Content/KTP_Effect/Textures/T_fly05_4.ubulk" 6007
"C:/24CI0412MP/Content/KTP_Effect/Textures/T_fly05_4.uasset" 6008
"C:/24CI0412MP/Content/KTP_Effect/Textures/T_fly05_4.uexp" 6009
"C:/24CI0412MP/Content/KTP_Effect/Materials/M_fly05_4.uasset" 6010
"C:/24CI0412MP/Content/KTP_Effect/Materials/M_fly05_4.uexp" 6011
"C:/24CI0412MP/Content/KTP_Effect/Particles/Fly/Expolison_05_04.uasset" 6012
"C:/24CI0412MP/Content/KTP_Effect/Particles/Fly/Expolison_05_04.uexp" 6013
"C:/24CI0412MP/Content/KTP_Effect/Particles/Fly/Others/Trail_06_03.uasset" 6014
"C:/24CI0412MP/Content/KTP_Effect/Particles/Fly/Others/Trail_06_03.uexp" 6015
"C:/24CI0412MP/Content/KTP_Effect/Textures/T_fly06_8.ubulk" 6016
"C:/24CI0412MP/Content/KTP_Effect/Textures/T_fly06_8.uasset" 6017
"C:/24CI0412MP/Content/KTP_Effect/Textures/T_fly06_8.uexp" 6018
"C:/24CI0412MP/Content/KTP_Effect/Materials/M_fly06_8.uasset" 6019
"C:/24CI0412MP/Content/KTP_Effect/Materials/M_fly06_8.uexp" 6020
"C:/24CI0412MP/Content/KTP_Effect/Particles/Fly/Expolison_06_08.uasset" 6021
"C:/24CI0412MP/Content/KTP_Effect/Particles/Fly/Expolison_06_08.uexp" 6022
"C:/24CI0412MP/Content/KTP_Effect/Particles/Fly/Others/Trail_03_06.uasset" 6023
"C:/24CI0412MP/Content/KTP_Effect/Particles/Fly/Others/Trail_03_06.uexp" 6024
"C:/24CI0412MP/Content/KTP_Effect/Textures/T_fly01_9.ubulk" 6025
"C:/24CI0412MP/Content/KTP_Effect/Textures/T_fly01_9.uasset" 6026
"C:/24CI0412MP/Content/KTP_Effect/Textures/T_fly01_9.uexp" 6027
"C:/24CI0412MP/Content/KTP_Effect/Materials/M_fire01_9.uasset" 6028
"C:/24CI0412MP/Content/KTP_Effect/Materials/M_fire01_9.uexp" 6029
"C:/24CI0412MP/Content/KTP_Effect/Particles/Fly/Explosion_01_09.uasset" 6030
"C:/24CI0412MP/Content/KTP_Effect/Particles/Fly/Explosion_01_09.uexp" 6031
"C:/24CI0412MP/Content/KTP_Effect/Textures/T_fly08_5.ubulk" 6032
"C:/24CI0412MP/Content/KTP_Effect/Textures/T_fly08_5.uasset" 6033
"C:/24CI0412MP/Content/KTP_Effect/Textures/T_fly08_5.uexp" 6034
"C:/24CI0412MP/Content/KTP_Effect/Materials/M_fly08_5.uasset" 6035
"C:/24CI0412MP/Content/KTP_Effect/Materials/M_fly08_5.uexp" 6036
"C:/24CI0412MP/Content/KTP_Effect/Particles/Fly/Expolison_08_05.uasset" 6037
"C:/24CI0412MP/Content/KTP_Effect/Particles/Fly/Expolison_08_05.uexp" 6038
"C:/24CI0412MP/Content/KTP_Effect/Textures/T_fly02_6.ubulk" 6039
"C:/24CI0412MP/Content/KTP_Effect/Textures/T_fly02_6.uasset" 6040
"C:/24CI0412MP/Content/KTP_Effect/Textures/T_fly02_6.uexp" 6041
"C:/24CI0412MP/Content/KTP_Effect/Materials/M_fly02_6.uasset" 6042
"C:/24CI0412MP/Content/KTP_Effect/Materials/M_fly02_6.uexp" 6043
"C:/24CI0412MP/Content/KTP_Effect/Particles/Fly/Expolison_02_06.uasset" 6044
"C:/24CI0412MP/Content/KTP_Effect/Particles/Fly/Expolison_02_06.uexp" 6045
"C:/24CI0412MP/Content/KTP_Effect/Particles/Fly/Others/Trail_08_07.uasset" 6046
"C:/24CI0412MP/Content/KTP_Effect/Particles/Fly/Others/Trail_08_07.uexp" 6047
"C:/24CI0412MP/Content/KTP_Effect/Particles/Fly/Others/Trail_06_07.uasset" 6048
"C:/24CI0412MP/Content/KTP_Effect/Particles/Fly/Others/Trail_06_07.uexp" 6049
"C:/24CI0412MP/Content/KTP_Effect/Textures/T_fly03_4.ubulk" 6050
"C:/24CI0412MP/Content/KTP_Effect/Textures/T_fly03_4.uasset" 6051
"C:/24CI0412MP/Content/KTP_Effect/Textures/T_fly03_4.uexp" 6052
"C:/24CI0412MP/Content/KTP_Effect/Materials/M_fly03_4.uasset" 6053
"C:/24CI0412MP/Content/KTP_Effect/Materials/M_fly03_4.uexp" 6054
"C:/24CI0412MP/Content/KTP_Effect/Particles/Fly/Expolison_03_04.uasset" 6055
"C:/24CI0412MP/Content/KTP_Effect/Particles/Fly/Expolison_03_04.uexp" 6056
"C:/24CI0412MP/Content/KTP_Effect/Textures/T_fly04_9.ubulk" 6057
"C:/24CI0412MP/Content/KTP_Effect/Textures/T_fly04_9.uasset" 6058
"C:/24CI0412MP/Content/KTP_Effect/Textures/T_fly04_9.uexp" 6059
"C:/24CI0412MP/Content/KTP_Effect/Materials/M_fly04_9.uasset" 6060
"C:/24CI0412MP/Content/KTP_Effect/Materials/M_fly04_9.uexp" 6061
"C:/24CI0412MP/Content/KTP_Effect/Particles/Fly/Expolison_04_09.uasset" 6062
"C:/24CI0412MP/Content/KTP_Effect/Particles/Fly/Expolison_04_09.uexp" 6063
"C:/24CI0412MP/Content/KTP_Effect/Particles/Fly/Others/Trail_05_02.uasset" 6064
"C:/24CI0412MP/Content/KTP_Effect/Particles/Fly/Others/Trail_05_02.uexp" 6065
"C:/24CI0412MP/Content/KTP_Effect/Particles/Fly/Others/Trail_05_07.uasset" 6066
"C:/24CI0412MP/Content/KTP_Effect/Particles/Fly/Others/Trail_05_07.uexp" 6067
"C:/24CI0412MP/Content/KTP_Effect/Materials/PublicMaterials/M_FX_trail_tech_2.uasset" 6068
"C:/24CI0412MP/Content/KTP_Effect/Materials/PublicMaterials/M_FX_trail_tech_2.uexp" 6069
"C:/24CI0412MP/Content/KTP_Effect/Particles/Fly/Others/Trail_07_06.uasset" 6070
"C:/24CI0412MP/Content/KTP_Effect/Particles/Fly/Others/Trail_07_06.uexp" 6071
"C:/24CI0412MP/Content/KTP_Effect/Textures/T_fly10_9.ubulk" 6072
"C:/24CI0412MP/Content/KTP_Effect/Textures/T_fly10_9.uasset" 6073
"C:/24CI0412MP/Content/KTP_Effect/Textures/T_fly10_9.uexp" 6074
"C:/24CI0412MP/Content/KTP_Effect/Materials/M_fly10_9.uasset" 6075
"C:/24CI0412MP/Content/KTP_Effect/Materials/M_fly10_9.uexp" 6076
"C:/24CI0412MP/Content/KTP_Effect/Particles/Fly/Expolison_10_09.uasset" 6077
"C:/24CI0412MP/Content/KTP_Effect/Particles/Fly/Expolison_10_09.uexp" 6078
"C:/24CI0412MP/Content/KTP_Effect/Mesh/line.ubulk" 6079
"C:/24CI0412MP/Content/KTP_Effect/Mesh/line.uasset" 6080
"C:/24CI0412MP/Content/KTP_Effect/Mesh/line.uexp" 6081
"C:/24CI0412MP/Content/KTP_Effect/Particles/Fly/Others/energy_04_01.uasset" 6082
"C:/24CI0412MP/Content/KTP_Effect/Particles/Fly/Others/energy_04_01.uexp" 6083
"C:/24CI0412MP/Content/KTP_Effect/Textures/T_fly02_1.ubulk" 6084
"C:/24CI0412MP/Content/KTP_Effect/Textures/T_fly02_1.uasset" 6085
"C:/24CI0412MP/Content/KTP_Effect/Textures/T_fly02_1.uexp" 6086
"C:/24CI0412MP/Content/KTP_Effect/Materials/M_fly02_1.uasset" 6087
"C:/24CI0412MP/Content/KTP_Effect/Materials/M_fly02_1.uexp" 6088
"C:/24CI0412MP/Content/KTP_Effect/Particles/Fly/Expolison_02_01.uasset" 6089
"C:/24CI0412MP/Content/KTP_Effect/Particles/Fly/Expolison_02_01.uexp" 6090
"C:/24CI0412MP/Content/KTP_Effect/Particles/Fly/Others/energy_08_01.uasset" 6091
"C:/24CI0412MP/Content/KTP_Effect/Particles/Fly/Others/energy_08_01.uexp" 6092
"C:/24CI0412MP/Content/KTP_Effect/Particles/Fly/Others/energy_03_01.uasset" 6093
"C:/24CI0412MP/Content/KTP_Effect/Particles/Fly/Others/energy_03_01.uexp" 6094
"C:/24CI0412MP/Content/KTP_Effect/Textures/T_fly02_7.ubulk" 6095
"C:/24CI0412MP/Content/KTP_Effect/Textures/T_fly02_7.uasset" 6096
"C:/24CI0412MP/Content/KTP_Effect/Textures/T_fly02_7.uexp" 6097
"C:/24CI0412MP/Content/KTP_Effect/Materials/M_fly02_7.uasset" 6098
"C:/24CI0412MP/Content/KTP_Effect/Materials/M_fly02_7.uexp" 6099
"C:/24CI0412MP/Content/KTP_Effect/Particles/Fly/Expolison_02_07.uasset" 6100
"C:/24CI0412MP/Content/KTP_Effect/Particles/Fly/Expolison_02_07.uexp" 6101
"C:/24CI0412MP/Content/KTP_Effect/Textures/T_fly05_7.ubulk" 6102
"C:/24CI0412MP/Content/KTP_Effect/Textures/T_fly05_7.uasset" 6103
"C:/24CI0412MP/Content/KTP_Effect/Textures/T_fly05_7.uexp" 6104
"C:/24CI0412MP/Content/KTP_Effect/Materials/M_fly05_7.uasset" 6105
"C:/24CI0412MP/Content/KTP_Effect/Materials/M_fly05_7.uexp" 6106
"C:/24CI0412MP/Content/KTP_Effect/Particles/Fly/Expolison_05_07.uasset" 6107
"C:/24CI0412MP/Content/KTP_Effect/Particles/Fly/Expolison_05_07.uexp" 6108
"C:/24CI0412MP/Content/KTP_Effect/Particles/Fly/Others/Trail_06_02.uasset" 6109
"C:/24CI0412MP/Content/KTP_Effect/Particles/Fly/Others/Trail_06_02.uexp" 6110
"C:/24CI0412MP/Content/KTP_Effect/Particles/Fly/Others/Trail_09_06.uasset" 6111
"C:/24CI0412MP/Content/KTP_Effect/Particles/Fly/Others/Trail_09_06.uexp" 6112
"C:/24CI0412MP/Content/KTP_Effect/Textures/PublicTextures/T_Shock.ubulk" 6113
"C:/24CI0412MP/Content/KTP_Effect/Textures/PublicTextures/T_Shock.uasset" 6114
"C:/24CI0412MP/Content/KTP_Effect/Textures/PublicTextures/T_Shock.uexp" 6115
"C:/24CI0412MP/Content/KTP_Effect/Materials/PublicMaterials/M_wave_fly05_2.uasset" 6116
"C:/24CI0412MP/Content/KTP_Effect/Materials/PublicMaterials/M_wave_fly05_2.uexp" 6117
"C:/24CI0412MP/Content/KTP_Effect/Particles/Fly/Others/energy_05_01.uasset" 6118
"C:/24CI0412MP/Content/KTP_Effect/Particles/Fly/Others/energy_05_01.uexp" 6119
"C:/24CI0412MP/Content/KTP_Effect/Textures/T_fly07_5.ubulk" 6120
"C:/24CI0412MP/Content/KTP_Effect/Textures/T_fly07_5.uasset" 6121
"C:/24CI0412MP/Content/KTP_Effect/Textures/T_fly07_5.uexp" 6122
"C:/24CI0412MP/Content/KTP_Effect/Materials/M_fly07_5.uasset" 6123
"C:/24CI0412MP/Content/KTP_Effect/Materials/M_fly07_5.uexp" 6124
"C:/24CI0412MP/Content/KTP_Effect/Particles/Fly/Expolison_07_05.uasset" 6125
"C:/24CI0412MP/Content/KTP_Effect/Particles/Fly/Expolison_07_05.uexp" 6126
"C:/24CI0412MP/Content/KTP_Effect/Particles/Fly/Others/Trail_10_07.uasset" 6127
"C:/24CI0412MP/Content/KTP_Effect/Particles/Fly/Others/Trail_10_07.uexp" 6128
"C:/24CI0412MP/Content/KTP_Effect/Textures/T_fly01_4.ubulk" 6129
"C:/24CI0412MP/Content/KTP_Effect/Textures/T_fly01_4.uasset" 6130
"C:/24CI0412MP/Content/KTP_Effect/Textures/T_fly01_4.uexp" 6131
"C:/24CI0412MP/Content/KTP_Effect/Materials/M_fire01_4.uasset" 6132
"C:/24CI0412MP/Content/KTP_Effect/Materials/M_fire01_4.uexp" 6133
"C:/24CI0412MP/Content/KTP_Effect/Particles/Fly/Explosion_01_04.uasset" 6134
"C:/24CI0412MP/Content/KTP_Effect/Particles/Fly/Explosion_01_04.uexp" 6135
"C:/24CI0412MP/Content/KTP_Effect/Textures/T_fly08_6.ubulk" 6136
"C:/24CI0412MP/Content/KTP_Effect/Textures/T_fly08_6.uasset" 6137
"C:/24CI0412MP/Content/KTP_Effect/Textures/T_fly08_6.uexp" 6138
"C:/24CI0412MP/Content/KTP_Effect/Materials/M_fly08_6.uasset" 6139
"C:/24CI0412MP/Content/KTP_Effect/Materials/M_fly08_6.uexp" 6140
"C:/24CI0412MP/Content/KTP_Effect/Particles/Fly/Expolison_08_06.uasset" 6141
"C:/24CI0412MP/Content/KTP_Effect/Particles/Fly/Expolison_08_06.uexp" 6142
"C:/24CI0412MP/Content/KTP_Effect/Textures/T_fly06_9.ubulk" 6143
"C:/24CI0412MP/Content/KTP_Effect/Textures/T_fly06_9.uasset" 6144
"C:/24CI0412MP/Content/KTP_Effect/Textures/T_fly06_9.uexp" 6145
"C:/24CI0412MP/Content/KTP_Effect/Materials/M_fly06_9.uasset" 6146
"C:/24CI0412MP/Content/KTP_Effect/Materials/M_fly06_9.uexp" 6147
"C:/24CI0412MP/Content/KTP_Effect/Particles/Fly/Expolison_06_09.uasset" 6148
"C:/24CI0412MP/Content/KTP_Effect/Particles/Fly/Expolison_06_09.uexp" 6149
"C:/24CI0412MP/Content/KTP_Effect/Particles/Fly/Others/Trail_05_09.uasset" 6150
"C:/24CI0412MP/Content/KTP_Effect/Particles/Fly/Others/Trail_05_09.uexp" 6151
"C:/24CI0412MP/Content/KTP_Effect/Textures/T_fly09_7.ubulk" 6152
"C:/24CI0412MP/Content/KTP_Effect/Textures/T_fly09_7.uasset" 6153
"C:/24CI0412MP/Content/KTP_Effect/Textures/T_fly09_7.uexp" 6154
"C:/24CI0412MP/Content/KTP_Effect/Materials/M_fly09_7.uasset" 6155
"C:/24CI0412MP/Content/KTP_Effect/Materials/M_fly09_7.uexp" 6156
"C:/24CI0412MP/Content/KTP_Effect/Particles/Fly/Expolison_09_07.uasset" 6157
"C:/24CI0412MP/Content/KTP_Effect/Particles/Fly/Expolison_09_07.uexp" 6158
"C:/24CI0412MP/Content/KTP_Effect/Particles/Fly/Others/Trail_07_01.uasset" 6159
"C:/24CI0412MP/Content/KTP_Effect/Particles/Fly/Others/Trail_07_01.uexp" 6160
"C:/24CI0412MP/Content/KTP_Effect/Textures/T_fly06_7.ubulk" 6161
"C:/24CI0412MP/Content/KTP_Effect/Textures/T_fly06_7.uasset" 6162
"C:/24CI0412MP/Content/KTP_Effect/Textures/T_fly06_7.uexp" 6163
"C:/24CI0412MP/Content/KTP_Effect/Materials/M_fly06_7.uasset" 6164
"C:/24CI0412MP/Content/KTP_Effect/Materials/M_fly06_7.uexp" 6165
"C:/24CI0412MP/Content/KTP_Effect/Particles/Fly/Expolison_06_07.uasset" 6166
"C:/24CI0412MP/Content/KTP_Effect/Particles/Fly/Expolison_06_07.uexp" 6167
"C:/24CI0412MP/Content/KTP_Effect/Particles/Fly/Others/energy_09_01.uasset" 6168
"C:/24CI0412MP/Content/KTP_Effect/Particles/Fly/Others/energy_09_01.uexp" 6169
"C:/24CI0412MP/Content/KTP_Effect/Textures/T_fly10_2.ubulk" 6170
"C:/24CI0412MP/Content/KTP_Effect/Textures/T_fly10_2.uasset" 6171
"C:/24CI0412MP/Content/KTP_Effect/Textures/T_fly10_2.uexp" 6172
"C:/24CI0412MP/Content/KTP_Effect/Materials/M_fly10_2.uasset" 6173
"C:/24CI0412MP/Content/KTP_Effect/Materials/M_fly10_2.uexp" 6174
"C:/24CI0412MP/Content/KTP_Effect/Particles/Fly/Expolison_10_02.uasset" 6175
"C:/24CI0412MP/Content/KTP_Effect/Particles/Fly/Expolison_10_02.uexp" 6176
"C:/24CI0412MP/Content/KTP_Effect/Textures/T_fly05_2.ubulk" 6177
"C:/24CI0412MP/Content/KTP_Effect/Textures/T_fly05_2.uasset" 6178
"C:/24CI0412MP/Content/KTP_Effect/Textures/T_fly05_2.uexp" 6179
"C:/24CI0412MP/Content/KTP_Effect/Materials/M_fly05_2.uasset" 6180
"C:/24CI0412MP/Content/KTP_Effect/Materials/M_fly05_2.uexp" 6181
"C:/24CI0412MP/Content/KTP_Effect/Particles/Fly/Expolison_05_02.uasset" 6182
"C:/24CI0412MP/Content/KTP_Effect/Particles/Fly/Expolison_05_02.uexp" 6183
"C:/24CI0412MP/Content/KTP_Effect/Textures/PublicTextures/T_Star_02.ubulk" 6184
"C:/24CI0412MP/Content/KTP_Effect/Textures/PublicTextures/T_Star_02.uasset" 6185
"C:/24CI0412MP/Content/KTP_Effect/Textures/PublicTextures/T_Star_02.uexp" 6186
"C:/24CI0412MP/Content/KTP_Effect/Materials/PublicMaterials/M_FX_Glow_11.uasset" 6187
"C:/24CI0412MP/Content/KTP_Effect/Materials/PublicMaterials/M_FX_Glow_11.uexp" 6188
"C:/24CI0412MP/Content/KTP_Effect/Particles/Fly/Others/energy_10_01.uasset" 6189
"C:/24CI0412MP/Content/KTP_Effect/Particles/Fly/Others/energy_10_01.uexp" 6190
"C:/24CI0412MP/Content/KTP_Effect/Textures/T_fly06_2.ubulk" 6191
"C:/24CI0412MP/Content/KTP_Effect/Textures/T_fly06_2.uasset" 6192
"C:/24CI0412MP/Content/KTP_Effect/Textures/T_fly06_2.uexp" 6193
"C:/24CI0412MP/Content/KTP_Effect/Materials/M_fly06_2.uasset" 6194
"C:/24CI0412MP/Content/KTP_Effect/Materials/M_fly06_2.uexp" 6195
"C:/24CI0412MP/Content/KTP_Effect/Particles/Fly/Expolison_06_02.uasset" 6196
"C:/24CI0412MP/Content/KTP_Effect/Particles/Fly/Expolison_06_02.uexp" 6197
"C:/24CI0412MP/Content/KTP_Effect/Textures/T_fly02_5.ubulk" 6198
"C:/24CI0412MP/Content/KTP_Effect/Textures/T_fly02_5.uasset" 6199
"C:/24CI0412MP/Content/KTP_Effect/Textures/T_fly02_5.uexp" 6200
"C:/24CI0412MP/Content/KTP_Effect/Materials/M_fly02_5.uasset" 6201
"C:/24CI0412MP/Content/KTP_Effect/Materials/M_fly02_5.uexp" 6202
"C:/24CI0412MP/Content/KTP_Effect/Particles/Fly/Expolison_02_05.uasset" 6203
"C:/24CI0412MP/Content/KTP_Effect/Particles/Fly/Expolison_02_05.uexp" 6204
"C:/24CI0412MP/Content/KTP_Effect/Particles/Fly/Others/Trail_02_08.uasset" 6205
"C:/24CI0412MP/Content/KTP_Effect/Particles/Fly/Others/Trail_02_08.uexp" 6206
"C:/24CI0412MP/Content/KTP_Effect/Textures/T_fly01_3.ubulk" 6207
"C:/24CI0412MP/Content/KTP_Effect/Textures/T_fly01_3.uasset" 6208
"C:/24CI0412MP/Content/KTP_Effect/Textures/T_fly01_3.uexp" 6209
"C:/24CI0412MP/Content/KTP_Effect/Materials/M_fire01_3.uasset" 6210
"C:/24CI0412MP/Content/KTP_Effect/Materials/M_fire01_3.uexp" 6211
"C:/24CI0412MP/Content/KTP_Effect/Particles/Fly/Explosion_01_03.uasset" 6212
"C:/24CI0412MP/Content/KTP_Effect/Particles/Fly/Explosion_01_03.uexp" 6213
"C:/24CI0412MP/Content/KTP_Effect/Textures/T_fly04_7.ubulk" 6214
"C:/24CI0412MP/Content/KTP_Effect/Textures/T_fly04_7.uasset" 6215
"C:/24CI0412MP/Content/KTP_Effect/Textures/T_fly04_7.uexp" 6216
"C:/24CI0412MP/Content/KTP_Effect/Materials/M_fly04_7.uasset" 6217
"C:/24CI0412MP/Content/KTP_Effect/Materials/M_fly04_7.uexp" 6218
"C:/24CI0412MP/Content/KTP_Effect/Particles/Fly/Expolison_04_07.uasset" 6219
"C:/24CI0412MP/Content/KTP_Effect/Particles/Fly/Expolison_04_07.uexp" 6220
"C:/24CI0412MP/Content/KTP_Effect/Particles/Fly/Others/Trail_10_02.uasset" 6221
"C:/24CI0412MP/Content/KTP_Effect/Particles/Fly/Others/Trail_10_02.uexp" 6222
"C:/24CI0412MP/Content/KTP_Effect/Textures/T_fly07_9.ubulk" 6223
"C:/24CI0412MP/Content/KTP_Effect/Textures/T_fly07_9.uasset" 6224
"C:/24CI0412MP/Content/KTP_Effect/Textures/T_fly07_9.uexp" 6225
"C:/24CI0412MP/Content/KTP_Effect/Materials/M_fly07_9.uasset" 6226
"C:/24CI0412MP/Content/KTP_Effect/Materials/M_fly07_9.uexp" 6227
"C:/24CI0412MP/Content/KTP_Effect/Particles/Fly/Expolison_07_09.uasset" 6228
"C:/24CI0412MP/Content/KTP_Effect/Particles/Fly/Expolison_07_09.uexp" 6229
"C:/24CI0412MP/Content/KTP_Effect/Textures/T_fly01_7.ubulk" 6230
"C:/24CI0412MP/Content/KTP_Effect/Textures/T_fly01_7.uasset" 6231
"C:/24CI0412MP/Content/KTP_Effect/Textures/T_fly01_7.uexp" 6232
"C:/24CI0412MP/Content/KTP_Effect/Materials/M_fire01_7.uasset" 6233
"C:/24CI0412MP/Content/KTP_Effect/Materials/M_fire01_7.uexp" 6234
"C:/24CI0412MP/Content/KTP_Effect/Particles/Fly/Explosion_01_07.uasset" 6235
"C:/24CI0412MP/Content/KTP_Effect/Particles/Fly/Explosion_01_07.uexp" 6236
"C:/24CI0412MP/Content/KTP_Effect/Textures/T_fly08_1.ubulk" 6237
"C:/24CI0412MP/Content/KTP_Effect/Textures/T_fly08_1.uasset" 6238
"C:/24CI0412MP/Content/KTP_Effect/Textures/T_fly08_1.uexp" 6239
"C:/24CI0412MP/Content/KTP_Effect/Materials/M_fly08_1.uasset" 6240
"C:/24CI0412MP/Content/KTP_Effect/Materials/M_fly08_1.uexp" 6241
"C:/24CI0412MP/Content/KTP_Effect/Particles/Fly/Expolison_08_01.uasset" 6242
"C:/24CI0412MP/Content/KTP_Effect/Particles/Fly/Expolison_08_01.uexp" 6243
"C:/24CI0412MP/Content/KTP_Effect/Textures/T_fly09_8.ubulk" 6244
"C:/24CI0412MP/Content/KTP_Effect/Textures/T_fly09_8.uasset" 6245
"C:/24CI0412MP/Content/KTP_Effect/Textures/T_fly09_8.uexp" 6246
"C:/24CI0412MP/Content/KTP_Effect/Materials/M_fly09_8.uasset" 6247
"C:/24CI0412MP/Content/KTP_Effect/Materials/M_fly09_8.uexp" 6248
"C:/24CI0412MP/Content/KTP_Effect/Particles/Fly/Expolison_09_08.uasset" 6249
"C:/24CI0412MP/Content/KTP_Effect/Particles/Fly/Expolison_09_08.uexp" 6250
"C:/24CI0412MP/Content/KTP_Effect/Textures/T_fly10_4.ubulk" 6251
"C:/24CI0412MP/Content/KTP_Effect/Textures/T_fly10_4.uasset" 6252
"C:/24CI0412MP/Content/KTP_Effect/Textures/T_fly10_4.uexp" 6253
"C:/24CI0412MP/Content/KTP_Effect/Materials/M_fly10_4.uasset" 6254
"C:/24CI0412MP/Content/KTP_Effect/Materials/M_fly10_4.uexp" 6255
"C:/24CI0412MP/Content/KTP_Effect/Particles/Fly/Expolison_10_04.uasset" 6256
"C:/24CI0412MP/Content/KTP_Effect/Particles/Fly/Expolison_10_04.uexp" 6257
"C:/24CI0412MP/Content/KTP_Effect/Particles/Fly/Others/Trail_08_02.uasset" 6258
"C:/24CI0412MP/Content/KTP_Effect/Particles/Fly/Others/Trail_08_02.uexp" 6259
"C:/24CI0412MP/Content/KTP_Effect/Materials/PublicMaterials/M_Bullet_01.uasset" 6260
"C:/24CI0412MP/Content/KTP_Effect/Materials/PublicMaterials/M_Bullet_01.uexp" 6261
"C:/24CI0412MP/Content/KTP_Effect/Particles/Fly/Others/energy_01_01.uasset" 6262
"C:/24CI0412MP/Content/KTP_Effect/Particles/Fly/Others/energy_01_01.uexp" 6263
"C:/24CI0412MP/Content/KTP_Effect/Particles/Fly/Others/Trail_06_08.uasset" 6264
"C:/24CI0412MP/Content/KTP_Effect/Particles/Fly/Others/Trail_06_08.uexp" 6265
"C:/24CI0412MP/Content/KTP_Effect/Textures/T_fly09_4.ubulk" 6266
"C:/24CI0412MP/Content/KTP_Effect/Textures/T_fly09_4.uasset" 6267
"C:/24CI0412MP/Content/KTP_Effect/Textures/T_fly09_4.uexp" 6268
"C:/24CI0412MP/Content/KTP_Effect/Materials/M_fly09_4.uasset" 6269
"C:/24CI0412MP/Content/KTP_Effect/Materials/M_fly09_4.uexp" 6270
"C:/24CI0412MP/Content/KTP_Effect/Particles/Fly/Expolison_09_04.uasset" 6271
"C:/24CI0412MP/Content/KTP_Effect/Particles/Fly/Expolison_09_04.uexp" 6272
"C:/24CI0412MP/Content/KTP_Effect/Textures/T_fly06_3.ubulk" 6273
"C:/24CI0412MP/Content/KTP_Effect/Textures/T_fly06_3.uasset" 6274
"C:/24CI0412MP/Content/KTP_Effect/Textures/T_fly06_3.uexp" 6275
"C:/24CI0412MP/Content/KTP_Effect/Materials/M_fly06_3.uasset" 6276
"C:/24CI0412MP/Content/KTP_Effect/Materials/M_fly06_3.uexp" 6277
"C:/24CI0412MP/Content/KTP_Effect/Particles/Fly/Expolison_06_03.uasset" 6278
"C:/24CI0412MP/Content/KTP_Effect/Particles/Fly/Expolison_06_03.uexp" 6279
"C:/24CI0412MP/Content/KTP_Effect/Textures/T_fly06_1.ubulk" 6280
"C:/24CI0412MP/Content/KTP_Effect/Textures/T_fly06_1.uasset" 6281
"C:/24CI0412MP/Content/KTP_Effect/Textures/T_fly06_1.uexp" 6282
"C:/24CI0412MP/Content/KTP_Effect/Materials/M_fly06_1.uasset" 6283
"C:/24CI0412MP/Content/KTP_Effect/Materials/M_fly06_1.uexp" 6284
"C:/24CI0412MP/Content/KTP_Effect/Particles/Fly/Expolison_06_01.uasset" 6285
"C:/24CI0412MP/Content/KTP_Effect/Particles/Fly/Expolison_06_01.uexp" 6286
"C:/24CI0412MP/Content/KTP_Effect/Textures/T_fly08_3.ubulk" 6287
"C:/24CI0412MP/Content/KTP_Effect/Textures/T_fly08_3.uasset" 6288
"C:/24CI0412MP/Content/KTP_Effect/Textures/T_fly08_3.uexp" 6289
"C:/24CI0412MP/Content/KTP_Effect/Materials/M_fly08_3.uasset" 6290
"C:/24CI0412MP/Content/KTP_Effect/Materials/M_fly08_3.uexp" 6291
"C:/24CI0412MP/Content/KTP_Effect/Particles/Fly/Expolison_08_03.uasset" 6292
"C:/24CI0412MP/Content/KTP_Effect/Particles/Fly/Expolison_08_03.uexp" 6293
"C:/24CI0412MP/Content/KTP_Effect/Textures/T_fly05_6.ubulk" 6294
"C:/24CI0412MP/Content/KTP_Effect/Textures/T_fly05_6.uasset" 6295
"C:/24CI0412MP/Content/KTP_Effect/Textures/T_fly05_6.uexp" 6296
"C:/24CI0412MP/Content/KTP_Effect/Materials/M_fly05_6.uasset" 6297
"C:/24CI0412MP/Content/KTP_Effect/Materials/M_fly05_6.uexp" 6298
"C:/24CI0412MP/Content/KTP_Effect/Particles/Fly/Expolison_05_06.uasset" 6299
"C:/24CI0412MP/Content/KTP_Effect/Particles/Fly/Expolison_05_06.uexp" 6300
"C:/24CI0412MP/Content/KTP_Effect/Particles/Fly/Others/Trail_08_05.uasset" 6301
"C:/24CI0412MP/Content/KTP_Effect/Particles/Fly/Others/Trail_08_05.uexp" 6302
"C:/24CI0412MP/Content/KTP_Effect/Textures/T_fly07_7.ubulk" 6303
"C:/24CI0412MP/Content/KTP_Effect/Textures/T_fly07_7.uasset" 6304
"C:/24CI0412MP/Content/KTP_Effect/Textures/T_fly07_7.uexp" 6305
"C:/24CI0412MP/Content/KTP_Effect/Materials/M_fly07_7.uasset" 6306
"C:/24CI0412MP/Content/KTP_Effect/Materials/M_fly07_7.uexp" 6307
"C:/24CI0412MP/Content/KTP_Effect/Particles/Fly/Expolison_07_07.uasset" 6308
"C:/24CI0412MP/Content/KTP_Effect/Particles/Fly/Expolison_07_07.uexp" 6309
"C:/24CI0412MP/Content/KTP_Effect/Maps/Preview_Fly.uexp" 6310
"C:/24CI0412MP/Content/KTP_Effect/Maps/Preview_Fly.umap" 6311
"C:/24CI0412MP/Content/KTP_Effect/Materials/PublicMaterials/M_FX_shape_15.uasset" 6312
"C:/24CI0412MP/Content/KTP_Effect/Materials/PublicMaterials/M_FX_shape_15.uexp" 6313
"C:/24CI0412MP/Content/KTP_Effect/Textures/T_bottom15_4.ubulk" 6314
"C:/24CI0412MP/Content/KTP_Effect/Textures/T_bottom15_4.uasset" 6315
"C:/24CI0412MP/Content/KTP_Effect/Textures/T_bottom15_4.uexp" 6316
"C:/24CI0412MP/Content/KTP_Effect/Materials/M_botton15_4.uasset" 6317
"C:/24CI0412MP/Content/KTP_Effect/Materials/M_botton15_4.uexp" 6318
"C:/24CI0412MP/Content/KTP_Effect/Textures/PublicTextures/T_Ring.ubulk" 6319
"C:/24CI0412MP/Content/KTP_Effect/Textures/PublicTextures/T_Ring.uasset" 6320
"C:/24CI0412MP/Content/KTP_Effect/Textures/PublicTextures/T_Ring.uexp" 6321
"C:/24CI0412MP/Content/KTP_Effect/Materials/PublicMaterials/M_fire01_bt15.uasset" 6322
"C:/24CI0412MP/Content/KTP_Effect/Materials/PublicMaterials/M_fire01_bt15.uexp" 6323
"C:/24CI0412MP/Content/KTP_Effect/Materials/PublicMaterials/M_FX_Aura_botton03_3.uasset" 6324
"C:/24CI0412MP/Content/KTP_Effect/Materials/PublicMaterials/M_FX_Aura_botton03_3.uexp" 6325
"C:/24CI0412MP/Content/KTP_Effect/Materials/PublicMaterials/M_FX_Aura_botton03_15.uasset" 6326
"C:/24CI0412MP/Content/KTP_Effect/Materials/PublicMaterials/M_FX_Aura_botton03_15.uexp" 6327
"C:/24CI0412MP/Content/KTP_Effect/Mesh/SM_FX_shape15.ubulk" 6328
"C:/24CI0412MP/Content/KTP_Effect/Mesh/SM_FX_shape15.uasset" 6329
"C:/24CI0412MP/Content/KTP_Effect/Mesh/SM_FX_shape15.uexp" 6330
"C:/24CI0412MP/Content/KTP_Effect/Mesh/SM_Fx_CylinderWindLine004_13.ubulk" 6331
"C:/24CI0412MP/Content/KTP_Effect/Mesh/SM_Fx_CylinderWindLine004_13.uasset" 6332
"C:/24CI0412MP/Content/KTP_Effect/Mesh/SM_Fx_CylinderWindLine004_13.uexp" 6333
"C:/24CI0412MP/Content/KTP_Effect/Particles/Bottom/Bottom15-04.uasset" 6334
"C:/24CI0412MP/Content/KTP_Effect/Particles/Bottom/Bottom15-04.uexp" 6335
"C:/24CI0412MP/Content/KTP_Effect/Textures/PublicTextures/T_Mask.ubulk" 6336
"C:/24CI0412MP/Content/KTP_Effect/Textures/PublicTextures/T_Mask.uasset" 6337
"C:/24CI0412MP/Content/KTP_Effect/Textures/PublicTextures/T_Mask.uexp" 6338
"C:/24CI0412MP/Content/KTP_Effect/Materials/PublicMaterials/M_fire01_bt02.uasset" 6339
"C:/24CI0412MP/Content/KTP_Effect/Materials/PublicMaterials/M_fire01_bt02.uexp" 6340
"C:/24CI0412MP/Content/KTP_Effect/Mesh/SM_FX_Botton20.ubulk" 6341
"C:/24CI0412MP/Content/KTP_Effect/Mesh/SM_FX_Botton20.uasset" 6342
"C:/24CI0412MP/Content/KTP_Effect/Mesh/SM_FX_Botton20.uexp" 6343
"C:/24CI0412MP/Content/KTP_Effect/Textures/T_bottom08_3.ubulk" 6344
"C:/24CI0412MP/Content/KTP_Effect/Textures/T_bottom08_3.uasset" 6345
"C:/24CI0412MP/Content/KTP_Effect/Textures/T_bottom08_3.uexp" 6346
"C:/24CI0412MP/Content/KTP_Effect/Materials/M_botton08_4.uasset" 6347
"C:/24CI0412MP/Content/KTP_Effect/Materials/M_botton08_4.uexp" 6348
"C:/24CI0412MP/Content/KTP_Effect/Materials/PublicMaterials/M_FX_Aura_07.uasset" 6349
"C:/24CI0412MP/Content/KTP_Effect/Materials/PublicMaterials/M_FX_Aura_07.uexp" 6350
"C:/24CI0412MP/Content/KTP_Effect/Particles/Bottom/Bottom08-04.uasset" 6351
"C:/24CI0412MP/Content/KTP_Effect/Particles/Bottom/Bottom08-04.uexp" 6352
"C:/24CI0412MP/Content/KTP_Effect/Mesh/SM_FX_cylinder_fire.ubulk" 6353
"C:/24CI0412MP/Content/KTP_Effect/Mesh/SM_FX_cylinder_fire.uasset" 6354
"C:/24CI0412MP/Content/KTP_Effect/Mesh/SM_FX_cylinder_fire.uexp" 6355
"C:/24CI0412MP/Content/KTP_Effect/Materials/PublicMaterials/M_fire01_17.uasset" 6356
"C:/24CI0412MP/Content/KTP_Effect/Materials/PublicMaterials/M_fire01_17.uexp" 6357
"C:/24CI0412MP/Content/KTP_Effect/Materials/PublicMaterials/M_FX_wwin_13.uasset" 6358
"C:/24CI0412MP/Content/KTP_Effect/Materials/PublicMaterials/M_FX_wwin_13.uexp" 6359
"C:/24CI0412MP/Content/KTP_Effect/Textures/T_bottom13_2.ubulk" 6360
"C:/24CI0412MP/Content/KTP_Effect/Textures/T_bottom13_2.uasset" 6361
"C:/24CI0412MP/Content/KTP_Effect/Textures/T_bottom13_2.uexp" 6362
"C:/24CI0412MP/Content/KTP_Effect/Materials/M_botton13_2.uasset" 6363
"C:/24CI0412MP/Content/KTP_Effect/Materials/M_botton13_2.uexp" 6364
"C:/24CI0412MP/Content/KTP_Effect/Particles/Bottom/Bottom13-02.uasset" 6365
"C:/24CI0412MP/Content/KTP_Effect/Particles/Bottom/Bottom13-02.uexp" 6366
"C:/24CI0412MP/Content/KTP_Effect/Textures/T_bottom03_6.ubulk" 6367
"C:/24CI0412MP/Content/KTP_Effect/Textures/T_bottom03_6.uasset" 6368
"C:/24CI0412MP/Content/KTP_Effect/Textures/T_bottom03_6.uexp" 6369
"C:/24CI0412MP/Content/KTP_Effect/Materials/M_botton03_6.uasset" 6370
"C:/24CI0412MP/Content/KTP_Effect/Materials/M_botton03_6.uexp" 6371
"C:/24CI0412MP/Content/KTP_Effect/Materials/PublicMaterials/M_FX_Aura_botton03.uasset" 6372
"C:/24CI0412MP/Content/KTP_Effect/Materials/PublicMaterials/M_FX_Aura_botton03.uexp" 6373
"C:/24CI0412MP/Content/KTP_Effect/Mesh/SM_FX_cylinder_twwist.ubulk" 6374
"C:/24CI0412MP/Content/KTP_Effect/Mesh/SM_FX_cylinder_twwist.uasset" 6375
"C:/24CI0412MP/Content/KTP_Effect/Mesh/SM_FX_cylinder_twwist.uexp" 6376
"C:/24CI0412MP/Content/KTP_Effect/Particles/Bottom/Bottom03-06.uasset" 6377
"C:/24CI0412MP/Content/KTP_Effect/Particles/Bottom/Bottom03-06.uexp" 6378
"C:/24CI0412MP/Content/KTP_Effect/Mesh/SM_FX_shape12.ubulk" 6379
"C:/24CI0412MP/Content/KTP_Effect/Mesh/SM_FX_shape12.uasset" 6380
"C:/24CI0412MP/Content/KTP_Effect/Mesh/SM_FX_shape12.uexp" 6381
"C:/24CI0412MP/Content/KTP_Effect/Materials/PublicMaterials/M_fire01_bt11.uasset" 6382
"C:/24CI0412MP/Content/KTP_Effect/Materials/PublicMaterials/M_fire01_bt11.uexp" 6383
"C:/24CI0412MP/Content/KTP_Effect/Textures/T_bottom12_2.ubulk" 6384
"C:/24CI0412MP/Content/KTP_Effect/Textures/T_bottom12_2.uasset" 6385
"C:/24CI0412MP/Content/KTP_Effect/Textures/T_bottom12_2.uexp" 6386
"C:/24CI0412MP/Content/KTP_Effect/Materials/M_botton12_2.uasset" 6387
"C:/24CI0412MP/Content/KTP_Effect/Materials/M_botton12_2.uexp" 6388
"C:/24CI0412MP/Content/KTP_Effect/Particles/Bottom/Bottom12-02.uasset" 6389
"C:/24CI0412MP/Content/KTP_Effect/Particles/Bottom/Bottom12-02.uexp" 6390
"C:/24CI0412MP/Content/KTP_Effect/Textures/T_bottom14_6.ubulk" 6391
"C:/24CI0412MP/Content/KTP_Effect/Textures/T_bottom14_6.uasset" 6392
"C:/24CI0412MP/Content/KTP_Effect/Textures/T_bottom14_6.uexp" 6393
"C:/24CI0412MP/Content/KTP_Effect/Materials/M_botton14_6.uasset" 6394
"C:/24CI0412MP/Content/KTP_Effect/Materials/M_botton14_6.uexp" 6395
"C:/24CI0412MP/Content/KTP_Effect/Mesh/SM_FX_plane_shape.ubulk" 6396
"C:/24CI0412MP/Content/KTP_Effect/Mesh/SM_FX_plane_shape.uasset" 6397
"C:/24CI0412MP/Content/KTP_Effect/Mesh/SM_FX_plane_shape.uexp" 6398
"C:/24CI0412MP/Content/KTP_Effect/Materials/PublicMaterials/M_FX_shape18.uasset" 6399
"C:/24CI0412MP/Content/KTP_Effect/Materials/PublicMaterials/M_FX_shape18.uexp" 6400
"C:/24CI0412MP/Content/KTP_Effect/Particles/Bottom/Bottom14-06.uasset" 6401
"C:/24CI0412MP/Content/KTP_Effect/Particles/Bottom/Bottom14-06.uexp" 6402
"C:/24CI0412MP/Content/KTP_Effect/Textures/T_bottom13_5.ubulk" 6403
"C:/24CI0412MP/Content/KTP_Effect/Textures/T_bottom13_5.uasset" 6404
"C:/24CI0412MP/Content/KTP_Effect/Textures/T_bottom13_5.uexp" 6405
"C:/24CI0412MP/Content/KTP_Effect/Materials/M_botton13_5.uasset" 6406
"C:/24CI0412MP/Content/KTP_Effect/Materials/M_botton13_5.uexp" 6407
"C:/24CI0412MP/Content/KTP_Effect/Particles/Bottom/Bottom13-05.uasset" 6408
"C:/24CI0412MP/Content/KTP_Effect/Particles/Bottom/Bottom13-05.uexp" 6409
"C:/24CI0412MP/Content/KTP_Effect/Mesh/Aura.ubulk" 6410
"C:/24CI0412MP/Content/KTP_Effect/Mesh/Aura.uasset" 6411
"C:/24CI0412MP/Content/KTP_Effect/Mesh/Aura.uexp" 6412
"C:/24CI0412MP/Content/KTP_Effect/Textures/T_bottom04_6.ubulk" 6413
"C:/24CI0412MP/Content/KTP_Effect/Textures/T_bottom04_6.uasset" 6414
"C:/24CI0412MP/Content/KTP_Effect/Textures/T_bottom04_6.uexp" 6415
"C:/24CI0412MP/Content/KTP_Effect/Materials/M_botton04_6.uasset" 6416
"C:/24CI0412MP/Content/KTP_Effect/Materials/M_botton04_6.uexp" 6417
"C:/24CI0412MP/Content/KTP_Effect/Particles/Bottom/Bottom04-06.uasset" 6418
"C:/24CI0412MP/Content/KTP_Effect/Particles/Bottom/Bottom04-06.uexp" 6419
"C:/24CI0412MP/Content/KTP_Effect/Textures/T_bottom16_3.ubulk" 6420
"C:/24CI0412MP/Content/KTP_Effect/Textures/T_bottom16_3.uasset" 6421
"C:/24CI0412MP/Content/KTP_Effect/Textures/T_bottom16_3.uexp" 6422
"C:/24CI0412MP/Content/KTP_Effect/Materials/M_botton16_3.uasset" 6423
"C:/24CI0412MP/Content/KTP_Effect/Materials/M_botton16_3.uexp" 6424
"C:/24CI0412MP/Content/KTP_Effect/Particles/Bottom/Bottom16-03.uasset" 6425
"C:/24CI0412MP/Content/KTP_Effect/Particles/Bottom/Bottom16-03.uexp" 6426
"C:/24CI0412MP/Content/KTP_Effect/Textures/T_bottom14_8.ubulk" 6427
"C:/24CI0412MP/Content/KTP_Effect/Textures/T_bottom14_8.uasset" 6428
"C:/24CI0412MP/Content/KTP_Effect/Textures/T_bottom14_8.uexp" 6429
"C:/24CI0412MP/Content/KTP_Effect/Materials/M_botton14_8.uasset" 6430
"C:/24CI0412MP/Content/KTP_Effect/Materials/M_botton14_8.uexp" 6431
"C:/24CI0412MP/Content/KTP_Effect/Particles/Bottom/Bottom14-08.uasset" 6432
"C:/24CI0412MP/Content/KTP_Effect/Particles/Bottom/Bottom14-08.uexp" 6433
"C:/24CI0412MP/Content/KTP_Effect/Textures/T_bottom13_6.ubulk" 6434
"C:/24CI0412MP/Content/KTP_Effect/Textures/T_bottom13_6.uasset" 6435
"C:/24CI0412MP/Content/KTP_Effect/Textures/T_bottom13_6.uexp" 6436
"C:/24CI0412MP/Content/KTP_Effect/Materials/M_botton13_6.uasset" 6437
"C:/24CI0412MP/Content/KTP_Effect/Materials/M_botton13_6.uexp" 6438
"C:/24CI0412MP/Content/KTP_Effect/Particles/Bottom/Bottom13-06.uasset" 6439
"C:/24CI0412MP/Content/KTP_Effect/Particles/Bottom/Bottom13-06.uexp" 6440
"C:/24CI0412MP/Content/KTP_Effect/Textures/T_bottom03_5.ubulk" 6441
"C:/24CI0412MP/Content/KTP_Effect/Textures/T_bottom03_5.uasset" 6442
"C:/24CI0412MP/Content/KTP_Effect/Textures/T_bottom03_5.uexp" 6443
"C:/24CI0412MP/Content/KTP_Effect/Materials/M_botton03_5.uasset" 6444
"C:/24CI0412MP/Content/KTP_Effect/Materials/M_botton03_5.uexp" 6445
"C:/24CI0412MP/Content/KTP_Effect/Particles/Bottom/Bottom03-05.uasset" 6446
"C:/24CI0412MP/Content/KTP_Effect/Particles/Bottom/Bottom03-05.uexp" 6447
"C:/24CI0412MP/Content/KTP_Effect/Materials/PublicMaterials/M_fire01_bt20.uasset" 6448
"C:/24CI0412MP/Content/KTP_Effect/Materials/PublicMaterials/M_fire01_bt20.uexp" 6449
"C:/24CI0412MP/Content/KTP_Effect/Textures/T_bottom20_4.ubulk" 6450
"C:/24CI0412MP/Content/KTP_Effect/Textures/T_bottom20_4.uasset" 6451
"C:/24CI0412MP/Content/KTP_Effect/Textures/T_bottom20_4.uexp" 6452
"C:/24CI0412MP/Content/KTP_Effect/Materials/M_botton20_4.uasset" 6453
"C:/24CI0412MP/Content/KTP_Effect/Materials/M_botton20_4.uexp" 6454
"C:/24CI0412MP/Content/KTP_Effect/Particles/Bottom/Bottom20-04.uasset" 6455
"C:/24CI0412MP/Content/KTP_Effect/Particles/Bottom/Bottom20-04.uexp" 6456
"C:/24CI0412MP/Content/KTP_Effect/Textures/T_bottom14_4.ubulk" 6457
"C:/24CI0412MP/Content/KTP_Effect/Textures/T_bottom14_4.uasset" 6458
"C:/24CI0412MP/Content/KTP_Effect/Textures/T_bottom14_4.uexp" 6459
"C:/24CI0412MP/Content/KTP_Effect/Materials/M_botton14_4.uasset" 6460
"C:/24CI0412MP/Content/KTP_Effect/Materials/M_botton14_4.uexp" 6461
"C:/24CI0412MP/Content/KTP_Effect/Particles/Bottom/Bottom14-04.uasset" 6462
"C:/24CI0412MP/Content/KTP_Effect/Particles/Bottom/Bottom14-04.uexp" 6463
"C:/24CI0412MP/Content/KTP_Effect/Textures/T_bottom08_6.ubulk" 6464
"C:/24CI0412MP/Content/KTP_Effect/Textures/T_bottom08_6.uasset" 6465
"C:/24CI0412MP/Content/KTP_Effect/Textures/T_bottom08_6.uexp" 6466
"C:/24CI0412MP/Content/KTP_Effect/Materials/M_botton08_6.uasset" 6467
"C:/24CI0412MP/Content/KTP_Effect/Materials/M_botton08_6.uexp" 6468
"C:/24CI0412MP/Content/KTP_Effect/Particles/Bottom/Bottom08-06.uasset" 6469
"C:/24CI0412MP/Content/KTP_Effect/Particles/Bottom/Bottom08-06.uexp" 6470
"C:/24CI0412MP/Content/KTP_Effect/Textures/T_bottom07_7.ubulk" 6471
"C:/24CI0412MP/Content/KTP_Effect/Textures/T_bottom07_7.uasset" 6472
"C:/24CI0412MP/Content/KTP_Effect/Textures/T_bottom07_7.uexp" 6473
"C:/24CI0412MP/Content/KTP_Effect/Materials/M_botton07_2.uasset" 6474
"C:/24CI0412MP/Content/KTP_Effect/Materials/M_botton07_2.uexp" 6475
"C:/24CI0412MP/Content/KTP_Effect/Particles/Bottom/Bottom07-02.uasset" 6476
"C:/24CI0412MP/Content/KTP_Effect/Particles/Bottom/Bottom07-02.uexp" 6477
"C:/24CI0412MP/Content/KTP_Effect/Textures/T_bottom12_4.ubulk" 6478
"C:/24CI0412MP/Content/KTP_Effect/Textures/T_bottom12_4.uasset" 6479
"C:/24CI0412MP/Content/KTP_Effect/Textures/T_bottom12_4.uexp" 6480
"C:/24CI0412MP/Content/KTP_Effect/Materials/M_botton12_4.uasset" 6481
"C:/24CI0412MP/Content/KTP_Effect/Materials/M_botton12_4.uexp" 6482
"C:/24CI0412MP/Content/KTP_Effect/Particles/Bottom/Bottom12-04.uasset" 6483
"C:/24CI0412MP/Content/KTP_Effect/Particles/Bottom/Bottom12-04.uexp" 6484
"C:/24CI0412MP/Content/KTP_Effect/Mesh/SM_FX_Potton01.ubulk" 6485
"C:/24CI0412MP/Content/KTP_Effect/Mesh/SM_FX_Potton01.uasset" 6486
"C:/24CI0412MP/Content/KTP_Effect/Mesh/SM_FX_Potton01.uexp" 6487
"C:/24CI0412MP/Content/KTP_Effect/Materials/PublicMaterials/M_FX_Aura.uasset" 6488
"C:/24CI0412MP/Content/KTP_Effect/Materials/PublicMaterials/M_FX_Aura.uexp" 6489
"C:/24CI0412MP/Content/KTP_Effect/Textures/T_bottom02_7.ubulk" 6490
"C:/24CI0412MP/Content/KTP_Effect/Textures/T_bottom02_7.uasset" 6491
"C:/24CI0412MP/Content/KTP_Effect/Textures/T_bottom02_7.uexp" 6492
"C:/24CI0412MP/Content/KTP_Effect/Materials/M_botton02_4.uasset" 6493
"C:/24CI0412MP/Content/KTP_Effect/Materials/M_botton02_4.uexp" 6494
"C:/24CI0412MP/Content/KTP_Effect/Particles/Bottom/Bottom02-04.uasset" 6495
"C:/24CI0412MP/Content/KTP_Effect/Particles/Bottom/Bottom02-04.uexp" 6496
"C:/24CI0412MP/Content/KTP_Effect/Textures/T_bottom05_2.ubulk" 6497
"C:/24CI0412MP/Content/KTP_Effect/Textures/T_bottom05_2.uasset" 6498
"C:/24CI0412MP/Content/KTP_Effect/Textures/T_bottom05_2.uexp" 6499
"C:/24CI0412MP/Content/KTP_Effect/Materials/M_botton05_2.uasset" 6500
"C:/24CI0412MP/Content/KTP_Effect/Materials/M_botton05_2.uexp" 6501
"C:/24CI0412MP/Content/KTP_Effect/Particles/Bottom/Bottom05-02.uasset" 6502
"C:/24CI0412MP/Content/KTP_Effect/Particles/Bottom/Bottom05-02.uexp" 6503
"C:/24CI0412MP/Content/KTP_Effect/Textures/T_bottom08_5.ubulk" 6504
"C:/24CI0412MP/Content/KTP_Effect/Textures/T_bottom08_5.uasset" 6505
"C:/24CI0412MP/Content/KTP_Effect/Textures/T_bottom08_5.uexp" 6506
"C:/24CI0412MP/Content/KTP_Effect/Materials/M_botton08_5.uasset" 6507
"C:/24CI0412MP/Content/KTP_Effect/Materials/M_botton08_5.uexp" 6508
"C:/24CI0412MP/Content/KTP_Effect/Particles/Bottom/Bottom08-05.uasset" 6509
"C:/24CI0412MP/Content/KTP_Effect/Particles/Bottom/Bottom08-05.uexp" 6510
"C:/24CI0412MP/Content/KTP_Effect/Textures/T_bottom07_3.ubulk" 6511
"C:/24CI0412MP/Content/KTP_Effect/Textures/T_bottom07_3.uasset" 6512
"C:/24CI0412MP/Content/KTP_Effect/Textures/T_bottom07_3.uexp" 6513
"C:/24CI0412MP/Content/KTP_Effect/Materials/M_botton07_5.uasset" 6514
"C:/24CI0412MP/Content/KTP_Effect/Materials/M_botton07_5.uexp" 6515
"C:/24CI0412MP/Content/KTP_Effect/Particles/Bottom/Bottom07-05.uasset" 6516
"C:/24CI0412MP/Content/KTP_Effect/Particles/Bottom/Bottom07-05.uexp" 6517
"C:/24CI0412MP/Content/KTP_Effect/Textures/T_bottom05_3.ubulk" 6518
"C:/24CI0412MP/Content/KTP_Effect/Textures/T_bottom05_3.uasset" 6519
"C:/24CI0412MP/Content/KTP_Effect/Textures/T_bottom05_3.uexp" 6520
"C:/24CI0412MP/Content/KTP_Effect/Materials/M_botton05_3.uasset" 6521
"C:/24CI0412MP/Content/KTP_Effect/Materials/M_botton05_3.uexp" 6522
"C:/24CI0412MP/Content/KTP_Effect/Particles/Bottom/Bottom05-03.uasset" 6523
"C:/24CI0412MP/Content/KTP_Effect/Particles/Bottom/Bottom05-03.uexp" 6524
"C:/24CI0412MP/Content/KTP_Effect/Textures/T_bottom02_5.ubulk" 6525
"C:/24CI0412MP/Content/KTP_Effect/Textures/T_bottom02_5.uasset" 6526
"C:/24CI0412MP/Content/KTP_Effect/Textures/T_bottom02_5.uexp" 6527
"C:/24CI0412MP/Content/KTP_Effect/Materials/M_botton02_7.uasset" 6528
"C:/24CI0412MP/Content/KTP_Effect/Materials/M_botton02_7.uexp" 6529
"C:/24CI0412MP/Content/KTP_Effect/Particles/Bottom/Bottom02-07.uasset" 6530
"C:/24CI0412MP/Content/KTP_Effect/Particles/Bottom/Bottom02-07.uexp" 6531
"C:/24CI0412MP/Content/KTP_Effect/Textures/T_bottom04_3.ubulk" 6532
"C:/24CI0412MP/Content/KTP_Effect/Textures/T_bottom04_3.uasset" 6533
"C:/24CI0412MP/Content/KTP_Effect/Textures/T_bottom04_3.uexp" 6534
"C:/24CI0412MP/Content/KTP_Effect/Materials/M_botton04_3.uasset" 6535
"C:/24CI0412MP/Content/KTP_Effect/Materials/M_botton04_3.uexp" 6536
"C:/24CI0412MP/Content/KTP_Effect/Particles/Bottom/Bottom04-03.uasset" 6537
"C:/24CI0412MP/Content/KTP_Effect/Particles/Bottom/Bottom04-03.uexp" 6538
"C:/24CI0412MP/Content/KTP_Effect/Textures/T_bottom03_3.ubulk" 6539
"C:/24CI0412MP/Content/KTP_Effect/Textures/T_bottom03_3.uasset" 6540
"C:/24CI0412MP/Content/KTP_Effect/Textures/T_bottom03_3.uexp" 6541
"C:/24CI0412MP/Content/KTP_Effect/Materials/M_botton03_3.uasset" 6542
"C:/24CI0412MP/Content/KTP_Effect/Materials/M_botton03_3.uexp" 6543
"C:/24CI0412MP/Content/KTP_Effect/Particles/Bottom/Bottom03-03.uasset" 6544
"C:/24CI0412MP/Content/KTP_Effect/Particles/Bottom/Bottom03-03.uexp" 6545
"C:/24CI0412MP/Content/KTP_Effect/Textures/T_bottom17_2.ubulk" 6546
"C:/24CI0412MP/Content/KTP_Effect/Textures/T_bottom17_2.uasset" 6547
"C:/24CI0412MP/Content/KTP_Effect/Textures/T_bottom17_2.uexp" 6548
"C:/24CI0412MP/Content/KTP_Effect/Materials/M_botton17_2.uasset" 6549
"C:/24CI0412MP/Content/KTP_Effect/Materials/M_botton17_2.uexp" 6550
"C:/24CI0412MP/Content/KTP_Effect/Particles/Bottom/Bottom17-02.uasset" 6551
"C:/24CI0412MP/Content/KTP_Effect/Particles/Bottom/Bottom17-02.uexp" 6552
"C:/24CI0412MP/Content/KTP_Effect/Mesh/SM_FX_polygon.ubulk" 6553
"C:/24CI0412MP/Content/KTP_Effect/Mesh/SM_FX_polygon.uasset" 6554
"C:/24CI0412MP/Content/KTP_Effect/Mesh/SM_FX_polygon.uexp" 6555
"C:/24CI0412MP/Content/KTP_Effect/Textures/T_bottom09_2.ubulk" 6556
"C:/24CI0412MP/Content/KTP_Effect/Textures/T_bottom09_2.uasset" 6557
"C:/24CI0412MP/Content/KTP_Effect/Textures/T_bottom09_2.uexp" 6558
"C:/24CI0412MP/Content/KTP_Effect/Materials/M_botton09-2.uasset" 6559
"C:/24CI0412MP/Content/KTP_Effect/Materials/M_botton09-2.uexp" 6560
"C:/24CI0412MP/Content/KTP_Effect/Particles/Bottom/Bottom09-02.uasset" 6561
"C:/24CI0412MP/Content/KTP_Effect/Particles/Bottom/Bottom09-02.uexp" 6562
"C:/24CI0412MP/Content/KTP_Effect/Textures/T_bottom09_3.ubulk" 6563
"C:/24CI0412MP/Content/KTP_Effect/Textures/T_bottom09_3.uasset" 6564
"C:/24CI0412MP/Content/KTP_Effect/Textures/T_bottom09_3.uexp" 6565
"C:/24CI0412MP/Content/KTP_Effect/Materials/M_botton09-3.uasset" 6566
"C:/24CI0412MP/Content/KTP_Effect/Materials/M_botton09-3.uexp" 6567
"C:/24CI0412MP/Content/KTP_Effect/Particles/Bottom/Bottom09-03.uasset" 6568
"C:/24CI0412MP/Content/KTP_Effect/Particles/Bottom/Bottom09-03.uexp" 6569
"C:/24CI0412MP/Content/KTP_Effect/Textures/T_bottom09_4.ubulk" 6570
"C:/24CI0412MP/Content/KTP_Effect/Textures/T_bottom09_4.uasset" 6571
"C:/24CI0412MP/Content/KTP_Effect/Textures/T_bottom09_4.uexp" 6572
"C:/24CI0412MP/Content/KTP_Effect/Materials/M_botton09-4.uasset" 6573
"C:/24CI0412MP/Content/KTP_Effect/Materials/M_botton09-4.uexp" 6574
"C:/24CI0412MP/Content/KTP_Effect/Particles/Bottom/Bottom09-04.uasset" 6575
"C:/24CI0412MP/Content/KTP_Effect/Particles/Bottom/Bottom09-04.uexp" 6576
"C:/24CI0412MP/Content/KTP_Effect/Textures/T_bottom06_8.ubulk" 6577
"C:/24CI0412MP/Content/KTP_Effect/Textures/T_bottom06_8.uasset" 6578
"C:/24CI0412MP/Content/KTP_Effect/Textures/T_bottom06_8.uexp" 6579
"C:/24CI0412MP/Content/KTP_Effect/Materials/M_botton06_8.uasset" 6580
"C:/24CI0412MP/Content/KTP_Effect/Materials/M_botton06_8.uexp" 6581
"C:/24CI0412MP/Content/KTP_Effect/Particles/Bottom/Bottom06-08.uasset" 6582
"C:/24CI0412MP/Content/KTP_Effect/Particles/Bottom/Bottom06-08.uexp" 6583
"C:/24CI0412MP/Content/KTP_Effect/Textures/T_bottom04_8.ubulk" 6584
"C:/24CI0412MP/Content/KTP_Effect/Textures/T_bottom04_8.uasset" 6585
"C:/24CI0412MP/Content/KTP_Effect/Textures/T_bottom04_8.uexp" 6586
"C:/24CI0412MP/Content/KTP_Effect/Materials/M_botton04_8.uasset" 6587
"C:/24CI0412MP/Content/KTP_Effect/Materials/M_botton04_8.uexp" 6588
"C:/24CI0412MP/Content/KTP_Effect/Particles/Bottom/Bottom04-08.uasset" 6589
"C:/24CI0412MP/Content/KTP_Effect/Particles/Bottom/Bottom04-08.uexp" 6590
"C:/24CI0412MP/Content/KTP_Effect/Textures/T_bottom08_8.ubulk" 6591
"C:/24CI0412MP/Content/KTP_Effect/Textures/T_bottom08_8.uasset" 6592
"C:/24CI0412MP/Content/KTP_Effect/Textures/T_bottom08_8.uexp" 6593
"C:/24CI0412MP/Content/KTP_Effect/Materials/M_botton08_8.uasset" 6594
"C:/24CI0412MP/Content/KTP_Effect/Materials/M_botton08_8.uexp" 6595
"C:/24CI0412MP/Content/KTP_Effect/Particles/Bottom/Bottom08-08.uasset" 6596
"C:/24CI0412MP/Content/KTP_Effect/Particles/Bottom/Bottom08-08.uexp" 6597
"C:/24CI0412MP/Content/KTP_Effect/Textures/T_bottom19_4.ubulk" 6598
"C:/24CI0412MP/Content/KTP_Effect/Textures/T_bottom19_4.uasset" 6599
"C:/24CI0412MP/Content/KTP_Effect/Textures/T_bottom19_4.uexp" 6600
"C:/24CI0412MP/Content/KTP_Effect/Materials/M_botton19_4.uasset" 6601
"C:/24CI0412MP/Content/KTP_Effect/Materials/M_botton19_4.uexp" 6602
"C:/24CI0412MP/Content/KTP_Effect/Particles/Bottom/Bottom19-04.uasset" 6603
"C:/24CI0412MP/Content/KTP_Effect/Particles/Bottom/Bottom19-04.uexp" 6604
"C:/24CI0412MP/Content/KTP_Effect/Textures/T_bottom19_7.ubulk" 6605
"C:/24CI0412MP/Content/KTP_Effect/Textures/T_bottom19_7.uasset" 6606
"C:/24CI0412MP/Content/KTP_Effect/Textures/T_bottom19_7.uexp" 6607
"C:/24CI0412MP/Content/KTP_Effect/Materials/M_botton19_7.uasset" 6608
"C:/24CI0412MP/Content/KTP_Effect/Materials/M_botton19_7.uexp" 6609
"C:/24CI0412MP/Content/KTP_Effect/Particles/Bottom/Bottom19-07.uasset" 6610
"C:/24CI0412MP/Content/KTP_Effect/Particles/Bottom/Bottom19-07.uexp" 6611
"C:/24CI0412MP/Content/KTP_Effect/Textures/T_bottom11_7.ubulk" 6612
"C:/24CI0412MP/Content/KTP_Effect/Textures/T_bottom11_7.uasset" 6613
"C:/24CI0412MP/Content/KTP_Effect/Textures/T_bottom11_7.uexp" 6614
"C:/24CI0412MP/Content/KTP_Effect/Materials/M_botton11_7.uasset" 6615
"C:/24CI0412MP/Content/KTP_Effect/Materials/M_botton11_7.uexp" 6616
"C:/24CI0412MP/Content/KTP_Effect/Particles/Bottom/Bottom11-07.uasset" 6617
"C:/24CI0412MP/Content/KTP_Effect/Particles/Bottom/Bottom11-07.uexp" 6618
"C:/24CI0412MP/Content/KTP_Effect/Textures/T_bottom06_6.ubulk" 6619
"C:/24CI0412MP/Content/KTP_Effect/Textures/T_bottom06_6.uasset" 6620
"C:/24CI0412MP/Content/KTP_Effect/Textures/T_bottom06_6.uexp" 6621
"C:/24CI0412MP/Content/KTP_Effect/Materials/M_botton06_6.uasset" 6622
"C:/24CI0412MP/Content/KTP_Effect/Materials/M_botton06_6.uexp" 6623
"C:/24CI0412MP/Content/KTP_Effect/Particles/Bottom/Bottom06-06.uasset" 6624
"C:/24CI0412MP/Content/KTP_Effect/Particles/Bottom/Bottom06-06.uexp" 6625
"C:/24CI0412MP/Content/KTP_Effect/Textures/T_bottom13_3.ubulk" 6626
"C:/24CI0412MP/Content/KTP_Effect/Textures/T_bottom13_3.uasset" 6627
"C:/24CI0412MP/Content/KTP_Effect/Textures/T_bottom13_3.uexp" 6628
"C:/24CI0412MP/Content/KTP_Effect/Materials/M_botton13_3.uasset" 6629
"C:/24CI0412MP/Content/KTP_Effect/Materials/M_botton13_3.uexp" 6630
"C:/24CI0412MP/Content/KTP_Effect/Particles/Bottom/Bottom13-03.uasset" 6631
"C:/24CI0412MP/Content/KTP_Effect/Particles/Bottom/Bottom13-03.uexp" 6632
"C:/24CI0412MP/Content/KTP_Effect/Textures/T_bottom03_1.ubulk" 6633
"C:/24CI0412MP/Content/KTP_Effect/Textures/T_bottom03_1.uasset" 6634
"C:/24CI0412MP/Content/KTP_Effect/Textures/T_bottom03_1.uexp" 6635
"C:/24CI0412MP/Content/KTP_Effect/Materials/M_botton03_1.uasset" 6636
"C:/24CI0412MP/Content/KTP_Effect/Materials/M_botton03_1.uexp" 6637
"C:/24CI0412MP/Content/KTP_Effect/Particles/Bottom/Bottom03-01.uasset" 6638
"C:/24CI0412MP/Content/KTP_Effect/Particles/Bottom/Bottom03-01.uexp" 6639
"C:/24CI0412MP/Content/KTP_Effect/Textures/T_bottom19_2.ubulk" 6640
"C:/24CI0412MP/Content/KTP_Effect/Textures/T_bottom19_2.uasset" 6641
"C:/24CI0412MP/Content/KTP_Effect/Textures/T_bottom19_2.uexp" 6642
"C:/24CI0412MP/Content/KTP_Effect/Materials/M_botton19_2.uasset" 6643
"C:/24CI0412MP/Content/KTP_Effect/Materials/M_botton19_2.uexp" 6644
"C:/24CI0412MP/Content/KTP_Effect/Particles/Bottom/Bottom19-02.uasset" 6645
"C:/24CI0412MP/Content/KTP_Effect/Particles/Bottom/Bottom19-02.uexp" 6646
"C:/24CI0412MP/Content/KTP_Effect/Textures/T_bottom08_1.ubulk" 6647
"C:/24CI0412MP/Content/KTP_Effect/Textures/T_bottom08_1.uasset" 6648
"C:/24CI0412MP/Content/KTP_Effect/Textures/T_bottom08_1.uexp" 6649
"C:/24CI0412MP/Content/KTP_Effect/Materials/M_botton08_1.uasset" 6650
"C:/24CI0412MP/Content/KTP_Effect/Materials/M_botton08_1.uexp" 6651
"C:/24CI0412MP/Content/KTP_Effect/Particles/Bottom/Bottom08-01.uasset" 6652
"C:/24CI0412MP/Content/KTP_Effect/Particles/Bottom/Bottom08-01.uexp" 6653
"C:/24CI0412MP/Content/KTP_Effect/Textures/T_bottom01_3.ubulk" 6654
"C:/24CI0412MP/Content/KTP_Effect/Textures/T_bottom01_3.uasset" 6655
"C:/24CI0412MP/Content/KTP_Effect/Textures/T_bottom01_3.uexp" 6656
"C:/24CI0412MP/Content/KTP_Effect/Materials/M_botton01_3.uasset" 6657
"C:/24CI0412MP/Content/KTP_Effect/Materials/M_botton01_3.uexp" 6658
"C:/24CI0412MP/Content/KTP_Effect/Materials/PublicMaterials/M_fire01_24.uasset" 6659
"C:/24CI0412MP/Content/KTP_Effect/Materials/PublicMaterials/M_fire01_24.uexp" 6660
"C:/24CI0412MP/Content/KTP_Effect/Particles/Bottom/Bottom01-03.uasset" 6661
"C:/24CI0412MP/Content/KTP_Effect/Particles/Bottom/Bottom01-03.uexp" 6662
"C:/24CI0412MP/Content/KTP_Effect/Textures/T_bottom11_2.ubulk" 6663
"C:/24CI0412MP/Content/KTP_Effect/Textures/T_bottom11_2.uasset" 6664
"C:/24CI0412MP/Content/KTP_Effect/Textures/T_bottom11_2.uexp" 6665
"C:/24CI0412MP/Content/KTP_Effect/Materials/M_botton11_2.uasset" 6666
"C:/24CI0412MP/Content/KTP_Effect/Materials/M_botton11_2.uexp" 6667
"C:/24CI0412MP/Content/KTP_Effect/Particles/Bottom/Bottom11-02.uasset" 6668
"C:/24CI0412MP/Content/KTP_Effect/Particles/Bottom/Bottom11-02.uexp" 6669
"C:/24CI0412MP/Content/KTP_Effect/Textures/T_bottom02_8.ubulk" 6670
"C:/24CI0412MP/Content/KTP_Effect/Textures/T_bottom02_8.uasset" 6671
"C:/24CI0412MP/Content/KTP_Effect/Textures/T_bottom02_8.uexp" 6672
"C:/24CI0412MP/Content/KTP_Effect/Materials/M_botton02_5.uasset" 6673
"C:/24CI0412MP/Content/KTP_Effect/Materials/M_botton02_5.uexp" 6674
"C:/24CI0412MP/Content/KTP_Effect/Particles/Bottom/Bottom02-05.uasset" 6675
"C:/24CI0412MP/Content/KTP_Effect/Particles/Bottom/Bottom02-05.uexp" 6676
"C:/24CI0412MP/Content/KTP_Effect/Textures/T_bottom14_2.ubulk" 6677
"C:/24CI0412MP/Content/KTP_Effect/Textures/T_bottom14_2.uasset" 6678
"C:/24CI0412MP/Content/KTP_Effect/Textures/T_bottom14_2.uexp" 6679
"C:/24CI0412MP/Content/KTP_Effect/Materials/M_botton14_2.uasset" 6680
"C:/24CI0412MP/Content/KTP_Effect/Materials/M_botton14_2.uexp" 6681
"C:/24CI0412MP/Content/KTP_Effect/Particles/Bottom/Bottom14-02.uasset" 6682
"C:/24CI0412MP/Content/KTP_Effect/Particles/Bottom/Bottom14-02.uexp" 6683
"C:/24CI0412MP/Content/KTP_Effect/Textures/T_bottom17_6.ubulk" 6684
"C:/24CI0412MP/Content/KTP_Effect/Textures/T_bottom17_6.uasset" 6685
"C:/24CI0412MP/Content/KTP_Effect/Textures/T_bottom17_6.uexp" 6686
"C:/24CI0412MP/Content/KTP_Effect/Materials/M_botton17_6.uasset" 6687
"C:/24CI0412MP/Content/KTP_Effect/Materials/M_botton17_6.uexp" 6688
"C:/24CI0412MP/Content/KTP_Effect/Particles/Bottom/Bottom17-06.uasset" 6689
"C:/24CI0412MP/Content/KTP_Effect/Particles/Bottom/Bottom17-06.uexp" 6690
"C:/24CI0412MP/Content/KTP_Effect/Textures/T_bottom01_4.ubulk" 6691
"C:/24CI0412MP/Content/KTP_Effect/Textures/T_bottom01_4.uasset" 6692
"C:/24CI0412MP/Content/KTP_Effect/Textures/T_bottom01_4.uexp" 6693
"C:/24CI0412MP/Content/KTP_Effect/Materials/M_botton01_4.uasset" 6694
"C:/24CI0412MP/Content/KTP_Effect/Materials/M_botton01_4.uexp" 6695
"C:/24CI0412MP/Content/KTP_Effect/Particles/Bottom/Bottom01-04.uasset" 6696
"C:/24CI0412MP/Content/KTP_Effect/Particles/Bottom/Bottom01-04.uexp" 6697
"C:/24CI0412MP/Content/KTP_Effect/Textures/T_bottom12_8.ubulk" 6698
"C:/24CI0412MP/Content/KTP_Effect/Textures/T_bottom12_8.uasset" 6699
"C:/24CI0412MP/Content/KTP_Effect/Textures/T_bottom12_8.uexp" 6700
"C:/24CI0412MP/Content/KTP_Effect/Materials/M_botton12_8.uasset" 6701
"C:/24CI0412MP/Content/KTP_Effect/Materials/M_botton12_8.uexp" 6702
"C:/24CI0412MP/Content/KTP_Effect/Particles/Bottom/Bottom12-08.uasset" 6703
"C:/24CI0412MP/Content/KTP_Effect/Particles/Bottom/Bottom12-08.uexp" 6704
"C:/24CI0412MP/Content/KTP_Effect/Textures/T_bottom17_4.ubulk" 6705
"C:/24CI0412MP/Content/KTP_Effect/Textures/T_bottom17_4.uasset" 6706
"C:/24CI0412MP/Content/KTP_Effect/Textures/T_bottom17_4.uexp" 6707
"C:/24CI0412MP/Content/KTP_Effect/Materials/M_botton17_4.uasset" 6708
"C:/24CI0412MP/Content/KTP_Effect/Materials/M_botton17_4.uexp" 6709
"C:/24CI0412MP/Content/KTP_Effect/Particles/Bottom/Bottom17-04.uasset" 6710
"C:/24CI0412MP/Content/KTP_Effect/Particles/Bottom/Bottom17-04.uexp" 6711
"C:/24CI0412MP/Content/KTP_Effect/Textures/T_bottom19_8.ubulk" 6712
"C:/24CI0412MP/Content/KTP_Effect/Textures/T_bottom19_8.uasset" 6713
"C:/24CI0412MP/Content/KTP_Effect/Textures/T_bottom19_8.uexp" 6714
"C:/24CI0412MP/Content/KTP_Effect/Materials/M_botton19_8.uasset" 6715
"C:/24CI0412MP/Content/KTP_Effect/Materials/M_botton19_8.uexp" 6716
"C:/24CI0412MP/Content/KTP_Effect/Particles/Bottom/Bottom19-08.uasset" 6717
"C:/24CI0412MP/Content/KTP_Effect/Particles/Bottom/Bottom19-08.uexp" 6718
"C:/24CI0412MP/Content/KTP_Effect/Textures/T_bottom18_3.ubulk" 6719
"C:/24CI0412MP/Content/KTP_Effect/Textures/T_bottom18_3.uasset" 6720
"C:/24CI0412MP/Content/KTP_Effect/Textures/T_bottom18_3.uexp" 6721
"C:/24CI0412MP/Content/KTP_Effect/Materials/M_botton18_3.uasset" 6722
"C:/24CI0412MP/Content/KTP_Effect/Materials/M_botton18_3.uexp" 6723
"C:/24CI0412MP/Content/KTP_Effect/Particles/Bottom/Bottom18-03.uasset" 6724
"C:/24CI0412MP/Content/KTP_Effect/Particles/Bottom/Bottom18-03.uexp" 6725
"C:/24CI0412MP/Content/KTP_Effect/Textures/T_bottom11_5.ubulk" 6726
"C:/24CI0412MP/Content/KTP_Effect/Textures/T_bottom11_5.uasset" 6727
"C:/24CI0412MP/Content/KTP_Effect/Textures/T_bottom11_5.uexp" 6728
"C:/24CI0412MP/Content/KTP_Effect/Materials/M_botton11_5.uasset" 6729
"C:/24CI0412MP/Content/KTP_Effect/Materials/M_botton11_5.uexp" 6730
"C:/24CI0412MP/Content/KTP_Effect/Particles/Bottom/Bottom11-05.uasset" 6731
"C:/24CI0412MP/Content/KTP_Effect/Particles/Bottom/Bottom11-05.uexp" 6732
"C:/24CI0412MP/Content/KTP_Effect/Textures/T_bottom03_4.ubulk" 6733
"C:/24CI0412MP/Content/KTP_Effect/Textures/T_bottom03_4.uasset" 6734
"C:/24CI0412MP/Content/KTP_Effect/Textures/T_bottom03_4.uexp" 6735
"C:/24CI0412MP/Content/KTP_Effect/Materials/M_botton03_4.uasset" 6736
"C:/24CI0412MP/Content/KTP_Effect/Materials/M_botton03_4.uexp" 6737
"C:/24CI0412MP/Content/KTP_Effect/Particles/Bottom/Bottom03-04.uasset" 6738
"C:/24CI0412MP/Content/KTP_Effect/Particles/Bottom/Bottom03-04.uexp" 6739
"C:/24CI0412MP/Content/KTP_Effect/Textures/T_bottom20_7.ubulk" 6740
"C:/24CI0412MP/Content/KTP_Effect/Textures/T_bottom20_7.uasset" 6741
"C:/24CI0412MP/Content/KTP_Effect/Textures/T_bottom20_7.uexp" 6742
"C:/24CI0412MP/Content/KTP_Effect/Materials/M_botton20_7.uasset" 6743
"C:/24CI0412MP/Content/KTP_Effect/Materials/M_botton20_7.uexp" 6744
"C:/24CI0412MP/Content/KTP_Effect/Particles/Bottom/Bottom20-07.uasset" 6745
"C:/24CI0412MP/Content/KTP_Effect/Particles/Bottom/Bottom20-07.uexp" 6746
"C:/24CI0412MP/Content/KTP_Effect/Textures/T_bottom01_6.ubulk" 6747
"C:/24CI0412MP/Content/KTP_Effect/Textures/T_bottom01_6.uasset" 6748
"C:/24CI0412MP/Content/KTP_Effect/Textures/T_bottom01_6.uexp" 6749
"C:/24CI0412MP/Content/KTP_Effect/Materials/M_botton01_6.uasset" 6750
"C:/24CI0412MP/Content/KTP_Effect/Materials/M_botton01_6.uexp" 6751
"C:/24CI0412MP/Content/KTP_Effect/Particles/Bottom/Bottom01-06.uasset" 6752
"C:/24CI0412MP/Content/KTP_Effect/Particles/Bottom/Bottom01-06.uexp" 6753
"C:/24CI0412MP/Content/KTP_Effect/Textures/T_bottom11_3.ubulk" 6754
"C:/24CI0412MP/Content/KTP_Effect/Textures/T_bottom11_3.uasset" 6755
"C:/24CI0412MP/Content/KTP_Effect/Textures/T_bottom11_3.uexp" 6756
"C:/24CI0412MP/Content/KTP_Effect/Materials/M_botton11_3.uasset" 6757
"C:/24CI0412MP/Content/KTP_Effect/Materials/M_botton11_3.uexp" 6758
"C:/24CI0412MP/Content/KTP_Effect/Particles/Bottom/Bottom11-03.uasset" 6759
"C:/24CI0412MP/Content/KTP_Effect/Particles/Bottom/Bottom11-03.uexp" 6760
"C:/24CI0412MP/Content/KTP_Effect/Textures/T_bottom10_8.ubulk" 6761
"C:/24CI0412MP/Content/KTP_Effect/Textures/T_bottom10_8.uasset" 6762
"C:/24CI0412MP/Content/KTP_Effect/Textures/T_bottom10_8.uexp" 6763
"C:/24CI0412MP/Content/KTP_Effect/Materials/M_botton10-8.uasset" 6764
"C:/24CI0412MP/Content/KTP_Effect/Materials/M_botton10-8.uexp" 6765
"C:/24CI0412MP/Content/KTP_Effect/Materials/PublicMaterials/M_fire01_BT10.uasset" 6766
"C:/24CI0412MP/Content/KTP_Effect/Materials/PublicMaterials/M_fire01_BT10.uexp" 6767
"C:/24CI0412MP/Content/KTP_Effect/Particles/Bottom/Bottom10-08.uasset" 6768
"C:/24CI0412MP/Content/KTP_Effect/Particles/Bottom/Bottom10-08.uexp" 6769
"C:/24CI0412MP/Content/KTP_Effect/Textures/T_bottom05_8.ubulk" 6770
"C:/24CI0412MP/Content/KTP_Effect/Textures/T_bottom05_8.uasset" 6771
"C:/24CI0412MP/Content/KTP_Effect/Textures/T_bottom05_8.uexp" 6772
"C:/24CI0412MP/Content/KTP_Effect/Materials/M_botton05_8.uasset" 6773
"C:/24CI0412MP/Content/KTP_Effect/Materials/M_botton05_8.uexp" 6774
"C:/24CI0412MP/Content/KTP_Effect/Particles/Bottom/Bottom05-08.uasset" 6775
"C:/24CI0412MP/Content/KTP_Effect/Particles/Bottom/Bottom05-08.uexp" 6776
"C:/24CI0412MP/Content/KTP_Effect/Textures/T_bottom12_1.ubulk" 6777
"C:/24CI0412MP/Content/KTP_Effect/Textures/T_bottom12_1.uasset" 6778
"C:/24CI0412MP/Content/KTP_Effect/Textures/T_bottom12_1.uexp" 6779
"C:/24CI0412MP/Content/KTP_Effect/Materials/M_botton12_1.uasset" 6780
"C:/24CI0412MP/Content/KTP_Effect/Materials/M_botton12_1.uexp" 6781
"C:/24CI0412MP/Content/KTP_Effect/Particles/Bottom/Bottom12-01.uasset" 6782
"C:/24CI0412MP/Content/KTP_Effect/Particles/Bottom/Bottom12-01.uexp" 6783
"C:/24CI0412MP/Content/KTP_Effect/Textures/T_bottom09_5.ubulk" 6784
"C:/24CI0412MP/Content/KTP_Effect/Textures/T_bottom09_5.uasset" 6785
"C:/24CI0412MP/Content/KTP_Effect/Textures/T_bottom09_5.uexp" 6786
"C:/24CI0412MP/Content/KTP_Effect/Materials/M_botton09-5.uasset" 6787
"C:/24CI0412MP/Content/KTP_Effect/Materials/M_botton09-5.uexp" 6788
"C:/24CI0412MP/Content/KTP_Effect/Particles/Bottom/Bottom09-05.uasset" 6789
"C:/24CI0412MP/Content/KTP_Effect/Particles/Bottom/Bottom09-05.uexp" 6790
"C:/24CI0412MP/Content/KTP_Effect/Textures/T_bottom04_7.ubulk" 6791
"C:/24CI0412MP/Content/KTP_Effect/Textures/T_bottom04_7.uasset" 6792
"C:/24CI0412MP/Content/KTP_Effect/Textures/T_bottom04_7.uexp" 6793
"C:/24CI0412MP/Content/KTP_Effect/Materials/M_botton04_7.uasset" 6794
"C:/24CI0412MP/Content/KTP_Effect/Materials/M_botton04_7.uexp" 6795
"C:/24CI0412MP/Content/KTP_Effect/Particles/Bottom/Bottom04-07.uasset" 6796
"C:/24CI0412MP/Content/KTP_Effect/Particles/Bottom/Bottom04-07.uexp" 6797
"C:/24CI0412MP/Content/KTP_Effect/Textures/T_bottom14_7.ubulk" 6798
"C:/24CI0412MP/Content/KTP_Effect/Textures/T_bottom14_7.uasset" 6799
"C:/24CI0412MP/Content/KTP_Effect/Textures/T_bottom14_7.uexp" 6800
"C:/24CI0412MP/Content/KTP_Effect/Materials/M_botton14_7.uasset" 6801
"C:/24CI0412MP/Content/KTP_Effect/Materials/M_botton14_7.uexp" 6802
"C:/24CI0412MP/Content/KTP_Effect/Particles/Bottom/Bottom14-07.uasset" 6803
"C:/24CI0412MP/Content/KTP_Effect/Particles/Bottom/Bottom14-07.uexp" 6804
"C:/24CI0412MP/Content/KTP_Effect/Textures/T_bottom16_4.ubulk" 6805
"C:/24CI0412MP/Content/KTP_Effect/Textures/T_bottom16_4.uasset" 6806
"C:/24CI0412MP/Content/KTP_Effect/Textures/T_bottom16_4.uexp" 6807
"C:/24CI0412MP/Content/KTP_Effect/Materials/M_botton16_4.uasset" 6808
"C:/24CI0412MP/Content/KTP_Effect/Materials/M_botton16_4.uexp" 6809
"C:/24CI0412MP/Content/KTP_Effect/Particles/Bottom/Bottom16-04.uasset" 6810
"C:/24CI0412MP/Content/KTP_Effect/Particles/Bottom/Bottom16-04.uexp" 6811
"C:/24CI0412MP/Content/KTP_Effect/Textures/T_bottom10_5.ubulk" 6812
"C:/24CI0412MP/Content/KTP_Effect/Textures/T_bottom10_5.uasset" 6813
"C:/24CI0412MP/Content/KTP_Effect/Textures/T_bottom10_5.uexp" 6814
"C:/24CI0412MP/Content/KTP_Effect/Materials/M_botton10-5.uasset" 6815
"C:/24CI0412MP/Content/KTP_Effect/Materials/M_botton10-5.uexp" 6816
"C:/24CI0412MP/Content/KTP_Effect/Particles/Bottom/Bottom10-05.uasset" 6817
"C:/24CI0412MP/Content/KTP_Effect/Particles/Bottom/Bottom10-05.uexp" 6818
"C:/24CI0412MP/Content/KTP_Effect/Textures/T_bottom20_6.ubulk" 6819
"C:/24CI0412MP/Content/KTP_Effect/Textures/T_bottom20_6.uasset" 6820
"C:/24CI0412MP/Content/KTP_Effect/Textures/T_bottom20_6.uexp" 6821
"C:/24CI0412MP/Content/KTP_Effect/Materials/M_botton20_6.uasset" 6822
"C:/24CI0412MP/Content/KTP_Effect/Materials/M_botton20_6.uexp" 6823
"C:/24CI0412MP/Content/KTP_Effect/Particles/Bottom/Bottom20-06.uasset" 6824
"C:/24CI0412MP/Content/KTP_Effect/Particles/Bottom/Bottom20-06.uexp" 6825
"C:/24CI0412MP/Content/KTP_Effect/Textures/T_bottom16_5.ubulk" 6826
"C:/24CI0412MP/Content/KTP_Effect/Textures/T_bottom16_5.uasset" 6827
"C:/24CI0412MP/Content/KTP_Effect/Textures/T_bottom16_5.uexp" 6828
"C:/24CI0412MP/Content/KTP_Effect/Materials/M_botton16_5.uasset" 6829
"C:/24CI0412MP/Content/KTP_Effect/Materials/M_botton16_5.uexp" 6830
"C:/24CI0412MP/Content/KTP_Effect/Particles/Bottom/Bottom16-05.uasset" 6831
"C:/24CI0412MP/Content/KTP_Effect/Particles/Bottom/Bottom16-05.uexp" 6832
"C:/24CI0412MP/Content/KTP_Effect/Textures/T_bottom03_8.ubulk" 6833
"C:/24CI0412MP/Content/KTP_Effect/Textures/T_bottom03_8.uasset" 6834
"C:/24CI0412MP/Content/KTP_Effect/Textures/T_bottom03_8.uexp" 6835
"C:/24CI0412MP/Content/KTP_Effect/Materials/M_botton03_8.uasset" 6836
"C:/24CI0412MP/Content/KTP_Effect/Materials/M_botton03_8.uexp" 6837
"C:/24CI0412MP/Content/KTP_Effect/Particles/Bottom/Bottom03-08.uasset" 6838
"C:/24CI0412MP/Content/KTP_Effect/Particles/Bottom/Bottom03-08.uexp" 6839
"C:/24CI0412MP/Content/KTP_Effect/Textures/T_bottom03_2.ubulk" 6840
"C:/24CI0412MP/Content/KTP_Effect/Textures/T_bottom03_2.uasset" 6841
"C:/24CI0412MP/Content/KTP_Effect/Textures/T_bottom03_2.uexp" 6842
"C:/24CI0412MP/Content/KTP_Effect/Materials/M_botton03_2.uasset" 6843
"C:/24CI0412MP/Content/KTP_Effect/Materials/M_botton03_2.uexp" 6844
"C:/24CI0412MP/Content/KTP_Effect/Particles/Bottom/Bottom03-02.uasset" 6845
"C:/24CI0412MP/Content/KTP_Effect/Particles/Bottom/Bottom03-02.uexp" 6846
"C:/24CI0412MP/Content/KTP_Effect/Textures/T_bottom11_1.ubulk" 6847
"C:/24CI0412MP/Content/KTP_Effect/Textures/T_bottom11_1.uasset" 6848
"C:/24CI0412MP/Content/KTP_Effect/Textures/T_bottom11_1.uexp" 6849
"C:/24CI0412MP/Content/KTP_Effect/Materials/M_botton11_1.uasset" 6850
"C:/24CI0412MP/Content/KTP_Effect/Materials/M_botton11_1.uexp" 6851
"C:/24CI0412MP/Content/KTP_Effect/Particles/Bottom/Bottom11-01.uasset" 6852
"C:/24CI0412MP/Content/KTP_Effect/Particles/Bottom/Bottom11-01.uexp" 6853
"C:/24CI0412MP/Content/KTP_Effect/Textures/T_bottom05_1.ubulk" 6854
"C:/24CI0412MP/Content/KTP_Effect/Textures/T_bottom05_1.uasset" 6855
"C:/24CI0412MP/Content/KTP_Effect/Textures/T_bottom05_1.uexp" 6856
"C:/24CI0412MP/Content/KTP_Effect/Materials/M_botton05_1.uasset" 6857
"C:/24CI0412MP/Content/KTP_Effect/Materials/M_botton05_1.uexp" 6858
"C:/24CI0412MP/Content/KTP_Effect/Particles/Bottom/Bottom05-01.uasset" 6859
"C:/24CI0412MP/Content/KTP_Effect/Particles/Bottom/Bottom05-01.uexp" 6860
"C:/24CI0412MP/Content/KTP_Effect/Textures/T_bottom10_3.ubulk" 6861
"C:/24CI0412MP/Content/KTP_Effect/Textures/T_bottom10_3.uasset" 6862
"C:/24CI0412MP/Content/KTP_Effect/Textures/T_bottom10_3.uexp" 6863
"C:/24CI0412MP/Content/KTP_Effect/Materials/M_botton10-3.uasset" 6864
"C:/24CI0412MP/Content/KTP_Effect/Materials/M_botton10-3.uexp" 6865
"C:/24CI0412MP/Content/KTP_Effect/Particles/Bottom/Bottom10-03.uasset" 6866
"C:/24CI0412MP/Content/KTP_Effect/Particles/Bottom/Bottom10-03.uexp" 6867
"C:/24CI0412MP/Content/KTP_Effect/Textures/T_bottom12_7.ubulk" 6868
"C:/24CI0412MP/Content/KTP_Effect/Textures/T_bottom12_7.uasset" 6869
"C:/24CI0412MP/Content/KTP_Effect/Textures/T_bottom12_7.uexp" 6870
"C:/24CI0412MP/Content/KTP_Effect/Materials/M_botton12_7.uasset" 6871
"C:/24CI0412MP/Content/KTP_Effect/Materials/M_botton12_7.uexp" 6872
"C:/24CI0412MP/Content/KTP_Effect/Particles/Bottom/Bottom12-07.uasset" 6873
"C:/24CI0412MP/Content/KTP_Effect/Particles/Bottom/Bottom12-07.uexp" 6874
"C:/24CI0412MP/Content/KTP_Effect/Textures/T_bottom17_3.ubulk" 6875
"C:/24CI0412MP/Content/KTP_Effect/Textures/T_bottom17_3.uasset" 6876
"C:/24CI0412MP/Content/KTP_Effect/Textures/T_bottom17_3.uexp" 6877
"C:/24CI0412MP/Content/KTP_Effect/Materials/M_botton17_3.uasset" 6878
"C:/24CI0412MP/Content/KTP_Effect/Materials/M_botton17_3.uexp" 6879
"C:/24CI0412MP/Content/KTP_Effect/Particles/Bottom/Bottom17-03.uasset" 6880
"C:/24CI0412MP/Content/KTP_Effect/Particles/Bottom/Bottom17-03.uexp" 6881
"C:/24CI0412MP/Content/KTP_Effect/Textures/T_bottom11_6.ubulk" 6882
"C:/24CI0412MP/Content/KTP_Effect/Textures/T_bottom11_6.uasset" 6883
"C:/24CI0412MP/Content/KTP_Effect/Textures/T_bottom11_6.uexp" 6884
"C:/24CI0412MP/Content/KTP_Effect/Materials/M_botton11_6.uasset" 6885
"C:/24CI0412MP/Content/KTP_Effect/Materials/M_botton11_6.uexp" 6886
"C:/24CI0412MP/Content/KTP_Effect/Particles/Bottom/Bottom11-06.uasset" 6887
"C:/24CI0412MP/Content/KTP_Effect/Particles/Bottom/Bottom11-06.uexp" 6888
"C:/24CI0412MP/Content/KTP_Effect/Textures/T_bottom15_7.ubulk" 6889
"C:/24CI0412MP/Content/KTP_Effect/Textures/T_bottom15_7.uasset" 6890
"C:/24CI0412MP/Content/KTP_Effect/Textures/T_bottom15_7.uexp" 6891
"C:/24CI0412MP/Content/KTP_Effect/Materials/M_botton15_7.uasset" 6892
"C:/24CI0412MP/Content/KTP_Effect/Materials/M_botton15_7.uexp" 6893
"C:/24CI0412MP/Content/KTP_Effect/Particles/Bottom/Bottom15-07.uasset" 6894
"C:/24CI0412MP/Content/KTP_Effect/Particles/Bottom/Bottom15-07.uexp" 6895
"C:/24CI0412MP/Content/KTP_Effect/Textures/T_bottom02_6.ubulk" 6896
"C:/24CI0412MP/Content/KTP_Effect/Textures/T_bottom02_6.uasset" 6897
"C:/24CI0412MP/Content/KTP_Effect/Textures/T_bottom02_6.uexp" 6898
"C:/24CI0412MP/Content/KTP_Effect/Materials/M_botton02_8.uasset" 6899
"C:/24CI0412MP/Content/KTP_Effect/Materials/M_botton02_8.uexp" 6900
"C:/24CI0412MP/Content/KTP_Effect/Particles/Bottom/Bottom02-08.uasset" 6901
"C:/24CI0412MP/Content/KTP_Effect/Particles/Bottom/Bottom02-08.uexp" 6902
"C:/24CI0412MP/Content/KTP_Effect/Textures/T_bottom16_2.ubulk" 6903
"C:/24CI0412MP/Content/KTP_Effect/Textures/T_bottom16_2.uasset" 6904
"C:/24CI0412MP/Content/KTP_Effect/Textures/T_bottom16_2.uexp" 6905
"C:/24CI0412MP/Content/KTP_Effect/Materials/M_botton16_2.uasset" 6906
"C:/24CI0412MP/Content/KTP_Effect/Materials/M_botton16_2.uexp" 6907
"C:/24CI0412MP/Content/KTP_Effect/Particles/Bottom/Bottom16-02.uasset" 6908
"C:/24CI0412MP/Content/KTP_Effect/Particles/Bottom/Bottom16-02.uexp" 6909
"C:/24CI0412MP/Content/KTP_Effect/Textures/T_bottom05_5.ubulk" 6910
"C:/24CI0412MP/Content/KTP_Effect/Textures/T_bottom05_5.uasset" 6911
"C:/24CI0412MP/Content/KTP_Effect/Textures/T_bottom05_5.uexp" 6912
"C:/24CI0412MP/Content/KTP_Effect/Materials/M_botton05_5.uasset" 6913
"C:/24CI0412MP/Content/KTP_Effect/Materials/M_botton05_5.uexp" 6914
"C:/24CI0412MP/Content/KTP_Effect/Particles/Bottom/Bottom05-05.uasset" 6915
"C:/24CI0412MP/Content/KTP_Effect/Particles/Bottom/Bottom05-05.uexp" 6916
"C:/24CI0412MP/Content/KTP_Effect/Textures/T_bottom07_1.ubulk" 6917
"C:/24CI0412MP/Content/KTP_Effect/Textures/T_bottom07_1.uasset" 6918
"C:/24CI0412MP/Content/KTP_Effect/Textures/T_bottom07_1.uexp" 6919
"C:/24CI0412MP/Content/KTP_Effect/Materials/M_botton07_1.uasset" 6920
"C:/24CI0412MP/Content/KTP_Effect/Materials/M_botton07_1.uexp" 6921
"C:/24CI0412MP/Content/KTP_Effect/Particles/Bottom/Bottom07-01.uasset" 6922
"C:/24CI0412MP/Content/KTP_Effect/Particles/Bottom/Bottom07-01.uexp" 6923
"C:/24CI0412MP/Content/KTP_Effect/Textures/T_bottom19_1.ubulk" 6924
"C:/24CI0412MP/Content/KTP_Effect/Textures/T_bottom19_1.uasset" 6925
"C:/24CI0412MP/Content/KTP_Effect/Textures/T_bottom19_1.uexp" 6926
"C:/24CI0412MP/Content/KTP_Effect/Materials/M_botton19_1.uasset" 6927
"C:/24CI0412MP/Content/KTP_Effect/Materials/M_botton19_1.uexp" 6928
"C:/24CI0412MP/Content/KTP_Effect/Particles/Bottom/Bottom19-01.uasset" 6929
"C:/24CI0412MP/Content/KTP_Effect/Particles/Bottom/Bottom19-01.uexp" 6930
"C:/24CI0412MP/Content/KTP_Effect/Textures/T_bottom05_6.ubulk" 6931
"C:/24CI0412MP/Content/KTP_Effect/Textures/T_bottom05_6.uasset" 6932
"C:/24CI0412MP/Content/KTP_Effect/Textures/T_bottom05_6.uexp" 6933
"C:/24CI0412MP/Content/KTP_Effect/Materials/M_botton05_6.uasset" 6934
"C:/24CI0412MP/Content/KTP_Effect/Materials/M_botton05_6.uexp" 6935
"C:/24CI0412MP/Content/KTP_Effect/Particles/Bottom/Bottom05-06.uasset" 6936
"C:/24CI0412MP/Content/KTP_Effect/Particles/Bottom/Bottom05-06.uexp" 6937
"C:/24CI0412MP/Content/KTP_Effect/Textures/T_bottom07_6.ubulk" 6938
"C:/24CI0412MP/Content/KTP_Effect/Textures/T_bottom07_6.uasset" 6939
"C:/24CI0412MP/Content/KTP_Effect/Textures/T_bottom07_6.uexp" 6940
"C:/24CI0412MP/Content/KTP_Effect/Materials/M_botton07_7.uasset" 6941
"C:/24CI0412MP/Content/KTP_Effect/Materials/M_botton07_7.uexp" 6942
"C:/24CI0412MP/Content/KTP_Effect/Particles/Bottom/Bottom07-07.uasset" 6943
"C:/24CI0412MP/Content/KTP_Effect/Particles/Bottom/Bottom07-07.uexp" 6944
"C:/24CI0412MP/Content/KTP_Effect/Textures/T_bottom13_8.ubulk" 6945
"C:/24CI0412MP/Content/KTP_Effect/Textures/T_bottom13_8.uasset" 6946
"C:/24CI0412MP/Content/KTP_Effect/Textures/T_bottom13_8.uexp" 6947
"C:/24CI0412MP/Content/KTP_Effect/Materials/M_botton13_8.uasset" 6948
"C:/24CI0412MP/Content/KTP_Effect/Materials/M_botton13_8.uexp" 6949
"C:/24CI0412MP/Content/KTP_Effect/Particles/Bottom/Bottom13-08.uasset" 6950
"C:/24CI0412MP/Content/KTP_Effect/Particles/Bottom/Bottom13-08.uexp" 6951
"C:/24CI0412MP/Content/KTP_Effect/Textures/T_bottom04_4.ubulk" 6952
"C:/24CI0412MP/Content/KTP_Effect/Textures/T_bottom04_4.uasset" 6953
"C:/24CI0412MP/Content/KTP_Effect/Textures/T_bottom04_4.uexp" 6954
"C:/24CI0412MP/Content/KTP_Effect/Materials/M_botton04_4.uasset" 6955
"C:/24CI0412MP/Content/KTP_Effect/Materials/M_botton04_4.uexp" 6956
"C:/24CI0412MP/Content/KTP_Effect/Particles/Bottom/Bottom04-04.uasset" 6957
"C:/24CI0412MP/Content/KTP_Effect/Particles/Bottom/Bottom04-04.uexp" 6958
"C:/24CI0412MP/Content/KTP_Effect/Textures/T_bottom15_5.ubulk" 6959
"C:/24CI0412MP/Content/KTP_Effect/Textures/T_bottom15_5.uasset" 6960
"C:/24CI0412MP/Content/KTP_Effect/Textures/T_bottom15_5.uexp" 6961
"C:/24CI0412MP/Content/KTP_Effect/Materials/M_botton15_5.uasset" 6962
"C:/24CI0412MP/Content/KTP_Effect/Materials/M_botton15_5.uexp" 6963
"C:/24CI0412MP/Content/KTP_Effect/Particles/Bottom/Bottom15-05.uasset" 6964
"C:/24CI0412MP/Content/KTP_Effect/Particles/Bottom/Bottom15-05.uexp" 6965
"C:/24CI0412MP/Content/KTP_Effect/Textures/T_bottom04_5.ubulk" 6966
"C:/24CI0412MP/Content/KTP_Effect/Textures/T_bottom04_5.uasset" 6967
"C:/24CI0412MP/Content/KTP_Effect/Textures/T_bottom04_5.uexp" 6968
"C:/24CI0412MP/Content/KTP_Effect/Materials/M_botton04_5.uasset" 6969
"C:/24CI0412MP/Content/KTP_Effect/Materials/M_botton04_5.uexp" 6970
"C:/24CI0412MP/Content/KTP_Effect/Particles/Bottom/Bottom04-05.uasset" 6971
"C:/24CI0412MP/Content/KTP_Effect/Particles/Bottom/Bottom04-05.uexp" 6972
"C:/24CI0412MP/Content/KTP_Effect/Textures/T_bottom02_4.ubulk" 6973
"C:/24CI0412MP/Content/KTP_Effect/Textures/T_bottom02_4.uasset" 6974
"C:/24CI0412MP/Content/KTP_Effect/Textures/T_bottom02_4.uexp" 6975
"C:/24CI0412MP/Content/KTP_Effect/Materials/M_botton02_6.uasset" 6976
"C:/24CI0412MP/Content/KTP_Effect/Materials/M_botton02_6.uexp" 6977
"C:/24CI0412MP/Content/KTP_Effect/Particles/Bottom/Bottom02-06.uasset" 6978
"C:/24CI0412MP/Content/KTP_Effect/Particles/Bottom/Bottom02-06.uexp" 6979
"C:/24CI0412MP/Content/KTP_Effect/Textures/T_bottom01_8.ubulk" 6980
"C:/24CI0412MP/Content/KTP_Effect/Textures/T_bottom01_8.uasset" 6981
"C:/24CI0412MP/Content/KTP_Effect/Textures/T_bottom01_8.uexp" 6982
"C:/24CI0412MP/Content/KTP_Effect/Materials/M_botton01_8.uasset" 6983
"C:/24CI0412MP/Content/KTP_Effect/Materials/M_botton01_8.uexp" 6984
"C:/24CI0412MP/Content/KTP_Effect/Particles/Bottom/Bottom01-08.uasset" 6985
"C:/24CI0412MP/Content/KTP_Effect/Particles/Bottom/Bottom01-08.uexp" 6986
"C:/24CI0412MP/Content/KTP_Effect/Textures/T_bottom02_1.ubulk" 6987
"C:/24CI0412MP/Content/KTP_Effect/Textures/T_bottom02_1.uasset" 6988
"C:/24CI0412MP/Content/KTP_Effect/Textures/T_bottom02_1.uexp" 6989
"C:/24CI0412MP/Content/KTP_Effect/Materials/M_botton02_1.uasset" 6990
"C:/24CI0412MP/Content/KTP_Effect/Materials/M_botton02_1.uexp" 6991
"C:/24CI0412MP/Content/KTP_Effect/Particles/Bottom/Bottom02-01.uasset" 6992
"C:/24CI0412MP/Content/KTP_Effect/Particles/Bottom/Bottom02-01.uexp" 6993
"C:/24CI0412MP/Content/KTP_Effect/Textures/T_bottom05_7.ubulk" 6994
"C:/24CI0412MP/Content/KTP_Effect/Textures/T_bottom05_7.uasset" 6995
"C:/24CI0412MP/Content/KTP_Effect/Textures/T_bottom05_7.uexp" 6996
"C:/24CI0412MP/Content/KTP_Effect/Materials/M_botton05_7.uasset" 6997
"C:/24CI0412MP/Content/KTP_Effect/Materials/M_botton05_7.uexp" 6998
"C:/24CI0412MP/Content/KTP_Effect/Particles/Bottom/Bottom05-07.uasset" 6999
"C:/24CI0412MP/Content/KTP_Effect/Particles/Bottom/Bottom05-07.uexp" 7000
"C:/24CI0412MP/Content/KTP_Effect/Textures/T_bottom12_3.ubulk" 7001
"C:/24CI0412MP/Content/KTP_Effect/Textures/T_bottom12_3.uasset" 7002
"C:/24CI0412MP/Content/KTP_Effect/Textures/T_bottom12_3.uexp" 7003
"C:/24CI0412MP/Content/KTP_Effect/Materials/M_botton12_3.uasset" 7004
"C:/24CI0412MP/Content/KTP_Effect/Materials/M_botton12_3.uexp" 7005
"C:/24CI0412MP/Content/KTP_Effect/Particles/Bottom/Bottom12-03.uasset" 7006
"C:/24CI0412MP/Content/KTP_Effect/Particles/Bottom/Bottom12-03.uexp" 7007
"C:/24CI0412MP/Content/KTP_Effect/Textures/T_bottom16_8.ubulk" 7008
"C:/24CI0412MP/Content/KTP_Effect/Textures/T_bottom16_8.uasset" 7009
"C:/24CI0412MP/Content/KTP_Effect/Textures/T_bottom16_8.uexp" 7010
"C:/24CI0412MP/Content/KTP_Effect/Materials/M_botton16_8.uasset" 7011
"C:/24CI0412MP/Content/KTP_Effect/Materials/M_botton16_8.uexp" 7012
"C:/24CI0412MP/Content/KTP_Effect/Particles/Bottom/Bottom16-08.uasset" 7013
"C:/24CI0412MP/Content/KTP_Effect/Particles/Bottom/Bottom16-08.uexp" 7014
"C:/24CI0412MP/Content/KTP_Effect/Textures/T_bottom06_5.ubulk" 7015
"C:/24CI0412MP/Content/KTP_Effect/Textures/T_bottom06_5.uasset" 7016
"C:/24CI0412MP/Content/KTP_Effect/Textures/T_bottom06_5.uexp" 7017
"C:/24CI0412MP/Content/KTP_Effect/Materials/M_botton06_5.uasset" 7018
"C:/24CI0412MP/Content/KTP_Effect/Materials/M_botton06_5.uexp" 7019
"C:/24CI0412MP/Content/KTP_Effect/Particles/Bottom/Bottom06-05.uasset" 7020
"C:/24CI0412MP/Content/KTP_Effect/Particles/Bottom/Bottom06-05.uexp" 7021
"C:/24CI0412MP/Content/KTP_Effect/Textures/T_bottom17_8.ubulk" 7022
"C:/24CI0412MP/Content/KTP_Effect/Textures/T_bottom17_8.uasset" 7023
"C:/24CI0412MP/Content/KTP_Effect/Textures/T_bottom17_8.uexp" 7024
"C:/24CI0412MP/Content/KTP_Effect/Materials/M_botton17_8.uasset" 7025
"C:/24CI0412MP/Content/KTP_Effect/Materials/M_botton17_8.uexp" 7026
"C:/24CI0412MP/Content/KTP_Effect/Particles/Bottom/Bottom17-08.uasset" 7027
"C:/24CI0412MP/Content/KTP_Effect/Particles/Bottom/Bottom17-08.uexp" 7028
"C:/24CI0412MP/Content/KTP_Effect/Textures/T_bottom11_4.ubulk" 7029
"C:/24CI0412MP/Content/KTP_Effect/Textures/T_bottom11_4.uasset" 7030
"C:/24CI0412MP/Content/KTP_Effect/Textures/T_bottom11_4.uexp" 7031
"C:/24CI0412MP/Content/KTP_Effect/Materials/M_botton11_4.uasset" 7032
"C:/24CI0412MP/Content/KTP_Effect/Materials/M_botton11_4.uexp" 7033
"C:/24CI0412MP/Content/KTP_Effect/Particles/Bottom/Bottom11-04.uasset" 7034
"C:/24CI0412MP/Content/KTP_Effect/Particles/Bottom/Bottom11-04.uexp" 7035
"C:/24CI0412MP/Content/KTP_Effect/Textures/T_bottom07_8.ubulk" 7036
"C:/24CI0412MP/Content/KTP_Effect/Textures/T_bottom07_8.uasset" 7037
"C:/24CI0412MP/Content/KTP_Effect/Textures/T_bottom07_8.uexp" 7038
"C:/24CI0412MP/Content/KTP_Effect/Materials/M_botton07_3.uasset" 7039
"C:/24CI0412MP/Content/KTP_Effect/Materials/M_botton07_3.uexp" 7040
"C:/24CI0412MP/Content/KTP_Effect/Particles/Bottom/Bottom07-03.uasset" 7041
"C:/24CI0412MP/Content/KTP_Effect/Particles/Bottom/Bottom07-03.uexp" 7042
"C:/24CI0412MP/Content/KTP_Effect/Textures/T_bottom16_7.ubulk" 7043
"C:/24CI0412MP/Content/KTP_Effect/Textures/T_bottom16_7.uasset" 7044
"C:/24CI0412MP/Content/KTP_Effect/Textures/T_bottom16_7.uexp" 7045
"C:/24CI0412MP/Content/KTP_Effect/Materials/M_botton16_7.uasset" 7046
"C:/24CI0412MP/Content/KTP_Effect/Materials/M_botton16_7.uexp" 7047
"C:/24CI0412MP/Content/KTP_Effect/Particles/Bottom/Bottom16-07.uasset" 7048
"C:/24CI0412MP/Content/KTP_Effect/Particles/Bottom/Bottom16-07.uexp" 7049
"C:/24CI0412MP/Content/KTP_Effect/Textures/T_bottom10_1.ubulk" 7050
"C:/24CI0412MP/Content/KTP_Effect/Textures/T_bottom10_1.uasset" 7051
"C:/24CI0412MP/Content/KTP_Effect/Textures/T_bottom10_1.uexp" 7052
"C:/24CI0412MP/Content/KTP_Effect/Materials/M_botton10-1.uasset" 7053
"C:/24CI0412MP/Content/KTP_Effect/Materials/M_botton10-1.uexp" 7054
"C:/24CI0412MP/Content/KTP_Effect/Particles/Bottom/Bottom10-01.uasset" 7055
"C:/24CI0412MP/Content/KTP_Effect/Particles/Bottom/Bottom10-01.uexp" 7056
"C:/24CI0412MP/Content/KTP_Effect/Textures/T_bottom20_8.ubulk" 7057
"C:/24CI0412MP/Content/KTP_Effect/Textures/T_bottom20_8.uasset" 7058
"C:/24CI0412MP/Content/KTP_Effect/Textures/T_bottom20_8.uexp" 7059
"C:/24CI0412MP/Content/KTP_Effect/Materials/M_botton20_8.uasset" 7060
"C:/24CI0412MP/Content/KTP_Effect/Materials/M_botton20_8.uexp" 7061
"C:/24CI0412MP/Content/KTP_Effect/Particles/Bottom/Bottom20-08.uasset" 7062
"C:/24CI0412MP/Content/KTP_Effect/Particles/Bottom/Bottom20-08.uexp" 7063
"C:/24CI0412MP/Content/KTP_Effect/Textures/T_bottom07_2.ubulk" 7064
"C:/24CI0412MP/Content/KTP_Effect/Textures/T_bottom07_2.uasset" 7065
"C:/24CI0412MP/Content/KTP_Effect/Textures/T_bottom07_2.uexp" 7066
"C:/24CI0412MP/Content/KTP_Effect/Materials/M_botton07_4.uasset" 7067
"C:/24CI0412MP/Content/KTP_Effect/Materials/M_botton07_4.uexp" 7068
"C:/24CI0412MP/Content/KTP_Effect/Particles/Bottom/Bottom07-04.uasset" 7069
"C:/24CI0412MP/Content/KTP_Effect/Particles/Bottom/Bottom07-04.uexp" 7070
"C:/24CI0412MP/Content/KTP_Effect/Textures/T_bottom06_4.ubulk" 7071
"C:/24CI0412MP/Content/KTP_Effect/Textures/T_bottom06_4.uasset" 7072
"C:/24CI0412MP/Content/KTP_Effect/Textures/T_bottom06_4.uexp" 7073
"C:/24CI0412MP/Content/KTP_Effect/Materials/M_botton06_4.uasset" 7074
"C:/24CI0412MP/Content/KTP_Effect/Materials/M_botton06_4.uexp" 7075
"C:/24CI0412MP/Content/KTP_Effect/Particles/Bottom/Bottom06-04.uasset" 7076
"C:/24CI0412MP/Content/KTP_Effect/Particles/Bottom/Bottom06-04.uexp" 7077
"C:/24CI0412MP/Content/KTP_Effect/Textures/T_bottom17_5.ubulk" 7078
"C:/24CI0412MP/Content/KTP_Effect/Textures/T_bottom17_5.uasset" 7079
"C:/24CI0412MP/Content/KTP_Effect/Textures/T_bottom17_5.uexp" 7080
"C:/24CI0412MP/Content/KTP_Effect/Materials/M_botton17_5.uasset" 7081
"C:/24CI0412MP/Content/KTP_Effect/Materials/M_botton17_5.uexp" 7082
"C:/24CI0412MP/Content/KTP_Effect/Particles/Bottom/Bottom17-05.uasset" 7083
"C:/24CI0412MP/Content/KTP_Effect/Particles/Bottom/Bottom17-05.uexp" 7084
"C:/24CI0412MP/Content/KTP_Effect/Textures/T_bottom04_1.ubulk" 7085
"C:/24CI0412MP/Content/KTP_Effect/Textures/T_bottom04_1.uasset" 7086
"C:/24CI0412MP/Content/KTP_Effect/Textures/T_bottom04_1.uexp" 7087
"C:/24CI0412MP/Content/KTP_Effect/Materials/M_botton04_1.uasset" 7088
"C:/24CI0412MP/Content/KTP_Effect/Materials/M_botton04_1.uexp" 7089
"C:/24CI0412MP/Content/KTP_Effect/Particles/Bottom/Bottom04-01.uasset" 7090
"C:/24CI0412MP/Content/KTP_Effect/Particles/Bottom/Bottom04-01.uexp" 7091
"C:/24CI0412MP/Content/KTP_Effect/Textures/T_bottom17_7.ubulk" 7092
"C:/24CI0412MP/Content/KTP_Effect/Textures/T_bottom17_7.uasset" 7093
"C:/24CI0412MP/Content/KTP_Effect/Textures/T_bottom17_7.uexp" 7094
"C:/24CI0412MP/Content/KTP_Effect/Materials/M_botton17_7.uasset" 7095
"C:/24CI0412MP/Content/KTP_Effect/Materials/M_botton17_7.uexp" 7096
"C:/24CI0412MP/Content/KTP_Effect/Particles/Bottom/Bottom17-07.uasset" 7097
"C:/24CI0412MP/Content/KTP_Effect/Particles/Bottom/Bottom17-07.uexp" 7098
"C:/24CI0412MP/Content/KTP_Effect/Textures/T_bottom13_1.ubulk" 7099
"C:/24CI0412MP/Content/KTP_Effect/Textures/T_bottom13_1.uasset" 7100
"C:/24CI0412MP/Content/KTP_Effect/Textures/T_bottom13_1.uexp" 7101
"C:/24CI0412MP/Content/KTP_Effect/Materials/M_botton13_1.uasset" 7102
"C:/24CI0412MP/Content/KTP_Effect/Materials/M_botton13_1.uexp" 7103
"C:/24CI0412MP/Content/KTP_Effect/Particles/Bottom/Bottom13-01.uasset" 7104
"C:/24CI0412MP/Content/KTP_Effect/Particles/Bottom/Bottom13-01.uexp" 7105
"C:/24CI0412MP/Content/KTP_Effect/Textures/T_bottom01_2.ubulk" 7106
"C:/24CI0412MP/Content/KTP_Effect/Textures/T_bottom01_2.uasset" 7107
"C:/24CI0412MP/Content/KTP_Effect/Textures/T_bottom01_2.uexp" 7108
"C:/24CI0412MP/Content/KTP_Effect/Materials/M_botton01_2.uasset" 7109
"C:/24CI0412MP/Content/KTP_Effect/Materials/M_botton01_2.uexp" 7110
"C:/24CI0412MP/Content/KTP_Effect/Particles/Bottom/Bottom01-02.uasset" 7111
"C:/24CI0412MP/Content/KTP_Effect/Particles/Bottom/Bottom01-02.uexp" 7112
"C:/24CI0412MP/Content/KTP_Effect/Textures/T_bottom04_2.ubulk" 7113
"C:/24CI0412MP/Content/KTP_Effect/Textures/T_bottom04_2.uasset" 7114
"C:/24CI0412MP/Content/KTP_Effect/Textures/T_bottom04_2.uexp" 7115
"C:/24CI0412MP/Content/KTP_Effect/Materials/M_botton04_2.uasset" 7116
"C:/24CI0412MP/Content/KTP_Effect/Materials/M_botton04_2.uexp" 7117
"C:/24CI0412MP/Content/KTP_Effect/Particles/Bottom/Bottom04-02.uasset" 7118
"C:/24CI0412MP/Content/KTP_Effect/Particles/Bottom/Bottom04-02.uexp" 7119
"C:/24CI0412MP/Content/KTP_Effect/Textures/T_bottom20_2.ubulk" 7120
"C:/24CI0412MP/Content/KTP_Effect/Textures/T_bottom20_2.uasset" 7121
"C:/24CI0412MP/Content/KTP_Effect/Textures/T_bottom20_2.uexp" 7122
"C:/24CI0412MP/Content/KTP_Effect/Materials/M_botton20_2.uasset" 7123
"C:/24CI0412MP/Content/KTP_Effect/Materials/M_botton20_2.uexp" 7124
"C:/24CI0412MP/Content/KTP_Effect/Particles/Bottom/Bottom20-02.uasset" 7125
"C:/24CI0412MP/Content/KTP_Effect/Particles/Bottom/Bottom20-02.uexp" 7126
"C:/24CI0412MP/Content/KTP_Effect/Textures/T_bottom18_8.ubulk" 7127
"C:/24CI0412MP/Content/KTP_Effect/Textures/T_bottom18_8.uasset" 7128
"C:/24CI0412MP/Content/KTP_Effect/Textures/T_bottom18_8.uexp" 7129
"C:/24CI0412MP/Content/KTP_Effect/Materials/M_botton18_8.uasset" 7130
"C:/24CI0412MP/Content/KTP_Effect/Materials/M_botton18_8.uexp" 7131
"C:/24CI0412MP/Content/KTP_Effect/Particles/Bottom/Bottom18-08.uasset" 7132
"C:/24CI0412MP/Content/KTP_Effect/Particles/Bottom/Bottom18-08.uexp" 7133
"C:/24CI0412MP/Content/KTP_Effect/Textures/T_bottom19_5.ubulk" 7134
"C:/24CI0412MP/Content/KTP_Effect/Textures/T_bottom19_5.uasset" 7135
"C:/24CI0412MP/Content/KTP_Effect/Textures/T_bottom19_5.uexp" 7136
"C:/24CI0412MP/Content/KTP_Effect/Materials/M_botton19_5.uasset" 7137
"C:/24CI0412MP/Content/KTP_Effect/Materials/M_botton19_5.uexp" 7138
"C:/24CI0412MP/Content/KTP_Effect/Particles/Bottom/Bottom19-05.uasset" 7139
"C:/24CI0412MP/Content/KTP_Effect/Particles/Bottom/Bottom19-05.uexp" 7140
"C:/24CI0412MP/Content/KTP_Effect/Textures/T_bottom15_8.ubulk" 7141
"C:/24CI0412MP/Content/KTP_Effect/Textures/T_bottom15_8.uasset" 7142
"C:/24CI0412MP/Content/KTP_Effect/Textures/T_bottom15_8.uexp" 7143
"C:/24CI0412MP/Content/KTP_Effect/Materials/M_botton15_8.uasset" 7144
"C:/24CI0412MP/Content/KTP_Effect/Materials/M_botton15_8.uexp" 7145
"C:/24CI0412MP/Content/KTP_Effect/Particles/Bottom/Bottom15-08.uasset" 7146
"C:/24CI0412MP/Content/KTP_Effect/Particles/Bottom/Bottom15-08.uexp" 7147
"C:/24CI0412MP/Content/KTP_Effect/Textures/T_bottom18_2.ubulk" 7148
"C:/24CI0412MP/Content/KTP_Effect/Textures/T_bottom18_2.uasset" 7149
"C:/24CI0412MP/Content/KTP_Effect/Textures/T_bottom18_2.uexp" 7150
"C:/24CI0412MP/Content/KTP_Effect/Materials/M_botton18_2.uasset" 7151
"C:/24CI0412MP/Content/KTP_Effect/Materials/M_botton18_2.uexp" 7152
"C:/24CI0412MP/Content/KTP_Effect/Particles/Bottom/Bottom18-02.uasset" 7153
"C:/24CI0412MP/Content/KTP_Effect/Particles/Bottom/Bottom18-02.uexp" 7154
"C:/24CI0412MP/Content/KTP_Effect/Textures/T_bottom09_6.ubulk" 7155
"C:/24CI0412MP/Content/KTP_Effect/Textures/T_bottom09_6.uasset" 7156
"C:/24CI0412MP/Content/KTP_Effect/Textures/T_bottom09_6.uexp" 7157
"C:/24CI0412MP/Content/KTP_Effect/Materials/M_botton09-6.uasset" 7158
"C:/24CI0412MP/Content/KTP_Effect/Materials/M_botton09-6.uexp" 7159
"C:/24CI0412MP/Content/KTP_Effect/Particles/Bottom/Bottom09-06.uasset" 7160
"C:/24CI0412MP/Content/KTP_Effect/Particles/Bottom/Bottom09-06.uexp" 7161
"C:/24CI0412MP/Content/KTP_Effect/Textures/T_bottom18_6.ubulk" 7162
"C:/24CI0412MP/Content/KTP_Effect/Textures/T_bottom18_6.uasset" 7163
"C:/24CI0412MP/Content/KTP_Effect/Textures/T_bottom18_6.uexp" 7164
"C:/24CI0412MP/Content/KTP_Effect/Materials/M_botton18_6.uasset" 7165
"C:/24CI0412MP/Content/KTP_Effect/Materials/M_botton18_6.uexp" 7166
"C:/24CI0412MP/Content/KTP_Effect/Particles/Bottom/Bottom18-06.uasset" 7167
"C:/24CI0412MP/Content/KTP_Effect/Particles/Bottom/Bottom18-06.uexp" 7168
"C:/24CI0412MP/Content/KTP_Effect/Textures/T_bottom12_5.ubulk" 7169
"C:/24CI0412MP/Content/KTP_Effect/Textures/T_bottom12_5.uasset" 7170
"C:/24CI0412MP/Content/KTP_Effect/Textures/T_bottom12_5.uexp" 7171
"C:/24CI0412MP/Content/KTP_Effect/Materials/M_botton12_5.uasset" 7172
"C:/24CI0412MP/Content/KTP_Effect/Materials/M_botton12_5.uexp" 7173
"C:/24CI0412MP/Content/KTP_Effect/Particles/Bottom/Bottom12-05.uasset" 7174
"C:/24CI0412MP/Content/KTP_Effect/Particles/Bottom/Bottom12-05.uexp" 7175
"C:/24CI0412MP/Content/KTP_Effect/Textures/T_bottom10_6.ubulk" 7176
"C:/24CI0412MP/Content/KTP_Effect/Textures/T_bottom10_6.uasset" 7177
"C:/24CI0412MP/Content/KTP_Effect/Textures/T_bottom10_6.uexp" 7178
"C:/24CI0412MP/Content/KTP_Effect/Materials/M_botton10-6.uasset" 7179
"C:/24CI0412MP/Content/KTP_Effect/Materials/M_botton10-6.uexp" 7180
"C:/24CI0412MP/Content/KTP_Effect/Particles/Bottom/Bottom10-06.uasset" 7181
"C:/24CI0412MP/Content/KTP_Effect/Particles/Bottom/Bottom10-06.uexp" 7182
"C:/24CI0412MP/Content/KTP_Effect/Textures/T_bottom15_2.ubulk" 7183
"C:/24CI0412MP/Content/KTP_Effect/Textures/T_bottom15_2.uasset" 7184
"C:/24CI0412MP/Content/KTP_Effect/Textures/T_bottom15_2.uexp" 7185
"C:/24CI0412MP/Content/KTP_Effect/Materials/M_botton15_2.uasset" 7186
"C:/24CI0412MP/Content/KTP_Effect/Materials/M_botton15_2.uexp" 7187
"C:/24CI0412MP/Content/KTP_Effect/Particles/Bottom/Bottom15-02.uasset" 7188
"C:/24CI0412MP/Content/KTP_Effect/Particles/Bottom/Bottom15-02.uexp" 7189
"C:/24CI0412MP/Content/KTP_Effect/Textures/T_bottom19_3.ubulk" 7190
"C:/24CI0412MP/Content/KTP_Effect/Textures/T_bottom19_3.uasset" 7191
"C:/24CI0412MP/Content/KTP_Effect/Textures/T_bottom19_3.uexp" 7192
"C:/24CI0412MP/Content/KTP_Effect/Materials/M_botton19_3.uasset" 7193
"C:/24CI0412MP/Content/KTP_Effect/Materials/M_botton19_3.uexp" 7194
"C:/24CI0412MP/Content/KTP_Effect/Particles/Bottom/Bottom19-03.uasset" 7195
"C:/24CI0412MP/Content/KTP_Effect/Particles/Bottom/Bottom19-03.uexp" 7196
"C:/24CI0412MP/Content/KTP_Effect/Textures/T_bottom05_4.ubulk" 7197
"C:/24CI0412MP/Content/KTP_Effect/Textures/T_bottom05_4.uasset" 7198
"C:/24CI0412MP/Content/KTP_Effect/Textures/T_bottom05_4.uexp" 7199
"C:/24CI0412MP/Content/KTP_Effect/Materials/M_botton05_4.uasset" 7200
"C:/24CI0412MP/Content/KTP_Effect/Materials/M_botton05_4.uexp" 7201
"C:/24CI0412MP/Content/KTP_Effect/Particles/Bottom/Bottom05-04.uasset" 7202
"C:/24CI0412MP/Content/KTP_Effect/Particles/Bottom/Bottom05-04.uexp" 7203
"C:/24CI0412MP/Content/KTP_Effect/Textures/T_bottom09_7.ubulk" 7204
"C:/24CI0412MP/Content/KTP_Effect/Textures/T_bottom09_7.uasset" 7205
"C:/24CI0412MP/Content/KTP_Effect/Textures/T_bottom09_7.uexp" 7206
"C:/24CI0412MP/Content/KTP_Effect/Materials/M_botton09-7.uasset" 7207
"C:/24CI0412MP/Content/KTP_Effect/Materials/M_botton09-7.uexp" 7208
"C:/24CI0412MP/Content/KTP_Effect/Particles/Bottom/Bottom09-07.uasset" 7209
"C:/24CI0412MP/Content/KTP_Effect/Particles/Bottom/Bottom09-07.uexp" 7210
"C:/24CI0412MP/Content/KTP_Effect/Textures/T_bottom18_4.ubulk" 7211
"C:/24CI0412MP/Content/KTP_Effect/Textures/T_bottom18_4.uasset" 7212
"C:/24CI0412MP/Content/KTP_Effect/Textures/T_bottom18_4.uexp" 7213
"C:/24CI0412MP/Content/KTP_Effect/Materials/M_botton18_4.uasset" 7214
"C:/24CI0412MP/Content/KTP_Effect/Materials/M_botton18_4.uexp" 7215
"C:/24CI0412MP/Content/KTP_Effect/Particles/Bottom/Bottom18-04.uasset" 7216
"C:/24CI0412MP/Content/KTP_Effect/Particles/Bottom/Bottom18-04.uexp" 7217
"C:/24CI0412MP/Content/KTP_Effect/Textures/T_bottom15_1.ubulk" 7218
"C:/24CI0412MP/Content/KTP_Effect/Textures/T_bottom15_1.uasset" 7219
"C:/24CI0412MP/Content/KTP_Effect/Textures/T_bottom15_1.uexp" 7220
"C:/24CI0412MP/Content/KTP_Effect/Materials/M_botton15_1.uasset" 7221
"C:/24CI0412MP/Content/KTP_Effect/Materials/M_botton15_1.uexp" 7222
"C:/24CI0412MP/Content/KTP_Effect/Particles/Bottom/Bottom15-01.uasset" 7223
"C:/24CI0412MP/Content/KTP_Effect/Particles/Bottom/Bottom15-01.uexp" 7224
"C:/24CI0412MP/Content/KTP_Effect/Textures/T_bottom16_6.ubulk" 7225
"C:/24CI0412MP/Content/KTP_Effect/Textures/T_bottom16_6.uasset" 7226
"C:/24CI0412MP/Content/KTP_Effect/Textures/T_bottom16_6.uexp" 7227
"C:/24CI0412MP/Content/KTP_Effect/Materials/M_botton16_6.uasset" 7228
"C:/24CI0412MP/Content/KTP_Effect/Materials/M_botton16_6.uexp" 7229
"C:/24CI0412MP/Content/KTP_Effect/Particles/Bottom/Bottom16-06.uasset" 7230
"C:/24CI0412MP/Content/KTP_Effect/Particles/Bottom/Bottom16-06.uexp" 7231
"C:/24CI0412MP/Content/KTP_Effect/Textures/T_bottom06_3.ubulk" 7232
"C:/24CI0412MP/Content/KTP_Effect/Textures/T_bottom06_3.uasset" 7233
"C:/24CI0412MP/Content/KTP_Effect/Textures/T_bottom06_3.uexp" 7234
"C:/24CI0412MP/Content/KTP_Effect/Materials/M_botton06_3.uasset" 7235
"C:/24CI0412MP/Content/KTP_Effect/Materials/M_botton06_3.uexp" 7236
"C:/24CI0412MP/Content/KTP_Effect/Particles/Bottom/Bottom06-03.uasset" 7237
"C:/24CI0412MP/Content/KTP_Effect/Particles/Bottom/Bottom06-03.uexp" 7238
"C:/24CI0412MP/Content/KTP_Effect/Textures/T_bottom02_2.ubulk" 7239
"C:/24CI0412MP/Content/KTP_Effect/Textures/T_bottom02_2.uasset" 7240
"C:/24CI0412MP/Content/KTP_Effect/Textures/T_bottom02_2.uexp" 7241
"C:/24CI0412MP/Content/KTP_Effect/Materials/M_botton02_2.uasset" 7242
"C:/24CI0412MP/Content/KTP_Effect/Materials/M_botton02_2.uexp" 7243
"C:/24CI0412MP/Content/KTP_Effect/Particles/Bottom/Bottom02-02.uasset" 7244
"C:/24CI0412MP/Content/KTP_Effect/Particles/Bottom/Bottom02-02.uexp" 7245
"C:/24CI0412MP/Content/KTP_Effect/Textures/T_bottom08_7.ubulk" 7246
"C:/24CI0412MP/Content/KTP_Effect/Textures/T_bottom08_7.uasset" 7247
"C:/24CI0412MP/Content/KTP_Effect/Textures/T_bottom08_7.uexp" 7248
"C:/24CI0412MP/Content/KTP_Effect/Materials/M_botton08_7.uasset" 7249
"C:/24CI0412MP/Content/KTP_Effect/Materials/M_botton08_7.uexp" 7250
"C:/24CI0412MP/Content/KTP_Effect/Particles/Bottom/Bottom08-07.uasset" 7251
"C:/24CI0412MP/Content/KTP_Effect/Particles/Bottom/Bottom08-07.uexp" 7252
"C:/24CI0412MP/Content/KTP_Effect/Textures/T_bottom03_7.ubulk" 7253
"C:/24CI0412MP/Content/KTP_Effect/Textures/T_bottom03_7.uasset" 7254
"C:/24CI0412MP/Content/KTP_Effect/Textures/T_bottom03_7.uexp" 7255
"C:/24CI0412MP/Content/KTP_Effect/Materials/M_botton03_7.uasset" 7256
"C:/24CI0412MP/Content/KTP_Effect/Materials/M_botton03_7.uexp" 7257
"C:/24CI0412MP/Content/KTP_Effect/Particles/Bottom/Bottom03-07.uasset" 7258
"C:/24CI0412MP/Content/KTP_Effect/Particles/Bottom/Bottom03-07.uexp" 7259
"C:/24CI0412MP/Content/KTP_Effect/Textures/T_bottom01_5.ubulk" 7260
"C:/24CI0412MP/Content/KTP_Effect/Textures/T_bottom01_5.uasset" 7261
"C:/24CI0412MP/Content/KTP_Effect/Textures/T_bottom01_5.uexp" 7262
"C:/24CI0412MP/Content/KTP_Effect/Materials/M_botton01_5.uasset" 7263
"C:/24CI0412MP/Content/KTP_Effect/Materials/M_botton01_5.uexp" 7264
"C:/24CI0412MP/Content/KTP_Effect/Particles/Bottom/Bottom01-05.uasset" 7265
"C:/24CI0412MP/Content/KTP_Effect/Particles/Bottom/Bottom01-05.uexp" 7266
"C:/24CI0412MP/Content/KTP_Effect/Textures/T_bottom20_3.ubulk" 7267
"C:/24CI0412MP/Content/KTP_Effect/Textures/T_bottom20_3.uasset" 7268
"C:/24CI0412MP/Content/KTP_Effect/Textures/T_bottom20_3.uexp" 7269
"C:/24CI0412MP/Content/KTP_Effect/Materials/M_botton20_3.uasset" 7270
"C:/24CI0412MP/Content/KTP_Effect/Materials/M_botton20_3.uexp" 7271
"C:/24CI0412MP/Content/KTP_Effect/Particles/Bottom/Bottom20-03.uasset" 7272
"C:/24CI0412MP/Content/KTP_Effect/Particles/Bottom/Bottom20-03.uexp" 7273
"C:/24CI0412MP/Content/KTP_Effect/Textures/T_bottom14_5.ubulk" 7274
"C:/24CI0412MP/Content/KTP_Effect/Textures/T_bottom14_5.uasset" 7275
"C:/24CI0412MP/Content/KTP_Effect/Textures/T_bottom14_5.uexp" 7276
"C:/24CI0412MP/Content/KTP_Effect/Materials/M_botton14_5.uasset" 7277
"C:/24CI0412MP/Content/KTP_Effect/Materials/M_botton14_5.uexp" 7278
"C:/24CI0412MP/Content/KTP_Effect/Particles/Bottom/Bottom14-05.uasset" 7279
"C:/24CI0412MP/Content/KTP_Effect/Particles/Bottom/Bottom14-05.uexp" 7280
"C:/24CI0412MP/Content/KTP_Effect/Textures/T_bottom01_7.ubulk" 7281
"C:/24CI0412MP/Content/KTP_Effect/Textures/T_bottom01_7.uasset" 7282
"C:/24CI0412MP/Content/KTP_Effect/Textures/T_bottom01_7.uexp" 7283
"C:/24CI0412MP/Content/KTP_Effect/Materials/M_botton01_7.uasset" 7284
"C:/24CI0412MP/Content/KTP_Effect/Materials/M_botton01_7.uexp" 7285
"C:/24CI0412MP/Content/KTP_Effect/Particles/Bottom/Bottom01-07.uasset" 7286
"C:/24CI0412MP/Content/KTP_Effect/Particles/Bottom/Bottom01-07.uexp" 7287
"C:/24CI0412MP/Content/KTP_Effect/Textures/T_bottom20_1.ubulk" 7288
"C:/24CI0412MP/Content/KTP_Effect/Textures/T_bottom20_1.uasset" 7289
"C:/24CI0412MP/Content/KTP_Effect/Textures/T_bottom20_1.uexp" 7290
"C:/24CI0412MP/Content/KTP_Effect/Materials/M_botton20_1.uasset" 7291
"C:/24CI0412MP/Content/KTP_Effect/Materials/M_botton20_1.uexp" 7292
"C:/24CI0412MP/Content/KTP_Effect/Particles/Bottom/Bottom20-01.uasset" 7293
"C:/24CI0412MP/Content/KTP_Effect/Particles/Bottom/Bottom20-01.uexp" 7294
"C:/24CI0412MP/Content/KTP_Effect/Textures/T_bottom06_1.ubulk" 7295
"C:/24CI0412MP/Content/KTP_Effect/Textures/T_bottom06_1.uasset" 7296
"C:/24CI0412MP/Content/KTP_Effect/Textures/T_bottom06_1.uexp" 7297
"C:/24CI0412MP/Content/KTP_Effect/Materials/M_botton06_1.uasset" 7298
"C:/24CI0412MP/Content/KTP_Effect/Materials/M_botton06_1.uexp" 7299
"C:/24CI0412MP/Content/KTP_Effect/Particles/Bottom/Bottom06-01.uasset" 7300
"C:/24CI0412MP/Content/KTP_Effect/Particles/Bottom/Bottom06-01.uexp" 7301
"C:/24CI0412MP/Content/KTP_Effect/Textures/T_bottom15_3.ubulk" 7302
"C:/24CI0412MP/Content/KTP_Effect/Textures/T_bottom15_3.uasset" 7303
"C:/24CI0412MP/Content/KTP_Effect/Textures/T_bottom15_3.uexp" 7304
"C:/24CI0412MP/Content/KTP_Effect/Materials/M_botton15_3.uasset" 7305
"C:/24CI0412MP/Content/KTP_Effect/Materials/M_botton15_3.uexp" 7306
"C:/24CI0412MP/Content/KTP_Effect/Particles/Bottom/Bottom15-03.uasset" 7307
"C:/24CI0412MP/Content/KTP_Effect/Particles/Bottom/Bottom15-03.uexp" 7308
"C:/24CI0412MP/Content/KTP_Effect/Textures/T_bottom08_4.ubulk" 7309
"C:/24CI0412MP/Content/KTP_Effect/Textures/T_bottom08_4.uasset" 7310
"C:/24CI0412MP/Content/KTP_Effect/Textures/T_bottom08_4.uexp" 7311
"C:/24CI0412MP/Content/KTP_Effect/Materials/M_botton08_3.uasset" 7312
"C:/24CI0412MP/Content/KTP_Effect/Materials/M_botton08_3.uexp" 7313
"C:/24CI0412MP/Content/KTP_Effect/Particles/Bottom/Bottom08-03.uasset" 7314
"C:/24CI0412MP/Content/KTP_Effect/Particles/Bottom/Bottom08-03.uexp" 7315
"C:/24CI0412MP/Content/KTP_Effect/Textures/T_bottom06_2.ubulk" 7316
"C:/24CI0412MP/Content/KTP_Effect/Textures/T_bottom06_2.uasset" 7317
"C:/24CI0412MP/Content/KTP_Effect/Textures/T_bottom06_2.uexp" 7318
"C:/24CI0412MP/Content/KTP_Effect/Materials/M_botton06_2.uasset" 7319
"C:/24CI0412MP/Content/KTP_Effect/Materials/M_botton06_2.uexp" 7320
"C:/24CI0412MP/Content/KTP_Effect/Particles/Bottom/Bottom06-02.uasset" 7321
"C:/24CI0412MP/Content/KTP_Effect/Particles/Bottom/Bottom06-02.uexp" 7322
"C:/24CI0412MP/Content/KTP_Effect/Textures/T_bottom02_3.ubulk" 7323
"C:/24CI0412MP/Content/KTP_Effect/Textures/T_bottom02_3.uasset" 7324
"C:/24CI0412MP/Content/KTP_Effect/Textures/T_bottom02_3.uexp" 7325
"C:/24CI0412MP/Content/KTP_Effect/Materials/M_botton02_3.uasset" 7326
"C:/24CI0412MP/Content/KTP_Effect/Materials/M_botton02_3.uexp" 7327
"C:/24CI0412MP/Content/KTP_Effect/Particles/Bottom/Bottom02-03.uasset" 7328
"C:/24CI0412MP/Content/KTP_Effect/Particles/Bottom/Bottom02-03.uexp" 7329
"C:/24CI0412MP/Content/KTP_Effect/Textures/T_bottom11_8.ubulk" 7330
"C:/24CI0412MP/Content/KTP_Effect/Textures/T_bottom11_8.uasset" 7331
"C:/24CI0412MP/Content/KTP_Effect/Textures/T_bottom11_8.uexp" 7332
"C:/24CI0412MP/Content/KTP_Effect/Materials/M_botton11_8.uasset" 7333
"C:/24CI0412MP/Content/KTP_Effect/Materials/M_botton11_8.uexp" 7334
"C:/24CI0412MP/Content/KTP_Effect/Particles/Bottom/Bottom11-08.uasset" 7335
"C:/24CI0412MP/Content/KTP_Effect/Particles/Bottom/Bottom11-08.uexp" 7336
"C:/24CI0412MP/Content/KTP_Effect/Textures/T_bottom18_7.ubulk" 7337
"C:/24CI0412MP/Content/KTP_Effect/Textures/T_bottom18_7.uasset" 7338
"C:/24CI0412MP/Content/KTP_Effect/Textures/T_bottom18_7.uexp" 7339
"C:/24CI0412MP/Content/KTP_Effect/Materials/M_botton18_7.uasset" 7340
"C:/24CI0412MP/Content/KTP_Effect/Materials/M_botton18_7.uexp" 7341
"C:/24CI0412MP/Content/KTP_Effect/Particles/Bottom/Bottom18-07.uasset" 7342
"C:/24CI0412MP/Content/KTP_Effect/Particles/Bottom/Bottom18-07.uexp" 7343
"C:/24CI0412MP/Content/KTP_Effect/Textures/T_bottom18_5.ubulk" 7344
"C:/24CI0412MP/Content/KTP_Effect/Textures/T_bottom18_5.uasset" 7345
"C:/24CI0412MP/Content/KTP_Effect/Textures/T_bottom18_5.uexp" 7346
"C:/24CI0412MP/Content/KTP_Effect/Materials/M_botton18_5.uasset" 7347
"C:/24CI0412MP/Content/KTP_Effect/Materials/M_botton18_5.uexp" 7348
"C:/24CI0412MP/Content/KTP_Effect/Particles/Bottom/Bottom18-05.uasset" 7349
"C:/24CI0412MP/Content/KTP_Effect/Particles/Bottom/Bottom18-05.uexp" 7350
"C:/24CI0412MP/Content/KTP_Effect/Textures/T_bottom01_1.ubulk" 7351
"C:/24CI0412MP/Content/KTP_Effect/Textures/T_bottom01_1.uasset" 7352
"C:/24CI0412MP/Content/KTP_Effect/Textures/T_bottom01_1.uexp" 7353
"C:/24CI0412MP/Content/KTP_Effect/Materials/M_botton01_1.uasset" 7354
"C:/24CI0412MP/Content/KTP_Effect/Materials/M_botton01_1.uexp" 7355
"C:/24CI0412MP/Content/KTP_Effect/Particles/Bottom/Bottom01-01.uasset" 7356
"C:/24CI0412MP/Content/KTP_Effect/Particles/Bottom/Bottom01-01.uexp" 7357
"C:/24CI0412MP/Content/KTP_Effect/Textures/T_bottom08_2.ubulk" 7358
"C:/24CI0412MP/Content/KTP_Effect/Textures/T_bottom08_2.uasset" 7359
"C:/24CI0412MP/Content/KTP_Effect/Textures/T_bottom08_2.uexp" 7360
"C:/24CI0412MP/Content/KTP_Effect/Materials/M_botton08_2.uasset" 7361
"C:/24CI0412MP/Content/KTP_Effect/Materials/M_botton08_2.uexp" 7362
"C:/24CI0412MP/Content/KTP_Effect/Particles/Bottom/Bottom08-02.uasset" 7363
"C:/24CI0412MP/Content/KTP_Effect/Particles/Bottom/Bottom08-02.uexp" 7364
"C:/24CI0412MP/Content/KTP_Effect/Textures/T_bottom10_4.ubulk" 7365
"C:/24CI0412MP/Content/KTP_Effect/Textures/T_bottom10_4.uasset" 7366
"C:/24CI0412MP/Content/KTP_Effect/Textures/T_bottom10_4.uexp" 7367
"C:/24CI0412MP/Content/KTP_Effect/Materials/M_botton10-4.uasset" 7368
"C:/24CI0412MP/Content/KTP_Effect/Materials/M_botton10-4.uexp" 7369
"C:/24CI0412MP/Content/KTP_Effect/Particles/Bottom/Bottom10-04.uasset" 7370
"C:/24CI0412MP/Content/KTP_Effect/Particles/Bottom/Bottom10-04.uexp" 7371
"C:/24CI0412MP/Content/KTP_Effect/Textures/T_bottom16_1.ubulk" 7372
"C:/24CI0412MP/Content/KTP_Effect/Textures/T_bottom16_1.uasset" 7373
"C:/24CI0412MP/Content/KTP_Effect/Textures/T_bottom16_1.uexp" 7374
"C:/24CI0412MP/Content/KTP_Effect/Materials/M_botton16_1.uasset" 7375
"C:/24CI0412MP/Content/KTP_Effect/Materials/M_botton16_1.uexp" 7376
"C:/24CI0412MP/Content/KTP_Effect/Particles/Bottom/Bottom16-01.uasset" 7377
"C:/24CI0412MP/Content/KTP_Effect/Particles/Bottom/Bottom16-01.uexp" 7378
"C:/24CI0412MP/Content/KTP_Effect/Textures/T_bottom14_1.ubulk" 7379
"C:/24CI0412MP/Content/KTP_Effect/Textures/T_bottom14_1.uasset" 7380
"C:/24CI0412MP/Content/KTP_Effect/Textures/T_bottom14_1.uexp" 7381
"C:/24CI0412MP/Content/KTP_Effect/Materials/M_botton14_1.uasset" 7382
"C:/24CI0412MP/Content/KTP_Effect/Materials/M_botton14_1.uexp" 7383
"C:/24CI0412MP/Content/KTP_Effect/Particles/Bottom/Bottom14-01.uasset" 7384
"C:/24CI0412MP/Content/KTP_Effect/Particles/Bottom/Bottom14-01.uexp" 7385
"C:/24CI0412MP/Content/KTP_Effect/Textures/T_bottom18_1.ubulk" 7386
"C:/24CI0412MP/Content/KTP_Effect/Textures/T_bottom18_1.uasset" 7387
"C:/24CI0412MP/Content/KTP_Effect/Textures/T_bottom18_1.uexp" 7388
"C:/24CI0412MP/Content/KTP_Effect/Materials/M_botton18_1.uasset" 7389
"C:/24CI0412MP/Content/KTP_Effect/Materials/M_botton18_1.uexp" 7390
"C:/24CI0412MP/Content/KTP_Effect/Particles/Bottom/Bottom18-01.uasset" 7391
"C:/24CI0412MP/Content/KTP_Effect/Particles/Bottom/Bottom18-01.uexp" 7392
"C:/24CI0412MP/Content/KTP_Effect/Textures/T_bottom17_1.ubulk" 7393
"C:/24CI0412MP/Content/KTP_Effect/Textures/T_bottom17_1.uasset" 7394
"C:/24CI0412MP/Content/KTP_Effect/Textures/T_bottom17_1.uexp" 7395
"C:/24CI0412MP/Content/KTP_Effect/Materials/M_botton17_1.uasset" 7396
"C:/24CI0412MP/Content/KTP_Effect/Materials/M_botton17_1.uexp" 7397
"C:/24CI0412MP/Content/KTP_Effect/Particles/Bottom/Bottom17-01.uasset" 7398
"C:/24CI0412MP/Content/KTP_Effect/Particles/Bottom/Bottom17-01.uexp" 7399
"C:/24CI0412MP/Content/KTP_Effect/Textures/T_bottom07_4.ubulk" 7400
"C:/24CI0412MP/Content/KTP_Effect/Textures/T_bottom07_4.uasset" 7401
"C:/24CI0412MP/Content/KTP_Effect/Textures/T_bottom07_4.uexp" 7402
"C:/24CI0412MP/Content/KTP_Effect/Materials/M_botton07_6.uasset" 7403
"C:/24CI0412MP/Content/KTP_Effect/Materials/M_botton07_6.uexp" 7404
"C:/24CI0412MP/Content/KTP_Effect/Particles/Bottom/Bottom07-06.uasset" 7405
"C:/24CI0412MP/Content/KTP_Effect/Particles/Bottom/Bottom07-06.uexp" 7406
"C:/24CI0412MP/Content/KTP_Effect/Textures/T_bottom14_3.ubulk" 7407
"C:/24CI0412MP/Content/KTP_Effect/Textures/T_bottom14_3.uasset" 7408
"C:/24CI0412MP/Content/KTP_Effect/Textures/T_bottom14_3.uexp" 7409
"C:/24CI0412MP/Content/KTP_Effect/Materials/M_botton14_3.uasset" 7410
"C:/24CI0412MP/Content/KTP_Effect/Materials/M_botton14_3.uexp" 7411
"C:/24CI0412MP/Content/KTP_Effect/Particles/Bottom/Bottom14-03.uasset" 7412
"C:/24CI0412MP/Content/KTP_Effect/Particles/Bottom/Bottom14-03.uexp" 7413
"C:/24CI0412MP/Content/KTP_Effect/Textures/T_bottom19_6.ubulk" 7414
"C:/24CI0412MP/Content/KTP_Effect/Textures/T_bottom19_6.uasset" 7415
"C:/24CI0412MP/Content/KTP_Effect/Textures/T_bottom19_6.uexp" 7416
"C:/24CI0412MP/Content/KTP_Effect/Materials/M_botton19_6.uasset" 7417
"C:/24CI0412MP/Content/KTP_Effect/Materials/M_botton19_6.uexp" 7418
"C:/24CI0412MP/Content/KTP_Effect/Particles/Bottom/Bottom19-06.uasset" 7419
"C:/24CI0412MP/Content/KTP_Effect/Particles/Bottom/Bottom19-06.uexp" 7420
"C:/24CI0412MP/Content/KTP_Effect/Textures/T_bottom06_7.ubulk" 7421
"C:/24CI0412MP/Content/KTP_Effect/Textures/T_bottom06_7.uasset" 7422
"C:/24CI0412MP/Content/KTP_Effect/Textures/T_bottom06_7.uexp" 7423
"C:/24CI0412MP/Content/KTP_Effect/Materials/M_botton06_7.uasset" 7424
"C:/24CI0412MP/Content/KTP_Effect/Materials/M_botton06_7.uexp" 7425
"C:/24CI0412MP/Content/KTP_Effect/Particles/Bottom/Bottom06-07.uasset" 7426
"C:/24CI0412MP/Content/KTP_Effect/Particles/Bottom/Bottom06-07.uexp" 7427
"C:/24CI0412MP/Content/KTP_Effect/Textures/T_bottom09_8.ubulk" 7428
"C:/24CI0412MP/Content/KTP_Effect/Textures/T_bottom09_8.uasset" 7429
"C:/24CI0412MP/Content/KTP_Effect/Textures/T_bottom09_8.uexp" 7430
"C:/24CI0412MP/Content/KTP_Effect/Materials/M_botton09-8.uasset" 7431
"C:/24CI0412MP/Content/KTP_Effect/Materials/M_botton09-8.uexp" 7432
"C:/24CI0412MP/Content/KTP_Effect/Particles/Bottom/Bottom09-08.uasset" 7433
"C:/24CI0412MP/Content/KTP_Effect/Particles/Bottom/Bottom09-08.uexp" 7434
"C:/24CI0412MP/Content/KTP_Effect/Textures/T_bottom13_7.ubulk" 7435
"C:/24CI0412MP/Content/KTP_Effect/Textures/T_bottom13_7.uasset" 7436
"C:/24CI0412MP/Content/KTP_Effect/Textures/T_bottom13_7.uexp" 7437
"C:/24CI0412MP/Content/KTP_Effect/Materials/M_botton13_7.uasset" 7438
"C:/24CI0412MP/Content/KTP_Effect/Materials/M_botton13_7.uexp" 7439
"C:/24CI0412MP/Content/KTP_Effect/Particles/Bottom/Bottom13-07.uasset" 7440
"C:/24CI0412MP/Content/KTP_Effect/Particles/Bottom/Bottom13-07.uexp" 7441
"C:/24CI0412MP/Content/KTP_Effect/Textures/T_bottom10_2.ubulk" 7442
"C:/24CI0412MP/Content/KTP_Effect/Textures/T_bottom10_2.uasset" 7443
"C:/24CI0412MP/Content/KTP_Effect/Textures/T_bottom10_2.uexp" 7444
"C:/24CI0412MP/Content/KTP_Effect/Materials/M_botton10-2.uasset" 7445
"C:/24CI0412MP/Content/KTP_Effect/Materials/M_botton10-2.uexp" 7446
"C:/24CI0412MP/Content/KTP_Effect/Particles/Bottom/Bottom10-02.uasset" 7447
"C:/24CI0412MP/Content/KTP_Effect/Particles/Bottom/Bottom10-02.uexp" 7448
"C:/24CI0412MP/Content/KTP_Effect/Textures/T_bottom15_6.ubulk" 7449
"C:/24CI0412MP/Content/KTP_Effect/Textures/T_bottom15_6.uasset" 7450
"C:/24CI0412MP/Content/KTP_Effect/Textures/T_bottom15_6.uexp" 7451
"C:/24CI0412MP/Content/KTP_Effect/Materials/M_botton15_6.uasset" 7452
"C:/24CI0412MP/Content/KTP_Effect/Materials/M_botton15_6.uexp" 7453
"C:/24CI0412MP/Content/KTP_Effect/Particles/Bottom/Bottom15-06.uasset" 7454
"C:/24CI0412MP/Content/KTP_Effect/Particles/Bottom/Bottom15-06.uexp" 7455
"C:/24CI0412MP/Content/KTP_Effect/Textures/T_bottom07_5.ubulk" 7456
"C:/24CI0412MP/Content/KTP_Effect/Textures/T_bottom07_5.uasset" 7457
"C:/24CI0412MP/Content/KTP_Effect/Textures/T_bottom07_5.uexp" 7458
"C:/24CI0412MP/Content/KTP_Effect/Materials/M_botton07_8.uasset" 7459
"C:/24CI0412MP/Content/KTP_Effect/Materials/M_botton07_8.uexp" 7460
"C:/24CI0412MP/Content/KTP_Effect/Particles/Bottom/Bottom07-08.uasset" 7461
"C:/24CI0412MP/Content/KTP_Effect/Particles/Bottom/Bottom07-08.uexp" 7462
"C:/24CI0412MP/Content/KTP_Effect/Textures/T_bottom13_4.ubulk" 7463
"C:/24CI0412MP/Content/KTP_Effect/Textures/T_bottom13_4.uasset" 7464
"C:/24CI0412MP/Content/KTP_Effect/Textures/T_bottom13_4.uexp" 7465
"C:/24CI0412MP/Content/KTP_Effect/Materials/M_botton13_4.uasset" 7466
"C:/24CI0412MP/Content/KTP_Effect/Materials/M_botton13_4.uexp" 7467
"C:/24CI0412MP/Content/KTP_Effect/Particles/Bottom/Bottom13-04.uasset" 7468
"C:/24CI0412MP/Content/KTP_Effect/Particles/Bottom/Bottom13-04.uexp" 7469
"C:/24CI0412MP/Content/KTP_Effect/Textures/T_bottom09_1.ubulk" 7470
"C:/24CI0412MP/Content/KTP_Effect/Textures/T_bottom09_1.uasset" 7471
"C:/24CI0412MP/Content/KTP_Effect/Textures/T_bottom09_1.uexp" 7472
"C:/24CI0412MP/Content/KTP_Effect/Materials/M_botton09-1.uasset" 7473
"C:/24CI0412MP/Content/KTP_Effect/Materials/M_botton09-1.uexp" 7474
"C:/24CI0412MP/Content/KTP_Effect/Particles/Bottom/Bottom09-01.uasset" 7475
"C:/24CI0412MP/Content/KTP_Effect/Particles/Bottom/Bottom09-01.uexp" 7476
"C:/24CI0412MP/Content/KTP_Effect/Textures/T_bottom20_5.ubulk" 7477
"C:/24CI0412MP/Content/KTP_Effect/Textures/T_bottom20_5.uasset" 7478
"C:/24CI0412MP/Content/KTP_Effect/Textures/T_bottom20_5.uexp" 7479
"C:/24CI0412MP/Content/KTP_Effect/Materials/M_botton20_5.uasset" 7480
"C:/24CI0412MP/Content/KTP_Effect/Materials/M_botton20_5.uexp" 7481
"C:/24CI0412MP/Content/KTP_Effect/Particles/Bottom/Bottom20-05.uasset" 7482
"C:/24CI0412MP/Content/KTP_Effect/Particles/Bottom/Bottom20-05.uexp" 7483
"C:/24CI0412MP/Content/KTP_Effect/Textures/T_bottom10_7.ubulk" 7484
"C:/24CI0412MP/Content/KTP_Effect/Textures/T_bottom10_7.uasset" 7485
"C:/24CI0412MP/Content/KTP_Effect/Textures/T_bottom10_7.uexp" 7486
"C:/24CI0412MP/Content/KTP_Effect/Materials/M_botton10-7.uasset" 7487
"C:/24CI0412MP/Content/KTP_Effect/Materials/M_botton10-7.uexp" 7488
"C:/24CI0412MP/Content/KTP_Effect/Particles/Bottom/Bottom10-07.uasset" 7489
"C:/24CI0412MP/Content/KTP_Effect/Particles/Bottom/Bottom10-07.uexp" 7490
"C:/24CI0412MP/Content/KTP_Effect/Textures/T_bottom12_6.ubulk" 7491
"C:/24CI0412MP/Content/KTP_Effect/Textures/T_bottom12_6.uasset" 7492
"C:/24CI0412MP/Content/KTP_Effect/Textures/T_bottom12_6.uexp" 7493
"C:/24CI0412MP/Content/KTP_Effect/Materials/M_botton12_6.uasset" 7494
"C:/24CI0412MP/Content/KTP_Effect/Materials/M_botton12_6.uexp" 7495
"C:/24CI0412MP/Content/KTP_Effect/Particles/Bottom/Bottom12-06.uasset" 7496
"C:/24CI0412MP/Content/KTP_Effect/Particles/Bottom/Bottom12-06.uexp" 7497
"C:/24CI0412MP/Content/KTP_Effect/Maps/Preview_Bottom.uexp" 7498
"C:/24CI0412MP/Content/KTP_Effect/Maps/Preview_Bottom.umap" 7499
"C:/24CI0412MP/Content/Kanda/Kanda.uexp" 7500
"C:/24CI0412MP/Content/Kanda/Kanda.umap" 7501
"C:/24CI0412MP/Content/Han/Route.uasset" 7502
"C:/24CI0412MP/Content/Han/Route.uexp" 7503
"../../../Engine/Content/EditorLandscapeResources/DataLayer.uasset" 7504
"../../../Engine/Content/EditorLandscapeResources/DataLayer.uexp" 7505
"../../../Engine/Content/EditorMeshes/SkeletalMesh/DefaultSkeletalMesh_Skeleton.uasset" 7506
"../../../Engine/Content/EditorMeshes/SkeletalMesh/DefaultSkeletalMesh_Skeleton.uexp" 7507
"../../../Engine/Content/EditorMeshes/SkeletalMesh/DefaultSkeletalMesh.uasset" 7508
"../../../Engine/Content/EditorMeshes/SkeletalMesh/DefaultSkeletalMesh.uexp" 7509
"C:/24CI0412MP/Content/Han/BP_Character.uasset" 7510
"C:/24CI0412MP/Content/Han/BP_Character.uexp" 7511
"C:/24CI0412MP/Content/Han/BP_Route.uasset" 7512
"C:/24CI0412MP/Content/Han/BP_Route.uexp" 7513
"C:/24CI0412MP/Content/Han/Han.uexp" 7514
"C:/24CI0412MP/Content/Han/Han.ubulk" 7515
"C:/24CI0412MP/Content/Han/Han.umap" 7516
"C:/24CI0412MP/Content/Satou/Stylized_PBR_Nature/Rocks/Textures/T_S_Rocks_1-6_D.ubulk" 7517
"C:/24CI0412MP/Content/Satou/Stylized_PBR_Nature/Rocks/Textures/T_S_Rocks_1-6_D.uasset" 7518
"C:/24CI0412MP/Content/Satou/Stylized_PBR_Nature/Rocks/Textures/T_S_Rocks_1-6_D.uexp" 7519
"C:/24CI0412MP/Content/Satou/Stylized_PBR_Nature/Rocks/Textures/T_S_Rocks_1-6_N.ubulk" 7520
"C:/24CI0412MP/Content/Satou/Stylized_PBR_Nature/Rocks/Textures/T_S_Rocks_1-6_N.uasset" 7521
"C:/24CI0412MP/Content/Satou/Stylized_PBR_Nature/Rocks/Textures/T_S_Rocks_1-6_N.uexp" 7522
"C:/24CI0412MP/Content/Satou/Stylized_PBR_Nature/Rocks/Textures/T_R_Rocks_1-5_N.ubulk" 7523
"C:/24CI0412MP/Content/Satou/Stylized_PBR_Nature/Rocks/Textures/T_R_Rocks_1-5_N.uasset" 7524
"C:/24CI0412MP/Content/Satou/Stylized_PBR_Nature/Rocks/Textures/T_R_Rocks_1-5_N.uexp" 7525
"C:/24CI0412MP/Content/Satou/Stylized_PBR_Nature/Rocks/Textures/T_R_Rocks_1-5_ORM.ubulk" 7526
"C:/24CI0412MP/Content/Satou/Stylized_PBR_Nature/Rocks/Textures/T_R_Rocks_1-5_ORM.uasset" 7527
"C:/24CI0412MP/Content/Satou/Stylized_PBR_Nature/Rocks/Textures/T_R_Rocks_1-5_ORM.uexp" 7528
"C:/24CI0412MP/Content/Satou/Stylized_PBR_Nature/Rocks/Textures/T_R_Rocks_1-5_D.ubulk" 7529
"C:/24CI0412MP/Content/Satou/Stylized_PBR_Nature/Rocks/Textures/T_R_Rocks_1-5_D.uasset" 7530
"C:/24CI0412MP/Content/Satou/Stylized_PBR_Nature/Rocks/Textures/T_R_Rocks_1-5_D.uexp" 7531
"C:/24CI0412MP/Content/Satou/Stylized_PBR_Nature/Rocks/Materials/M_Rock_Master.uasset" 7532
"C:/24CI0412MP/Content/Satou/Stylized_PBR_Nature/Rocks/Materials/M_Rock_Master.uexp" 7533
"C:/24CI0412MP/Content/Satou/Stylized_PBR_Nature/Rocks/Textures/T_S_Rocks_1-6_ORM.ubulk" 7534
"C:/24CI0412MP/Content/Satou/Stylized_PBR_Nature/Rocks/Textures/T_S_Rocks_1-6_ORM.uasset" 7535
"C:/24CI0412MP/Content/Satou/Stylized_PBR_Nature/Rocks/Textures/T_S_Rocks_1-6_ORM.uexp" 7536
"C:/24CI0412MP/Content/Satou/Stylized_PBR_Nature/Rocks/Materials/MI_S_Rock_1-6.uasset" 7537
"C:/24CI0412MP/Content/Satou/Stylized_PBR_Nature/Rocks/Materials/MI_S_Rock_1-6.uexp" 7538
"C:/24CI0412MP/Content/Satou/Stylized_PBR_Nature/Rocks/Assets/SM_S_Rock_02.ubulk" 7539
"C:/24CI0412MP/Content/Satou/Stylized_PBR_Nature/Rocks/Assets/SM_S_Rock_02.uasset" 7540
"C:/24CI0412MP/Content/Satou/Stylized_PBR_Nature/Rocks/Assets/SM_S_Rock_02.uexp" 7541
"C:/24CI0412MP/Content/Satou/Stylized_PBR_Nature/Foliage/Textures/T_Common_Tree_05_N.ubulk" 7542
"C:/24CI0412MP/Content/Satou/Stylized_PBR_Nature/Foliage/Textures/T_Common_Tree_05_N.uasset" 7543
"C:/24CI0412MP/Content/Satou/Stylized_PBR_Nature/Foliage/Textures/T_Common_Tree_05_N.uexp" 7544
"C:/24CI0412MP/Content/Satou/Stylized_PBR_Nature/Foliage/Textures/T_Common_Tree_05_ORM.ubulk" 7545
"C:/24CI0412MP/Content/Satou/Stylized_PBR_Nature/Foliage/Textures/T_Common_Tree_05_ORM.uasset" 7546
"C:/24CI0412MP/Content/Satou/Stylized_PBR_Nature/Foliage/Textures/T_Common_Tree_05_ORM.uexp" 7547
"C:/24CI0412MP/Content/Satou/Stylized_PBR_Nature/Foliage/Textures/T_Common_Tree_05_D.ubulk" 7548
"C:/24CI0412MP/Content/Satou/Stylized_PBR_Nature/Foliage/Textures/T_Common_Tree_05_D.uasset" 7549
"C:/24CI0412MP/Content/Satou/Stylized_PBR_Nature/Foliage/Textures/T_Common_Tree_05_D.uexp" 7550
"C:/24CI0412MP/Content/Satou/Stylized_PBR_Nature/Foliage/Materials/MI_Common_Tree_05.uasset" 7551
"C:/24CI0412MP/Content/Satou/Stylized_PBR_Nature/Foliage/Materials/MI_Common_Tree_05.uexp" 7552
"C:/24CI0412MP/Content/Satou/Stylized_PBR_Nature/Foliage/Textures/T_Common_Tree_02_ORM.ubulk" 7553
"C:/24CI0412MP/Content/Satou/Stylized_PBR_Nature/Foliage/Textures/T_Common_Tree_02_ORM.uasset" 7554
"C:/24CI0412MP/Content/Satou/Stylized_PBR_Nature/Foliage/Textures/T_Common_Tree_02_ORM.uexp" 7555
"C:/24CI0412MP/Content/Satou/Stylized_PBR_Nature/Foliage/Textures/T_Common_Tree_02_N.ubulk" 7556
"C:/24CI0412MP/Content/Satou/Stylized_PBR_Nature/Foliage/Textures/T_Common_Tree_02_N.uasset" 7557
"C:/24CI0412MP/Content/Satou/Stylized_PBR_Nature/Foliage/Textures/T_Common_Tree_02_N.uexp" 7558
"C:/24CI0412MP/Content/Satou/Stylized_PBR_Nature/Foliage/Textures/T_Common_Tree_02_D.ubulk" 7559
"C:/24CI0412MP/Content/Satou/Stylized_PBR_Nature/Foliage/Textures/T_Common_Tree_02_D.uasset" 7560
"C:/24CI0412MP/Content/Satou/Stylized_PBR_Nature/Foliage/Textures/T_Common_Tree_02_D.uexp" 7561
"C:/24CI0412MP/Content/Satou/Stylized_PBR_Nature/Foliage/Materials/MI_Common_Tree_02.uasset" 7562
"C:/24CI0412MP/Content/Satou/Stylized_PBR_Nature/Foliage/Materials/MI_Common_Tree_02.uexp" 7563
"C:/24CI0412MP/Content/Satou/Stylized_PBR_Nature/Foliage/Assets/SM_Common_Tree_02.ubulk" 7564
"C:/24CI0412MP/Content/Satou/Stylized_PBR_Nature/Foliage/Assets/SM_Common_Tree_02.uasset" 7565
"C:/24CI0412MP/Content/Satou/Stylized_PBR_Nature/Foliage/Assets/SM_Common_Tree_02.uexp" 7566
"C:/24CI0412MP/Content/Satou/Stylized_PBR_Nature/Rocks/Materials/MI_R_Rock_1-5.uasset" 7567
"C:/24CI0412MP/Content/Satou/Stylized_PBR_Nature/Rocks/Materials/MI_R_Rock_1-5.uexp" 7568
"C:/24CI0412MP/Content/Satou/Stylized_PBR_Nature/Rocks/Assets/SM_R_Rock_04.ubulk" 7569
"C:/24CI0412MP/Content/Satou/Stylized_PBR_Nature/Rocks/Assets/SM_R_Rock_04.uasset" 7570
"C:/24CI0412MP/Content/Satou/Stylized_PBR_Nature/Rocks/Assets/SM_R_Rock_04.uexp" 7571
"C:/24CI0412MP/Content/Satou/Stylized_PBR_Nature/Rocks/Assets/SM_R_Rock_03.ubulk" 7572
"C:/24CI0412MP/Content/Satou/Stylized_PBR_Nature/Rocks/Assets/SM_R_Rock_03.uasset" 7573
"C:/24CI0412MP/Content/Satou/Stylized_PBR_Nature/Rocks/Assets/SM_R_Rock_03.uexp" 7574
"C:/24CI0412MP/Content/Satou/Stylized_PBR_Nature/Rocks/Assets/SM_R_Rock_02.ubulk" 7575
"C:/24CI0412MP/Content/Satou/Stylized_PBR_Nature/Rocks/Assets/SM_R_Rock_02.uasset" 7576
"C:/24CI0412MP/Content/Satou/Stylized_PBR_Nature/Rocks/Assets/SM_R_Rock_02.uexp" 7577
"C:/24CI0412MP/Content/Satou/Stylized_PBR_Nature/Foliage/Textures/T_Common_Tree_04_N.ubulk" 7578
"C:/24CI0412MP/Content/Satou/Stylized_PBR_Nature/Foliage/Textures/T_Common_Tree_04_N.uasset" 7579
"C:/24CI0412MP/Content/Satou/Stylized_PBR_Nature/Foliage/Textures/T_Common_Tree_04_N.uexp" 7580
"C:/24CI0412MP/Content/Satou/Stylized_PBR_Nature/Foliage/Textures/T_Common_Tree_04_D.ubulk" 7581
"C:/24CI0412MP/Content/Satou/Stylized_PBR_Nature/Foliage/Textures/T_Common_Tree_04_D.uasset" 7582
"C:/24CI0412MP/Content/Satou/Stylized_PBR_Nature/Foliage/Textures/T_Common_Tree_04_D.uexp" 7583
"C:/24CI0412MP/Content/Satou/Stylized_PBR_Nature/Foliage/Textures/T_Common_Tree_04_ORM.ubulk" 7584
"C:/24CI0412MP/Content/Satou/Stylized_PBR_Nature/Foliage/Textures/T_Common_Tree_04_ORM.uasset" 7585
"C:/24CI0412MP/Content/Satou/Stylized_PBR_Nature/Foliage/Textures/T_Common_Tree_04_ORM.uexp" 7586
"C:/24CI0412MP/Content/Satou/Stylized_PBR_Nature/Foliage/Materials/MI_Common_Tree_04.uasset" 7587
"C:/24CI0412MP/Content/Satou/Stylized_PBR_Nature/Foliage/Materials/MI_Common_Tree_04.uexp" 7588
"C:/24CI0412MP/Content/Satou/Stylized_PBR_Nature/Foliage/Assets/SM_Common_Tree_04.ubulk" 7589
"C:/24CI0412MP/Content/Satou/Stylized_PBR_Nature/Foliage/Assets/SM_Common_Tree_04.uasset" 7590
"C:/24CI0412MP/Content/Satou/Stylized_PBR_Nature/Foliage/Assets/SM_Common_Tree_04.uexp" 7591
"C:/24CI0412MP/Content/Satou/Stylized_PBR_Nature/Foliage/Assets/SM_Common_Tree_05.ubulk" 7592
"C:/24CI0412MP/Content/Satou/Stylized_PBR_Nature/Foliage/Assets/SM_Common_Tree_05.uasset" 7593
"C:/24CI0412MP/Content/Satou/Stylized_PBR_Nature/Foliage/Assets/SM_Common_Tree_05.uexp" 7594
"C:/24CI0412MP/Content/Satou/Stylized_PBR_Nature/Rocks/Assets/SM_R_Rock_01.ubulk" 7595
"C:/24CI0412MP/Content/Satou/Stylized_PBR_Nature/Rocks/Assets/SM_R_Rock_01.uasset" 7596
"C:/24CI0412MP/Content/Satou/Stylized_PBR_Nature/Rocks/Assets/SM_R_Rock_01.uexp" 7597
"C:/24CI0412MP/Content/Satou/Stylized_PBR_Nature/Foliage/Textures/T_Common_Tree_06_N.ubulk" 7598
"C:/24CI0412MP/Content/Satou/Stylized_PBR_Nature/Foliage/Textures/T_Common_Tree_06_N.uasset" 7599
"C:/24CI0412MP/Content/Satou/Stylized_PBR_Nature/Foliage/Textures/T_Common_Tree_06_N.uexp" 7600
"C:/24CI0412MP/Content/Satou/Stylized_PBR_Nature/Foliage/Textures/T_Common_Tree_06_ORM.ubulk" 7601
"C:/24CI0412MP/Content/Satou/Stylized_PBR_Nature/Foliage/Textures/T_Common_Tree_06_ORM.uasset" 7602
"C:/24CI0412MP/Content/Satou/Stylized_PBR_Nature/Foliage/Textures/T_Common_Tree_06_ORM.uexp" 7603
"C:/24CI0412MP/Content/Satou/Stylized_PBR_Nature/Foliage/Textures/T_Common_Tree_06_D.ubulk" 7604
"C:/24CI0412MP/Content/Satou/Stylized_PBR_Nature/Foliage/Textures/T_Common_Tree_06_D.uasset" 7605
"C:/24CI0412MP/Content/Satou/Stylized_PBR_Nature/Foliage/Textures/T_Common_Tree_06_D.uexp" 7606
"C:/24CI0412MP/Content/Satou/Stylized_PBR_Nature/Foliage/Materials/MI_Common_Tree_06.uasset" 7607
"C:/24CI0412MP/Content/Satou/Stylized_PBR_Nature/Foliage/Materials/MI_Common_Tree_06.uexp" 7608
"C:/24CI0412MP/Content/Satou/Stylized_PBR_Nature/Foliage/Assets/SM_Common_Tree_06.ubulk" 7609
"C:/24CI0412MP/Content/Satou/Stylized_PBR_Nature/Foliage/Assets/SM_Common_Tree_06.uasset" 7610
"C:/24CI0412MP/Content/Satou/Stylized_PBR_Nature/Foliage/Assets/SM_Common_Tree_06.uexp" 7611
"C:/24CI0412MP/Content/Satou/Stylized_PBR_Nature/Rocks/Textures/T_S_Rocks_7-11_D.ubulk" 7612
"C:/24CI0412MP/Content/Satou/Stylized_PBR_Nature/Rocks/Textures/T_S_Rocks_7-11_D.uasset" 7613
"C:/24CI0412MP/Content/Satou/Stylized_PBR_Nature/Rocks/Textures/T_S_Rocks_7-11_D.uexp" 7614
"C:/24CI0412MP/Content/Satou/Stylized_PBR_Nature/Rocks/Textures/T_S_Rocks_7-11_N.ubulk" 7615
"C:/24CI0412MP/Content/Satou/Stylized_PBR_Nature/Rocks/Textures/T_S_Rocks_7-11_N.uasset" 7616
"C:/24CI0412MP/Content/Satou/Stylized_PBR_Nature/Rocks/Textures/T_S_Rocks_7-11_N.uexp" 7617
"C:/24CI0412MP/Content/Satou/Stylized_PBR_Nature/Rocks/Textures/T_S_Rocks_7-11_ORM.ubulk" 7618
"C:/24CI0412MP/Content/Satou/Stylized_PBR_Nature/Rocks/Textures/T_S_Rocks_7-11_ORM.uasset" 7619
"C:/24CI0412MP/Content/Satou/Stylized_PBR_Nature/Rocks/Textures/T_S_Rocks_7-11_ORM.uexp" 7620
"C:/24CI0412MP/Content/Satou/Stylized_PBR_Nature/Rocks/Materials/MI_S_Rock_7-11.uasset" 7621
"C:/24CI0412MP/Content/Satou/Stylized_PBR_Nature/Rocks/Materials/MI_S_Rock_7-11.uexp" 7622
"C:/24CI0412MP/Content/Satou/Stylized_PBR_Nature/Rocks/Assets/SM_S_Rock_07.ubulk" 7623
"C:/24CI0412MP/Content/Satou/Stylized_PBR_Nature/Rocks/Assets/SM_S_Rock_07.uasset" 7624
"C:/24CI0412MP/Content/Satou/Stylized_PBR_Nature/Rocks/Assets/SM_S_Rock_07.uexp" 7625
"C:/24CI0412MP/Content/Satou/Stylized_PBR_Nature/Rocks/Assets/SM_S_Rock_06.ubulk" 7626
"C:/24CI0412MP/Content/Satou/Stylized_PBR_Nature/Rocks/Assets/SM_S_Rock_06.uasset" 7627
"C:/24CI0412MP/Content/Satou/Stylized_PBR_Nature/Rocks/Assets/SM_S_Rock_06.uexp" 7628
"C:/24CI0412MP/Content/Satou/Stylized_PBR_Nature/Rocks/Assets/SM_S_Rock_05.ubulk" 7629
"C:/24CI0412MP/Content/Satou/Stylized_PBR_Nature/Rocks/Assets/SM_S_Rock_05.uasset" 7630
"C:/24CI0412MP/Content/Satou/Stylized_PBR_Nature/Rocks/Assets/SM_S_Rock_05.uexp" 7631
"C:/24CI0412MP/Content/Satou/Stylized_PBR_Nature/Foliage/Textures/T_Common_Tree_09_ORM.ubulk" 7632
"C:/24CI0412MP/Content/Satou/Stylized_PBR_Nature/Foliage/Textures/T_Common_Tree_09_ORM.uasset" 7633
"C:/24CI0412MP/Content/Satou/Stylized_PBR_Nature/Foliage/Textures/T_Common_Tree_09_ORM.uexp" 7634
"C:/24CI0412MP/Content/Satou/Stylized_PBR_Nature/Foliage/Textures/T_Common_Tree_09_D.ubulk" 7635
"C:/24CI0412MP/Content/Satou/Stylized_PBR_Nature/Foliage/Textures/T_Common_Tree_09_D.uasset" 7636
"C:/24CI0412MP/Content/Satou/Stylized_PBR_Nature/Foliage/Textures/T_Common_Tree_09_D.uexp" 7637
"C:/24CI0412MP/Content/Satou/Stylized_PBR_Nature/Foliage/Textures/T_Common_Tree_09_N.ubulk" 7638
"C:/24CI0412MP/Content/Satou/Stylized_PBR_Nature/Foliage/Textures/T_Common_Tree_09_N.uasset" 7639
"C:/24CI0412MP/Content/Satou/Stylized_PBR_Nature/Foliage/Textures/T_Common_Tree_09_N.uexp" 7640
"C:/24CI0412MP/Content/Satou/Stylized_PBR_Nature/Foliage/Materials/MI_Common_Tree_09.uasset" 7641
"C:/24CI0412MP/Content/Satou/Stylized_PBR_Nature/Foliage/Materials/MI_Common_Tree_09.uexp" 7642
"C:/24CI0412MP/Content/Satou/Stylized_PBR_Nature/Foliage/Assets/SM_Common_Tree_09.ubulk" 7643
"C:/24CI0412MP/Content/Satou/Stylized_PBR_Nature/Foliage/Assets/SM_Common_Tree_09.uasset" 7644
"C:/24CI0412MP/Content/Satou/Stylized_PBR_Nature/Foliage/Assets/SM_Common_Tree_09.uexp" 7645
"C:/24CI0412MP/Content/Satou/Stylized_PBR_Nature/Rocks/Assets/SM_S_Rock_04.ubulk" 7646
"C:/24CI0412MP/Content/Satou/Stylized_PBR_Nature/Rocks/Assets/SM_S_Rock_04.uasset" 7647
"C:/24CI0412MP/Content/Satou/Stylized_PBR_Nature/Rocks/Assets/SM_S_Rock_04.uexp" 7648
"C:/24CI0412MP/Content/Satou/Stylized_PBR_Nature/Rocks/Assets/SM_S_Rock_09.ubulk" 7649
"C:/24CI0412MP/Content/Satou/Stylized_PBR_Nature/Rocks/Assets/SM_S_Rock_09.uasset" 7650
"C:/24CI0412MP/Content/Satou/Stylized_PBR_Nature/Rocks/Assets/SM_S_Rock_09.uexp" 7651
"C:/24CI0412MP/Content/Satou/Stylized_PBR_Nature/Rocks/Assets/SM_S_Rock_03.ubulk" 7652
"C:/24CI0412MP/Content/Satou/Stylized_PBR_Nature/Rocks/Assets/SM_S_Rock_03.uasset" 7653
"C:/24CI0412MP/Content/Satou/Stylized_PBR_Nature/Rocks/Assets/SM_S_Rock_03.uexp" 7654
"C:/24CI0412MP/Content/Satou/Stylized_PBR_Nature/Rocks/Assets/SM_S_Rock_08.ubulk" 7655
"C:/24CI0412MP/Content/Satou/Stylized_PBR_Nature/Rocks/Assets/SM_S_Rock_08.uasset" 7656
"C:/24CI0412MP/Content/Satou/Stylized_PBR_Nature/Rocks/Assets/SM_S_Rock_08.uexp" 7657
"C:/24CI0412MP/Content/Satou/Stylized_PBR_Nature/Rocks/Assets/SM_R_Rock_05.ubulk" 7658
"C:/24CI0412MP/Content/Satou/Stylized_PBR_Nature/Rocks/Assets/SM_R_Rock_05.uasset" 7659
"C:/24CI0412MP/Content/Satou/Stylized_PBR_Nature/Rocks/Assets/SM_R_Rock_05.uexp" 7660
"C:/24CI0412MP/Content/Satou/Stylized_PBR_Nature/Rocks/Assets/SM_S_Rock_10.ubulk" 7661
"C:/24CI0412MP/Content/Satou/Stylized_PBR_Nature/Rocks/Assets/SM_S_Rock_10.uasset" 7662
"C:/24CI0412MP/Content/Satou/Stylized_PBR_Nature/Rocks/Assets/SM_S_Rock_10.uexp" 7663
"C:/24CI0412MP/Content/Satou/Stylized_PBR_Nature/Rocks/Assets/SM_S_Rock_11.ubulk" 7664
"C:/24CI0412MP/Content/Satou/Stylized_PBR_Nature/Rocks/Assets/SM_S_Rock_11.uasset" 7665
"C:/24CI0412MP/Content/Satou/Stylized_PBR_Nature/Rocks/Assets/SM_S_Rock_11.uexp" 7666
"C:/24CI0412MP/Content/Satou/Stylized_PBR_Nature/Rocks/Assets/SM_S_Rock_01.ubulk" 7667
"C:/24CI0412MP/Content/Satou/Stylized_PBR_Nature/Rocks/Assets/SM_S_Rock_01.uasset" 7668
"C:/24CI0412MP/Content/Satou/Stylized_PBR_Nature/Rocks/Assets/SM_S_Rock_01.uexp" 7669
"C:/24CI0412MP/Content/Satou/Stylized_PBR_Nature/Maps/Asset_Scene.uexp" 7670
"C:/24CI0412MP/Content/Satou/Stylized_PBR_Nature/Maps/Asset_Scene.ubulk" 7671
"C:/24CI0412MP/Content/Satou/Stylized_PBR_Nature/Maps/Asset_Scene.umap" 7672
