"C:/24CI0412MP/Magic_Project.uproject" 1
"../../../../../../24CI0412MP/Binaries/Win64/UnrealEditor.modules" 2
"../../../Engine/Plugins/AudioInsights/AudioInsights.uplugin" 3
"../../../Engine/Plugins/AudioGameplayVolume/AudioGameplayVolume.uplugin" 4
"../../../Engine/Plugins/Bridge/Bridge.uplugin" 5
"../../../Engine/Plugins/ChaosClothAsset/ChaosClothAsset.uplugin" 6
"../../../Engine/Plugins/ChaosVD/ChaosVD.uplugin" 7
"../../../Engine/Plugins/CmdLinkServer/CmdLinkServer.uplugin" 8
"../../../Engine/Plugins/DiscoveryBeaconReceiver/DiscoveryBeaconReceiver.uplugin" 9
"../../../Engine/Plugins/ChaosClothAssetEditor/ChaosClothAssetEditor.uplugin" 10
"../../../Engine/Plugins/EnhancedInput/EnhancedInput.uplugin" 11
"../../../Engine/Plugins/Fab/Fab.uplugin" 12
"../../../Engine/Plugins/FastBuildController/FastBuildController.uplugin" 13
"../../../Engine/Plugins/JsonBlueprintUtilities/JsonBlueprintUtilities.uplugin" 14
"../../../Engine/Plugins/LightWeightInstancesEditor/LightWeightInstancesEditor.uplugin" 15
"../../../Engine/Plugins/MemoryUsageQueries/MemoryUsageQueries.uplugin" 16
"../../../Engine/Plugins/MeshPainting/MeshPainting.uplugin" 17
"../../../Engine/Plugins/PCG/PCG.uplugin" 18
"../../../Engine/Plugins/PCGExternalDataInterop/PCGExternalDataInterop.uplugin" 19
"../../../Engine/Plugins/PCGGeometryScriptInterop/PCGGeometryScriptInterop.uplugin" 20
"../../../Engine/Plugins/RenderGraphInsights/RenderGraphInsights.uplugin" 21
"../../../Engine/Plugins/ScriptPlugin/ScriptPlugin.uplugin" 22
"../../../Engine/Plugins/TraceUtilities/TraceUtilities.uplugin" 23
"../../../Engine/Plugins/UbaController/UbaController.uplugin" 24
"../../../Engine/Plugins/WorldMetrics/WorldMetrics.uplugin" 25
"../../../Engine/Plugins/AudioGameplay/AudioGameplay.uplugin" 26
"../../../Engine/Plugins/XGEController/XGEController.uplugin" 27
"../../../Engine/Plugins/AI/AISupport/AISupport.uplugin" 28
"../../../Engine/Plugins/AI/HTNPlanner/HTNPlanner.uplugin" 29
"../../../Engine/Plugins/AI/EnvironmentQueryEditor/EnvironmentQueryEditor.uplugin" 30
"../../../Engine/Plugins/AI/MassAI/MassAI.uplugin" 31
"../../../Engine/Plugins/AI/MLAdapter/MLAdapter.uplugin" 32
"../../../Engine/Plugins/Experimental/AbilitySystemGameFeatureActions/AbilitySystemGameFeatureActions.uplugin" 33
"../../../Engine/Plugins/Experimental/ActorModifierCore/ActorModifierCore.uplugin" 34
"../../../Engine/Plugins/Experimental/AdvancedRenamer/AdvancedRenamer.uplugin" 35
"../../../Engine/Plugins/Experimental/AppleVision/AppleVision.uplugin" 36
"../../../Engine/Plugins/Experimental/AutomationUtils/AutomationUtils.uplugin" 37
"../../../Engine/Plugins/Experimental/AnimToTexture/AnimToTexture.uplugin" 38
"../../../Engine/Plugins/Experimental/Avalanche/Avalanche.uplugin" 39
"../../../Engine/Plugins/Experimental/BackChannel/BackChannel.uplugin" 40
"../../../Engine/Plugins/Experimental/BlueprintSnapNodes/BlueprintSnapNodes.uplugin" 41
"../../../Engine/Plugins/Experimental/BlueprintStats/BlueprintStats.uplugin" 42
"../../../Engine/Plugins/Experimental/Buoyancy/Buoyancy.uplugin" 43
"../../../Engine/Plugins/Experimental/AnimNext/AnimNext.uplugin" 44
"../../../Engine/Plugins/Experimental/ChaosCaching/ChaosCaching.uplugin" 45
"../../../Engine/Plugins/Experimental/ActorPalette/ActorPalette.uplugin" 46
"../../../Engine/Plugins/Experimental/ChaosCachingUSD/ChaosCachingUSD.uplugin" 47
"../../../Engine/Plugins/Experimental/ChaosClothEditor/ChaosClothEditor.uplugin" 48
"../../../Engine/Plugins/Experimental/ChaosFlesh/ChaosFlesh.uplugin" 49
"../../../Engine/Plugins/Experimental/ChaosEditor/ChaosEditor.uplugin" 50
"../../../Engine/Plugins/Experimental/ChaosNiagara/ChaosNiagara.uplugin" 51
"../../../Engine/Plugins/Experimental/ChaosModularVehicle/ChaosModularVehicle.uplugin" 52
"../../../Engine/Plugins/Experimental/ChaosSolverPlugin/ChaosSolverPlugin.uplugin" 53
"../../../Engine/Plugins/Experimental/ChaosUserDataPT/ChaosUserDataPT.uplugin" 54
"../../../Engine/Plugins/Experimental/ChaosVehiclesPlugin/ChaosVehiclesPlugin.uplugin" 55
"../../../Engine/Plugins/Experimental/CharacterAI/CharacterAI.uplugin" 56
"../../../Engine/Plugins/Experimental/Chooser/Chooser.uplugin" 57
"../../../Engine/Plugins/ChaosCloth/ChaosCloth.uplugin" 58
"../../../Engine/Plugins/AI/MassCrowd/MassCrowd.uplugin" 59
"../../../Engine/Plugins/Experimental/CinematicPrestreaming/CinematicPrestreaming.uplugin" 60
"../../../Engine/Plugins/Experimental/ClonerEffector/ClonerEffector.uplugin" 61
"../../../Engine/Plugins/Experimental/CodeEditor/CodeEditor.uplugin" 62
"../../../Engine/Plugins/Experimental/CodeView/CodeView.uplugin" 63
"../../../Engine/Plugins/Experimental/CommonConversation/CommonConversation.uplugin" 64
"../../../Engine/Plugins/Experimental/ColorCorrectRegions/ColorCorrectRegions.uplugin" 65
"../../../Engine/Plugins/Experimental/ControlFlows/ControlFlows.uplugin" 66
"../../../Engine/Plugins/Experimental/CustomDetailsView/CustomDetailsView.uplugin" 67
"../../../Engine/Plugins/Experimental/Dataflow/Dataflow.uplugin" 68
"../../../Engine/Plugins/Experimental/DatasmithCloTranslator/DatasmithCloTranslator.uplugin" 69
"../../../Engine/Plugins/BlueprintFileUtils/BlueprintFileUtils.uplugin" 70
"../../../Engine/Plugins/Experimental/DefaultInstallBundleManager/DefaultInstallBundleManager.uplugin" 71
"../../../Engine/Plugins/Experimental/DynamicMaterial/DynamicMaterial.uplugin" 72
"../../../Engine/Plugins/Experimental/Fracture/Fracture.uplugin" 73
"../../../Engine/Plugins/Experimental/GameInputWindows/GameInputWindows.uplugin" 74
"../../../Engine/Plugins/Experimental/GameplayBehaviors/GameplayBehaviors.uplugin" 75
"../../../Engine/Plugins/Experimental/GameplayGraph/GameplayGraph.uplugin" 76
"../../../Engine/Plugins/Experimental/GameplayTargetingSystem/TargetingSystem.uplugin" 77
"../../../Engine/Plugins/Experimental/Gauntlet/Gauntlet.uplugin" 78
"../../../Engine/Plugins/Experimental/FullBodyIK/FullBodyIK.uplugin" 79
"../../../Engine/Plugins/Experimental/GeometryCacheAbcFile/GeometryCacheAbcFile.uplugin" 80
"../../../Engine/Plugins/Experimental/FloatingProperties/FloatingProperties.uplugin" 81
"../../../Engine/Plugins/Experimental/GeometryCollectionPlugin/GeometryCollectionPlugin.uplugin" 82
"../../../Engine/Plugins/Experimental/GeometryFlow/GeometryFlow.uplugin" 83
"../../../Engine/Plugins/Experimental/GeometryMask/GeometryMask.uplugin" 84
"../../../Engine/Plugins/Experimental/GizmoFramework/GizmoFramework.uplugin" 85
"../../../Engine/Plugins/Experimental/GPULightmass/GPULightmass.uplugin" 86
"../../../Engine/Plugins/Experimental/HairCardGenerator/HairCardGenerator.uplugin" 87
"../../../Engine/Plugins/Experimental/HairModelingToolset/HairModelingToolset.uplugin" 88
"../../../Engine/Plugins/Experimental/ImagePlate/ImagePlate.uplugin" 89
"../../../Engine/Plugins/Experimental/ImpostorBaker/ImpostorBaker.uplugin" 90
"../../../Engine/Plugins/Experimental/GizmoEdMode/GizmoEdMode.uplugin" 91
"../../../Engine/Plugins/Experimental/InstanceDataObjectFixupTool/InstanceDataObjectFixupTool.uplugin" 92
"../../../Engine/Plugins/Experimental/Iris/Iris.uplugin" 93
"../../../Engine/Plugins/Experimental/Landmass/Landmass.uplugin" 94
"../../../Engine/Plugins/Experimental/LearningAgents/LearningAgents.uplugin" 95
"../../../Engine/Plugins/Experimental/LiveLinkControlRig/LiveLinkControlRig.uplugin" 96
"../../../Engine/Plugins/Experimental/LiveLinkFaceImporter/LiveLinkFaceImporter.uplugin" 97
"../../../Engine/Plugins/Experimental/LandscapePatch/LandscapePatch.uplugin" 98
"../../../Engine/Plugins/Experimental/MeshModelingToolsetExp/MeshModelingToolsetExp.uplugin" 99
"../../../Engine/Plugins/Experimental/MotoSynth/MotoSynth.uplugin" 100
"../../../Engine/Plugins/Experimental/MoverExamples/MoverExamples.uplugin" 101
"../../../Engine/Plugins/Experimental/FieldSystemPlugin/FieldSystemPlugin.uplugin" 102
"../../../Engine/Plugins/Experimental/MoverTests/MoverTests.uplugin" 103
"../../../Engine/Plugins/Experimental/MotorSimOutputMotoSynth/MotorSimOutputMotoSynth.uplugin" 104
"../../../Engine/Plugins/Experimental/JWT/JWT.uplugin" 105
"../../../Engine/Plugins/Experimental/Mutable/Mutable.uplugin" 106
"../../../Engine/Plugins/Experimental/NaniteDisplacedMesh/NaniteDisplacedMesh.uplugin" 107
"../../../Engine/Plugins/Experimental/Mover/Mover.uplugin" 108
"../../../Engine/Plugins/Experimental/NeuralRendering/NeuralRendering.uplugin" 109
"../../../Engine/Plugins/Experimental/NNEDenoiser/NNEDenoiser.uplugin" 110
"../../../Engine/Plugins/Experimental/NNERuntimeIREE/NNERuntimeIREE.uplugin" 111
"../../../Engine/Plugins/Experimental/NNERuntimeRDG/NNERuntimeRDG.uplugin" 112
"../../../Engine/Plugins/Experimental/OperatorStack/OperatorStack.uplugin" 113
"../../../Engine/Plugins/Experimental/NNERuntimeBasicCpu/NNERuntimeBasicCpu.uplugin" 114
"../../../Engine/Plugins/Experimental/PanoramicCapture/PanoramicCapture.uplugin" 115
"../../../Engine/Plugins/Experimental/PCGBiomeCore/PCGBiomeCore.uplugin" 116
"../../../Engine/Plugins/Experimental/PCGBiomeSample/PCGBiomeSample.uplugin" 117
"../../../Engine/Plugins/Experimental/CineCameraRigs/CineCameraRigs.uplugin" 118
"../../../Engine/Plugins/Experimental/LocalizableMessage/LocalizableMessage.uplugin" 119
"../../../Engine/Plugins/Experimental/PCGWaterInterop/PCGWaterInterop.uplugin" 120
"../../../Engine/Plugins/Experimental/PixelStreamingPlayer/PixelStreamingPlayer.uplugin" 121
"../../../Engine/Plugins/Experimental/PlanarCutPlugin/PlanarCut.uplugin" 122
"../../../Engine/Plugins/Experimental/PlatformCrypto/PlatformCrypto.uplugin" 123
"../../../Engine/Plugins/Experimental/PluginAudit/PluginAudit.uplugin" 124
"../../../Engine/Plugins/Experimental/PhysicsControl/PhysicsControl.uplugin" 125
"../../../Engine/Plugins/Experimental/PluginReferenceViewer/PluginReferenceViewer.uplugin" 126
"../../../Engine/Plugins/Experimental/PluginTemplateTool/PluginTemplateTool.uplugin" 127
"../../../Engine/Plugins/Experimental/PropertyAnimator/PropertyAnimator.uplugin" 128
"../../../Engine/Plugins/Experimental/PostProcessMaterialChainGraph/PostProcessMaterialChainGraph.uplugin" 129
"../../../Engine/Plugins/Experimental/PythonFoundationPackages/PythonFoundationPackages.uplugin" 130
"../../../Engine/Plugins/Experimental/PythonScriptPlugin/PythonScriptPlugin.uplugin" 131
"../../../Engine/Plugins/Experimental/QuicMessaging/QuicMessaging.uplugin" 132
"../../../Engine/Plugins/Experimental/PropertyAnimatorCore/PropertyAnimatorCore.uplugin" 133
"../../../Engine/Plugins/Experimental/OptiXDenoise/OptiXDenoise.uplugin" 134
"../../../Engine/Plugins/Experimental/RemoteControlComponents/RemoteControlComponents.uplugin" 135
"../../../Engine/Plugins/Experimental/OpenImageDenoise/OpenImageDenoise.uplugin" 136
"../../../Engine/Plugins/Experimental/Shotgrid/Shotgrid.uplugin" 137
"../../../Engine/Plugins/Experimental/SerializationUtils/SerializationUtils.uplugin" 138
"../../../Engine/Plugins/Experimental/SecuritySandbox/SecuritySandbox.uplugin" 139
"../../../Engine/Plugins/Experimental/RemoteSession/RemoteSession.uplugin" 140
"../../../Engine/Plugins/Experimental/SkeletalReduction/SkeletalReduction.uplugin" 141
"../../../Engine/Plugins/Experimental/SlateModelViewViewModel/SlateModelViewViewModel.uplugin" 142
"../../../Engine/Plugins/Experimental/StateGraph/StateGraph.uplugin" 143
"../../../Engine/Plugins/Experimental/StormSyncAvalancheBridge/StormSyncAvalancheBridge.uplugin" 144
"../../../Engine/Plugins/Experimental/SlateScreenReader/SlateScreenReader.uplugin" 145
"../../../Engine/Plugins/Experimental/StormSync/StormSync.uplugin" 146
"../../../Engine/Plugins/Experimental/StructUtils/StructUtils.uplugin" 147
"../../../Engine/Plugins/Experimental/SurfaceEffects/SurfaceEffects.uplugin" 148
"../../../Engine/Plugins/Experimental/TargetDeviceServicesScripting/TargetDeviceServicesScripting.uplugin" 149
"../../../Engine/Plugins/Experimental/SVGImporter/SVGImporter.uplugin" 150
"../../../Engine/Plugins/Experimental/TetMeshing/TetMeshing.uplugin" 151
"../../../Engine/Plugins/Experimental/StudioTelemetry/StudioTelemetry.uplugin" 152
"../../../Engine/Plugins/Experimental/Text3D/Text3D.uplugin" 153
"../../../Engine/Plugins/Experimental/TextToSpeech/TextToSpeech.uplugin" 154
"../../../Engine/Plugins/Experimental/TextureGraph/TextureGraph.uplugin" 155
"../../../Engine/Plugins/Experimental/TextureMediaPlayer/TextureMediaPlayer.uplugin" 156
"../../../Engine/Plugins/Experimental/ToolPresets/ToolPresets.uplugin" 157
"../../../Engine/Plugins/Experimental/TypedElementsDataStorage/TypedElementsDataStorage.uplugin" 158
"../../../Engine/Plugins/Experimental/TypedElementDataStorageEditorUI/TypedElementDataStorageEditorUI.uplugin" 159
"../../../Engine/Plugins/Experimental/UserToolBoxBasicCommand/UserToolBoxBasicCommand.uplugin" 160
"../../../Engine/Plugins/Experimental/UIFramework/UIFramework.uplugin" 161
"../../../Engine/Plugins/Experimental/VirtualHeightfieldMesh/VirtualHeightfieldMesh.uplugin" 162
"../../../Engine/Plugins/Experimental/UserToolBoxCore/UserToolBoxCore.uplugin" 163
"../../../Engine/Plugins/Experimental/ScreenReader/ScreenReader.uplugin" 164
"../../../Engine/Plugins/Experimental/VirtualScouting/VirtualScouting.uplugin" 165
"../../../Engine/Plugins/Experimental/VirtualProductionUtilities/VirtualProductionUtilities.uplugin" 166
"../../../Engine/Plugins/Experimental/Volumetrics/Volumetrics.uplugin" 167
"../../../Engine/Plugins/Experimental/Water/Water.uplugin" 168
"../../../Engine/Plugins/Experimental/WaterExtras/WaterExtras.uplugin" 169
"../../../Engine/Plugins/Experimental/WaveFunctionCollapse/WaveFunctionCollapse.uplugin" 170
"../../../Engine/Plugins/Experimental/WebSocketMessaging/WebSocketMessaging.uplugin" 171
"../../../Engine/Plugins/Experimental/WebSocketNetworking/WebSocketNetworking.uplugin" 172
"../../../Engine/Plugins/Experimental/WidgetEditorToolPalette/WidgetEditorToolPalette.uplugin" 173
"../../../Engine/Plugins/Animation/ACLPlugin/ACLPlugin.uplugin" 174
"../../../Engine/Plugins/Experimental/XRCreativeFramework/XRCreativeFramework.uplugin" 175
"../../../Engine/Plugins/Animation/AnimationData/AnimationData.uplugin" 176
"../../../Engine/Plugins/Animation/AnimationLocomotionLibrary/AnimationLocomotionLibrary.uplugin" 177
"../../../Engine/Plugins/Animation/AnimationModifierLibrary/AnimationModifierLibrary.uplugin" 178
"../../../Engine/Plugins/Animation/AnimationWarping/AnimationWarping.uplugin" 179
"../../../Engine/Plugins/Animation/BlendSpaceMotionAnalysis/BlendSpaceMotionAnalysis.uplugin" 180
"../../../Engine/Plugins/Animation/ControlRig/ControlRig.uplugin" 181
"../../../Engine/Plugins/Animation/BlendStack/BlendStack.uplugin" 182
"../../../Engine/Plugins/Animation/ControlRigModules/ControlRigModules.uplugin" 183
"../../../Engine/Plugins/Animation/DeformerGraph/DeformerGraph.uplugin" 184
"../../../Engine/Plugins/Animation/GameplayInsights/GameplayInsights.uplugin" 185
"../../../Engine/Plugins/Animation/LiveLinkCurveDebugUI/LiveLinkCurveDebugUI.uplugin" 186
"../../../Engine/Plugins/Animation/LiveLink/LiveLink.uplugin" 187
"../../../Engine/Plugins/Animation/MotionWarping/MotionWarping.uplugin" 188
"../../../Engine/Plugins/Animation/LiveLinkHub/LiveLinkHub.uplugin" 189
"../../../Engine/Plugins/Animation/PerformanceCaptureCore/PerformanceCaptureCore.uplugin" 190
"../../../Engine/Plugins/Compression/OodleNetwork/OodleNetwork.uplugin" 191
"../../../Engine/Plugins/Animation/PoseSearch/PoseSearch.uplugin" 192
"../../../Engine/Plugins/Cameras/CameraShakePreviewer/CameraShakePreviewer.uplugin" 193
"../../../Engine/Plugins/Cameras/GameplayCameras/GameplayCameras.uplugin" 194
"../../../Engine/Plugins/Developer/AnimationSharing/AnimationSharing.uplugin" 195
"../../../Engine/Plugins/Developer/BlankPlugin/BlankPlugin.uplugin" 196
"../../../Engine/Plugins/Developer/CLionSourceCodeAccess/CLionSourceCodeAccess.uplugin" 197
"../../../Engine/Plugins/Developer/DumpGPUServices/DumpGPUServices.uplugin" 198
"../../../Engine/Plugins/Developer/CodeLiteSourceCodeAccess/CodeLiteSourceCodeAccess.uplugin" 199
"../../../Engine/Plugins/Developer/GitSourceControl/GitSourceControl.uplugin" 200
"../../../Engine/Plugins/Animation/RigLogic/RigLogic.uplugin" 201
"../../../Engine/Plugins/Developer/NullSourceCodeAccess/NullSourceCodeAccess.uplugin" 202
"../../../Engine/Plugins/Developer/OneSkyLocalizationService/OneSkyLocalizationService.uplugin" 203
"../../../Engine/Plugins/Experimental/SimpleHMD/SimpleHMD.uplugin" 204
"../../../Engine/Plugins/Experimental/RenderGrid/RenderGrid.uplugin" 205
"../../../Engine/Plugins/Developer/PerforceSourceControl/PerforceSourceControl.uplugin" 206
"../../../Engine/Plugins/Experimental/RawInput/RawInput.uplugin" 207
"../../../Engine/Plugins/Developer/PlasticSourceControl/PlasticSourceControl.uplugin" 208
"../../../Engine/Plugins/Developer/PixWinPlugin/PixWinPlugin.uplugin" 209
"../../../Engine/Plugins/Developer/PropertyAccessNode/PropertyAccessNode.uplugin" 210
"../../../Engine/Plugins/Developer/RenderDocPlugin/RenderDocPlugin.uplugin" 211
"../../../Engine/Plugins/Developer/RiderSourceCodeAccess/RiderSourceCodeAccess.uplugin" 212
"../../../Engine/Plugins/Developer/PluginUtils/PluginUtils.uplugin" 213
"../../../Engine/Plugins/Developer/SubversionSourceControl/SubversionSourceControl.uplugin" 214
"../../../Engine/Plugins/Animation/ControlRigSpline/ControlRigSpline.uplugin" 215
"../../../Engine/Plugins/Developer/N10XSourceCodeAccess/N10XSourceCodeAccess.uplugin" 216
"../../../Engine/Plugins/Developer/TextureFormatOodle/TextureFormatOodle.uplugin" 217
"../../../Engine/Plugins/Developer/TraceSourceFiltering/TraceSourceFilters.uplugin" 218
"../../../Engine/Plugins/Developer/TraceDataFiltering/TraceDataFilters.uplugin" 219
"../../../Engine/Plugins/Developer/UObjectPlugin/UObjectPlugin.uplugin" 220
"../../../Engine/Plugins/Developer/VisualStudioCodeSourceCodeAccess/VisualStudioCodeSourceCodeAccess.uplugin" 221
"../../../Engine/Plugins/Developer/XcodeGPUDebuggerPlugin/XcodeGPUDebuggerPlugin.uplugin" 222
"../../../Engine/Plugins/Developer/VisualStudioSourceCodeAccess/VisualStudioSourceCodeAccess.uplugin" 223
"../../../Engine/Plugins/Animation/IKRig/IKRig.uplugin" 224
"../../../Engine/Plugins/Developer/XCodeSourceCodeAccess/XCodeSourceCodeAccess.uplugin" 225
"../../../Engine/Plugins/FX/CascadeToNiagaraConverter/CascadeToNiagaraConverter.uplugin" 226
"../../../Engine/Plugins/FX/ExampleCustomDataInterface/ExampleCustomDataInterface.uplugin" 227
"../../../Engine/Plugins/FX/Niagara/Niagara.uplugin" 228
"../../../Engine/Plugins/FX/NiagaraFluids/NiagaraFluids.uplugin" 229
"../../../Engine/Plugins/FX/NiagaraSimCaching/NiagaraSimCaching.uplugin" 230
"../../../Engine/Plugins/Marketplace/NiagaraUIRenderer/NiagaraUIRenderer.uplugin" 231
"../../../Engine/Plugins/FX/NiagaraMRQ/NiagaraMRQ.uplugin" 232
"../../../Engine/Plugins/Messaging/TcpMessaging/TcpMessaging.uplugin" 233
"../../../Engine/Plugins/Messaging/UdpMessaging/UdpMessaging.uplugin" 234
"../../../Engine/Plugins/Protocols/MQTT/MQTT.uplugin" 235
"../../../Engine/Plugins/Tests/CQTest/CQTest.uplugin" 236
"../../../Engine/Plugins/Tests/EditorTests/EditorTests.uplugin" 237
"../../../Engine/Plugins/Tests/AutomationDriverTests/AutomationDriverTests.uplugin" 238
"../../../Engine/Plugins/Tests/FbxAutomationTestBuilder/FbxAutomationTestBuilder.uplugin" 239
"../../../Engine/Plugins/Tests/FunctionalTestingEditor/FunctionalTestingEditor.uplugin" 240
"../../../Engine/Plugins/Tests/InterchangeTests/InterchangeTests.uplugin" 241
"../../../Engine/Plugins/Tests/PythonAutomationTest/PythonAutomationTest.uplugin" 242
"../../../Engine/Plugins/Tests/RHITests/RHITests.uplugin" 243
"../../../Engine/Plugins/Tests/TestSamples/TestSamples.uplugin" 244
"../../../Engine/Plugins/Tests/TestFramework/TestFramework.uplugin" 245
"../../../Engine/Plugins/Tests/RuntimeTests/RuntimeTests.uplugin" 246
"../../../Engine/Plugins/Compositing/Composure/Composure.uplugin" 247
"../../../Engine/Plugins/Compositing/LensDistortion/LensDistortion.uplugin" 248
"../../../Engine/Plugins/Messaging/MessagingDebugger/MessagingDebugger.uplugin" 249
"../../../Engine/Plugins/Compositing/OpenColorIO/OpenColorIO.uplugin" 250
"../../../Engine/Plugins/Compositing/OpenCVLensDistortion/OpenCVLensDistortion.uplugin" 251
"../../../Engine/Plugins/Online/EOSShared/EOSShared.uplugin" 252
"../../../Engine/Plugins/Online/EOSOverlayInputProvider/EOSOverlayInputProvider.uplugin" 253
"../../../Engine/Plugins/Online/OnlineBase/OnlineBase.uplugin" 254
"../../../Engine/Plugins/Online/OnlineFramework/OnlineFramework.uplugin" 255
"../../../Engine/Plugins/Online/OnlineServices/OnlineServices.uplugin" 256
"../../../Engine/Plugins/Online/OnlineServicesEOS/OnlineServicesEOS.uplugin" 257
"../../../Engine/Plugins/Online/OnlineServicesEOSGS/OnlineServicesEOSGS.uplugin" 258
"../../../Engine/Plugins/Online/OnlineServicesNull/OnlineServicesNull.uplugin" 259
"../../../Engine/Plugins/Online/OnlineSubsystemAmazon/OnlineSubsystemAmazon.uplugin" 260
"../../../Engine/Plugins/Online/OnlineSubsystemApple/OnlineSubsystemApple.uplugin" 261
"../../../Engine/Plugins/Online/OnlineSubsystemEOS/OnlineSubsystemEOS.uplugin" 262
"../../../Engine/Plugins/Online/OnlineSubsystem/OnlineSubsystem.uplugin" 263
"../../../Engine/Plugins/Online/OnlineServicesOSSAdapter/OnlineServicesOSSAdapter.uplugin" 264
"../../../Engine/Plugins/Online/OnlineSubsystemFacebook/OnlineSubsystemFacebook.uplugin" 265
"../../../Engine/Plugins/Online/OnlineSubsystemGoogle/OnlineSubsystemGoogle.uplugin" 266
"../../../Engine/Plugins/Online/OnlineSubsystemNull/OnlineSubsystemNull.uplugin" 267
"../../../Engine/Plugins/Online/SocketSubsystemEOS/SocketSubsystemEOS.uplugin" 268
"../../../Engine/Plugins/Online/WebAuth/WebAuth.uplugin" 269
"../../../Engine/Plugins/Slate/SlateInsights/SlateInsights.uplugin" 270
"../../../Engine/Plugins/Online/OnlineSubsystemTencent/OnlineSubsystemTencent.uplugin" 271
"../../../Engine/Plugins/Slate/SlateScripting/SlateScripting.uplugin" 272
"../../../Engine/Plugins/Online/OnlineSubsystemSteam/OnlineSubsystemSteam.uplugin" 273
"../../../Engine/Plugins/Online/OnlineSubsystemUtils/OnlineSubsystemUtils.uplugin" 274
"../../../Engine/Plugins/Online/OnlineSubsystemOculus/OnlineSubsystemOculus.uplugin" 275
"../../../Engine/Plugins/Web/HttpBlueprint/HttpBlueprint.uplugin" 276
"../../../Engine/Plugins/Editor/AssetManagerEditor/AssetManagerEditor.uplugin" 277
"../../../Engine/Plugins/Editor/AssetReferenceRestrictions/AssetReferenceRestrictions.uplugin" 278
"../../../Engine/Plugins/Editor/AssetSearch/AssetSearch.uplugin" 279
"../../../Engine/Plugins/Editor/AssetRegistryExport/AssetRegistryExport.uplugin" 280
"../../../Engine/Plugins/Editor/BlueprintMaterialTextureNodes/BlueprintMaterialTextureNodes.uplugin" 281
"../../../Engine/Plugins/Editor/BlueprintHeaderView/BlueprintHeaderView.uplugin" 282
"../../../Engine/Plugins/Editor/ChangelistReview/ChangelistReview.uplugin" 283
"../../../Engine/Plugins/Editor/CryptoKeys/CryptoKeys.uplugin" 284
"../../../Engine/Plugins/Editor/DataValidation/DataValidation.uplugin" 285
"../../../Engine/Plugins/Editor/EditorPerformanceModule/EditorPerformanceModule.uplugin" 286
"../../../Engine/Plugins/Editor/EditorDebugTools/EditorDebugTools.uplugin" 287
"../../../Engine/Plugins/Editor/EditorScriptingUtilities/EditorScriptingUtilities.uplugin" 288
"../../../Engine/Plugins/Editor/EditorSysConfigAssistant/EditorSysConfigAssistant.uplugin" 289
"../../../Engine/Plugins/Editor/CurveEditorTools/CurveEditorTools.uplugin" 290
"../../../Engine/Plugins/Editor/EngineAssetDefinitions/EngineAssetDefinitions.uplugin" 291
"../../../Engine/Plugins/Editor/DisplayClusterLaunch/DisplayClusterLaunch.uplugin" 292
"../../../Engine/Plugins/Editor/FacialAnimation/FacialAnimation.uplugin" 293
"../../../Engine/Plugins/Editor/GameplayTagsEditor/GameplayTagsEditor.uplugin" 294
"../../../Engine/Plugins/Editor/GuidedTutorials/GuidedTutorials.uplugin" 295
"../../../Engine/Plugins/Experimental/CineCameraSceneCapture/CineCameraSceneCapture.uplugin" 296
"../../../Engine/Plugins/Editor/MacGraphicsSwitching/MacGraphicsSwitching.uplugin" 297
"../../../Engine/Plugins/Editor/MakeCookedEditorAsDLC/MakeCookedEditorAsDLC.uplugin" 298
"../../../Engine/Plugins/Editor/LiveUpdateForSlate/LiveUpdateForSlate.uplugin" 299
"../../../Engine/Plugins/Editor/MeshLODToolset/MeshLODToolset.uplugin" 300
"../../../Engine/Plugins/Editor/ModelingToolsEditorMode/ModelingToolsEditorMode.uplugin" 301
"../../../Engine/Plugins/Editor/MobileLauncherProfileWizard/MobileLauncherProfileWizard.uplugin" 302
"../../../Engine/Plugins/Editor/PluginBrowser/PluginBrowser.uplugin" 303
"../../../Engine/Plugins/Editor/ProxyLODPlugin/ProxyLODPlugin.uplugin" 304
"../../../Engine/Plugins/Editor/SampleToolsEditorMode/SampleToolsEditorMode.uplugin" 305
"../../../Engine/Plugins/Editor/ConsoleVariablesEditor/ConsoleVariables.uplugin" 306
"../../../Engine/Plugins/Editor/ScriptableToolsEditorMode/ScriptableToolsEditorMode.uplugin" 307
"../../../Engine/Plugins/Editor/MaterialAnalyzer/MaterialAnalyzer.uplugin" 308
"../../../Engine/Plugins/Editor/SequencerAnimTools/SequencerAnimTools.uplugin" 309
"../../../Engine/Plugins/Editor/SpeedTreeImporter/SpeedTreeImporter.uplugin" 310
"../../../Engine/Plugins/Editor/StaticMeshEditorModeling/StaticMeshEditorModeling.uplugin" 311
"../../../Engine/Plugins/Editor/WaveformEditor/WaveformEditor.uplugin" 312
"../../../Engine/Plugins/Editor/UVEditor/UVEditor.uplugin" 313
"../../../Engine/Plugins/Editor/WorldPartitionHLODUtilities/WorldPartitionHLODUtilities.uplugin" 314
"../../../Engine/Plugins/Importers/AlembicHairImporter/AlembicHairImporter.uplugin" 315
"../../../Engine/Plugins/Importers/AlembicImporter/AlembicImporter.uplugin" 316
"../../../Engine/Plugins/Importers/USDMultiUser/USDMultiUser.uplugin" 317
"../../../Engine/Plugins/Media/AjaMedia/AjaMedia.uplugin" 318
"../../../Engine/Plugins/Media/AndroidCamera/AndroidCamera.uplugin" 319
"../../../Engine/Plugins/Media/AndroidMedia/AndroidMedia.uplugin" 320
"../../../Engine/Plugins/Media/AppleProResDecoderElectra/AppleProResDecoderElectra.uplugin" 321
"../../../Engine/Plugins/Media/AvfMedia/AvfMedia.uplugin" 322
"../../../Engine/Plugins/Media/AvidDNxHDDecoderElectra/AvidDNxHDDecoderElectra.uplugin" 323
"../../../Engine/Plugins/Editor/StylusInput/StylusInput.uplugin" 324
"../../../Engine/Plugins/Media/BlackmagicMedia/BlackmagicMedia.uplugin" 325
"../../../Engine/Plugins/Editor/GeometryMode/GeometryMode.uplugin" 326
"../../../Engine/Plugins/Media/AvidDNxMedia/AvidDNxMedia.uplugin" 327
"../../../Engine/Plugins/Media/BinkMedia/BinkMedia.uplugin" 328
"../../../Engine/Plugins/Media/ElectraCDM/ElectraCDM.uplugin" 329
"../../../Engine/Plugins/Media/AudioCaptureTimecodeProvider/AudioCaptureTimecodeProvider.uplugin" 330
"../../../Engine/Plugins/Media/ElectraCodecs/ElectraCodecs.uplugin" 331
"../../../Engine/Plugins/Media/ElectraSubtitles/ElectraSubtitles.uplugin" 332
"../../../Engine/Plugins/Media/HAPMedia/HAPMedia.uplugin" 333
"../../../Engine/Plugins/Media/ElectraPlayer/ElectraPlayer.uplugin" 334
"../../../Engine/Plugins/Media/HardwareEncoders/HardwareEncoders.uplugin" 335
"../../../Engine/Plugins/Media/ImgMedia/ImgMedia.uplugin" 336
"../../../Engine/Plugins/Media/LinearTimecode/LinearTimecode.uplugin" 337
"../../../Engine/Plugins/Media/MediaIOFramework/MediaIOFramework.uplugin" 338
"../../../Engine/Plugins/Media/HAPDecoderElectra/HAPDecoderElectra.uplugin" 339
"../../../Engine/Plugins/Media/MediaCompositing/MediaCompositing.uplugin" 340
"../../../Engine/Plugins/Media/MediaMovieStreamer/MediaMovieStreamer.uplugin" 341
"../../../Engine/Plugins/Media/MediaPlate/MediaPlate.uplugin" 342
"../../../Engine/Plugins/Media/MediaPlayerEditor/MediaPlayerEditor.uplugin" 343
"../../../Engine/Plugins/Media/MfMedia/MfMedia.uplugin" 344
"../../../Engine/Plugins/Media/OpusDecoderElectra/OpusDecoderElectra.uplugin" 345
"../../../Engine/Plugins/Media/PixelCapture/PixelCapture.uplugin" 346
"../../../Engine/Plugins/Media/PixelStreaming/PixelStreaming.uplugin" 347
"../../../Engine/Plugins/Media/VPxDecoderElectra/VPxDecoderElectra.uplugin" 348
"../../../Engine/Plugins/Media/TimecodeSynchronizer/TimecodeSynchronizer.uplugin" 349
"../../../Engine/Plugins/Media/WebMMedia/WebMMedia.uplugin" 350
"../../../Engine/Plugins/Media/WmfMedia/WmfMedia.uplugin" 351
"../../../Engine/Plugins/NNE/NNERuntimeORT/NNERuntimeORT.uplugin" 352
"../../../Engine/Plugins/Portal/LauncherChunkInstaller/LauncherChunkInstaller.uplugin" 353
"../../../Engine/Plugins/Media/MediaFrameworkUtilities/MediaFrameworkUtilities.uplugin" 354
"../../../Engine/Plugins/VirtualProduction/CameraCalibration/CameraCalibration.uplugin" 355
"../../../Engine/Plugins/VirtualProduction/CompositePlane/CompositePlane.uplugin" 356
"../../../Engine/Plugins/VirtualProduction/CameraCalibrationCore/CameraCalibrationCore.uplugin" 357
"../../../Engine/Plugins/VirtualProduction/DataCharts/DataCharts.uplugin" 358
"../../../Engine/Plugins/VirtualProduction/EpicStageApp/EpicStageApp.uplugin" 359
"../../../Engine/Plugins/VirtualProduction/ICVFX/ICVFX.uplugin" 360
"../../../Engine/Plugins/VirtualProduction/ICVFXTesting/ICVFXTesting.uplugin" 361
"../../../Engine/Plugins/Media/ElectraUtil/ElectraUtil.uplugin" 362
"../../../Engine/Plugins/VirtualProduction/LensComponent/LensComponent.uplugin" 363
"../../../Engine/Plugins/VirtualProduction/LevelSnapshots/LevelSnapshots.uplugin" 364
"../../../Engine/Plugins/VirtualProduction/LiveLinkCamera/LiveLinkCamera.uplugin" 365
"../../../Engine/Plugins/VirtualProduction/LiveLinkFreeD/LiveLinkFreeD.uplugin" 366
"../../../Engine/Plugins/VirtualProduction/LiveLinkInputDevice/LiveLinkInputDevice.uplugin" 367
"../../../Engine/Plugins/VirtualProduction/LiveLinkLens/LiveLinkLens.uplugin" 368
"../../../Engine/Plugins/VirtualProduction/LiveLinkMasterLockit/LiveLinkMasterLockit.uplugin" 369
"../../../Engine/Plugins/VirtualProduction/LiveLinkVRPN/LiveLinkVRPN.uplugin" 370
"../../../Engine/Plugins/VirtualProduction/LiveLinkPrestonMDR/LiveLinkPrestonMDR.uplugin" 371
"../../../Engine/Plugins/VirtualProduction/LiveLinkXR/LiveLinkXR.uplugin" 372
"../../../Engine/Plugins/VirtualProduction/MultiUserTakes/MultiUserTakes.uplugin" 373
"../../../Engine/Plugins/VirtualProduction/RemoteControl/RemoteControl.uplugin" 374
"../../../Engine/Plugins/VirtualProduction/RemoteControlInterception/RemoteControlInterception.uplugin" 375
"../../../Engine/Plugins/VirtualProduction/RemoteControlProtocolDMX/RemoteControlProtocolDMX.uplugin" 376
"../../../Engine/Plugins/VirtualProduction/RemoteControlProtocolMIDI/RemoteControlProtocolMIDI.uplugin" 377
"../../../Engine/Plugins/VirtualProduction/RemoteControlProtocolOSC/RemoteControlProtocolOSC.uplugin" 378
"../../../Engine/Plugins/VirtualProduction/RemoteControlWebInterface/RemoteControlWebInterface.uplugin" 379
"../../../Engine/Plugins/VirtualProduction/SequencerPlaylists/SequencerPlaylists.uplugin" 380
"../../../Engine/Plugins/VirtualProduction/StageMonitoring/StageMonitoring.uplugin" 381
"../../../Engine/Plugins/VirtualProduction/Takes/Takes.uplugin" 382
"../../../Engine/Plugins/VirtualProduction/Switchboard/Switchboard.uplugin" 383
"../../../Engine/Plugins/VirtualProduction/TextureShare/TextureShare.uplugin" 384
"../../../Engine/Plugins/VirtualProduction/TimedDataMonitor/TimedDataMonitor.uplugin" 385
"../../../Engine/Plugins/VirtualProduction/VirtualCamera/VirtualCamera.uplugin" 386
"../../../Engine/Plugins/VirtualProduction/VirtualCameraCore/VirtualCameraCore.uplugin" 387
"../../../Engine/Plugins/Interchange/Editor/InterchangeEditor.uplugin" 388
"../../../Engine/Plugins/Interchange/Runtime/Interchange.uplugin" 389
"../../../Engine/Plugins/MovieScene/ActorSequence/ActorSequence.uplugin" 390
"../../../Engine/Plugins/MovieScene/LevelSequenceEditor/LevelSequenceEditor.uplugin" 391
"../../../Engine/Plugins/MovieScene/MoviePipelineMaskRenderPass/MoviePipelineMaskRenderPass.uplugin" 392
"../../../Engine/Plugins/MovieScene/MovieRenderPipeline/MovieRenderPipeline.uplugin" 393
"../../../Engine/Plugins/MovieScene/MovieSceneTextTrack/MovieSceneTextTrack.uplugin" 394
"../../../Engine/Plugins/MovieScene/ReplayTracks/ReplayTracks.uplugin" 395
"../../../Engine/Plugins/MovieScene/SequencerScripting/SequencerScripting.uplugin" 396
"../../../Engine/Plugins/MovieScene/TemplateSequence/TemplateSequence.uplugin" 397
"../../../Engine/Plugins/Runtime/ActorLayerUtilities/ActorLayerUtilities.uplugin" 398
"../../../Engine/Plugins/Runtime/AndroidBackgroundService/AndroidBackgroundService.uplugin" 399
"../../../Engine/Plugins/Runtime/AndroidDeviceProfileSelector/AndroidDeviceProfileSelector.uplugin" 400
"../../../Engine/Plugins/Runtime/AndroidFileServer/AndroidFileServer.uplugin" 401
"../../../Engine/Plugins/Runtime/AndroidMoviePlayer/AndroidMoviePlayer.uplugin" 402
"../../../Engine/Plugins/MovieScene/CustomizableSequencerTracks/CustomizableSequencerTracks.uplugin" 403
"../../../Engine/Plugins/Runtime/AndroidPermission/AndroidPermission.uplugin" 404
"../../../Engine/Plugins/Runtime/AnimationBudgetAllocator/AnimationBudgetAllocator.uplugin" 405
"../../../Engine/Plugins/Runtime/ApexDestruction/ApexDestruction.uplugin" 406
"../../../Engine/Plugins/Runtime/AppleMoviePlayer/AppleMoviePlayer.uplugin" 407
"../../../Engine/Plugins/Runtime/ArchVisCharacter/ArchVisCharacter.uplugin" 408
"../../../Engine/Plugins/Runtime/AssetTags/AssetTags.uplugin" 409
"../../../Engine/Plugins/Runtime/AudioCapture/AudioCapture.uplugin" 410
"../../../Engine/Plugins/Runtime/AudioMotorSim/AudioMotorSim.uplugin" 411
"../../../Engine/Plugins/Runtime/AudioSynesthesia/AudioSynesthesia.uplugin" 412
"../../../Engine/Plugins/Runtime/AudioWidgets/AudioWidgets.uplugin" 413
"../../../Engine/Plugins/Runtime/CableComponent/CableComponent.uplugin" 414
"../../../Engine/Plugins/Runtime/ChunkDownloader/ChunkDownloader.uplugin" 415
"../../../Engine/Plugins/Runtime/AppleImageUtils/AppleImageUtils.uplugin" 416
"../../../Engine/Plugins/Runtime/ComputeFramework/ComputeFramework.uplugin" 417
"../../../Engine/Plugins/Runtime/CommonUI/CommonUI.uplugin" 418
"../../../Engine/Plugins/Runtime/DataRegistry/DataRegistry.uplugin" 419
"../../../Engine/Plugins/Runtime/CustomMeshComponent/CustomMeshComponent.uplugin" 420
"../../../Engine/Plugins/Runtime/ExampleDeviceProfileSelector/ExampleDeviceProfileSelector.uplugin" 421
"../../../Engine/Plugins/Runtime/Firebase/Firebase.uplugin" 422
"../../../Engine/Plugins/Runtime/GameInput/GameInput.uplugin" 423
"../../../Engine/Plugins/Runtime/GameplayAbilities/GameplayAbilities.uplugin" 424
"../../../Engine/Plugins/Runtime/GameplayBehaviorSmartObjects/GameplayBehaviorSmartObjects.uplugin" 425
"../../../Engine/Plugins/Runtime/GameplayInteractions/GameplayInteractions.uplugin" 426
"../../../Engine/Plugins/Runtime/GameplayStateTree/GameplayStateTree.uplugin" 427
"../../../Engine/Plugins/Runtime/GeometryCache/GeometryCache.uplugin" 428
"../../../Engine/Plugins/Runtime/GeometryProcessing/GeometryProcessing.uplugin" 429
"../../../Engine/Plugins/Runtime/GeoReferencing/GeoReferencing.uplugin" 430
"../../../Engine/Plugins/Runtime/GameFeatures/GameFeatures.uplugin" 431
"../../../Engine/Plugins/Runtime/GeometryScripting/GeometryScripting.uplugin" 432
"../../../Engine/Plugins/Runtime/GoogleCloudMessaging/GoogleCloudMessaging.uplugin" 433
"../../../Engine/Plugins/Runtime/GooglePAD/GooglePAD.uplugin" 434
"../../../Engine/Plugins/Runtime/Harmonix/Harmonix.uplugin" 435
"../../../Engine/Plugins/Runtime/HDRIBackdrop/HDRIBackdrop.uplugin" 436
"../../../Engine/Plugins/Runtime/HairStrands/HairStrands.uplugin" 437
"../../../Engine/Plugins/Runtime/HPMotionController/HPMotionController.uplugin" 438
"../../../Engine/Plugins/Runtime/HTTPChunkInstaller/HTTPChunkInstaller.uplugin" 439
"../../../Engine/Plugins/Runtime/InputDebugging/InputDebugging.uplugin" 440
"../../../Engine/Plugins/Runtime/IOSReplayKit/IOSReplayKit.uplugin" 441
"../../../Engine/Plugins/Runtime/IOSDeviceProfileSelector/IOSDeviceProfileSelector.uplugin" 442
"../../../Engine/Plugins/Runtime/LevelStreamingPersistence/LevelStreamingPersistence.uplugin" 443
"../../../Engine/Plugins/Runtime/LinuxDeviceProfileSelector/LinuxDeviceProfileSelector.uplugin" 444
"../../../Engine/Plugins/Runtime/LiveLinkOvernDisplay/LiveLinkOverNDisplay.uplugin" 445
"../../../Engine/Plugins/Runtime/LocationServicesAndroidImpl/LocationServicesAndroidImpl.uplugin" 446
"../../../Engine/Plugins/Runtime/LocationServicesBPLibrary/LocationServicesBPLibrary.uplugin" 447
"../../../Engine/Plugins/Runtime/LocationServicesIOSImpl/LocationServicesIOSImpl.uplugin" 448
"../../../Engine/Plugins/Runtime/MassEntity/MassEntity.uplugin" 449
"../../../Engine/Plugins/Runtime/InstancedActors/InstancedActors.uplugin" 450
"../../../Engine/Plugins/Runtime/MassGameplay/MassGameplay.uplugin" 451
"../../../Engine/Plugins/Runtime/MeshModelingToolset/MeshModelingToolset.uplugin" 452
"../../../Engine/Plugins/Runtime/Metasound/Metasound.uplugin" 453
"../../../Engine/Plugins/Runtime/MicrosoftSpatialAudio/MicroSoftSpatialSound.uplugin" 454
"../../../Engine/Plugins/Runtime/MIDIDevice/MIDIDevice.uplugin" 455
"../../../Engine/Plugins/Runtime/MixedRealityCaptureFramework/MixedRealityCaptureFramework.uplugin" 456
"../../../Engine/Plugins/Runtime/MobileFSR/MobileFSR.uplugin" 457
"../../../Engine/Plugins/Runtime/MobilePatchingUtils/MobilePatchingUtils.uplugin" 458
"../../../Engine/Plugins/Runtime/ModelViewViewModel/ModelViewViewModel.uplugin" 459
"../../../Engine/Plugins/Runtime/ModularGameplay/ModularGameplay.uplugin" 460
"../../../Engine/Plugins/Runtime/MsQuic/MsQuic.uplugin" 461
"../../../Engine/Plugins/Runtime/NavCorridor/NavCorridor.uplugin" 462
"../../../Engine/Plugins/Runtime/nDisplay/nDisplay.uplugin" 463
"../../../Engine/Plugins/Runtime/nDisplayModularFeatures/nDisplayModularFeatures.uplugin" 464
"../../../Engine/Plugins/Runtime/NetworkPredictionExtras/NetworkPredictionExtras.uplugin" 465
"../../../Engine/Plugins/Runtime/OpenCV/OpenCV.uplugin" 466
"../../../Engine/Plugins/Runtime/NetworkPredictionInsights/NetworkPredictionInsights.uplugin" 467
"../../../Engine/Plugins/Runtime/OpenXRHandTracking/OpenXRHandTracking.uplugin" 468
"../../../Engine/Plugins/Runtime/OpenXRMsftHandInteraction/OpenXRMsftHandInteraction.uplugin" 469
"../../../Engine/Plugins/Runtime/OpenXR/OpenXR.uplugin" 470
"../../../Engine/Plugins/Runtime/OpenXRViveTracker/OpenXRViveTracker.uplugin" 471
"../../../Engine/Plugins/Runtime/OSC/OSC.uplugin" 472
"../../../Engine/Plugins/Runtime/OptionalMobileFeaturesBPLibrary/OptionalMobileFeaturesBPLibrary.uplugin" 473
"../../../Engine/Plugins/Runtime/OpenXREyeTracker/OpenXREyeTracker.uplugin" 474
"../../../Engine/Plugins/Runtime/OSCModulationMixing/OSCModulationMixing.uplugin" 475
"../../../Engine/Plugins/Runtime/PreLoadScreenMoviePlayer/PreLoadScreenMoviePlayer.uplugin" 476
"../../../Engine/Plugins/Runtime/PropertyAccess/PropertyAccessEditor.uplugin" 477
"../../../Engine/Plugins/Runtime/ProceduralMeshComponent/ProceduralMeshComponent.uplugin" 478
"../../../Engine/Plugins/Runtime/RenderTrace/RenderTrace.uplugin" 479
"../../../Engine/Plugins/Runtime/PropertyBindingUtils/PropertyBindingUtils.uplugin" 480
"../../../Engine/Plugins/Runtime/ReplicationGraph/ReplicationGraph.uplugin" 481
"../../../Engine/Plugins/Runtime/ReplicationSystemTestPlugin/ReplicationSystemTestPlugin.uplugin" 482
"../../../Engine/Plugins/Runtime/RigVM/RigVM.uplugin" 483
"../../../Engine/Plugins/Runtime/ResonanceAudio/ResonanceAudio.uplugin" 484
"../../../Engine/Plugins/Runtime/ScriptableToolsFramework/ScriptableToolsFramework.uplugin" 485
"../../../Engine/Plugins/Runtime/NetworkPrediction/NetworkPrediction.uplugin" 486
"../../../Engine/Plugins/Runtime/SignificanceManager/SignificanceManager.uplugin" 487
"../../../Engine/Plugins/Runtime/SoundCueTemplates/SoundCueTemplates.uplugin" 488
"../../../Engine/Plugins/Runtime/SmartObjects/SmartObjects.uplugin" 489
"../../../Engine/Plugins/Runtime/SkeletalMerging/SkeletalMerging.uplugin" 490
"../../../Engine/Plugins/Runtime/SoundMod/SoundMod.uplugin" 491
"../../../Engine/Plugins/Runtime/SoundUtilities/SoundUtilities.uplugin" 492
"../../../Engine/Plugins/Runtime/Soundscape/Soundscape.uplugin" 493
"../../../Engine/Plugins/Runtime/StateTree/StateTree.uplugin" 494
"../../../Engine/Plugins/Runtime/SunPosition/SunPosition.uplugin" 495
"../../../Engine/Plugins/Runtime/WarpUtils/WarpUtils.uplugin" 496
"../../../Engine/Plugins/Runtime/Synthesis/Synthesis.uplugin" 497
"../../../Engine/Plugins/Runtime/WaveTable/WaveTable.uplugin" 498
"../../../Engine/Plugins/Runtime/WebBrowserNativeProxy/WebBrowserNativeProxy.uplugin" 499
"../../../Engine/Plugins/Runtime/WebMMoviePlayer/WebMMoviePlayer.uplugin" 500
"../../../Engine/Plugins/Runtime/SoundFields/SoundFields.uplugin" 501
"../../../Engine/Plugins/Runtime/WebBrowserWidget/WebBrowserWidget.uplugin" 502
"../../../Engine/Plugins/Runtime/WindowsDeviceProfileSelector/WindowsDeviceProfileSelector.uplugin" 503
"../../../Engine/Plugins/Runtime/WindowsMoviePlayer/WindowsMoviePlayer.uplugin" 504
"../../../Engine/Plugins/Runtime/WorldConditions/WorldConditions.uplugin" 505
"../../../Engine/Plugins/Runtime/ZoneGraph/ZoneGraph.uplugin" 506
"../../../Engine/Plugins/Enterprise/AxFImporter/AxFImporter.uplugin" 507
"../../../Engine/Plugins/Enterprise/DataprepEditor/DataprepEditor.uplugin" 508
"../../../Engine/Plugins/Enterprise/DatasmithC4DImporter/DatasmithC4DImporter.uplugin" 509
"../../../Engine/Plugins/Runtime/ZoneGraphAnnotations/ZoneGraphAnnotations.uplugin" 510
"../../../Engine/Plugins/Runtime/XRBase/XRBase.uplugin" 511
"../../../Engine/Plugins/Enterprise/DatasmithContent/DatasmithContent.uplugin" 512
"../../../Engine/Plugins/Enterprise/DatasmithFBXImporter/DatasmithFBXImporter.uplugin" 513
"../../../Engine/Plugins/Tests/WidgetAutomationTests/WidgetAutomationTests.uplugin" 514
"../../../Engine/Plugins/Enterprise/DatasmithImporter/DatasmithImporter.uplugin" 515
"../../../Engine/Plugins/Enterprise/GLTFExporter/GLTFExporter.uplugin" 516
"../../../Engine/Plugins/Enterprise/LidarPointCloud/LidarPointCloud.uplugin" 517
"../../../Engine/Plugins/Enterprise/VariantManager/VariantManager.uplugin" 518
"../../../Engine/Plugins/Enterprise/VariantManagerContent/VariantManagerContent.uplugin" 519
"../../../Engine/Plugins/Enterprise/DatasmithCADImporter/DatasmithCADImporter.uplugin" 520
"../../../Engine/Plugins/Enterprise/MDLImporter/MDLImporter.uplugin" 521
"../../../Engine/Plugins/NetcodeUnitTest/NUTUnrealEngine/NUTUnrealEngine.uplugin" 522
"../../../Engine/Plugins/NetcodeUnitTest/NetcodeUnitTest/NetcodeUnitTest.uplugin" 523
"../../../Engine/Plugins/Performance/PerformanceMonitor/PerformanceMonitor.uplugin" 524
"../../../Engine/Plugins/2D/Paper2D/Paper2D.uplugin" 525
"../../../Engine/Plugins/Runtime/AudioModulation/AudioModulation.uplugin" 526
"../../../Engine/Plugins/Importers/USDImporter/USDImporter.uplugin" 527
"../../../Engine/Plugins/Runtime/Spatialization/Spatialization.uplugin" 528
"../../../Engine/Plugins/Media/AppleProResMedia/AppleProResMedia.uplugin" 529
"../../../Engine/Plugins/VirtualProduction/Rivermax/RivermaxCore/RivermaxCore.uplugin" 530
"../../../Engine/Plugins/VirtualProduction/Rivermax/RivermaxMedia/RivermaxMedia.uplugin" 531
"../../../Engine/Plugins/VirtualProduction/Rivermax/RivermaxSync/RivermaxSync.uplugin" 532
"../../../Engine/Plugins/Runtime/AR/ARUtilities/ARUtilities.uplugin" 533
"../../../Engine/Plugins/Runtime/AR/AzureSpatialAnchorsForARCore/AzureSpatialAnchorsForARCore.uplugin" 534
"../../../Engine/Plugins/Runtime/AR/AzureSpatialAnchors/AzureSpatialAnchors.uplugin" 535
"../../../Engine/Plugins/Runtime/Database/ADOSupport/ADOSupport.uplugin" 536
"../../../Engine/Plugins/Runtime/AR/AzureSpatialAnchorsForARKit/AzureSpatialAnchorsForARKit.uplugin" 537
"../../../Engine/Plugins/Runtime/Database/RemoteDatabaseSupport/RemoteDatabaseSupport.uplugin" 538
"../../../Engine/Plugins/Runtime/Database/SQLiteCore/SQLiteCore.uplugin" 539
"../../../Engine/Plugins/Experimental/Animation/ContextualAnimation/ContextualAnimation.uplugin" 540
"../../../Engine/Plugins/Experimental/Animation/CurveExpression/CurveExpression.uplugin" 541
"../../../Engine/Plugins/Experimental/Animation/MotionTrajectory/MotionTrajectory.uplugin" 542
"../../../Engine/Plugins/Experimental/Animation/Optimus/Optimus.uplugin" 543
"../../../Engine/Plugins/Editor/ObjectMixer/LightMixer/LightMixer.uplugin" 544
"../../../Engine/Plugins/Editor/ObjectMixer/ObjectMixer/ObjectMixer.uplugin" 545
"../../../Engine/Plugins/Experimental/CharacterFXEditor/BaseCharacterFXEditor/BaseCharacterFXEditor.uplugin" 546
"../../../Engine/Plugins/Experimental/CharacterFXEditor/ExampleCharacterFXEditor/ExampleCharacterFXEditor.uplugin" 547
"../../../Engine/Plugins/Developer/Concert/ConcertMain/ConcertMain.uplugin" 548
"../../../Engine/Plugins/Editor/ContentBrowser/ContentBrowserAssetDataSource/ContentBrowserAssetDataSource.uplugin" 549
"../../../Engine/Plugins/Experimental/Animation/SkeletalMeshModelingTools/SkeletalMeshModelingTools.uplugin" 550
"../../../Engine/Plugins/Editor/ContentBrowser/ContentBrowserAliasDataSoure/ContentBrowserAliasDataSource.uplugin" 551
"../../../Engine/Plugins/Editor/ContentBrowser/ContentBrowserClassDataSource/ContentBrowserClassDataSource.uplugin" 552
"../../../Engine/Plugins/Experimental/MetaHuman/MetaHumanProjectUtilities/MetaHumanProjectUtilities.uplugin" 553
"../../../Engine/Plugins/Editor/ContentBrowser/ContentBrowserFileDataSource/ContentBrowserFileDataSource.uplugin" 554
"../../../Engine/Plugins/Experimental/VirtualProduction/LedWallCalibration/LedWallCalibration.uplugin" 555
"../../../Engine/Plugins/Online/Android/AndroidFetchBackgroundDownload/AndroidFetchBackgroundDownload.uplugin" 556
"../../../Engine/Plugins/Experimental/VirtualProduction/VPSettings/VPSettings.uplugin" 557
"../../../Engine/Plugins/Online/Android/OnlineSubsystemGooglePlay/OnlineSubsystemGooglePlay.uplugin" 558
"../../../Engine/Plugins/VirtualProduction/DMX/DatasmithMVR/DatasmithMVR.uplugin" 559
"../../../Engine/Plugins/VirtualProduction/DMX/DMXControlConsole/DMXControlConsole.uplugin" 560
"../../../Engine/Plugins/Experimental/VirtualProduction/VPRoles/VPRoles.uplugin" 561
"../../../Engine/Plugins/VirtualProduction/DMX/DMXDisplayCluster/DMXDisplayCluster.uplugin" 562
"../../../Engine/Plugins/Runtime/Database/DatabaseSupport/DatabaseSupport.uplugin" 563
"../../../Engine/Plugins/VirtualProduction/DMX/DMXEngine/DMXEngine.uplugin" 564
"../../../Engine/Plugins/VirtualProduction/DMX/DMXFixtures/DMXFixtures.uplugin" 565
"../../../Engine/Plugins/VirtualProduction/DMX/DMXProtocol/DMXProtocol.uplugin" 566
"../../../Engine/Plugins/Runtime/Nvidia/GeForceNOWWrapper/GeForceNOWWrapper.uplugin" 567
"../../../Engine/Plugins/Runtime/Nvidia/Reflex/Reflex.uplugin" 568
"../../../Engine/Plugins/VirtualProduction/DMX/DMXModularFeatures/DMXModularFeatures.uplugin" 569
"../../../Engine/Plugins/Experimental/AVCodecs/AMFCodecs/AMFCodecs.uplugin" 570
"../../../Engine/Plugins/Experimental/AVCodecs/AVCodecsCore/AVCodecsCore.uplugin" 571
"../../../Engine/Plugins/Experimental/AVCodecs/WMFCodecs/WMFCodecs.uplugin" 572
"../../../Engine/Plugins/Experimental/Web/WebAPI/WebAPI.uplugin" 573
"../../../Engine/Plugins/Runtime/Windows/WinDualShock/WinDualShock.uplugin" 574
"../../../Engine/Plugins/Runtime/Windows/XInputDevice/XInputDevice.uplugin" 575
"../../../Engine/Plugins/Runtime/XR/XRScribe/XRScribe.uplugin" 576
"../../../Engine/Plugins/Runtime/MeshReconstruction/DummyMeshReconstructor/DummyMeshReconstructor.uplugin" 577
"../../../Engine/Plugins/Editor/Localization/PortableObjectFileDataSource/PortableObjectFileDataSource.uplugin" 578
"../../../Engine/Plugins/Runtime/XR/XRVisualization/XRVisualization.uplugin" 579
"../../../Engine/Plugins/Runtime/Advertising/IOSTapJoy/IOSTapJoy.uplugin" 580
"../../../Engine/Plugins/Runtime/PacketHandlers/AESHandlerComponent/AESHandlerComponent.uplugin" 581
"../../../Engine/Plugins/Experimental/Enterprise/DataprepGeometryOperations/DataprepGeometryOperations.uplugin" 582
"../../../Engine/Plugins/Experimental/Enterprise/DatasmithInterchange/DatasmithInterchange.uplugin" 583
"../../../Engine/Plugins/Animation/MLDeformer/ChaosClothGenerator/ChaosClothGenerator.uplugin" 584
"../../../Engine/Plugins/Experimental/Enterprise/DatasmithRuntime/DatasmithRuntime.uplugin" 585
"../../../Engine/Plugins/Animation/MLDeformer/MLDeformerFramework/MLDeformerFramework.uplugin" 586
"../../../Engine/Plugins/Runtime/Database/SQLiteSupport/SQLiteSupport.uplugin" 587
"../../../Engine/Plugins/Animation/MLDeformer/NearestNeighborModel/NearestNeighborModel.uplugin" 588
"../../../Engine/Plugins/Animation/MLDeformer/NeuralMorphModel/NeuralMorphModel.uplugin" 589
"../../../Engine/Plugins/Animation/MLDeformer/VertexDeltaModel/VertexDeltaModel.uplugin" 590
"../../../Engine/Plugins/Online/IOS/OnlineSubsystemIOS/OnlineSubsystemIOS.uplugin" 591
"../../../Engine/Plugins/Online/VoiceChat/EOSVoiceChat/EOSVoiceChat.uplugin" 592
"../../../Engine/Plugins/Experimental/AVCodecs/VTCodecs/VTCodecs.uplugin" 593
"../../../Engine/Plugins/Online/VoiceChat/VoiceChat/VoiceChat.uplugin" 594
"../../../Engine/Plugins/Runtime/Analytics/Adjust/Adjust.uplugin" 595
"../../../Engine/Plugins/Runtime/Analytics/AnalyticsBlueprintLibrary/AnalyticsBlueprintLibrary.uplugin" 596
"../../../Engine/Plugins/Runtime/Analytics/AnalyticsMulticast/AnalyticsMulticast.uplugin" 597
"../../../Engine/Plugins/Runtime/Analytics/FileLogging/FileLogging.uplugin" 598
"../../../Engine/Plugins/Runtime/Analytics/Flurry/Flurry.uplugin" 599
"../../../Engine/Plugins/Runtime/Steam/SteamShared/SteamShared.uplugin" 600
"../../../Engine/Plugins/Runtime/Steam/SteamController/SteamController.uplugin" 601
"../../../Engine/Plugins/Developer/KDevelopSourceCodeAccess/KDevelopSourceCodeAccess.uplugin" 602
"../../../Engine/Plugins/Runtime/PacketHandlers/DTLSHandlerComponent/DTLSHandlerComponent.uplugin" 603
"../../../Engine/Plugins/Runtime/Steam/SteamSockets/SteamSockets.uplugin" 604
"../../../Engine/Plugins/Runtime/Steam/SteamAudio/SteamAudio.uplugin" 605
"../../../Engine/Plugins/Runtime/PacketHandlers/AESGCMHandlerComponent/AESGCMHandlerComponent.uplugin" 606
"../../../Engine/Plugins/Runtime/AR/AppleAR/AppleARKit/AppleARKit.uplugin" 607
"../../../Engine/Plugins/Runtime/AR/AppleAR/AppleARKitFaceSupport/AppleARKitFaceSupport.uplugin" 608
"../../../Engine/Plugins/VirtualProduction/DMX/DMXPixelMapping/DMXPixelMapping.uplugin" 609
"../../../Engine/Plugins/Developer/Concert/ConcertApp/DisasterRecoveryClient/DisasterRecoveryClient.uplugin" 610
"../../../Engine/Plugins/Developer/Concert/ConcertApp/MultiUserServer/MultiUserServer.uplugin" 611
"../../../Engine/Plugins/Runtime/AR/Google/GoogleARCore/GoogleARCore.uplugin" 612
"../../../Engine/Plugins/Runtime/AR/Google/GoogleARCoreServices/GoogleARCoreServices.uplugin" 613
"../../../Engine/Plugins/Developer/Concert/ConcertSync/ConcertSyncClient/ConcertSyncClient.uplugin" 614
"../../../Engine/Plugins/Developer/Concert/ConcertSync/ConcertSyncCore/ConcertSyncCore.uplugin" 615
"../../../Engine/Plugins/Developer/Concert/ConcertSync/ConcertSyncTest/ConcertSyncTest.uplugin" 616
"../../../Engine/Plugins/Developer/Concert/ConcertScripting/ConcertReplicationScripting/ConcertReplicationScripting.uplugin" 617
"../../../Engine/Plugins/Developer/Concert/ConcertApp/MultiUserClient/MultiUserClient.uplugin" 618
"../../../Engine/Plugins/Developer/Concert/ConcertUI/ConcertClientSharedSlate/ConcertClientSharedSlate.uplugin" 619
"../../../Engine/Plugins/Developer/Concert/ConcertUI/ConcertSharedSlate/ConcertSharedSlate.uplugin" 620
"../../../Engine/Plugins/Developer/Concert/ConcertSync/ConcertSyncServer/ConcertSyncServer.uplugin" 621
"../../../Engine/Plugins/Experimental/AVCodecs/NVCodecs/NVCodecs.uplugin" 622
"../../../Engine/Platforms/VisionOS/Plugins/Runtime/OpenXR/OpenXR_VisionOS.uplugin" 623
"../../../Engine/Platforms/VisionOS/Plugins/Runtime/OpenXRVisionOS/OpenXRVisionOS.uplugin" 624
"../../../Engine/Platforms/VisionOS/Plugins/Compression/OodleNetwork/OodleNetwork_VisionOS.uplugin" 625
"../../../Engine/Platforms/VisionOS/Plugins/Runtime/OpenXRHandTracking/OpenXRHandTracking_VisionOS.uplugin" 626
"C:/24CI0412MP/Plugins/VisualStudioTools/VisualStudioTools.uplugin" 627
"../../../Engine/Content/Internationalization/icudt64l/cnvalias.icu" 628
"../../../Engine/Content/Internationalization/icudt64l/res_index.res" 629
"../../../Engine/Content/Internationalization/icudt64l/plurals.res" 630
"../../../Engine/Content/Internationalization/icudt64l/lang/ja_JP.res" 631
"../../../Engine/Content/Internationalization/icudt64l/lang/pool.res" 632
"../../../Engine/Content/Internationalization/icudt64l/lang/ja.res" 633
"../../../Engine/Content/Internationalization/icudt64l/lang/root.res" 634
"../../../Engine/Content/Internationalization/icudt64l/region/ja_JP.res" 635
"../../../Engine/Content/Internationalization/icudt64l/region/pool.res" 636
"../../../Engine/Content/Internationalization/icudt64l/region/ja.res" 637
"../../../Engine/Content/Internationalization/icudt64l/region/root.res" 638
"../../../Engine/Content/Internationalization/icudt64l/lang/en.res" 639
"../../../Engine/Content/Internationalization/icudt64l/region/en.res" 640
"../../../Engine/Content/Internationalization/icudt64l/windowsZones.res" 641
"../../../Engine/Content/Internationalization/icudt64l/zoneinfo64.res" 642
"../../../Engine/Content/Internationalization/icudt64l/keyTypeData.res" 643
"../../../Engine/Content/Internationalization/icudt64l/timezoneTypes.res" 644
"../../../Engine/Content/Internationalization/icudt64l/likelySubtags.res" 645
"../../../Engine/Content/Internationalization/icudt64l/ja_JP.res" 646
"../../../Engine/Content/Internationalization/icudt64l/pool.res" 647
"../../../Engine/Content/Internationalization/icudt64l/ja.res" 648
"../../../Engine/Content/Internationalization/icudt64l/root.res" 649
"../../../Engine/Content/Internationalization/icudt64l/supplementalData.res" 650
"../../../Engine/Config/ConfigRedirects.ini" 651
"C:/Users/Owner/AppData/Local/UnrealEngine/5.4/Saved/Config/WindowsEditor/Manifest.ini" 652
"../../../Engine/Config/BaseEngine.ini" 653
"../../../Engine/Config/Windows/BaseWindowsEngine.ini" 654
"../../../../../../24CI0412MP/Config/DefaultEngine.ini" 655
"../../../Engine/Config/Windows/WindowsEngine.ini" 656
"C:/Users/Owner/AppData/Local/Unreal Engine/Engine/Config/UserEngine.ini" 657
"../../../Engine/Config/BaseGame.ini" 658
"../../../../../../24CI0412MP/Config/DefaultGame.ini" 659
"../../../Engine/Config/Windows/WindowsGame.ini" 660
"C:/24CI0412MP/Saved/Config/WindowsEditor/Game.ini" 661
"../../../Engine/Config/BaseInput.ini" 662
"../../../../../../24CI0412MP/Config/DefaultInput.ini" 663
"../../../Engine/Config/Windows/WindowsInput.ini" 664
"../../../Engine/Config/BaseDeviceProfiles.ini" 665
"../../../Engine/Config/BaseGameUserSettings.ini" 666
"C:/24CI0412MP/Saved/Config/WindowsEditor/GameUserSettings.ini" 667
"../../../Engine/Config/BaseScalability.ini" 668
"../../../Engine/Config/BaseRuntimeOptions.ini" 669
"../../../Engine/Config/BaseInstallBundle.ini" 670
"../../../Engine/Config/BaseHardware.ini" 671
"../../../Engine/Config/BaseCompat.ini" 672
"../../../Engine/Config/BaseLightmass.ini" 673
"../../../Engine/Config/BaseEditor.ini" 674
"../../../../../../24CI0412MP/Config/DefaultEditor.ini" 675
"C:/24CI0412MP/Saved/Config/WindowsEditor/Editor.ini" 676
"../../../Engine/Config/BaseEditorPerProjectUserSettings.ini" 677
"../../../Engine/Config/Windows/WindowsEditorPerProjectUserSettings.ini" 678
"C:/24CI0412MP/Saved/Config/WindowsEditor/EditorPerProjectUserSettings.ini" 679
"../../../Engine/Config/BaseEditorSettings.ini" 680
"C:/Users/Owner/AppData/Local/UnrealEngine/5.4/Saved/Config/WindowsEditor/EditorSettings.ini" 681
"../../../Engine/Config/BaseEditorKeyBindings.ini" 682
"C:/Users/Owner/AppData/Local/UnrealEngine/5.4/Saved/Config/WindowsEditor/EditorLayout.ini" 683
"../../../../../../24CI0412MP/Binaries/Win64/Magic_ProjectEditor.target" 684
"../../../Engine/Config/LinuxArm64/BaseLinuxArm64Engine.ini" 685
"../../../Engine/Config/Unix/UnixEngine.ini" 686
"../../../Engine/Config/LinuxArm64/LinuxArm64Engine.ini" 687
"../../../Engine/Config/IOS/BaseIOSEngine.ini" 688
"../../../Engine/Config/Linux/BaseLinuxEngine.ini" 689
"../../../../../../24CI0412MP/Config/IOS/IOSEngine.ini" 690
"../../../Engine/Config/Linux/LinuxEngine.ini" 691
"../../../Engine/Config/IOS/BaseIOSGame.ini" 692
"../../../Engine/Config/IOS/IOSGame.ini" 693
"../../../Engine/Config/Linux/LinuxGame.ini" 694
"../../../Engine/Config/Mac/BaseMacEngine.ini" 695
"../../../Engine/Config/Android/BaseAndroidEngine.ini" 696
"../../../Engine/Config/Android/AndroidEngine.ini" 697
"../../../Engine/Config/IOS/IOSScalability.ini" 698
"../../../Engine/Config/Android/BaseAndroidGame.ini" 699
"../../../Engine/Config/Mac/MacGame.ini" 700
"../../../Engine/Config/Mac/BaseMacInput.ini" 701
"../../../Engine/Config/Android/AndroidScalability.ini" 702
"../../../Engine/Config/TVOS/TVOSEngine.ini" 703
"../../../Engine/Config/Android/BaseAndroidInstallBundle.ini" 704
"../../../Engine/Platforms/VisionOS/Config/BaseVisionOSEngine.ini" 705
"../../../Engine/Config/PluginBase.ini" 706
"../../../Engine/Plugins/ChaosVD/Config/Engine.ini" 707
"../../../Engine/Plugins/EnhancedInput/Config/BaseEnhancedInput.ini" 708
"../../../Engine/Plugins/EnhancedInput/Config/Input.ini" 709
"../../../Engine/Plugins/Fab/Config/BaseFab.ini" 710
"../../../Engine/Plugins/TraceUtilities/Config/BaseTraceUtilities.ini" 711
"../../../Engine/Plugins/Experimental/FullBodyIK/Config/BaseFullBodyIK.ini" 712
"../../../Engine/Plugins/Experimental/StructUtils/Config/BaseStructUtils.ini" 713
"../../../Engine/Plugins/Experimental/ToolPresets/Config/BaseToolPresets.ini" 714
"../../../Engine/Plugins/Animation/ControlRig/Config/BaseControlRig.ini" 715
"../../../Engine/Plugins/Animation/LiveLink/Config/BaseLiveLink.ini" 716
"../../../Engine/Plugins/Developer/TraceDataFiltering/Config/BaseTraceDataFilters.ini" 717
"../../../Engine/Plugins/Animation/IKRig/Config/BaseIKRig.ini" 718
"../../../Engine/Plugins/FX/Niagara/Config/BaseNiagara.ini" 719
"C:/24CI0412MP/Saved/Config/WindowsEditor/Niagara.ini" 720
"../../../Engine/Plugins/Editor/EditorScriptingUtilities/Config/BaseEditorScriptingUtilities.ini" 721
"../../../Engine/Plugins/Interchange/Runtime/Config/BaseInterchange.ini" 722
"../../../Engine/Plugins/Runtime/InputDebugging/Config/Input.ini" 723
"../../../Engine/Plugins/Runtime/Metasound/Config/BaseMetasound.ini" 724
"../../../Engine/Plugins/Runtime/Metasound/Config/DefaultMetasound.ini" 725
"../../../Engine/Plugins/Runtime/OpenXR/Config/Engine.ini" 726
"../../../Engine/Plugins/Runtime/Synthesis/Config/BaseSynthesis.ini" 727
"../../../Engine/Plugins/Enterprise/DatasmithContent/Config/BaseDatasmithContent.ini" 728
"../../../Engine/Plugins/Enterprise/GLTFExporter/Config/BaseGLTFExporter.ini" 729
"../../../Engine/Plugins/Enterprise/GLTFExporter/Config/DefaultGLTFExporter.ini" 730
"../../../Engine/Plugins/Enterprise/VariantManagerContent/Config/BaseVariantManagerContent.ini" 731
"../../../Engine/Plugins/2D/Paper2D/Config/BasePaper2D.ini" 732
"../../../Engine/Plugins/Experimental/MetaHuman/MetaHumanProjectUtilities/Config/BaseMetaHumanProjectUtilities.ini" 733
"../../../Engine/Plugins/Developer/Concert/ConcertSync/ConcertSyncCore/Config/BaseConcertSyncCore.ini" 734
"../../../Engine/Plugins/Editor/ModelingToolsEditorMode/Binaries/Win64/UnrealEditor.modules" 735
"../../../Engine/Plugins/Runtime/MeshModelingToolset/Binaries/Win64/UnrealEditor.modules" 736
"../../../Engine/Plugins/Experimental/MeshModelingToolsetExp/Binaries/Win64/UnrealEditor.modules" 737
"../../../Engine/Plugins/Editor/MeshLODToolset/Binaries/Win64/UnrealEditor.modules" 738
"../../../Engine/Plugins/Experimental/ToolPresets/Binaries/Win64/UnrealEditor.modules" 739
"../../../Engine/Plugins/Runtime/GeometryProcessing/Binaries/Win64/UnrealEditor.modules" 740
"../../../Engine/Plugins/Editor/ProxyLODPlugin/Binaries/Win64/UnrealEditor.modules" 741
"../../../Engine/Plugins/Experimental/PlanarCutPlugin/Binaries/Win64/UnrealEditor.modules" 742
"../../../Engine/Plugins/Experimental/GeometryFlow/Binaries/Win64/UnrealEditor.modules" 743
"../../../Engine/Plugins/Editor/EditorScriptingUtilities/Binaries/Win64/UnrealEditor.modules" 744
"../../../Engine/Plugins/Runtime/OpenXR/Binaries/Win64/UnrealEditor.modules" 745
"../../../Engine/Plugins/Runtime/XRBase/Binaries/Win64/UnrealEditor.modules" 746
"../../../Engine/Plugins/EnhancedInput/Binaries/Win64/UnrealEditor.modules" 747
"../../../Engine/Plugins/Runtime/OpenXREyeTracker/Binaries/Win64/UnrealEditor.modules" 748
"../../../Engine/Plugins/Runtime/OpenXRHandTracking/Binaries/Win64/UnrealEditor.modules" 749
"../../../Engine/Plugins/Animation/LiveLink/Binaries/Win64/UnrealEditor.modules" 750
"../../../Engine/Plugins/VirtualProduction/Takes/Binaries/Win64/UnrealEditor.modules" 751
"../../../Engine/Plugins/Developer/Concert/ConcertSync/ConcertSyncClient/Binaries/Win64/UnrealEditor.modules" 752
"../../../Engine/Plugins/Experimental/StructUtils/Binaries/Win64/UnrealEditor.modules" 753
"../../../Engine/Plugins/Editor/ContentBrowser/ContentBrowserAssetDataSource/Binaries/Win64/UnrealEditor.modules" 754
"../../../Engine/Plugins/Runtime/AudioCapture/Binaries/Win64/UnrealEditor.modules" 755
"../../../Engine/Plugins/MovieScene/LevelSequenceEditor/Binaries/Win64/UnrealEditor.modules" 756
"../../../Engine/Plugins/Developer/Concert/ConcertSync/ConcertSyncCore/Binaries/Win64/UnrealEditor.modules" 757
"../../../Engine/Plugins/Developer/Concert/ConcertMain/Binaries/Win64/UnrealEditor.modules" 758
"../../../Engine/Plugins/Runtime/PropertyAccess/Binaries/Win64/UnrealEditor.modules" 759
"../../../Engine/Plugins/MovieScene/SequencerScripting/Binaries/Win64/UnrealEditor.modules" 760
"../../../Engine/Plugins/Runtime/Database/SQLiteCore/Binaries/Win64/UnrealEditor.modules" 761
"../../../Engine/Plugins/Experimental/PythonScriptPlugin/Binaries/Win64/UnrealEditor.modules" 762
"../../../Engine/Plugins/Editor/ContentBrowser/ContentBrowserFileDataSource/Binaries/Win64/UnrealEditor.modules" 763
"../../../Engine/Plugins/Bridge/Binaries/Win64/UnrealEditor.modules" 764
"../../../Engine/Plugins/Experimental/MetaHuman/MetaHumanProjectUtilities/Binaries/Win64/UnrealEditor.modules" 765
"../../../Engine/Plugins/ChaosCloth/Binaries/Win64/UnrealEditor.modules" 766
"../../../Engine/Plugins/Experimental/ChaosCaching/Binaries/Win64/UnrealEditor.modules" 767
"../../../Engine/Plugins/ChaosVD/Binaries/Win64/UnrealEditor.modules" 768
"../../../Engine/Plugins/CmdLinkServer/Binaries/Win64/UnrealEditor.modules" 769
"../../../Engine/Plugins/Fab/Binaries/Win64/UnrealEditor.modules" 770
"../../../Engine/Plugins/Interchange/Runtime/Binaries/Win64/UnrealEditor.modules" 771
"../../../Engine/Plugins/Online/EOSShared/Binaries/Win64/UnrealEditor.modules" 772
"../../../Engine/Plugins/Enterprise/VariantManagerContent/Binaries/Win64/UnrealEditor.modules" 773
"../../../Engine/Plugins/Enterprise/VariantManager/Binaries/Win64/UnrealEditor.modules" 774
"../../../Engine/Plugins/FastBuildController/Binaries/Win64/UnrealEditor.modules" 775
"../../../Engine/Plugins/MeshPainting/Binaries/Win64/UnrealEditor.modules" 776
"../../../Engine/Plugins/Interchange/Editor/Binaries/Win64/UnrealEditor.modules" 777
"../../../Engine/Plugins/RenderGraphInsights/Binaries/Win64/UnrealEditor.modules" 778
"../../../Engine/Plugins/TraceUtilities/Binaries/Win64/UnrealEditor.modules" 779
"../../../Engine/Plugins/WorldMetrics/Binaries/Win64/UnrealEditor.modules" 780
"../../../Engine/Plugins/XGEController/Binaries/Win64/UnrealEditor.modules" 781
"../../../Engine/Plugins/AI/AISupport/Binaries/Win64/UnrealEditor.modules" 782
"../../../Engine/Plugins/AI/EnvironmentQueryEditor/Binaries/Win64/UnrealEditor.modules" 783
"../../../Engine/Plugins/Experimental/AutomationUtils/Binaries/Win64/UnrealEditor.modules" 784
"../../../Engine/Plugins/Experimental/BackChannel/Binaries/Win64/UnrealEditor.modules" 785
"../../../Engine/Plugins/Experimental/ChaosEditor/Binaries/Win64/UnrealEditor.modules" 786
"../../../Engine/Plugins/Experimental/GeometryCollectionPlugin/Binaries/Win64/UnrealEditor.modules" 787
"../../../Engine/Plugins/Experimental/Fracture/Binaries/Win64/UnrealEditor.modules" 788
"../../../Engine/Plugins/Runtime/ProceduralMeshComponent/Binaries/Win64/UnrealEditor.modules" 789
"../../../Engine/Plugins/Experimental/ChaosSolverPlugin/Binaries/Win64/UnrealEditor.modules" 790
"../../../Engine/Plugins/Experimental/Dataflow/Binaries/Win64/UnrealEditor.modules" 791
"../../../Engine/Plugins/Experimental/CharacterFXEditor/BaseCharacterFXEditor/Binaries/Win64/UnrealEditor.modules" 792
"../../../Engine/Plugins/Experimental/ChaosNiagara/Binaries/Win64/UnrealEditor.modules" 793
"../../../Engine/Plugins/FX/Niagara/Binaries/Win64/UnrealEditor.modules" 794
"../../../Engine/Plugins/Experimental/ChaosUserDataPT/Binaries/Win64/UnrealEditor.modules" 795
"../../../Engine/Plugins/Experimental/CharacterAI/Binaries/Win64/UnrealEditor.modules" 796
"../../../Engine/Plugins/Experimental/LocalizableMessage/Binaries/Win64/UnrealEditor.modules" 797
"../../../Engine/Plugins/Experimental/OpenImageDenoise/Binaries/Win64/UnrealEditor.modules" 798
"../../../Engine/Plugins/Experimental/PlatformCrypto/Binaries/Win64/UnrealEditor.modules" 799
"../../../Engine/Plugins/Experimental/SkeletalReduction/Binaries/Win64/UnrealEditor.modules" 800
"../../../Engine/Plugins/Experimental/StudioTelemetry/Binaries/Win64/UnrealEditor.modules" 801
"../../../Engine/Plugins/Animation/ACLPlugin/Binaries/Win64/UnrealEditor.modules" 802
"../../../Engine/Plugins/Animation/AnimationData/Binaries/Win64/UnrealEditor.modules" 803
"../../../Engine/Plugins/Animation/ControlRig/Binaries/Win64/UnrealEditor.modules" 804
"../../../Engine/Plugins/Runtime/RigVM/Binaries/Win64/UnrealEditor.modules" 805
"../../../Engine/Plugins/Animation/AnimationModifierLibrary/Binaries/Win64/UnrealEditor.modules" 806
"../../../Engine/Plugins/Animation/BlendSpaceMotionAnalysis/Binaries/Win64/UnrealEditor.modules" 807
"../../../Engine/Plugins/Animation/ControlRigSpline/Binaries/Win64/UnrealEditor.modules" 808
"../../../Engine/Plugins/Compression/OodleNetwork/Binaries/Win64/UnrealEditor.modules" 809
"../../../Engine/Plugins/Cameras/CameraShakePreviewer/Binaries/Win64/UnrealEditor.modules" 810
"../../../Engine/Plugins/Cameras/GameplayCameras/Binaries/Win64/UnrealEditor.modules" 811
"../../../Engine/Plugins/MovieScene/TemplateSequence/Binaries/Win64/UnrealEditor.modules" 812
"../../../Engine/Plugins/Developer/AnimationSharing/Binaries/Win64/UnrealEditor.modules" 813
"../../../Engine/Plugins/Runtime/SignificanceManager/Binaries/Win64/UnrealEditor.modules" 814
"../../../Engine/Plugins/Developer/CLionSourceCodeAccess/Binaries/Win64/UnrealEditor.modules" 815
"../../../Engine/Plugins/Developer/DumpGPUServices/Binaries/Win64/UnrealEditor.modules" 816
"../../../Engine/Plugins/Developer/GitSourceControl/Binaries/Win64/UnrealEditor.modules" 817
"../../../Engine/Plugins/Developer/PerforceSourceControl/Binaries/Win64/UnrealEditor.modules" 818
"../../../Engine/Plugins/Developer/N10XSourceCodeAccess/Binaries/Win64/UnrealEditor.modules" 819
"../../../Engine/Plugins/Developer/PlasticSourceControl/Binaries/Win64/UnrealEditor.modules" 820
"../../../Engine/Plugins/Developer/PixWinPlugin/Binaries/Win64/UnrealEditor.modules" 821
"../../../Engine/Plugins/Developer/PropertyAccessNode/Binaries/Win64/UnrealEditor.modules" 822
"../../../Engine/Plugins/Developer/RenderDocPlugin/Binaries/Win64/UnrealEditor.modules" 823
"../../../Engine/Plugins/Developer/RiderSourceCodeAccess/Binaries/Win64/UnrealEditor.modules" 824
"../../../Engine/Plugins/Developer/PluginUtils/Binaries/Win64/UnrealEditor.modules" 825
"../../../Engine/Plugins/Developer/SubversionSourceControl/Binaries/Win64/UnrealEditor.modules" 826
"../../../Engine/Plugins/Developer/TextureFormatOodle/Binaries/Win64/UnrealEditor.modules" 827
"../../../Engine/Plugins/Developer/TraceDataFiltering/Binaries/Win64/UnrealEditor.modules" 828
"../../../Engine/Plugins/Developer/UObjectPlugin/Binaries/Win64/UnrealEditor.modules" 829
"../../../Engine/Plugins/Developer/VisualStudioCodeSourceCodeAccess/Binaries/Win64/UnrealEditor.modules" 830
"../../../Engine/Plugins/Developer/VisualStudioSourceCodeAccess/Binaries/Win64/UnrealEditor.modules" 831
"../../../Engine/Plugins/Animation/IKRig/Binaries/Win64/UnrealEditor.modules" 832
"../../../Engine/Plugins/Experimental/FullBodyIK/Binaries/Win64/UnrealEditor.modules" 833
"../../../Engine/Plugins/FX/NiagaraSimCaching/Binaries/Win64/UnrealEditor.modules" 834
"../../../Engine/Plugins/Messaging/TcpMessaging/Binaries/Win64/UnrealEditor.modules" 835
"../../../Engine/Plugins/Messaging/UdpMessaging/Binaries/Win64/UnrealEditor.modules" 836
"../../../Engine/Plugins/Tests/InterchangeTests/Binaries/Win64/UnrealEditor.modules" 837
"../../../Engine/Plugins/Online/OnlineBase/Binaries/Win64/UnrealEditor.modules" 838
"../../../Engine/Plugins/Online/OnlineSubsystem/Binaries/Win64/UnrealEditor.modules" 839
"../../../Engine/Plugins/Online/OnlineSubsystemNull/Binaries/Win64/UnrealEditor.modules" 840
"../../../Engine/Plugins/Online/OnlineSubsystemUtils/Binaries/Win64/UnrealEditor.modules" 841
"../../../Engine/Plugins/Online/OnlineServices/Binaries/Win64/UnrealEditor.modules" 842
"../../../Engine/Plugins/Editor/AssetManagerEditor/Binaries/Win64/UnrealEditor.modules" 843
"../../../Engine/Plugins/Editor/BlueprintHeaderView/Binaries/Win64/UnrealEditor.modules" 844
"../../../Engine/Plugins/Editor/ChangelistReview/Binaries/Win64/UnrealEditor.modules" 845
"../../../Engine/Plugins/Editor/CryptoKeys/Binaries/Win64/UnrealEditor.modules" 846
"../../../Engine/Plugins/Editor/DataValidation/Binaries/Win64/UnrealEditor.modules" 847
"../../../Engine/Plugins/Editor/EditorDebugTools/Binaries/Win64/UnrealEditor.modules" 848
"../../../Engine/Plugins/Editor/CurveEditorTools/Binaries/Win64/UnrealEditor.modules" 849
"../../../Engine/Plugins/Editor/EngineAssetDefinitions/Binaries/Win64/UnrealEditor.modules" 850
"../../../Engine/Plugins/Editor/FacialAnimation/Binaries/Win64/UnrealEditor.modules" 851
"../../../Engine/Plugins/Editor/GameplayTagsEditor/Binaries/Win64/UnrealEditor.modules" 852
"../../../Engine/Plugins/Editor/MobileLauncherProfileWizard/Binaries/Win64/UnrealEditor.modules" 853
"../../../Engine/Plugins/Editor/PluginBrowser/Binaries/Win64/UnrealEditor.modules" 854
"../../../Engine/Plugins/Editor/MaterialAnalyzer/Binaries/Win64/UnrealEditor.modules" 855
"../../../Engine/Plugins/Editor/SequencerAnimTools/Binaries/Win64/UnrealEditor.modules" 856
"../../../Engine/Plugins/Editor/SpeedTreeImporter/Binaries/Win64/UnrealEditor.modules" 857
"../../../Engine/Plugins/Editor/UVEditor/Binaries/Win64/UnrealEditor.modules" 858
"../../../Engine/Plugins/Editor/WorldPartitionHLODUtilities/Binaries/Win64/UnrealEditor.modules" 859
"../../../Engine/Plugins/Importers/AlembicImporter/Binaries/Win64/UnrealEditor.modules" 860
"../../../Engine/Plugins/Runtime/GeometryCache/Binaries/Win64/UnrealEditor.modules" 861
"../../../Engine/Plugins/Media/AndroidMedia/Binaries/Win64/UnrealEditor.modules" 862
"../../../Engine/Plugins/Media/AvfMedia/Binaries/Win64/UnrealEditor.modules" 863
"../../../Engine/Plugins/Editor/GeometryMode/Binaries/Win64/UnrealEditor.modules" 864
"../../../Engine/Plugins/Media/ImgMedia/Binaries/Win64/UnrealEditor.modules" 865
"../../../Engine/Plugins/Media/MediaPlayerEditor/Binaries/Win64/UnrealEditor.modules" 866
"../../../Engine/Plugins/Media/MediaCompositing/Binaries/Win64/UnrealEditor.modules" 867
"../../../Engine/Plugins/Media/MediaPlate/Binaries/Win64/UnrealEditor.modules" 868
"../../../Engine/Plugins/Media/WmfMedia/Binaries/Win64/UnrealEditor.modules" 869
"../../../Engine/Plugins/Portal/LauncherChunkInstaller/Binaries/Win64/UnrealEditor.modules" 870
"../../../Engine/Plugins/MovieScene/ActorSequence/Binaries/Win64/UnrealEditor.modules" 871
"../../../Engine/Plugins/Runtime/ActorLayerUtilities/Binaries/Win64/UnrealEditor.modules" 872
"../../../Engine/Plugins/Runtime/AndroidDeviceProfileSelector/Binaries/Win64/UnrealEditor.modules" 873
"../../../Engine/Plugins/Runtime/AndroidFileServer/Binaries/Win64/UnrealEditor.modules" 874
"../../../Engine/Plugins/Runtime/AndroidPermission/Binaries/Win64/UnrealEditor.modules" 875
"../../../Engine/Plugins/Runtime/AppleImageUtils/Binaries/Win64/UnrealEditor.modules" 876
"../../../Engine/Plugins/Runtime/ArchVisCharacter/Binaries/Win64/UnrealEditor.modules" 877
"../../../Engine/Plugins/Runtime/AssetTags/Binaries/Win64/UnrealEditor.modules" 878
"../../../Engine/Plugins/Runtime/CableComponent/Binaries/Win64/UnrealEditor.modules" 879
"../../../Engine/Plugins/Runtime/ChunkDownloader/Binaries/Win64/UnrealEditor.modules" 880
"../../../Engine/Plugins/Runtime/CustomMeshComponent/Binaries/Win64/UnrealEditor.modules" 881
"../../../Engine/Plugins/Runtime/ExampleDeviceProfileSelector/Binaries/Win64/UnrealEditor.modules" 882
"../../../Engine/Plugins/Runtime/GooglePAD/Binaries/Win64/UnrealEditor.modules" 883
"../../../Engine/Plugins/Runtime/InputDebugging/Binaries/Win64/UnrealEditor.modules" 884
"../../../Engine/Plugins/Runtime/LocationServicesBPLibrary/Binaries/Win64/UnrealEditor.modules" 885
"../../../Engine/Plugins/Runtime/Metasound/Binaries/Win64/UnrealEditor.modules" 886
"../../../Engine/Plugins/Runtime/AudioWidgets/Binaries/Win64/UnrealEditor.modules" 887
"../../../Engine/Plugins/Runtime/AudioSynesthesia/Binaries/Win64/UnrealEditor.modules" 888
"../../../Engine/Plugins/Runtime/WaveTable/Binaries/Win64/UnrealEditor.modules" 889
"../../../Engine/Plugins/Runtime/MobilePatchingUtils/Binaries/Win64/UnrealEditor.modules" 890
"../../../Engine/Plugins/Runtime/MsQuic/Binaries/Win64/UnrealEditor.modules" 891
"../../../Engine/Plugins/Runtime/ResonanceAudio/Binaries/Win64/UnrealEditor.modules" 892
"../../../Engine/Plugins/Runtime/Synthesis/Binaries/Win64/UnrealEditor.modules" 893
"../../../Engine/Plugins/Runtime/WebMMoviePlayer/Binaries/Win64/UnrealEditor.modules" 894
"../../../Engine/Plugins/Media/WebMMedia/Binaries/Win64/UnrealEditor.modules" 895
"../../../Engine/Plugins/Runtime/SoundFields/Binaries/Win64/UnrealEditor.modules" 896
"../../../Engine/Plugins/Runtime/WindowsDeviceProfileSelector/Binaries/Win64/UnrealEditor.modules" 897
"../../../Engine/Plugins/Runtime/WindowsMoviePlayer/Binaries/Win64/UnrealEditor.modules" 898
"../../../Engine/Plugins/Enterprise/DatasmithContent/Binaries/Win64/UnrealEditor.modules" 899
"../../../Engine/Plugins/Enterprise/GLTFExporter/Binaries/Win64/UnrealEditor.modules" 900
"../../../Engine/Plugins/2D/Paper2D/Binaries/Win64/UnrealEditor.modules" 901
"../../../Engine/Plugins/Editor/ObjectMixer/LightMixer/Binaries/Win64/UnrealEditor.modules" 902
"../../../Engine/Plugins/Editor/ObjectMixer/ObjectMixer/Binaries/Win64/UnrealEditor.modules" 903
"../../../Engine/Plugins/Editor/ContentBrowser/ContentBrowserClassDataSource/Binaries/Win64/UnrealEditor.modules" 904
"../../../Engine/Plugins/Runtime/Windows/XInputDevice/Binaries/Win64/UnrealEditor.modules" 905
"../../../Engine/Plugins/Editor/Localization/PortableObjectFileDataSource/Binaries/Win64/UnrealEditor.modules" 906
"C:/24CI0412MP/Plugins/VisualStudioTools/Binaries/Win64/UnrealEditor.modules" 907
"../../../Engine/Config/BaseSourceControlSettings.ini" 908
"C:/Users/Owner/AppData/Local/UnrealEngine/5.4/Saved/Config/WindowsEditor/SourceControlSettings.ini" 909
"../../../Engine/Content/Internationalization/icudt64l/coll/ucadata.icu" 910
"../../../Engine/Content/Internationalization/icudt64l/coll/ja.res" 911
"../../../Engine/Content/Internationalization/icudt64l/coll/root.res" 912
"../../../Engine/Content/Certificates/ThirdParty/cacert.pem" 913
"../../../Engine/Config/ConsoleVariables.ini" 914
"../../../Engine/Binaries/Win64/Android/UnrealEditor.modules" 915
"../../../Engine/Binaries/Win64/IOS/UnrealEditor.modules" 916
"../../../Engine/Binaries/Win64/Linux/UnrealEditor.modules" 917
"../../../Engine/Binaries/Win64/LinuxArm64/UnrealEditor.modules" 918
"../../../Engine/Content/Localization/Editor/ja/Editor.locres" 919
"../../../Engine/Content/Localization/EditorTutorials/ja/EditorTutorials.locres" 920
"../../../Engine/Content/Localization/Keywords/ja/Keywords.locres" 921
"../../../Engine/Content/Localization/Category/ja/Category.locres" 922
"../../../Engine/Content/Localization/ToolTips/ja/ToolTips.locres" 923
"../../../Engine/Content/Localization/PropertyNames/ja/PropertyNames.locres" 924
"../../../Engine/Content/Localization/Engine/ja/Engine.locres" 925
"../../../Engine/Plugins/Online/OnlineSubsystem/Content/Localization/OnlineSubsystem/ja/OnlineSubsystem.locres" 926
"../../../Engine/Plugins/Online/OnlineSubsystemUtils/Content/Localization/OnlineSubsystemUtils/ja/OnlineSubsystemUtils.locres" 927
"../../../Engine/Plugins/Online/Android/OnlineSubsystemGooglePlay/Content/Localization/OnlineSubsystemGooglePlay/ja/OnlineSubsystemGooglePlay.locres" 928
"../../../Engine/Plugins/Online/IOS/OnlineSubsystemIOS/Content/Localization/OnlineSubsystemIOS/ja/OnlineSubsystemIOS.locres" 929
"../../../Engine/Content/Internationalization/icudt64l/numberingSystems.res" 930
"../../../Engine/Content/Internationalization/icudt64l/curr/supplementalData.res" 931
"../../../Engine/Content/Internationalization/icudt64l/curr/ja_JP.res" 932
"../../../Engine/Content/Internationalization/icudt64l/curr/pool.res" 933
"../../../Engine/Content/Internationalization/icudt64l/curr/ja.res" 934
"../../../Engine/Content/Internationalization/icudt64l/curr/root.res" 935
"../../../Engine/Content/Internationalization/icudt64l/lang/af.res" 936
"../../../Engine/Content/Internationalization/icudt64l/region/af.res" 937
"../../../Engine/Content/Internationalization/icudt64l/lang/agq.res" 938
"../../../Engine/Content/Internationalization/icudt64l/region/agq.res" 939
"../../../Engine/Content/Internationalization/icudt64l/lang/ak.res" 940
"../../../Engine/Content/Internationalization/icudt64l/region/ak.res" 941
"../../../Engine/Content/Internationalization/icudt64l/lang/am.res" 942
"../../../Engine/Content/Internationalization/icudt64l/region/am.res" 943
"../../../Engine/Content/Internationalization/icudt64l/lang/ar.res" 944
"../../../Engine/Content/Internationalization/icudt64l/region/ar.res" 945
"../../../Engine/Content/Internationalization/icudt64l/region/ar_AE.res" 946
"../../../Engine/Content/Internationalization/icudt64l/lang/ar_EG.res" 947
"../../../Engine/Content/Internationalization/icudt64l/lang/ar_LY.res" 948
"../../../Engine/Content/Internationalization/icudt64l/region/ar_LY.res" 949
"../../../Engine/Content/Internationalization/icudt64l/lang/ar_SA.res" 950
"../../../Engine/Content/Internationalization/icudt64l/region/ar_SA.res" 951
"../../../Engine/Content/Internationalization/icudt64l/lang/as.res" 952
"../../../Engine/Content/Internationalization/icudt64l/region/as.res" 953
"../../../Engine/Content/Internationalization/icudt64l/lang/asa.res" 954
"../../../Engine/Content/Internationalization/icudt64l/region/asa.res" 955
"../../../Engine/Content/Internationalization/icudt64l/lang/ast.res" 956
"../../../Engine/Content/Internationalization/icudt64l/region/ast.res" 957
"../../../Engine/Content/Internationalization/icudt64l/lang/az.res" 958
"../../../Engine/Content/Internationalization/icudt64l/lang/az_Cyrl.res" 959
"../../../Engine/Content/Internationalization/icudt64l/lang/az_AZ.res" 960
"../../../Engine/Content/Internationalization/icudt64l/lang/az_Latn_AZ.res" 961
"../../../Engine/Content/Internationalization/icudt64l/lang/az_Latn.res" 962
"../../../Engine/Content/Internationalization/icudt64l/region/az_AZ.res" 963
"../../../Engine/Content/Internationalization/icudt64l/region/az_Latn_AZ.res" 964
"../../../Engine/Content/Internationalization/icudt64l/region/az_Latn.res" 965
"../../../Engine/Content/Internationalization/icudt64l/region/az.res" 966
"../../../Engine/Content/Internationalization/icudt64l/region/az_Cyrl.res" 967
"../../../Engine/Content/Internationalization/icudt64l/lang/bas.res" 968
"../../../Engine/Content/Internationalization/icudt64l/region/bas.res" 969
"../../../Engine/Content/Internationalization/icudt64l/lang/be.res" 970
"../../../Engine/Content/Internationalization/icudt64l/region/be.res" 971
"../../../Engine/Content/Internationalization/icudt64l/lang/bem.res" 972
"../../../Engine/Content/Internationalization/icudt64l/region/bem.res" 973
"../../../Engine/Content/Internationalization/icudt64l/lang/bez.res" 974
"../../../Engine/Content/Internationalization/icudt64l/region/bez.res" 975
"../../../Engine/Content/Internationalization/icudt64l/lang/bg.res" 976
"../../../Engine/Content/Internationalization/icudt64l/region/bg.res" 977
"../../../Engine/Content/Internationalization/icudt64l/lang/bm.res" 978
"../../../Engine/Content/Internationalization/icudt64l/region/bm.res" 979
"../../../Engine/Content/Internationalization/icudt64l/lang/bn.res" 980
"../../../Engine/Content/Internationalization/icudt64l/region/bn.res" 981
"../../../Engine/Content/Internationalization/icudt64l/lang/bn_IN.res" 982
"../../../Engine/Content/Internationalization/icudt64l/region/bn_IN.res" 983
"../../../Engine/Content/Internationalization/icudt64l/lang/bo.res" 984
"../../../Engine/Content/Internationalization/icudt64l/region/bo.res" 985
"../../../Engine/Content/Internationalization/icudt64l/region/bo_IN.res" 986
"../../../Engine/Content/Internationalization/icudt64l/lang/br.res" 987
"../../../Engine/Content/Internationalization/icudt64l/region/br.res" 988
"../../../Engine/Content/Internationalization/icudt64l/lang/brx.res" 989
"../../../Engine/Content/Internationalization/icudt64l/region/brx.res" 990
"../../../Engine/Content/Internationalization/icudt64l/lang/bs.res" 991
"../../../Engine/Content/Internationalization/icudt64l/lang/bs_Cyrl.res" 992
"../../../Engine/Content/Internationalization/icudt64l/lang/bs_BA.res" 993
"../../../Engine/Content/Internationalization/icudt64l/lang/bs_Latn_BA.res" 994
"../../../Engine/Content/Internationalization/icudt64l/lang/bs_Latn.res" 995
"../../../Engine/Content/Internationalization/icudt64l/region/bs_BA.res" 996
"../../../Engine/Content/Internationalization/icudt64l/region/bs_Latn_BA.res" 997
"../../../Engine/Content/Internationalization/icudt64l/region/bs_Latn.res" 998
"../../../Engine/Content/Internationalization/icudt64l/region/bs.res" 999
"../../../Engine/Content/Internationalization/icudt64l/region/bs_Cyrl.res" 1000
"../../../Engine/Content/Internationalization/icudt64l/lang/ca.res" 1001
"../../../Engine/Content/Internationalization/icudt64l/region/ca.res" 1002
"../../../Engine/Content/Internationalization/icudt64l/lang/ccp.res" 1003
"../../../Engine/Content/Internationalization/icudt64l/region/ccp.res" 1004
"../../../Engine/Content/Internationalization/icudt64l/lang/ce.res" 1005
"../../../Engine/Content/Internationalization/icudt64l/region/ce.res" 1006
"../../../Engine/Content/Internationalization/icudt64l/lang/ceb.res" 1007
"../../../Engine/Content/Internationalization/icudt64l/region/ceb.res" 1008
"../../../Engine/Content/Internationalization/icudt64l/lang/cgg.res" 1009
"../../../Engine/Content/Internationalization/icudt64l/region/cgg.res" 1010
"../../../Engine/Content/Internationalization/icudt64l/lang/chr.res" 1011
"../../../Engine/Content/Internationalization/icudt64l/region/chr.res" 1012
"../../../Engine/Content/Internationalization/icudt64l/lang/ckb.res" 1013
"../../../Engine/Content/Internationalization/icudt64l/region/ckb.res" 1014
"../../../Engine/Content/Internationalization/icudt64l/lang/cs.res" 1015
"../../../Engine/Content/Internationalization/icudt64l/region/cs.res" 1016
"../../../Engine/Content/Internationalization/icudt64l/lang/cy.res" 1017
"../../../Engine/Content/Internationalization/icudt64l/region/cy.res" 1018
"../../../Engine/Content/Internationalization/icudt64l/lang/da.res" 1019
"../../../Engine/Content/Internationalization/icudt64l/region/da.res" 1020
"../../../Engine/Content/Internationalization/icudt64l/lang/dav.res" 1021
"../../../Engine/Content/Internationalization/icudt64l/region/dav.res" 1022
"../../../Engine/Content/Internationalization/icudt64l/lang/de.res" 1023
"../../../Engine/Content/Internationalization/icudt64l/lang/de_AT.res" 1024
"../../../Engine/Content/Internationalization/icudt64l/region/de_AT.res" 1025
"../../../Engine/Content/Internationalization/icudt64l/region/de.res" 1026
"../../../Engine/Content/Internationalization/icudt64l/lang/de_CH.res" 1027
"../../../Engine/Content/Internationalization/icudt64l/region/de_CH.res" 1028
"../../../Engine/Content/Internationalization/icudt64l/lang/de_LU.res" 1029
"../../../Engine/Content/Internationalization/icudt64l/lang/dje.res" 1030
"../../../Engine/Content/Internationalization/icudt64l/region/dje.res" 1031
"../../../Engine/Content/Internationalization/icudt64l/lang/dsb.res" 1032
"../../../Engine/Content/Internationalization/icudt64l/region/dsb.res" 1033
"../../../Engine/Content/Internationalization/icudt64l/lang/dua.res" 1034
"../../../Engine/Content/Internationalization/icudt64l/region/dua.res" 1035
"../../../Engine/Content/Internationalization/icudt64l/lang/dyo.res" 1036
"../../../Engine/Content/Internationalization/icudt64l/region/dyo.res" 1037
"../../../Engine/Content/Internationalization/icudt64l/lang/dz.res" 1038
"../../../Engine/Content/Internationalization/icudt64l/region/dz.res" 1039
"../../../Engine/Content/Internationalization/icudt64l/lang/ebu.res" 1040
"../../../Engine/Content/Internationalization/icudt64l/region/ebu.res" 1041
"../../../Engine/Content/Internationalization/icudt64l/lang/ee.res" 1042
"../../../Engine/Content/Internationalization/icudt64l/region/ee.res" 1043
"../../../Engine/Content/Internationalization/icudt64l/lang/el.res" 1044
"../../../Engine/Content/Internationalization/icudt64l/region/el.res" 1045
"../../../Engine/Content/Internationalization/icudt64l/lang/en_001.res" 1046
"../../../Engine/Content/Internationalization/icudt64l/lang/en_150.res" 1047
"../../../Engine/Content/Internationalization/icudt64l/region/en_150.res" 1048
"../../../Engine/Content/Internationalization/icudt64l/lang/en_AG.res" 1049
"../../../Engine/Content/Internationalization/icudt64l/region/en_AG.res" 1050
"../../../Engine/Content/Internationalization/icudt64l/lang/en_AI.res" 1051
"../../../Engine/Content/Internationalization/icudt64l/region/en_AI.res" 1052
"../../../Engine/Content/Internationalization/icudt64l/lang/en_AT.res" 1053
"../../../Engine/Content/Internationalization/icudt64l/region/en_AT.res" 1054
"../../../Engine/Content/Internationalization/icudt64l/lang/en_AU.res" 1055
"../../../Engine/Content/Internationalization/icudt64l/region/en_AU.res" 1056
"../../../Engine/Content/Internationalization/icudt64l/lang/en_BB.res" 1057
"../../../Engine/Content/Internationalization/icudt64l/region/en_BB.res" 1058
"../../../Engine/Content/Internationalization/icudt64l/lang/en_BE.res" 1059
"../../../Engine/Content/Internationalization/icudt64l/region/en_BE.res" 1060
"../../../Engine/Content/Internationalization/icudt64l/lang/en_BM.res" 1061
"../../../Engine/Content/Internationalization/icudt64l/region/en_BM.res" 1062
"../../../Engine/Content/Internationalization/icudt64l/lang/en_BS.res" 1063
"../../../Engine/Content/Internationalization/icudt64l/region/en_BS.res" 1064
"../../../Engine/Content/Internationalization/icudt64l/lang/en_BW.res" 1065
"../../../Engine/Content/Internationalization/icudt64l/region/en_BW.res" 1066
"../../../Engine/Content/Internationalization/icudt64l/lang/en_BZ.res" 1067
"../../../Engine/Content/Internationalization/icudt64l/region/en_BZ.res" 1068
"../../../Engine/Content/Internationalization/icudt64l/lang/en_CA.res" 1069
"../../../Engine/Content/Internationalization/icudt64l/region/en_CA.res" 1070
"../../../Engine/Content/Internationalization/icudt64l/lang/en_CC.res" 1071
"../../../Engine/Content/Internationalization/icudt64l/region/en_CC.res" 1072
"../../../Engine/Content/Internationalization/icudt64l/lang/en_CH.res" 1073
"../../../Engine/Content/Internationalization/icudt64l/region/en_CH.res" 1074
"../../../Engine/Content/Internationalization/icudt64l/lang/en_CK.res" 1075
"../../../Engine/Content/Internationalization/icudt64l/region/en_CK.res" 1076
"../../../Engine/Content/Internationalization/icudt64l/lang/en_CM.res" 1077
"../../../Engine/Content/Internationalization/icudt64l/region/en_CM.res" 1078
"../../../Engine/Content/Internationalization/icudt64l/lang/en_CX.res" 1079
"../../../Engine/Content/Internationalization/icudt64l/region/en_CX.res" 1080
"../../../Engine/Content/Internationalization/icudt64l/lang/en_CY.res" 1081
"../../../Engine/Content/Internationalization/icudt64l/region/en_CY.res" 1082
"../../../Engine/Content/Internationalization/icudt64l/lang/en_DE.res" 1083
"../../../Engine/Content/Internationalization/icudt64l/region/en_DE.res" 1084
"../../../Engine/Content/Internationalization/icudt64l/lang/en_DG.res" 1085
"../../../Engine/Content/Internationalization/icudt64l/region/en_DG.res" 1086
"../../../Engine/Content/Internationalization/icudt64l/lang/en_DK.res" 1087
"../../../Engine/Content/Internationalization/icudt64l/region/en_DK.res" 1088
"../../../Engine/Content/Internationalization/icudt64l/lang/en_DM.res" 1089
"../../../Engine/Content/Internationalization/icudt64l/region/en_DM.res" 1090
"../../../Engine/Content/Internationalization/icudt64l/lang/en_ER.res" 1091
"../../../Engine/Content/Internationalization/icudt64l/region/en_ER.res" 1092
"../../../Engine/Content/Internationalization/icudt64l/lang/en_FI.res" 1093
"../../../Engine/Content/Internationalization/icudt64l/region/en_FI.res" 1094
"../../../Engine/Content/Internationalization/icudt64l/lang/en_FJ.res" 1095
"../../../Engine/Content/Internationalization/icudt64l/region/en_FJ.res" 1096
"../../../Engine/Content/Internationalization/icudt64l/lang/en_FK.res" 1097
"../../../Engine/Content/Internationalization/icudt64l/region/en_FK.res" 1098
"../../../Engine/Content/Internationalization/icudt64l/lang/en_FM.res" 1099
"../../../Engine/Content/Internationalization/icudt64l/region/en_FM.res" 1100
"../../../Engine/Content/Internationalization/icudt64l/lang/en_GB.res" 1101
"../../../Engine/Content/Internationalization/icudt64l/region/en_GB.res" 1102
"../../../Engine/Content/Internationalization/icudt64l/lang/en_GD.res" 1103
"../../../Engine/Content/Internationalization/icudt64l/region/en_GD.res" 1104
"../../../Engine/Content/Internationalization/icudt64l/lang/en_GG.res" 1105
"../../../Engine/Content/Internationalization/icudt64l/region/en_GG.res" 1106
"../../../Engine/Content/Internationalization/icudt64l/lang/en_GH.res" 1107
"../../../Engine/Content/Internationalization/icudt64l/region/en_GH.res" 1108
"../../../Engine/Content/Internationalization/icudt64l/lang/en_GI.res" 1109
"../../../Engine/Content/Internationalization/icudt64l/region/en_GI.res" 1110
"../../../Engine/Content/Internationalization/icudt64l/lang/en_GM.res" 1111
"../../../Engine/Content/Internationalization/icudt64l/region/en_GM.res" 1112
"../../../Engine/Content/Internationalization/icudt64l/lang/en_GY.res" 1113
"../../../Engine/Content/Internationalization/icudt64l/region/en_GY.res" 1114
"../../../Engine/Content/Internationalization/icudt64l/lang/en_HK.res" 1115
"../../../Engine/Content/Internationalization/icudt64l/region/en_HK.res" 1116
"../../../Engine/Content/Internationalization/icudt64l/lang/en_IE.res" 1117
"../../../Engine/Content/Internationalization/icudt64l/region/en_IE.res" 1118
"../../../Engine/Content/Internationalization/icudt64l/lang/en_IL.res" 1119
"../../../Engine/Content/Internationalization/icudt64l/region/en_IL.res" 1120
"../../../Engine/Content/Internationalization/icudt64l/lang/en_IM.res" 1121
"../../../Engine/Content/Internationalization/icudt64l/region/en_IM.res" 1122
"../../../Engine/Content/Internationalization/icudt64l/lang/en_IN.res" 1123
"../../../Engine/Content/Internationalization/icudt64l/region/en_IN.res" 1124
"../../../Engine/Content/Internationalization/icudt64l/lang/en_IO.res" 1125
"../../../Engine/Content/Internationalization/icudt64l/region/en_IO.res" 1126
"../../../Engine/Content/Internationalization/icudt64l/lang/en_JE.res" 1127
"../../../Engine/Content/Internationalization/icudt64l/region/en_JE.res" 1128
"../../../Engine/Content/Internationalization/icudt64l/lang/en_JM.res" 1129
"../../../Engine/Content/Internationalization/icudt64l/region/en_JM.res" 1130
"../../../Engine/Content/Internationalization/icudt64l/lang/en_KE.res" 1131
"../../../Engine/Content/Internationalization/icudt64l/region/en_KE.res" 1132
"../../../Engine/Content/Internationalization/icudt64l/lang/en_KI.res" 1133
"../../../Engine/Content/Internationalization/icudt64l/region/en_KI.res" 1134
"../../../Engine/Content/Internationalization/icudt64l/lang/en_KN.res" 1135
"../../../Engine/Content/Internationalization/icudt64l/region/en_KN.res" 1136
"../../../Engine/Content/Internationalization/icudt64l/lang/en_KY.res" 1137
"../../../Engine/Content/Internationalization/icudt64l/region/en_KY.res" 1138
"../../../Engine/Content/Internationalization/icudt64l/lang/en_LC.res" 1139
"../../../Engine/Content/Internationalization/icudt64l/region/en_LC.res" 1140
"../../../Engine/Content/Internationalization/icudt64l/lang/en_LR.res" 1141
"../../../Engine/Content/Internationalization/icudt64l/region/en_LR.res" 1142
"../../../Engine/Content/Internationalization/icudt64l/lang/en_LS.res" 1143
"../../../Engine/Content/Internationalization/icudt64l/region/en_LS.res" 1144
"../../../Engine/Content/Internationalization/icudt64l/lang/en_MG.res" 1145
"../../../Engine/Content/Internationalization/icudt64l/region/en_MG.res" 1146
"../../../Engine/Content/Internationalization/icudt64l/lang/en_MO.res" 1147
"../../../Engine/Content/Internationalization/icudt64l/region/en_MO.res" 1148
"../../../Engine/Content/Internationalization/icudt64l/lang/en_MS.res" 1149
"../../../Engine/Content/Internationalization/icudt64l/region/en_MS.res" 1150
"../../../Engine/Content/Internationalization/icudt64l/lang/en_MT.res" 1151
"../../../Engine/Content/Internationalization/icudt64l/region/en_MT.res" 1152
"../../../Engine/Content/Internationalization/icudt64l/lang/en_MU.res" 1153
"../../../Engine/Content/Internationalization/icudt64l/region/en_MU.res" 1154
"../../../Engine/Content/Internationalization/icudt64l/lang/en_MW.res" 1155
"../../../Engine/Content/Internationalization/icudt64l/region/en_MW.res" 1156
"../../../Engine/Content/Internationalization/icudt64l/lang/en_MY.res" 1157
"../../../Engine/Content/Internationalization/icudt64l/region/en_MY.res" 1158
"../../../Engine/Content/Internationalization/icudt64l/lang/en_NA.res" 1159
"../../../Engine/Content/Internationalization/icudt64l/region/en_NA.res" 1160
"../../../Engine/Content/Internationalization/icudt64l/lang/en_NF.res" 1161
"../../../Engine/Content/Internationalization/icudt64l/region/en_NF.res" 1162
"../../../Engine/Content/Internationalization/icudt64l/lang/en_NG.res" 1163
"../../../Engine/Content/Internationalization/icudt64l/region/en_NG.res" 1164
"../../../Engine/Content/Internationalization/icudt64l/lang/en_NL.res" 1165
"../../../Engine/Content/Internationalization/icudt64l/region/en_NL.res" 1166
"../../../Engine/Content/Internationalization/icudt64l/lang/en_NR.res" 1167
"../../../Engine/Content/Internationalization/icudt64l/region/en_NR.res" 1168
"../../../Engine/Content/Internationalization/icudt64l/lang/en_NU.res" 1169
"../../../Engine/Content/Internationalization/icudt64l/region/en_NU.res" 1170
"../../../Engine/Content/Internationalization/icudt64l/lang/en_NZ.res" 1171
"../../../Engine/Content/Internationalization/icudt64l/region/en_NZ.res" 1172
"../../../Engine/Content/Internationalization/icudt64l/lang/en_PG.res" 1173
"../../../Engine/Content/Internationalization/icudt64l/region/en_PG.res" 1174
"../../../Engine/Content/Internationalization/icudt64l/lang/en_PH.res" 1175
"../../../Engine/Content/Internationalization/icudt64l/region/en_PH.res" 1176
"../../../Engine/Content/Internationalization/icudt64l/lang/en_PK.res" 1177
"../../../Engine/Content/Internationalization/icudt64l/region/en_PK.res" 1178
"../../../Engine/Content/Internationalization/icudt64l/lang/en_PN.res" 1179
"../../../Engine/Content/Internationalization/icudt64l/region/en_PN.res" 1180
"../../../Engine/Content/Internationalization/icudt64l/lang/en_PW.res" 1181
"../../../Engine/Content/Internationalization/icudt64l/region/en_PW.res" 1182
"../../../Engine/Content/Internationalization/icudt64l/lang/en_RW.res" 1183
"../../../Engine/Content/Internationalization/icudt64l/region/en_RW.res" 1184
"../../../Engine/Content/Internationalization/icudt64l/lang/en_SB.res" 1185
"../../../Engine/Content/Internationalization/icudt64l/region/en_SB.res" 1186
"../../../Engine/Content/Internationalization/icudt64l/lang/en_SC.res" 1187
"../../../Engine/Content/Internationalization/icudt64l/region/en_SC.res" 1188
"../../../Engine/Content/Internationalization/icudt64l/lang/en_SD.res" 1189
"../../../Engine/Content/Internationalization/icudt64l/region/en_SD.res" 1190
"../../../Engine/Content/Internationalization/icudt64l/lang/en_SE.res" 1191
"../../../Engine/Content/Internationalization/icudt64l/region/en_SE.res" 1192
"../../../Engine/Content/Internationalization/icudt64l/lang/en_SG.res" 1193
"../../../Engine/Content/Internationalization/icudt64l/region/en_SG.res" 1194
"../../../Engine/Content/Internationalization/icudt64l/lang/en_SH.res" 1195
"../../../Engine/Content/Internationalization/icudt64l/region/en_SH.res" 1196
"../../../Engine/Content/Internationalization/icudt64l/lang/en_SI.res" 1197
"../../../Engine/Content/Internationalization/icudt64l/region/en_SI.res" 1198
"../../../Engine/Content/Internationalization/icudt64l/lang/en_SL.res" 1199
"../../../Engine/Content/Internationalization/icudt64l/region/en_SL.res" 1200
"../../../Engine/Content/Internationalization/icudt64l/lang/en_SS.res" 1201
"../../../Engine/Content/Internationalization/icudt64l/region/en_SS.res" 1202
"../../../Engine/Content/Internationalization/icudt64l/lang/en_SX.res" 1203
"../../../Engine/Content/Internationalization/icudt64l/region/en_SX.res" 1204
"../../../Engine/Content/Internationalization/icudt64l/lang/en_SZ.res" 1205
"../../../Engine/Content/Internationalization/icudt64l/region/en_SZ.res" 1206
"../../../Engine/Content/Internationalization/icudt64l/lang/en_TC.res" 1207
"../../../Engine/Content/Internationalization/icudt64l/region/en_TC.res" 1208
"../../../Engine/Content/Internationalization/icudt64l/lang/en_TK.res" 1209
"../../../Engine/Content/Internationalization/icudt64l/region/en_TK.res" 1210
"../../../Engine/Content/Internationalization/icudt64l/lang/en_TO.res" 1211
"../../../Engine/Content/Internationalization/icudt64l/region/en_TO.res" 1212
"../../../Engine/Content/Internationalization/icudt64l/lang/en_TT.res" 1213
"../../../Engine/Content/Internationalization/icudt64l/region/en_TT.res" 1214
"../../../Engine/Content/Internationalization/icudt64l/lang/en_TV.res" 1215
"../../../Engine/Content/Internationalization/icudt64l/region/en_TV.res" 1216
"../../../Engine/Content/Internationalization/icudt64l/lang/en_TZ.res" 1217
"../../../Engine/Content/Internationalization/icudt64l/region/en_TZ.res" 1218
"../../../Engine/Content/Internationalization/icudt64l/lang/en_UG.res" 1219
"../../../Engine/Content/Internationalization/icudt64l/region/en_UG.res" 1220
"../../../Engine/Content/Internationalization/icudt64l/lang/en_VC.res" 1221
"../../../Engine/Content/Internationalization/icudt64l/region/en_VC.res" 1222
"../../../Engine/Content/Internationalization/icudt64l/lang/en_VG.res" 1223
"../../../Engine/Content/Internationalization/icudt64l/region/en_VG.res" 1224
"../../../Engine/Content/Internationalization/icudt64l/lang/en_VU.res" 1225
"../../../Engine/Content/Internationalization/icudt64l/region/en_VU.res" 1226
"../../../Engine/Content/Internationalization/icudt64l/lang/en_WS.res" 1227
"../../../Engine/Content/Internationalization/icudt64l/region/en_WS.res" 1228
"../../../Engine/Content/Internationalization/icudt64l/lang/en_ZA.res" 1229
"../../../Engine/Content/Internationalization/icudt64l/region/en_ZA.res" 1230
"../../../Engine/Content/Internationalization/icudt64l/lang/en_ZM.res" 1231
"../../../Engine/Content/Internationalization/icudt64l/region/en_ZM.res" 1232
"../../../Engine/Content/Internationalization/icudt64l/lang/en_ZW.res" 1233
"../../../Engine/Content/Internationalization/icudt64l/region/en_ZW.res" 1234
"../../../Engine/Content/Internationalization/icudt64l/lang/eo.res" 1235
"../../../Engine/Content/Internationalization/icudt64l/region/eo.res" 1236
"../../../Engine/Content/Internationalization/icudt64l/lang/es.res" 1237
"../../../Engine/Content/Internationalization/icudt64l/lang/es_419.res" 1238
"../../../Engine/Content/Internationalization/icudt64l/region/es_419.res" 1239
"../../../Engine/Content/Internationalization/icudt64l/region/es.res" 1240
"../../../Engine/Content/Internationalization/icudt64l/lang/es_AR.res" 1241
"../../../Engine/Content/Internationalization/icudt64l/region/es_AR.res" 1242
"../../../Engine/Content/Internationalization/icudt64l/lang/es_BO.res" 1243
"../../../Engine/Content/Internationalization/icudt64l/region/es_BO.res" 1244
"../../../Engine/Content/Internationalization/icudt64l/lang/es_BR.res" 1245
"../../../Engine/Content/Internationalization/icudt64l/region/es_BR.res" 1246
"../../../Engine/Content/Internationalization/icudt64l/lang/es_BZ.res" 1247
"../../../Engine/Content/Internationalization/icudt64l/region/es_BZ.res" 1248
"../../../Engine/Content/Internationalization/icudt64l/lang/es_CL.res" 1249
"../../../Engine/Content/Internationalization/icudt64l/region/es_CL.res" 1250
"../../../Engine/Content/Internationalization/icudt64l/lang/es_CO.res" 1251
"../../../Engine/Content/Internationalization/icudt64l/region/es_CO.res" 1252
"../../../Engine/Content/Internationalization/icudt64l/lang/es_CR.res" 1253
"../../../Engine/Content/Internationalization/icudt64l/region/es_CR.res" 1254
"../../../Engine/Content/Internationalization/icudt64l/lang/es_CU.res" 1255
"../../../Engine/Content/Internationalization/icudt64l/region/es_CU.res" 1256
"../../../Engine/Content/Internationalization/icudt64l/lang/es_DO.res" 1257
"../../../Engine/Content/Internationalization/icudt64l/region/es_DO.res" 1258
"../../../Engine/Content/Internationalization/icudt64l/lang/es_EC.res" 1259
"../../../Engine/Content/Internationalization/icudt64l/region/es_EC.res" 1260
"../../../Engine/Content/Internationalization/icudt64l/lang/es_GT.res" 1261
"../../../Engine/Content/Internationalization/icudt64l/region/es_GT.res" 1262
"../../../Engine/Content/Internationalization/icudt64l/lang/es_HN.res" 1263
"../../../Engine/Content/Internationalization/icudt64l/region/es_HN.res" 1264
"../../../Engine/Content/Internationalization/icudt64l/lang/es_MX.res" 1265
"../../../Engine/Content/Internationalization/icudt64l/region/es_MX.res" 1266
"../../../Engine/Content/Internationalization/icudt64l/lang/es_NI.res" 1267
"../../../Engine/Content/Internationalization/icudt64l/region/es_NI.res" 1268
"../../../Engine/Content/Internationalization/icudt64l/lang/es_PA.res" 1269
"../../../Engine/Content/Internationalization/icudt64l/region/es_PA.res" 1270
"../../../Engine/Content/Internationalization/icudt64l/lang/es_PE.res" 1271
"../../../Engine/Content/Internationalization/icudt64l/region/es_PE.res" 1272
"../../../Engine/Content/Internationalization/icudt64l/lang/es_PR.res" 1273
"../../../Engine/Content/Internationalization/icudt64l/region/es_PR.res" 1274
"../../../Engine/Content/Internationalization/icudt64l/lang/es_PY.res" 1275
"../../../Engine/Content/Internationalization/icudt64l/region/es_PY.res" 1276
"../../../Engine/Content/Internationalization/icudt64l/lang/es_SV.res" 1277
"../../../Engine/Content/Internationalization/icudt64l/region/es_SV.res" 1278
"../../../Engine/Content/Internationalization/icudt64l/lang/es_US.res" 1279
"../../../Engine/Content/Internationalization/icudt64l/region/es_US.res" 1280
"../../../Engine/Content/Internationalization/icudt64l/lang/es_UY.res" 1281
"../../../Engine/Content/Internationalization/icudt64l/region/es_UY.res" 1282
"../../../Engine/Content/Internationalization/icudt64l/lang/es_VE.res" 1283
"../../../Engine/Content/Internationalization/icudt64l/region/es_VE.res" 1284
"../../../Engine/Content/Internationalization/icudt64l/lang/et.res" 1285
"../../../Engine/Content/Internationalization/icudt64l/region/et.res" 1286
"../../../Engine/Content/Internationalization/icudt64l/lang/eu.res" 1287
"../../../Engine/Content/Internationalization/icudt64l/region/eu.res" 1288
"../../../Engine/Content/Internationalization/icudt64l/lang/ewo.res" 1289
"../../../Engine/Content/Internationalization/icudt64l/region/ewo.res" 1290
"../../../Engine/Content/Internationalization/icudt64l/lang/fa.res" 1291
"../../../Engine/Content/Internationalization/icudt64l/lang/fa_AF.res" 1292
"../../../Engine/Content/Internationalization/icudt64l/region/fa_AF.res" 1293
"../../../Engine/Content/Internationalization/icudt64l/region/fa.res" 1294
"../../../Engine/Content/Internationalization/icudt64l/lang/ff.res" 1295
"../../../Engine/Content/Internationalization/icudt64l/lang/ff_Latn.res" 1296
"../../../Engine/Content/Internationalization/icudt64l/region/ff.res" 1297
"../../../Engine/Content/Internationalization/icudt64l/region/ff_Latn.res" 1298
"../../../Engine/Content/Internationalization/icudt64l/lang/ff_CM.res" 1299
"../../../Engine/Content/Internationalization/icudt64l/lang/ff_Latn_CM.res" 1300
"../../../Engine/Content/Internationalization/icudt64l/region/ff_CM.res" 1301
"../../../Engine/Content/Internationalization/icudt64l/region/ff_Latn_CM.res" 1302
"../../../Engine/Content/Internationalization/icudt64l/lang/ff_GN.res" 1303
"../../../Engine/Content/Internationalization/icudt64l/lang/ff_Latn_GN.res" 1304
"../../../Engine/Content/Internationalization/icudt64l/region/ff_GN.res" 1305
"../../../Engine/Content/Internationalization/icudt64l/region/ff_Latn_GN.res" 1306
"../../../Engine/Content/Internationalization/icudt64l/lang/ff_MR.res" 1307
"../../../Engine/Content/Internationalization/icudt64l/lang/ff_Latn_MR.res" 1308
"../../../Engine/Content/Internationalization/icudt64l/region/ff_MR.res" 1309
"../../../Engine/Content/Internationalization/icudt64l/region/ff_Latn_MR.res" 1310
"../../../Engine/Content/Internationalization/icudt64l/lang/ff_SN.res" 1311
"../../../Engine/Content/Internationalization/icudt64l/lang/ff_Latn_SN.res" 1312
"../../../Engine/Content/Internationalization/icudt64l/region/ff_SN.res" 1313
"../../../Engine/Content/Internationalization/icudt64l/region/ff_Latn_SN.res" 1314
"../../../Engine/Content/Internationalization/icudt64l/lang/fi.res" 1315
"../../../Engine/Content/Internationalization/icudt64l/region/fi.res" 1316
"../../../Engine/Content/Internationalization/icudt64l/lang/fil.res" 1317
"../../../Engine/Content/Internationalization/icudt64l/lang/fil_PH.res" 1318
"../../../Engine/Content/Internationalization/icudt64l/region/fil_PH.res" 1319
"../../../Engine/Content/Internationalization/icudt64l/region/fil.res" 1320
"../../../Engine/Content/Internationalization/icudt64l/lang/fo.res" 1321
"../../../Engine/Content/Internationalization/icudt64l/region/fo.res" 1322
"../../../Engine/Content/Internationalization/icudt64l/lang/fr.res" 1323
"../../../Engine/Content/Internationalization/icudt64l/lang/fr_BE.res" 1324
"../../../Engine/Content/Internationalization/icudt64l/region/fr_BE.res" 1325
"../../../Engine/Content/Internationalization/icudt64l/region/fr.res" 1326
"../../../Engine/Content/Internationalization/icudt64l/lang/fr_CA.res" 1327
"../../../Engine/Content/Internationalization/icudt64l/region/fr_CA.res" 1328
"../../../Engine/Content/Internationalization/icudt64l/lang/fr_CH.res" 1329
"../../../Engine/Content/Internationalization/icudt64l/lang/fur.res" 1330
"../../../Engine/Content/Internationalization/icudt64l/region/fur.res" 1331
"../../../Engine/Content/Internationalization/icudt64l/lang/fy.res" 1332
"../../../Engine/Content/Internationalization/icudt64l/region/fy.res" 1333
"../../../Engine/Content/Internationalization/icudt64l/lang/ga.res" 1334
"../../../Engine/Content/Internationalization/icudt64l/region/ga.res" 1335
"../../../Engine/Content/Internationalization/icudt64l/lang/gd.res" 1336
"../../../Engine/Content/Internationalization/icudt64l/region/gd.res" 1337
"../../../Engine/Content/Internationalization/icudt64l/lang/gl.res" 1338
"../../../Engine/Content/Internationalization/icudt64l/region/gl.res" 1339
"../../../Engine/Content/Internationalization/icudt64l/lang/gsw.res" 1340
"../../../Engine/Content/Internationalization/icudt64l/region/gsw.res" 1341
"../../../Engine/Content/Internationalization/icudt64l/lang/gu.res" 1342
"../../../Engine/Content/Internationalization/icudt64l/region/gu.res" 1343
"../../../Engine/Content/Internationalization/icudt64l/lang/guz.res" 1344
"../../../Engine/Content/Internationalization/icudt64l/region/guz.res" 1345
"../../../Engine/Content/Internationalization/icudt64l/lang/gv.res" 1346
"../../../Engine/Content/Internationalization/icudt64l/region/gv.res" 1347
"../../../Engine/Content/Internationalization/icudt64l/lang/ha.res" 1348
"../../../Engine/Content/Internationalization/icudt64l/region/ha.res" 1349
"../../../Engine/Content/Internationalization/icudt64l/lang/ha_NE.res" 1350
"../../../Engine/Content/Internationalization/icudt64l/region/ha_NE.res" 1351
"../../../Engine/Content/Internationalization/icudt64l/lang/haw.res" 1352
"../../../Engine/Content/Internationalization/icudt64l/region/haw.res" 1353
"../../../Engine/Content/Internationalization/icudt64l/lang/he.res" 1354
"../../../Engine/Content/Internationalization/icudt64l/lang/he_IL.res" 1355
"../../../Engine/Content/Internationalization/icudt64l/region/he_IL.res" 1356
"../../../Engine/Content/Internationalization/icudt64l/region/he.res" 1357
"../../../Engine/Content/Internationalization/icudt64l/lang/hi.res" 1358
"../../../Engine/Content/Internationalization/icudt64l/region/hi.res" 1359
"../../../Engine/Content/Internationalization/icudt64l/lang/hr.res" 1360
"../../../Engine/Content/Internationalization/icudt64l/region/hr.res" 1361
"../../../Engine/Content/Internationalization/icudt64l/lang/hsb.res" 1362
"../../../Engine/Content/Internationalization/icudt64l/region/hsb.res" 1363
"../../../Engine/Content/Internationalization/icudt64l/lang/hu.res" 1364
"../../../Engine/Content/Internationalization/icudt64l/region/hu.res" 1365
"../../../Engine/Content/Internationalization/icudt64l/lang/hy.res" 1366
"../../../Engine/Content/Internationalization/icudt64l/region/hy.res" 1367
"../../../Engine/Content/Internationalization/icudt64l/lang/ia.res" 1368
"../../../Engine/Content/Internationalization/icudt64l/region/ia.res" 1369
"../../../Engine/Content/Internationalization/icudt64l/lang/id.res" 1370
"../../../Engine/Content/Internationalization/icudt64l/lang/id_ID.res" 1371
"../../../Engine/Content/Internationalization/icudt64l/region/id_ID.res" 1372
"../../../Engine/Content/Internationalization/icudt64l/region/id.res" 1373
"../../../Engine/Content/Internationalization/icudt64l/lang/ig.res" 1374
"../../../Engine/Content/Internationalization/icudt64l/region/ig.res" 1375
"../../../Engine/Content/Internationalization/icudt64l/lang/ii.res" 1376
"../../../Engine/Content/Internationalization/icudt64l/region/ii.res" 1377
"../../../Engine/Content/Internationalization/icudt64l/lang/is.res" 1378
"../../../Engine/Content/Internationalization/icudt64l/region/is.res" 1379
"../../../Engine/Content/Internationalization/icudt64l/lang/it.res" 1380
"../../../Engine/Content/Internationalization/icudt64l/region/it.res" 1381
"../../../Engine/Content/Internationalization/icudt64l/lang/jgo.res" 1382
"../../../Engine/Content/Internationalization/icudt64l/region/jgo.res" 1383
"../../../Engine/Content/Internationalization/icudt64l/lang/jmc.res" 1384
"../../../Engine/Content/Internationalization/icudt64l/region/jmc.res" 1385
"../../../Engine/Content/Internationalization/icudt64l/lang/jv.res" 1386
"../../../Engine/Content/Internationalization/icudt64l/region/jv.res" 1387
"../../../Engine/Content/Internationalization/icudt64l/lang/ka.res" 1388
"../../../Engine/Content/Internationalization/icudt64l/region/ka.res" 1389
"../../../Engine/Content/Internationalization/icudt64l/lang/kab.res" 1390
"../../../Engine/Content/Internationalization/icudt64l/region/kab.res" 1391
"../../../Engine/Content/Internationalization/icudt64l/lang/kam.res" 1392
"../../../Engine/Content/Internationalization/icudt64l/region/kam.res" 1393
"../../../Engine/Content/Internationalization/icudt64l/lang/kde.res" 1394
"../../../Engine/Content/Internationalization/icudt64l/region/kde.res" 1395
"../../../Engine/Content/Internationalization/icudt64l/lang/kea.res" 1396
"../../../Engine/Content/Internationalization/icudt64l/region/kea.res" 1397
"../../../Engine/Content/Internationalization/icudt64l/lang/khq.res" 1398
"../../../Engine/Content/Internationalization/icudt64l/region/khq.res" 1399
"../../../Engine/Content/Internationalization/icudt64l/lang/ki.res" 1400
"../../../Engine/Content/Internationalization/icudt64l/region/ki.res" 1401
"../../../Engine/Content/Internationalization/icudt64l/lang/kk.res" 1402
"../../../Engine/Content/Internationalization/icudt64l/region/kk.res" 1403
"../../../Engine/Content/Internationalization/icudt64l/lang/kkj.res" 1404
"../../../Engine/Content/Internationalization/icudt64l/region/kkj.res" 1405
"../../../Engine/Content/Internationalization/icudt64l/lang/kl.res" 1406
"../../../Engine/Content/Internationalization/icudt64l/region/kl.res" 1407
"../../../Engine/Content/Internationalization/icudt64l/lang/kln.res" 1408
"../../../Engine/Content/Internationalization/icudt64l/region/kln.res" 1409
"../../../Engine/Content/Internationalization/icudt64l/lang/km.res" 1410
"../../../Engine/Content/Internationalization/icudt64l/region/km.res" 1411
"../../../Engine/Content/Internationalization/icudt64l/lang/kn.res" 1412
"../../../Engine/Content/Internationalization/icudt64l/region/kn.res" 1413
"../../../Engine/Content/Internationalization/icudt64l/lang/ko.res" 1414
"../../../Engine/Content/Internationalization/icudt64l/region/ko_KP.res" 1415
"../../../Engine/Content/Internationalization/icudt64l/region/ko.res" 1416
"../../../Engine/Content/Internationalization/icudt64l/lang/kok.res" 1417
"../../../Engine/Content/Internationalization/icudt64l/region/kok.res" 1418
"../../../Engine/Content/Internationalization/icudt64l/lang/ks.res" 1419
"../../../Engine/Content/Internationalization/icudt64l/region/ks.res" 1420
"../../../Engine/Content/Internationalization/icudt64l/lang/ksb.res" 1421
"../../../Engine/Content/Internationalization/icudt64l/region/ksb.res" 1422
"../../../Engine/Content/Internationalization/icudt64l/lang/ksf.res" 1423
"../../../Engine/Content/Internationalization/icudt64l/region/ksf.res" 1424
"../../../Engine/Content/Internationalization/icudt64l/lang/ksh.res" 1425
"../../../Engine/Content/Internationalization/icudt64l/region/ksh.res" 1426
"../../../Engine/Content/Internationalization/icudt64l/lang/ku.res" 1427
"../../../Engine/Content/Internationalization/icudt64l/region/ku.res" 1428
"../../../Engine/Content/Internationalization/icudt64l/lang/kw.res" 1429
"../../../Engine/Content/Internationalization/icudt64l/region/kw.res" 1430
"../../../Engine/Content/Internationalization/icudt64l/lang/ky.res" 1431
"../../../Engine/Content/Internationalization/icudt64l/region/ky.res" 1432
"../../../Engine/Content/Internationalization/icudt64l/lang/lag.res" 1433
"../../../Engine/Content/Internationalization/icudt64l/region/lag.res" 1434
"../../../Engine/Content/Internationalization/icudt64l/lang/lb.res" 1435
"../../../Engine/Content/Internationalization/icudt64l/region/lb.res" 1436
"../../../Engine/Content/Internationalization/icudt64l/lang/lg.res" 1437
"../../../Engine/Content/Internationalization/icudt64l/region/lg.res" 1438
"../../../Engine/Content/Internationalization/icudt64l/lang/lkt.res" 1439
"../../../Engine/Content/Internationalization/icudt64l/region/lkt.res" 1440
"../../../Engine/Content/Internationalization/icudt64l/lang/ln.res" 1441
"../../../Engine/Content/Internationalization/icudt64l/region/ln.res" 1442
"../../../Engine/Content/Internationalization/icudt64l/lang/lo.res" 1443
"../../../Engine/Content/Internationalization/icudt64l/region/lo.res" 1444
"../../../Engine/Content/Internationalization/icudt64l/lang/lrc.res" 1445
"../../../Engine/Content/Internationalization/icudt64l/region/lrc.res" 1446
"../../../Engine/Content/Internationalization/icudt64l/lang/lt.res" 1447
"../../../Engine/Content/Internationalization/icudt64l/region/lt.res" 1448
"../../../Engine/Content/Internationalization/icudt64l/lang/lu.res" 1449
"../../../Engine/Content/Internationalization/icudt64l/region/lu.res" 1450
"../../../Engine/Content/Internationalization/icudt64l/lang/luo.res" 1451
"../../../Engine/Content/Internationalization/icudt64l/region/luo.res" 1452
"../../../Engine/Content/Internationalization/icudt64l/lang/luy.res" 1453
"../../../Engine/Content/Internationalization/icudt64l/region/luy.res" 1454
"../../../Engine/Content/Internationalization/icudt64l/lang/lv.res" 1455
"../../../Engine/Content/Internationalization/icudt64l/region/lv.res" 1456
"../../../Engine/Content/Internationalization/icudt64l/lang/mas.res" 1457
"../../../Engine/Content/Internationalization/icudt64l/region/mas.res" 1458
"../../../Engine/Content/Internationalization/icudt64l/lang/mer.res" 1459
"../../../Engine/Content/Internationalization/icudt64l/region/mer.res" 1460
"../../../Engine/Content/Internationalization/icudt64l/lang/mfe.res" 1461
"../../../Engine/Content/Internationalization/icudt64l/region/mfe.res" 1462
"../../../Engine/Content/Internationalization/icudt64l/lang/mg.res" 1463
"../../../Engine/Content/Internationalization/icudt64l/region/mg.res" 1464
"../../../Engine/Content/Internationalization/icudt64l/lang/mgh.res" 1465
"../../../Engine/Content/Internationalization/icudt64l/region/mgh.res" 1466
"../../../Engine/Content/Internationalization/icudt64l/lang/mgo.res" 1467
"../../../Engine/Content/Internationalization/icudt64l/region/mgo.res" 1468
"../../../Engine/Content/Internationalization/icudt64l/lang/mi.res" 1469
"../../../Engine/Content/Internationalization/icudt64l/region/mi.res" 1470
"../../../Engine/Content/Internationalization/icudt64l/lang/mk.res" 1471
"../../../Engine/Content/Internationalization/icudt64l/region/mk.res" 1472
"../../../Engine/Content/Internationalization/icudt64l/lang/ml.res" 1473
"../../../Engine/Content/Internationalization/icudt64l/region/ml.res" 1474
"../../../Engine/Content/Internationalization/icudt64l/lang/mn.res" 1475
"../../../Engine/Content/Internationalization/icudt64l/region/mn.res" 1476
"../../../Engine/Content/Internationalization/icudt64l/lang/mr.res" 1477
"../../../Engine/Content/Internationalization/icudt64l/region/mr.res" 1478
"../../../Engine/Content/Internationalization/icudt64l/lang/ms.res" 1479
"../../../Engine/Content/Internationalization/icudt64l/region/ms.res" 1480
"../../../Engine/Content/Internationalization/icudt64l/lang/mt.res" 1481
"../../../Engine/Content/Internationalization/icudt64l/region/mt.res" 1482
"../../../Engine/Content/Internationalization/icudt64l/lang/mua.res" 1483
"../../../Engine/Content/Internationalization/icudt64l/region/mua.res" 1484
"../../../Engine/Content/Internationalization/icudt64l/lang/my.res" 1485
"../../../Engine/Content/Internationalization/icudt64l/region/my.res" 1486
"../../../Engine/Content/Internationalization/icudt64l/lang/mzn.res" 1487
"../../../Engine/Content/Internationalization/icudt64l/region/mzn.res" 1488
"../../../Engine/Content/Internationalization/icudt64l/lang/naq.res" 1489
"../../../Engine/Content/Internationalization/icudt64l/region/naq.res" 1490
"../../../Engine/Content/Internationalization/icudt64l/lang/nb.res" 1491
"../../../Engine/Content/Internationalization/icudt64l/lang/nb_NO.res" 1492
"../../../Engine/Content/Internationalization/icudt64l/region/nb_NO.res" 1493
"../../../Engine/Content/Internationalization/icudt64l/region/nb.res" 1494
"../../../Engine/Content/Internationalization/icudt64l/lang/nd.res" 1495
"../../../Engine/Content/Internationalization/icudt64l/region/nd.res" 1496
"../../../Engine/Content/Internationalization/icudt64l/lang/nds.res" 1497
"../../../Engine/Content/Internationalization/icudt64l/region/nds.res" 1498
"../../../Engine/Content/Internationalization/icudt64l/lang/ne.res" 1499
"../../../Engine/Content/Internationalization/icudt64l/region/ne.res" 1500
"../../../Engine/Content/Internationalization/icudt64l/lang/nl.res" 1501
"../../../Engine/Content/Internationalization/icudt64l/region/nl.res" 1502
"../../../Engine/Content/Internationalization/icudt64l/lang/nmg.res" 1503
"../../../Engine/Content/Internationalization/icudt64l/region/nmg.res" 1504
"../../../Engine/Content/Internationalization/icudt64l/lang/nn.res" 1505
"../../../Engine/Content/Internationalization/icudt64l/lang/nn_NO.res" 1506
"../../../Engine/Content/Internationalization/icudt64l/region/nn_NO.res" 1507
"../../../Engine/Content/Internationalization/icudt64l/region/nn.res" 1508
"../../../Engine/Content/Internationalization/icudt64l/lang/nnh.res" 1509
"../../../Engine/Content/Internationalization/icudt64l/region/nnh.res" 1510
"../../../Engine/Content/Internationalization/icudt64l/lang/nus.res" 1511
"../../../Engine/Content/Internationalization/icudt64l/region/nus.res" 1512
"../../../Engine/Content/Internationalization/icudt64l/lang/nyn.res" 1513
"../../../Engine/Content/Internationalization/icudt64l/region/nyn.res" 1514
"../../../Engine/Content/Internationalization/icudt64l/lang/om.res" 1515
"../../../Engine/Content/Internationalization/icudt64l/region/om.res" 1516
"../../../Engine/Content/Internationalization/icudt64l/lang/or.res" 1517
"../../../Engine/Content/Internationalization/icudt64l/region/or.res" 1518
"../../../Engine/Content/Internationalization/icudt64l/lang/os.res" 1519
"../../../Engine/Content/Internationalization/icudt64l/region/os.res" 1520
"../../../Engine/Content/Internationalization/icudt64l/lang/pa.res" 1521
"../../../Engine/Content/Internationalization/icudt64l/lang/pa_Arab.res" 1522
"../../../Engine/Content/Internationalization/icudt64l/lang/pa_PK.res" 1523
"../../../Engine/Content/Internationalization/icudt64l/lang/pa_Arab_PK.res" 1524
"../../../Engine/Content/Internationalization/icudt64l/region/pa_PK.res" 1525
"../../../Engine/Content/Internationalization/icudt64l/region/pa_Arab_PK.res" 1526
"../../../Engine/Content/Internationalization/icudt64l/region/pa_Arab.res" 1527
"../../../Engine/Content/Internationalization/icudt64l/lang/pa_Guru.res" 1528
"../../../Engine/Content/Internationalization/icudt64l/lang/pa_IN.res" 1529
"../../../Engine/Content/Internationalization/icudt64l/lang/pa_Guru_IN.res" 1530
"../../../Engine/Content/Internationalization/icudt64l/region/pa_IN.res" 1531
"../../../Engine/Content/Internationalization/icudt64l/region/pa_Guru_IN.res" 1532
"../../../Engine/Content/Internationalization/icudt64l/region/pa_Guru.res" 1533
"../../../Engine/Content/Internationalization/icudt64l/region/pa.res" 1534
"../../../Engine/Content/Internationalization/icudt64l/lang/pl.res" 1535
"../../../Engine/Content/Internationalization/icudt64l/region/pl.res" 1536
"../../../Engine/Content/Internationalization/icudt64l/lang/ps.res" 1537
"../../../Engine/Content/Internationalization/icudt64l/region/ps.res" 1538
"../../../Engine/Content/Internationalization/icudt64l/lang/ps_PK.res" 1539
"../../../Engine/Content/Internationalization/icudt64l/region/ps_PK.res" 1540
"../../../Engine/Content/Internationalization/icudt64l/lang/pt.res" 1541
"../../../Engine/Content/Internationalization/icudt64l/lang/pt_AO.res" 1542
"../../../Engine/Content/Internationalization/icudt64l/lang/pt_PT.res" 1543
"../../../Engine/Content/Internationalization/icudt64l/region/pt_AO.res" 1544
"../../../Engine/Content/Internationalization/icudt64l/region/pt_PT.res" 1545
"../../../Engine/Content/Internationalization/icudt64l/region/pt.res" 1546
"../../../Engine/Content/Internationalization/icudt64l/lang/pt_CH.res" 1547
"../../../Engine/Content/Internationalization/icudt64l/region/pt_CH.res" 1548
"../../../Engine/Content/Internationalization/icudt64l/lang/pt_CV.res" 1549
"../../../Engine/Content/Internationalization/icudt64l/region/pt_CV.res" 1550
"../../../Engine/Content/Internationalization/icudt64l/lang/pt_GQ.res" 1551
"../../../Engine/Content/Internationalization/icudt64l/region/pt_GQ.res" 1552
"../../../Engine/Content/Internationalization/icudt64l/lang/pt_GW.res" 1553
"../../../Engine/Content/Internationalization/icudt64l/region/pt_GW.res" 1554
"../../../Engine/Content/Internationalization/icudt64l/lang/pt_LU.res" 1555
"../../../Engine/Content/Internationalization/icudt64l/region/pt_LU.res" 1556
"../../../Engine/Content/Internationalization/icudt64l/lang/pt_MO.res" 1557
"../../../Engine/Content/Internationalization/icudt64l/region/pt_MO.res" 1558
"../../../Engine/Content/Internationalization/icudt64l/lang/pt_MZ.res" 1559
"../../../Engine/Content/Internationalization/icudt64l/region/pt_MZ.res" 1560
"../../../Engine/Content/Internationalization/icudt64l/lang/pt_ST.res" 1561
"../../../Engine/Content/Internationalization/icudt64l/region/pt_ST.res" 1562
"../../../Engine/Content/Internationalization/icudt64l/lang/pt_TL.res" 1563
"../../../Engine/Content/Internationalization/icudt64l/region/pt_TL.res" 1564
"../../../Engine/Content/Internationalization/icudt64l/lang/qu.res" 1565
"../../../Engine/Content/Internationalization/icudt64l/region/qu.res" 1566
"../../../Engine/Content/Internationalization/icudt64l/lang/rm.res" 1567
"../../../Engine/Content/Internationalization/icudt64l/region/rm.res" 1568
"../../../Engine/Content/Internationalization/icudt64l/lang/rn.res" 1569
"../../../Engine/Content/Internationalization/icudt64l/region/rn.res" 1570
"../../../Engine/Content/Internationalization/icudt64l/lang/ro.res" 1571
"../../../Engine/Content/Internationalization/icudt64l/lang/ro_MD.res" 1572
"../../../Engine/Content/Internationalization/icudt64l/region/ro_MD.res" 1573
"../../../Engine/Content/Internationalization/icudt64l/region/ro.res" 1574
"../../../Engine/Content/Internationalization/icudt64l/lang/rof.res" 1575
"../../../Engine/Content/Internationalization/icudt64l/region/rof.res" 1576
"../../../Engine/Content/Internationalization/icudt64l/lang/ru.res" 1577
"../../../Engine/Content/Internationalization/icudt64l/region/ru.res" 1578
"../../../Engine/Content/Internationalization/icudt64l/region/ru_UA.res" 1579
"../../../Engine/Content/Internationalization/icudt64l/lang/rw.res" 1580
"../../../Engine/Content/Internationalization/icudt64l/region/rw.res" 1581
"../../../Engine/Content/Internationalization/icudt64l/lang/rwk.res" 1582
"../../../Engine/Content/Internationalization/icudt64l/region/rwk.res" 1583
"../../../Engine/Content/Internationalization/icudt64l/lang/sah.res" 1584
"../../../Engine/Content/Internationalization/icudt64l/region/sah.res" 1585
"../../../Engine/Content/Internationalization/icudt64l/lang/saq.res" 1586
"../../../Engine/Content/Internationalization/icudt64l/region/saq.res" 1587
"../../../Engine/Content/Internationalization/icudt64l/lang/sbp.res" 1588
"../../../Engine/Content/Internationalization/icudt64l/region/sbp.res" 1589
"../../../Engine/Content/Internationalization/icudt64l/lang/sd.res" 1590
"../../../Engine/Content/Internationalization/icudt64l/region/sd.res" 1591
"../../../Engine/Content/Internationalization/icudt64l/lang/se.res" 1592
"../../../Engine/Content/Internationalization/icudt64l/lang/se_FI.res" 1593
"../../../Engine/Content/Internationalization/icudt64l/region/se_FI.res" 1594
"../../../Engine/Content/Internationalization/icudt64l/region/se.res" 1595
"../../../Engine/Content/Internationalization/icudt64l/lang/seh.res" 1596
"../../../Engine/Content/Internationalization/icudt64l/region/seh.res" 1597
"../../../Engine/Content/Internationalization/icudt64l/lang/ses.res" 1598
"../../../Engine/Content/Internationalization/icudt64l/region/ses.res" 1599
"../../../Engine/Content/Internationalization/icudt64l/lang/sg.res" 1600
"../../../Engine/Content/Internationalization/icudt64l/region/sg.res" 1601
"../../../Engine/Content/Internationalization/icudt64l/lang/shi.res" 1602
"../../../Engine/Content/Internationalization/icudt64l/lang/shi_Latn.res" 1603
"../../../Engine/Content/Internationalization/icudt64l/lang/shi_MA.res" 1604
"../../../Engine/Content/Internationalization/icudt64l/lang/shi_Tfng_MA.res" 1605
"../../../Engine/Content/Internationalization/icudt64l/lang/shi_Tfng.res" 1606
"../../../Engine/Content/Internationalization/icudt64l/region/shi_MA.res" 1607
"../../../Engine/Content/Internationalization/icudt64l/region/shi_Tfng_MA.res" 1608
"../../../Engine/Content/Internationalization/icudt64l/region/shi_Tfng.res" 1609
"../../../Engine/Content/Internationalization/icudt64l/region/shi.res" 1610
"../../../Engine/Content/Internationalization/icudt64l/region/shi_Latn.res" 1611
"../../../Engine/Content/Internationalization/icudt64l/lang/si.res" 1612
"../../../Engine/Content/Internationalization/icudt64l/region/si.res" 1613
"../../../Engine/Content/Internationalization/icudt64l/lang/sk.res" 1614
"../../../Engine/Content/Internationalization/icudt64l/region/sk.res" 1615
"../../../Engine/Content/Internationalization/icudt64l/lang/sl.res" 1616
"../../../Engine/Content/Internationalization/icudt64l/region/sl.res" 1617
"../../../Engine/Content/Internationalization/icudt64l/lang/smn.res" 1618
"../../../Engine/Content/Internationalization/icudt64l/region/smn.res" 1619
"../../../Engine/Content/Internationalization/icudt64l/lang/sn.res" 1620
"../../../Engine/Content/Internationalization/icudt64l/region/sn.res" 1621
"../../../Engine/Content/Internationalization/icudt64l/lang/so.res" 1622
"../../../Engine/Content/Internationalization/icudt64l/region/so.res" 1623
"../../../Engine/Content/Internationalization/icudt64l/lang/sq.res" 1624
"../../../Engine/Content/Internationalization/icudt64l/region/sq.res" 1625
"../../../Engine/Content/Internationalization/icudt64l/lang/sr.res" 1626
"../../../Engine/Content/Internationalization/icudt64l/lang/sr_Cyrl.res" 1627
"../../../Engine/Content/Internationalization/icudt64l/lang/sr_BA.res" 1628
"../../../Engine/Content/Internationalization/icudt64l/lang/sr_Cyrl_BA.res" 1629
"../../../Engine/Content/Internationalization/icudt64l/region/sr_BA.res" 1630
"../../../Engine/Content/Internationalization/icudt64l/region/sr_Cyrl_BA.res" 1631
"../../../Engine/Content/Internationalization/icudt64l/region/sr_Cyrl.res" 1632
"../../../Engine/Content/Internationalization/icudt64l/region/sr.res" 1633
"../../../Engine/Content/Internationalization/icudt64l/lang/sr_ME.res" 1634
"../../../Engine/Content/Internationalization/icudt64l/lang/sr_Latn_ME.res" 1635
"../../../Engine/Content/Internationalization/icudt64l/lang/sr_Latn.res" 1636
"../../../Engine/Content/Internationalization/icudt64l/region/sr_ME.res" 1637
"../../../Engine/Content/Internationalization/icudt64l/region/sr_Latn_ME.res" 1638
"../../../Engine/Content/Internationalization/icudt64l/region/sr_Latn.res" 1639
"../../../Engine/Content/Internationalization/icudt64l/lang/sr_Cyrl_ME.res" 1640
"../../../Engine/Content/Internationalization/icudt64l/region/sr_Cyrl_ME.res" 1641
"../../../Engine/Content/Internationalization/icudt64l/lang/sr_RS.res" 1642
"../../../Engine/Content/Internationalization/icudt64l/lang/sr_Cyrl_RS.res" 1643
"../../../Engine/Content/Internationalization/icudt64l/region/sr_RS.res" 1644
"../../../Engine/Content/Internationalization/icudt64l/region/sr_Cyrl_RS.res" 1645
"../../../Engine/Content/Internationalization/icudt64l/lang/sr_XK.res" 1646
"../../../Engine/Content/Internationalization/icudt64l/lang/sr_Cyrl_XK.res" 1647
"../../../Engine/Content/Internationalization/icudt64l/region/sr_XK.res" 1648
"../../../Engine/Content/Internationalization/icudt64l/region/sr_Cyrl_XK.res" 1649
"../../../Engine/Content/Internationalization/icudt64l/lang/sr_Latn_BA.res" 1650
"../../../Engine/Content/Internationalization/icudt64l/region/sr_Latn_BA.res" 1651
"../../../Engine/Content/Internationalization/icudt64l/lang/sr_Latn_RS.res" 1652
"../../../Engine/Content/Internationalization/icudt64l/region/sr_Latn_RS.res" 1653
"../../../Engine/Content/Internationalization/icudt64l/lang/sr_Latn_XK.res" 1654
"../../../Engine/Content/Internationalization/icudt64l/region/sr_Latn_XK.res" 1655
"../../../Engine/Content/Internationalization/icudt64l/lang/sv.res" 1656
"../../../Engine/Content/Internationalization/icudt64l/region/sv.res" 1657
"../../../Engine/Content/Internationalization/icudt64l/lang/sv_FI.res" 1658
"../../../Engine/Content/Internationalization/icudt64l/lang/sw.res" 1659
"../../../Engine/Content/Internationalization/icudt64l/lang/sw_CD.res" 1660
"../../../Engine/Content/Internationalization/icudt64l/region/sw_CD.res" 1661
"../../../Engine/Content/Internationalization/icudt64l/region/sw.res" 1662
"../../../Engine/Content/Internationalization/icudt64l/lang/sw_KE.res" 1663
"../../../Engine/Content/Internationalization/icudt64l/region/sw_KE.res" 1664
"../../../Engine/Content/Internationalization/icudt64l/lang/ta.res" 1665
"../../../Engine/Content/Internationalization/icudt64l/region/ta.res" 1666
"../../../Engine/Content/Internationalization/icudt64l/lang/te.res" 1667
"../../../Engine/Content/Internationalization/icudt64l/region/te.res" 1668
"../../../Engine/Content/Internationalization/icudt64l/lang/teo.res" 1669
"../../../Engine/Content/Internationalization/icudt64l/region/teo.res" 1670
"../../../Engine/Content/Internationalization/icudt64l/lang/tg.res" 1671
"../../../Engine/Content/Internationalization/icudt64l/region/tg.res" 1672
"../../../Engine/Content/Internationalization/icudt64l/lang/th.res" 1673
"../../../Engine/Content/Internationalization/icudt64l/lang/th_TH.res" 1674
"../../../Engine/Content/Internationalization/icudt64l/region/th_TH.res" 1675
"../../../Engine/Content/Internationalization/icudt64l/region/th.res" 1676
"../../../Engine/Content/Internationalization/icudt64l/lang/ti.res" 1677
"../../../Engine/Content/Internationalization/icudt64l/region/ti.res" 1678
"../../../Engine/Content/Internationalization/icudt64l/lang/tk.res" 1679
"../../../Engine/Content/Internationalization/icudt64l/region/tk.res" 1680
"../../../Engine/Content/Internationalization/icudt64l/lang/to.res" 1681
"../../../Engine/Content/Internationalization/icudt64l/region/to.res" 1682
"../../../Engine/Content/Internationalization/icudt64l/lang/tr.res" 1683
"../../../Engine/Content/Internationalization/icudt64l/region/tr.res" 1684
"../../../Engine/Content/Internationalization/icudt64l/lang/tt.res" 1685
"../../../Engine/Content/Internationalization/icudt64l/region/tt.res" 1686
"../../../Engine/Content/Internationalization/icudt64l/lang/twq.res" 1687
"../../../Engine/Content/Internationalization/icudt64l/region/twq.res" 1688
"../../../Engine/Content/Internationalization/icudt64l/lang/tzm.res" 1689
"../../../Engine/Content/Internationalization/icudt64l/region/tzm.res" 1690
"../../../Engine/Content/Internationalization/icudt64l/lang/ug.res" 1691
"../../../Engine/Content/Internationalization/icudt64l/region/ug.res" 1692
"../../../Engine/Content/Internationalization/icudt64l/lang/uk.res" 1693
"../../../Engine/Content/Internationalization/icudt64l/region/uk.res" 1694
"../../../Engine/Content/Internationalization/icudt64l/lang/ur.res" 1695
"../../../Engine/Content/Internationalization/icudt64l/lang/ur_IN.res" 1696
"../../../Engine/Content/Internationalization/icudt64l/region/ur_IN.res" 1697
"../../../Engine/Content/Internationalization/icudt64l/region/ur.res" 1698
"../../../Engine/Content/Internationalization/icudt64l/lang/uz.res" 1699
"../../../Engine/Content/Internationalization/icudt64l/lang/uz_Arab.res" 1700
"../../../Engine/Content/Internationalization/icudt64l/lang/uz_AF.res" 1701
"../../../Engine/Content/Internationalization/icudt64l/lang/uz_Arab_AF.res" 1702
"../../../Engine/Content/Internationalization/icudt64l/region/uz_AF.res" 1703
"../../../Engine/Content/Internationalization/icudt64l/region/uz_Arab_AF.res" 1704
"../../../Engine/Content/Internationalization/icudt64l/region/uz_Arab.res" 1705
"../../../Engine/Content/Internationalization/icudt64l/lang/uz_Cyrl.res" 1706
"../../../Engine/Content/Internationalization/icudt64l/lang/uz_UZ.res" 1707
"../../../Engine/Content/Internationalization/icudt64l/lang/uz_Latn_UZ.res" 1708
"../../../Engine/Content/Internationalization/icudt64l/lang/uz_Latn.res" 1709
"../../../Engine/Content/Internationalization/icudt64l/region/uz_UZ.res" 1710
"../../../Engine/Content/Internationalization/icudt64l/region/uz_Latn_UZ.res" 1711
"../../../Engine/Content/Internationalization/icudt64l/region/uz_Latn.res" 1712
"../../../Engine/Content/Internationalization/icudt64l/region/uz.res" 1713
"../../../Engine/Content/Internationalization/icudt64l/region/uz_Cyrl.res" 1714
"../../../Engine/Content/Internationalization/icudt64l/lang/vai.res" 1715
"../../../Engine/Content/Internationalization/icudt64l/lang/vai_Latn.res" 1716
"../../../Engine/Content/Internationalization/icudt64l/lang/vai_LR.res" 1717
"../../../Engine/Content/Internationalization/icudt64l/lang/vai_Vaii_LR.res" 1718
"../../../Engine/Content/Internationalization/icudt64l/lang/vai_Vaii.res" 1719
"../../../Engine/Content/Internationalization/icudt64l/region/vai_LR.res" 1720
"../../../Engine/Content/Internationalization/icudt64l/region/vai_Vaii_LR.res" 1721
"../../../Engine/Content/Internationalization/icudt64l/region/vai_Vaii.res" 1722
"../../../Engine/Content/Internationalization/icudt64l/region/vai.res" 1723
"../../../Engine/Content/Internationalization/icudt64l/region/vai_Latn.res" 1724
"../../../Engine/Content/Internationalization/icudt64l/lang/vi.res" 1725
"../../../Engine/Content/Internationalization/icudt64l/region/vi.res" 1726
"../../../Engine/Content/Internationalization/icudt64l/lang/vun.res" 1727
"../../../Engine/Content/Internationalization/icudt64l/region/vun.res" 1728
"../../../Engine/Content/Internationalization/icudt64l/lang/wae.res" 1729
"../../../Engine/Content/Internationalization/icudt64l/region/wae.res" 1730
"../../../Engine/Content/Internationalization/icudt64l/lang/wo.res" 1731
"../../../Engine/Content/Internationalization/icudt64l/region/wo.res" 1732
"../../../Engine/Content/Internationalization/icudt64l/lang/xh.res" 1733
"../../../Engine/Content/Internationalization/icudt64l/region/xh.res" 1734
"../../../Engine/Content/Internationalization/icudt64l/lang/xog.res" 1735
"../../../Engine/Content/Internationalization/icudt64l/region/xog.res" 1736
"../../../Engine/Content/Internationalization/icudt64l/lang/yav.res" 1737
"../../../Engine/Content/Internationalization/icudt64l/region/yav.res" 1738
"../../../Engine/Content/Internationalization/icudt64l/lang/yi.res" 1739
"../../../Engine/Content/Internationalization/icudt64l/region/yi.res" 1740
"../../../Engine/Content/Internationalization/icudt64l/lang/yo.res" 1741
"../../../Engine/Content/Internationalization/icudt64l/lang/yo_BJ.res" 1742
"../../../Engine/Content/Internationalization/icudt64l/region/yo_BJ.res" 1743
"../../../Engine/Content/Internationalization/icudt64l/region/yo.res" 1744
"../../../Engine/Content/Internationalization/icudt64l/lang/yue.res" 1745
"../../../Engine/Content/Internationalization/icudt64l/lang/yue_Hans.res" 1746
"../../../Engine/Content/Internationalization/icudt64l/lang/yue_CN.res" 1747
"../../../Engine/Content/Internationalization/icudt64l/lang/yue_Hans_CN.res" 1748
"../../../Engine/Content/Internationalization/icudt64l/region/yue_CN.res" 1749
"../../../Engine/Content/Internationalization/icudt64l/region/yue_Hans_CN.res" 1750
"../../../Engine/Content/Internationalization/icudt64l/region/yue_Hans.res" 1751
"../../../Engine/Content/Internationalization/icudt64l/lang/yue_Hant.res" 1752
"../../../Engine/Content/Internationalization/icudt64l/lang/yue_HK.res" 1753
"../../../Engine/Content/Internationalization/icudt64l/lang/yue_Hant_HK.res" 1754
"../../../Engine/Content/Internationalization/icudt64l/region/yue_HK.res" 1755
"../../../Engine/Content/Internationalization/icudt64l/region/yue_Hant_HK.res" 1756
"../../../Engine/Content/Internationalization/icudt64l/region/yue_Hant.res" 1757
"../../../Engine/Content/Internationalization/icudt64l/region/yue.res" 1758
"../../../Engine/Content/Internationalization/icudt64l/lang/zgh.res" 1759
"../../../Engine/Content/Internationalization/icudt64l/region/zgh.res" 1760
"../../../Engine/Content/Internationalization/icudt64l/lang/zh.res" 1761
"../../../Engine/Content/Internationalization/icudt64l/lang/zh_Hans.res" 1762
"../../../Engine/Content/Internationalization/icudt64l/lang/zh_CN.res" 1763
"../../../Engine/Content/Internationalization/icudt64l/lang/zh_Hans_CN.res" 1764
"../../../Engine/Content/Internationalization/icudt64l/region/zh_CN.res" 1765
"../../../Engine/Content/Internationalization/icudt64l/region/zh_Hans_CN.res" 1766
"../../../Engine/Content/Internationalization/icudt64l/region/zh_Hans.res" 1767
"../../../Engine/Content/Internationalization/icudt64l/region/zh.res" 1768
"../../../Engine/Content/Internationalization/icudt64l/lang/zh_HK.res" 1769
"../../../Engine/Content/Internationalization/icudt64l/lang/zh_Hant_HK.res" 1770
"../../../Engine/Content/Internationalization/icudt64l/lang/zh_Hant.res" 1771
"../../../Engine/Content/Internationalization/icudt64l/region/zh_HK.res" 1772
"../../../Engine/Content/Internationalization/icudt64l/region/zh_Hant_HK.res" 1773
"../../../Engine/Content/Internationalization/icudt64l/region/zh_Hant.res" 1774
"../../../Engine/Content/Internationalization/icudt64l/lang/zh_MO.res" 1775
"../../../Engine/Content/Internationalization/icudt64l/lang/zh_Hant_MO.res" 1776
"../../../Engine/Content/Internationalization/icudt64l/region/zh_MO.res" 1777
"../../../Engine/Content/Internationalization/icudt64l/region/zh_Hant_MO.res" 1778
"../../../Engine/Content/Internationalization/icudt64l/lang/zh_SG.res" 1779
"../../../Engine/Content/Internationalization/icudt64l/lang/zh_Hans_SG.res" 1780
"../../../Engine/Content/Internationalization/icudt64l/region/zh_SG.res" 1781
"../../../Engine/Content/Internationalization/icudt64l/region/zh_Hans_SG.res" 1782
"../../../Engine/Content/Internationalization/icudt64l/lang/zh_TW.res" 1783
"../../../Engine/Content/Internationalization/icudt64l/lang/zh_Hant_TW.res" 1784
"../../../Engine/Content/Internationalization/icudt64l/region/zh_TW.res" 1785
"../../../Engine/Content/Internationalization/icudt64l/region/zh_Hant_TW.res" 1786
"../../../Engine/Content/Internationalization/icudt64l/lang/zu.res" 1787
"../../../Engine/Content/Internationalization/icudt64l/region/zu.res" 1788
"../../../Engine/Content/Internationalization/icudt64l/lang/no.res" 1789
"../../../Engine/Content/Internationalization/icudt64l/lang/tl.res" 1790
"../../../Engine/Config/Android/DataDrivenPlatformInfo.ini" 1791
"../../../Engine/Config/IOS/DataDrivenPlatformInfo.ini" 1792
"../../../Engine/Config/Linux/DataDrivenPlatformInfo.ini" 1793
"../../../Engine/Config/LinuxArm64/DataDrivenPlatformInfo.ini" 1794
"../../../Engine/Config/Mac/DataDrivenPlatformInfo.ini" 1795
"../../../Engine/Config/TVOS/DataDrivenPlatformInfo.ini" 1796
"../../../Engine/Config/Unix/DataDrivenPlatformInfo.ini" 1797
"../../../Engine/Config/VulkanPC/DataDrivenPlatformInfo.ini" 1798
"../../../Engine/Config/Windows/DataDrivenPlatformInfo.ini" 1799
"../../../Engine/Platforms/VisionOS/Config/DataDrivenPlatformInfo.ini" 1800
"../../../Engine/DerivedDataCache/Compressed.ddp" 1801
"C:/Users/Owner/AppData/Local/UnrealEngine/5.4/Saved/Zen/zen.version" 1802
"C:/Users/Owner/AppData/Local/UnrealEngine/Common/Zen/Install/zen.version" 1803
"C:/Users/Owner/AppData/Local/UnrealEngine/Common/Zen/Install/zenserver.runcontext" 1804
"C:/Users/Owner/AppData/Local/UnrealEngine/Common/DerivedDataCache/TestData/0/TestData_4kb.dat" 1805
"C:/Users/Owner/AppData/Local/UnrealEngine/Common/DerivedDataCache/TestData/1/TestData_4kb.dat" 1806
"C:/Users/Owner/AppData/Local/UnrealEngine/Common/DerivedDataCache/TestData/0/TestData_8kb.dat" 1807
"C:/Users/Owner/AppData/Local/UnrealEngine/Common/DerivedDataCache/TestData/1/TestData_8kb.dat" 1808
"C:/Users/Owner/AppData/Local/UnrealEngine/Common/DerivedDataCache/TestData/0/TestData_16kb.dat" 1809
"C:/Users/Owner/AppData/Local/UnrealEngine/Common/DerivedDataCache/TestData/1/TestData_16kb.dat" 1810
"C:/Users/Owner/AppData/Local/UnrealEngine/Common/DerivedDataCache/TestData/0/TestData_64kb.dat" 1811
"C:/Users/Owner/AppData/Local/UnrealEngine/Common/DerivedDataCache/TestData/1/TestData_64kb.dat" 1812
"C:/Users/Owner/AppData/Local/UnrealEngine/Common/DerivedDataCache/TestData/0/TestData_128kb.dat" 1813
"C:/Users/Owner/AppData/Local/UnrealEngine/Common/DerivedDataCache/TestData/1/TestData_128kb.dat" 1814
"C:/Users/Owner/AppData/Local/UnrealEngine/Common/DerivedDataCache/TestData/0/TestData_256kb.dat" 1815
"C:/Users/Owner/AppData/Local/UnrealEngine/Common/DerivedDataCache/TestData/1/TestData_256kb.dat" 1816
"../../../../../../24CI0412MP/Intermediate/ShaderAutogen/PCD3D_SM5/AutogenShaderHeaders.ush" 1817
"../../../Engine/Plugins/FX/Niagara/Shaders/Private/NiagaraSpriteVertexFactory.ush" 1818
"../../../Engine/Shaders/Private/VertexFactoryCommon.ush" 1819
"../../../Engine/Shaders/Private/Common.ush" 1820
"../../../Engine/Shaders/Public/Platform.ush" 1821
"../../../Engine/Shaders/Public/FP16Math.ush" 1822
"../../../Engine/Shaders/Public/Platform/D3D/D3DCommon.ush" 1823
"../../../Engine/Shaders/Shared/HLSLReservedSpaces.h" 1824
"../../../Engine/Shaders/Public/BindlessResources.ush" 1825
"../../../Engine/Shaders/Public/OverloadMacros.ush" 1826
"../../../Engine/Shaders/Public/ShaderVersion.ush" 1827
"../../../Engine/Shaders/Private/PackUnpack.ush" 1828
"../../../Engine/Shaders/Private/GeneratedUniformBufferTypes.ush" 1829
"../../../Engine/Shaders/Private/Nanite/NanitePackedNaniteView.ush" 1830
"../../../Engine/Shaders/Private/HairStrands/HairStrandsVisibilityCommonStruct.ush" 1831
"../../../Engine/Shaders/Private/HairStrands/HairStrandsVoxelPageCommonStruct.ush" 1832
"../../../Engine/Shaders/Private/HairStrands/HairStrandsDeepShadowCommonStruct.ush" 1833
"../../../Engine/Shaders/Shared/LightSceneData.h" 1834
"../../../Engine/Shaders/Shared/HLSLTypeAliases.h" 1835
"../../../Engine/Shaders/Private/LargeWorldCoordinates.ush" 1836
"../../../Engine/Shaders/Private/DoubleFloat.ush" 1837
"../../../Engine/Shaders/Private/DoubleFloatOperations.ush" 1838
"../../../Engine/Shaders/Private/DoubleFloatVectorDefinition.ush" 1839
"../../../Engine/Shaders/Private/LWCOperations.ush" 1840
"../../../Engine/Shaders/Private/CommonViewUniformBuffer.ush" 1841
"../../../Engine/Shaders/Private/InstancedStereo.ush" 1842
"../../../Engine/Shaders/Private/Definitions.usf" 1843
"../../../Engine/Shaders/Private/AssertionMacros.ush" 1844
"../../../Engine/Shaders/Private/FastMath.ush" 1845
"../../../Engine/Shaders/Private/FastMathThirdParty.ush" 1846
"../../../Engine/Shaders/Private/Random.ush" 1847
"../../../Engine/Shaders/Private/SceneData.ush" 1848
"../../../Engine/Shaders/Private/OctahedralCommon.ush" 1849
"../../../Engine/Shaders/Private/WaveOpUtil.ush" 1850
"../../../Engine/Shaders/Shared/SceneDefinitions.h" 1851
"../../../Engine/Shaders/Private/SceneDataMobileLoader.ush" 1852
"../../../Engine/Shaders/Private/ParticleVertexFactoryCommon.ush" 1853
"../../../Engine/Plugins/FX/Niagara/Shaders/Private/NiagaraVFCommon.usf" 1854
"../../../Engine/Plugins/FX/Niagara/Shaders/Private/NiagaraVFParticleAccess.usf" 1855
"../../../Engine/Plugins/FX/Niagara/Shaders/Private/NiagaraParticleAccess.ush" 1856
"../../../Engine/Shaders/Private/VertexFactoryDefaultInterface.ush" 1857
"../../../Engine/Plugins/FX/Niagara/Shaders/Private/NiagaraRibbonVertexFactory.ush" 1858
"../../../Engine/Plugins/FX/Niagara/Shaders/Private/NiagaraMeshVertexFactory.ush" 1859
"../../../Engine/Plugins/FX/Niagara/Shaders/Private/NiagaraCommon.ush" 1860
"../../../Engine/Plugins/FX/Niagara/Shaders/Private/NiagaraMeshParticleUtils.ush" 1861
"../../../Engine/Shaders/Private/RayTracing/RayTracingCommon.ush" 1862
"../../../Engine/Shaders/Private/ShadingCommon.ush" 1863
"../../../Engine/Shaders/Shared/RayTracingDefinitions.h" 1864
"../../../Engine/Shaders/Shared/RayTracingPayloadType.h" 1865
"../../../Engine/Shaders/Shared/HLSLStaticAssert.h" 1866
"../../../Engine/Shaders/Private/RayTracing/RayTracingRayCone.ush" 1867
"../../../Engine/Shaders/Private/Substrate/Substrate.ush" 1868
"../../../Engine/Shaders/Private/ShadingEnergyConservation.ush" 1869
"../../../Engine/Shaders/Private/ShadingEnergyConservationTemplate.ush" 1870
"../../../Engine/Shaders/Private/BRDF.ush" 1871
"../../../Engine/Shaders/Private/ColorSpace.ush" 1872
"../../../Engine/Shaders/Private/DeferredShadingCommon.ush" 1873
"../../../Engine/Shaders/Private/LightAccumulator.ush" 1874
"../../../Engine/Shaders/Private/SceneTexturesCommon.ush" 1875
"../../../Engine/Shaders/Private/MonteCarlo.ush" 1876
"../../../Engine/Shaders/Private/GBufferHelpers.ush" 1877
"../../../Engine/Shaders/Private/SceneTextureParameters.ush" 1878
"C:/24CI0412MP/Intermediate/ShaderAutogen/PCD3D_SM5/AutogenShaderHeaders.ush" 1879
"../../../Engine/Shaders/Private/ParticipatingMediaCommon.ush" 1880
"../../../Engine/Shaders/Private/ThinFilmBSDF.ush" 1881
"../../../Engine/Shaders/Private/MortonCode.ush" 1882
"../../../Engine/Shaders/Private/SubsurfaceProfileCommon.ush" 1883
"../../../Engine/Shaders/Private/BurleyNormalizedSSSCommon.ush" 1884
"../../../Engine/Shaders/Private/GammaCorrectionCommon.ush" 1885
"../../../Engine/Shaders/Shared/SubstrateDefinitions.h" 1886
"../../../Engine/Shaders/Private/Substrate/SubstrateStatisticalOperators.ush" 1887
"../../../Engine/Shaders/Private/Substrate/SubstrateSubsurface.ush" 1888
"../../../Engine/Shaders/Private/TransmissionCommon.ush" 1889
"../../../Engine/Shaders/Private/RayTracing/RayTracingCommonMetal.ush" 1890
"../../../Engine/Shaders/Private/PositionReconstructionCommon.ush" 1891
"../../../Engine/Shaders/Private/RayTracing/TraceRayInline.ush" 1892
"../../../Engine/Shaders/Private/RayTracing/TraceRayInlineCommon.ush" 1893
"../../../Engine/Shaders/Private/RayTracing/TraceRayInlineVulkan.ush" 1894
"../../../Engine/Shaders/Private/RayTracing/TraceRayInlineMetal.ush" 1895
"../../../Engine/Shaders/Private/RayTracing/RayTracingHitGroupCommon.ush" 1896
"../../../Engine/Shaders/Shared/RayTracingBuiltInResources.h" 1897
"../../../Engine/Shaders/Private/Nanite/NaniteDataDecode.ush" 1898
"../../../Engine/Shaders/Private/BitPacking.ush" 1899
"../../../Engine/Shaders/Private/BitStreamReaderImplementation.ush" 1900
"../../../Engine/Shaders/Shared/NaniteDefinitions.h" 1901
"../../../Engine/Shaders/Private/Nanite/NaniteAttributeDecode.ush" 1902
"../../../Engine/Shaders/Private/Barycentrics.ush" 1903
"../../../Engine/Shaders/Private/DualNumber.ush" 1904
"../../../Engine/Shaders/Private/VectorFieldVisualizationVertexFactory.ush" 1905
"../../../Engine/Shaders/Private/Nanite/NaniteVertexFactory.ush" 1906
"../../../Engine/Shaders/Private/LightmapData.ush" 1907
"../../../Engine/Shaders/Private/SplineMeshCommon.ush" 1908
"../../../Engine/Shaders/Shared/SplineMeshShaderParams.h" 1909
"../../../Engine/Shaders/Private/Quaternion.ush" 1910
"../../../Engine/Shaders/Private/ShaderPrint.ush" 1911
"../../../Engine/Shaders/Private/ShaderPrintCommon.ush" 1912
"../../../Engine/Shaders/Private/MiniFontCommon.ush" 1913
"../../../Engine/Shaders/Private/Nanite/NaniteVertexDeformation.ush" 1914
"../../../Engine/Shaders/Private/ParticleSpriteVertexFactory.ush" 1915
"../../../Engine/Shaders/Private/ParticleGPUSpriteVertexFactory.ush" 1916
"../../../Engine/Shaders/Private/ParticleSimulationCommon.ush" 1917
"../../../Engine/Shaders/Private/ParticleBeamTrailVertexFactory.ush" 1918
"../../../Engine/Shaders/Private/MeshParticleVertexFactory.ush" 1919
"../../../Engine/Shaders/Private/LocalVertexFactory.ush" 1920
"../../../Engine/Shaders/Private/LocalVertexFactoryCommon.ush" 1921
"../../../Engine/Shaders/Private/GpuSkinCommon.ush" 1922
"../../../Engine/Shaders/Private/GpuSkinVertexFactory.ush" 1923
"../../../Engine/Shaders/Private/GeometryCollectionVertexFactory.ush" 1924
"../../../Engine/Shaders/Private/GeometryCacheVertexFactory.ush" 1925
"../../../Engine/Shaders/Private/LandscapeVertexFactory.ush" 1926
"../../../Engine/Plugins/Enterprise/GLTFExporter/Shaders/Private/SimpleTexture2DPS.usf" 1927
"../../../Engine/Shaders/Private/SimpleElementNormalMapPixelShader.usf" 1928
"../../../Engine/Shaders/Private/DisplayMappingPixelShader.usf" 1929
"../../../Engine/Shaders/Private/TonemapCommon.ush" 1930
"../../../Engine/Shaders/Private/ACES.ush" 1931
"../../../Engine/Plugins/Media/WmfMedia/Shaders/Private/MediaHardwareVideoDecoding.usf" 1932
"../../../Engine/Shaders/Private/ColorUtils.ush" 1933
"../../../Engine/Plugins/Media/ImgMedia/Shaders/Private/ExrSwizzler.usf" 1934
"../../../Engine/Plugins/FX/Niagara/Shaders/Private/Stateless/NiagaraStatelessSimulationExample1.usf" 1935
"../../../Engine/Plugins/FX/Niagara/Shaders/Private/Stateless/NiagaraStatelessSimulationTemplate.ush" 1936
"../../../Engine/Plugins/FX/Niagara/Shaders/Private/Stateless/NiagaraStatelessCommon.ush" 1937
"../../../Engine/Plugins/FX/Niagara/Shaders/Private/NiagaraQuaternionUtils.ush" 1938
"../../../Engine/Plugins/FX/Niagara/Shaders/Private/Stateless/NiagaraStatelessDistribution.ush" 1939
"../../../Engine/Plugins/FX/Niagara/Shaders/Private/Stateless/Modules/NiagaraStatelessModule_CalculateAccurateVelocity.ush" 1940
"../../../Engine/Plugins/FX/Niagara/Shaders/Private/Stateless/Modules/NiagaraStatelessModule_CameraOffset.ush" 1941
"../../../Engine/Plugins/FX/Niagara/Shaders/Private/Stateless/Modules/NiagaraStatelessModule_DynamicMaterialParameters.ush" 1942
"../../../Engine/Plugins/FX/Niagara/Shaders/Private/Stateless/Modules/NiagaraStatelessModule_InitializeParticle.ush" 1943
"../../../Engine/Plugins/FX/Niagara/Shaders/Private/Stateless/Modules/NiagaraStatelessModule_InitialMeshOrientation.ush" 1944
"../../../Engine/Plugins/FX/Niagara/Shaders/Private/Stateless/Modules/NiagaraStatelessModule_MeshIndex.ush" 1945
"../../../Engine/Plugins/FX/Niagara/Shaders/Private/Stateless/Modules/NiagaraStatelessModule_MeshRotationRate.ush" 1946
"../../../Engine/Plugins/FX/Niagara/Shaders/Private/Stateless/Modules/NiagaraStatelessModule_RotateAroundPoint.ush" 1947
"../../../Engine/Plugins/FX/Niagara/Shaders/Private/Stateless/Modules/NiagaraStatelessModule_ShapeLocation.ush" 1948
"../../../Engine/Plugins/FX/Niagara/Shaders/Private/Stateless/Modules/NiagaraStatelessModule_ScaleColor.ush" 1949
"../../../Engine/Plugins/FX/Niagara/Shaders/Private/Stateless/Modules/NiagaraStatelessModule_ScaleSpriteSize.ush" 1950
"../../../Engine/Plugins/FX/Niagara/Shaders/Private/Stateless/Modules/NiagaraStatelessModule_ScaleSpriteSizeBySpeed.ush" 1951
"../../../Engine/Plugins/FX/Niagara/Shaders/Private/Stateless/Modules/NiagaraStatelessModule_ScaleMeshSize.ush" 1952
"../../../Engine/Plugins/FX/Niagara/Shaders/Private/Stateless/Modules/NiagaraStatelessModule_ScaleMeshSizebySpeed.ush" 1953
"../../../Engine/Plugins/FX/Niagara/Shaders/Private/Stateless/Modules/NiagaraStatelessModule_SolveVelocitiesAndForces.ush" 1954
"../../../Engine/Plugins/FX/Niagara/Shaders/Private/Stateless/Modules/NiagaraStatelessModule_SpriteFacingAndAlignment.ush" 1955
"../../../Engine/Plugins/FX/Niagara/Shaders/Private/Stateless/Modules/NiagaraStatelessModule_SpriteRotationRate.ush" 1956
"../../../Engine/Plugins/FX/Niagara/Shaders/Private/Stateless/Modules/NiagaraStatelessModule_SubUVAnimation.ush" 1957
"../../../Engine/Plugins/FX/Niagara/Shaders/Private/Stateless/NiagaraStatelessSimulationDefault.usf" 1958
"../../../Engine/Plugins/FX/Niagara/Shaders/Private/NiagaraSVTToDenseBuffer.usf" 1959
"../../../Engine/Shaders/Private/SparseVolumeTexture/SparseVolumeTextureCommon.ush" 1960
"../../../Engine/Plugins/FX/Niagara/Shaders/Private/NiagaraFillIntBuffer.usf" 1961
"../../../Engine/Plugins/FX/Niagara/Shaders/Private/NiagaraComputeFreeIDs.usf" 1962
"../../../Engine/Plugins/FX/Niagara/Shaders/Private/NiagaraInitFreeIDBuffer.usf" 1963
"../../../Engine/Plugins/FX/Niagara/Shaders/Private/NiagaraEmitterInstanceShader.usf" 1964
"../../../Engine/Plugins/FX/Niagara/Shaders/Private/NiagaraShaderVersion.ush" 1965
"../../../Engine/Shaders/Private/DistanceField/GlobalDistanceFieldShared.ush" 1966
"../../../Engine/Plugins/FX/Niagara/Shaders/Private/NiagaraPhysicsCommon.ush" 1967
"../../../Engine/Plugins/FX/Niagara/Shaders/Private/Ribbons/NiagaraRibbonGenerateIndices.usf" 1968
"../../../Engine/Plugins/FX/Niagara/Shaders/Private/Ribbons/NiagaraRibbonCommon.ush" 1969
"../../../Engine/Plugins/FX/Niagara/Shaders/Private/Ribbons/NiagaraRibbonInitializeIndices.usf" 1970
"../../../Engine/Plugins/FX/Niagara/Shaders/Private/Ribbons/NiagaraRibbonRibbonUVParamCalculation.usf" 1971
"../../../Engine/Plugins/FX/Niagara/Shaders/Private/Ribbons/NiagaraRibbonVertexReductionFinalization.usf" 1972
"../../../Engine/Plugins/FX/Niagara/Shaders/Private/Ribbons/NiagaraRibbonVertexReductionPropagation.usf" 1973
"../../../Engine/Plugins/FX/Niagara/Shaders/Private/Ribbons/NiagaraRibbonVertexReductionInitialization.usf" 1974
"../../../Engine/Plugins/FX/Niagara/Shaders/Private/Ribbons/NiagaraRibbonSortParticles.usf" 1975
"../../../Engine/Plugins/FX/Niagara/Shaders/Private/NiagaraUpdateMeshGPUSceneInstances.usf" 1976
"../../../Engine/Shaders/Private/ComputeShaderUtils.ush" 1977
"../../../Engine/Shaders/Private/GPUScene/GPUSceneWriter.ush" 1978
"../../../Engine/Plugins/FX/Niagara/Shaders/Private/NiagaraGenerateMips.usf" 1979
"../../../Engine/Plugins/FX/Niagara/Shaders/Private/NiagaraDebugDraw.usf" 1980
"../../../Engine/Plugins/FX/Niagara/Shaders/Private/NiagaraDebugDraw.ush" 1981
"../../../Engine/Plugins/FX/Niagara/Shaders/Private/NiagaraVisualizeTexture.usf" 1982
"../../../Engine/Plugins/FX/Niagara/Shaders/Private/NiagaraClearCounts.usf" 1983
"../../../Engine/Plugins/FX/Niagara/Shaders/Private/NiagaraBatchedElements.usf" 1984
"../../../Engine/Plugins/FX/Niagara/Shaders/Private/NiagaraRayTracingShaders.usf" 1985
"../../../Engine/Plugins/FX/Niagara/Shaders/Private/NiagaraAsyncGpuTraceCommon.ush" 1986
"../../../Engine/Shaders/Private/HashTable.ush" 1987
"../../../Engine/Shaders/Private/Hash.ush" 1988
"../../../Engine/Shaders/Private/RayTracing/VFXTraceRay.ush" 1989
"../../../Engine/Plugins/FX/Niagara/Shaders/Private/NiagaraRayMarchingShaders.usf" 1990
"../../../Engine/Plugins/FX/Niagara/Shaders/Private/NiagaraRayTraceCollisionGroupShaders.usf" 1991
"../../../Engine/Plugins/FX/Niagara/Shaders/Private/NiagaraAsyncGpuTraceUtils.usf" 1992
"../../../Engine/Plugins/FX/Niagara/Shaders/Private/NiagaraSortKeyGen.usf" 1993
"../../../Engine/Plugins/FX/Niagara/Shaders/Private/NiagaraGPURayTracingTransforms.usf" 1994
"../../../Engine/Plugins/FX/Niagara/Shaders/Private/NiagaraDrawIndirectArgsGen.usf" 1995
"../../../Engine/Plugins/FX/Niagara/Shaders/Private/NiagaraDispatchIndirectArgsGen.usf" 1996
"../../../Engine/Shaders/Private/TranslucentLightingShaders.usf" 1997
"../../../Engine/Shaders/Private/SHCommon.ush" 1998
"../../../Engine/Shaders/Private/ShadowProjectionCommon.ush" 1999
"../../../Engine/Shaders/Private/CubemapCommon.ush" 2000
"../../../Engine/Shaders/Private/VectorFieldCompositeShaders.usf" 2001
"../../../Engine/Shaders/Private/UpdateTextureShaders.usf" 2002
"../../../Engine/Shaders/Private/StereoLayerShader.usf" 2003
"../../../Engine/Shaders/Private/SparseVolumeTexture/UpdateSparseVolumeTexture.usf" 2004
"../../../Engine/Shaders/Private/MorphTargets.usf" 2005
"../../../Engine/Shaders/Private/SimpleElementColorChannelMaskPixelShader.usf" 2006
"../../../Engine/Shaders/Private/SimpleElementHitProxyPixelShader.usf" 2007
"../../../Engine/Shaders/Private/SimpleElementPixelShader.usf" 2008
"../../../Engine/Shaders/Private/IESLightProfilesCommon.ush" 2009
"../../../Engine/Shaders/Private/SimpleElementVertexShader.usf" 2010
"../../../Engine/Shaders/Private/ScreenPixelShaderOES.usf" 2011
"../../../Engine/Shaders/Private/ScreenVertexShader.usf" 2012
"../../../Engine/Shaders/Private/ScreenPixelShader.usf" 2013
"../../../Engine/Shaders/Private/SSProfilePreIntegratedMobile.usf" 2014
"../../../Engine/Shaders/Private/SpecularProfile.usf" 2015
"../../../Engine/Shaders/Private/Nanite/NaniteStreaming.usf" 2016
"../../../Engine/Shaders/Private/Nanite/NaniteStreaming.ush" 2017
"../../../Engine/Shaders/Private/Nanite/NaniteTranscode.usf" 2018
"../../../Engine/Shaders/Private/VolumetricLightmapStreaming.usf" 2019
"../../../Engine/Shaders/Private/PhysicsFieldReset.usf" 2020
"../../../Engine/Shaders/Private/PhysicsFieldBuilder.usf" 2021
"../../../Engine/Shaders/Private/PhysicsFieldEval.ush" 2022
"../../../Engine/Shaders/Private/ParticleSortKeyGen.usf" 2023
"../../../Engine/Shaders/Private/ParticleBoundsShader.usf" 2024
"../../../Engine/Shaders/Private/ParticleSimVisualizeShader.usf" 2025
"../../../Engine/Shaders/Private/ParticleInjectionShader.usf" 2026
"../../../Engine/Shaders/Private/ParticleSimulationShader.usf" 2027
"../../../Engine/Shaders/Private/ParticleCurveInjectionShader.usf" 2028
"../../../Engine/Shaders/Private/CopyUIntBuffer.usf" 2029
"../../../Engine/Shaders/Private/RadixSortShaders.usf" 2030
"../../../Engine/Shaders/Private/RecomputeTangentsPerVertexPass.usf" 2031
"../../../Engine/Shaders/Private/RecomputeTangentsCommon.ush" 2032
"../../../Engine/Shaders/Private/RecomputeTangentsPerTrianglePass.usf" 2033
"../../../Engine/Shaders/Private/GpuSkinCacheComputeShader.usf" 2034
"../../../Engine/Shaders/Private/HeightFieldAtlasManagement.usf" 2035
"../../../Engine/Shaders/Private/LandscapePhysicalMaterial.usf" 2036
"../../../Engine/Shaders/Private/MaterialTemplate.ush" 2037
"../../../Engine/Shaders/Private/WorldSpaceMath.ush" 2038
"../../../Engine/Shaders/Private/EyeAdaptationCommon.ush" 2039
"../../../Engine/Shaders/Private/SobolRandom.ush" 2040
"../../../Engine/Shaders/Private/DepthOfFieldCommon.ush" 2041
"../../../Engine/Shaders/Private/CircleDOFCommon.ush" 2042
"../../../Engine/Shaders/Private/PhysicsFieldSampler.ush" 2043
"../../../Engine/Shaders/Private/PhysicsFieldShared.ush" 2044
"../../../Engine/Shaders/Private/HairShadingCommon.ush" 2045
"../../../Engine/Shaders/Private/HairStrands/HairCardsAttributeCommon.ush" 2046
"../../../Engine/Shaders/Shared/HairStrandsDefinitions.h" 2047
"../../../Engine/Shaders/Private/HairStrands/HairStrandsVertexFactoryCommon.ush" 2048
"../../../Engine/Shaders/Private/HairStrands/HairStrandsPack.ush" 2049
"../../../Engine/Shaders/Private/HairStrands/HairStrandsAttributeCommon.ush" 2050
"../../../Engine/Shaders/Private/HairStrands/HairStrandsAttributeTemplate.ush" 2051
"../../../Engine/Shaders/Shared/EnvironmentComponentsFlags.h" 2052
"../../../Engine/Shaders/Private/SpeedTreeCommon.ush" 2053
"../../../Engine/Shaders/Private/VirtualTextureCommon.ush" 2054
"../../../Engine/Shaders/Private/MaterialTexture.ush" 2055
"../../../Engine/Shaders/Private/MinMaterialTexCoords.ush" 2056
"../../../Engine/Shaders/Private/SkyAtmosphereCommon.ush" 2057
"../../../Engine/Shaders/Private/SingleLayerWaterCommon.ush" 2058
"../../../Engine/Shaders/Private/TextureSampling.ush" 2059
"../../../Engine/Shaders/Private/PaniniProjection.ush" 2060
"../../../Engine/Shaders/Private/DBufferNormalReprojection.ush" 2061
"../../../Engine/Shaders/Private/Substrate/SubstrateTree.ush" 2062
"../../../Engine/Shaders/Private/Substrate/SubstrateEvaluation.ush" 2063
"../../../Engine/Shaders/Private/Substrate/Glint/GlintThirdParty.ush" 2064
"../../../Engine/Shaders/Private/BlueNoise.ush" 2065
"../../../Engine/Shaders/Private/ShadingModels.ush" 2066
"../../../Engine/Shaders/Private/CapsuleLight.ush" 2067
"../../../Engine/Shaders/Private/RectLight.ush" 2068
"../../../Engine/Shaders/Private/LightData.ush" 2069
"../../../Engine/Shaders/Shared/LightDefinitions.h" 2070
"../../../Engine/Shaders/Private/AreaLightCommon.ush" 2071
"../../../Engine/Shaders/Private/HairBsdf.ush" 2072
"../../../Engine/Shaders/Private/MobileGGX.ush" 2073
"../../../Engine/Shaders/Private/ShadingModelsSampling.ush" 2074
"../../../Engine/Shaders/Private/HairStrands/HairBsdfSample.ush" 2075
"../../../Engine/Shaders/Private/HairStrands/HairStrandsCommon.ush" 2076
"../../../Engine/Shaders/Private/HairStrands/HairStrandsDeepTransmittanceCommon.ush" 2077
"../../../Engine/Shaders/Private/HairStrands/HairStrandsDeepTransmittanceDualScattering.ush" 2078
"../../../Engine/Shaders/Private/HairStrands/HairStrandsEnvironmentLightingCommon.ush" 2079
"../../../Engine/Shaders/Private/Substrate/SubstrateLegacyConversion.ush" 2080
"../../../Engine/Shaders/Private/DBufferDecalShared.ush" 2081
"../../../Engine/Shaders/Private/LandscapeGrassWeight.usf" 2082
"../../../Engine/Shaders/Private/Landscape/LandscapeLayersWeightmapsPS.usf" 2083
"../../../Engine/Shaders/Private/Landscape/LandscapeLayersHeightmapsPS.usf" 2084
"../../../Engine/Shaders/Private/Landscape/LandscapeCommon.ush" 2085
"../../../Engine/Shaders/Private/LandscapeLayersCS.usf" 2086
"../../../Engine/Shaders/Private/LandscapeLayersPS.usf" 2087
"../../../Engine/Shaders/Private/LandscapeLayersVS.usf" 2088
"../../../Engine/Shaders/Private/Landscape/LandscapeCulling.usf" 2089
"../../../Engine/Shaders/Private/Nanite/NaniteHZBCull.ush" 2090
"../../../Engine/Shaders/Private/Landscape/LandscapeMergeTexturesPS.usf" 2091
"../../../Engine/Shaders/Private/WideCustomResolveShaders.usf" 2092
"../../../Engine/Shaders/Private/WideCustomResolve_Wide.ush" 2093
"../../../Engine/Shaders/Private/WideCustomResolve_Wider.ush" 2094
"../../../Engine/Shaders/Private/WideCustomResolve_Widest.ush" 2095
"../../../Engine/Shaders/Private/WaterInfoTextureBlur.usf" 2096
"../../../Engine/Shaders/Private/WaterInfoTextureMerge.usf" 2097
"../../../Engine/Shaders/Private/PageTableUpdate.usf" 2098
"../../../Engine/Shaders/Private/VirtualTextureCompress.usf" 2099
"../../../Engine/Shaders/Private/BlockCompressionCommon.ush" 2100
"../../../Engine/Shaders/Private/BCCompressionCommon.ush" 2101
"../../../Engine/Shaders/Private/ETCCompressionCommon.ush" 2102
"../../../Engine/Shaders/Private/VirtualTextureMaterial.usf" 2103
"../../../Engine/Shaders/Private/PixelShaderOutputCommon.ush" 2104
"../../../Engine/Shaders/Private/ShaderOutputCommon.ush" 2105
"../../../Engine/Shaders/Private/VolumetricRenderTarget.usf" 2106
"../../../Engine/Shaders/Private/VolumetricFogVoxelization.usf" 2107
"../../../Engine/Shaders/Private/VolumetricCloudMaterialPixelCommon.ush" 2108
"../../../Engine/Shaders/Private/VolumetricFogLightFunction.usf" 2109
"../../../Engine/Shaders/Private/LightFunctionCommon.ush" 2110
"../../../Engine/Shaders/Private/VolumetricFog.usf" 2111
"../../../Engine/Shaders/Private/DeferredLightingCommon.ush" 2112
"../../../Engine/Shaders/Private/DynamicLightingCommon.ush" 2113
"../../../Engine/Shaders/Private/CapsuleLightIntegrate.ush" 2114
"../../../Engine/Shaders/Private/CapsuleLightSampling.ush" 2115
"../../../Engine/Shaders/Private/RectLightIntegrate.ush" 2116
"../../../Engine/Shaders/Private/ScreenSpaceShadowRayCast.ush" 2117
"../../../Engine/Shaders/Private/LightFunctionAtlas/LightFunctionAtlasCommon.usf" 2118
"../../../Engine/Shaders/Private/HeterogeneousVolumes/HeterogeneousVolumesAdaptiveVolumetricShadowMapSampling.ush" 2119
"../../../Engine/Shaders/Private/HeterogeneousVolumes/HeterogeneousVolumesAdaptiveVolumetricShadowMapUtils.ush" 2120
"../../../Engine/Shaders/Private/HeterogeneousVolumes/HeterogeneousVolumesRayMarchingUtils.ush" 2121
"../../../Engine/Shaders/Private/HeterogeneousVolumes/HeterogeneousVolumesRayMarchingTypes.ush" 2122
"../../../Engine/Shaders/Private/PathTracing/Utilities/PathTracingRandomSequence.ush" 2123
"../../../Engine/Shaders/Private/HeterogeneousVolumes/HeterogeneousVolumesTracingUtils.ush" 2124
"../../../Engine/Shaders/Private/VelocityCommon.ush" 2125
"../../../Engine/Shaders/Private/HeterogeneousVolumes/HeterogeneousVolumesTransmittanceVolumeUtils.ush" 2126
"../../../Engine/Shaders/Private/ForwardShadowingCommon.ush" 2127
"../../../Engine/Shaders/Private/ShadowFilteringCommon.ush" 2128
"../../../Engine/Shaders/Private/PixelQuadMessagePassing.ush" 2129
"../../../Engine/Shaders/Private/VolumeLightingCommon.ush" 2130
"../../../Engine/Shaders/Private/VolumeLightingCommonSampling.ush" 2131
"../../../Engine/Shaders/Private/Lumen/LumenTranslucencyVolumeShared.ush" 2132
"../../../Engine/Shaders/Private/Lumen/LumenRadianceCacheInterpolation.ush" 2133
"../../../Engine/Shaders/Private/HeightFogCommon.ush" 2134
"../../../Engine/Shaders/Private/LightGridCommon.ush" 2135
"../../../Engine/Shaders/Private/DistanceFieldAOShared.ush" 2136
"../../../Engine/Shaders/Private/VolumetricLightmapShared.ush" 2137
"../../../Engine/Shaders/Private/ReflectionEnvironmentShared.ush" 2138
"../../../Engine/Shaders/Private/LightDataUniforms.ush" 2139
"../../../Engine/Shaders/Private/VirtualShadowMaps/VirtualShadowMapProjectionCommon.ush" 2140
"../../../Engine/Shaders/Private/VirtualShadowMaps/VirtualShadowMapPageAccessCommon.ush" 2141
"../../../Engine/Shaders/Shared/VirtualShadowMapDefinitions.h" 2142
"../../../Engine/Shaders/Private/VirtualShadowMaps/VirtualShadowMapProjectionStructs.ush" 2143
"../../../Engine/Shaders/Private/LocalFogVolumes/LocalFogVolumeCommon.ush" 2144
"../../../Engine/Shaders/Private/VolumetricCloudCommon.ush" 2145
"../../../Engine/Shaders/Private/VolumetricCloud.usf" 2146
"../../../Engine/Shaders/Private/ColorMap.ush" 2147
"../../../Engine/Shaders/Private/VisualizeVolumetricLightmap.usf" 2148
"../../../Engine/Shaders/Private/VirtualShadowMaps/VirtualShadowMapProjectionComposite.usf" 2149
"../../../Engine/Shaders/Private/LightShaderParameters.ush" 2150
"../../../Engine/Shaders/Private/VirtualShadowMaps/VirtualShadowMapMaskBitsCommon.ush" 2151
"../../../Engine/Shaders/Private/VirtualShadowMaps/VirtualShadowMapLightGrid.ush" 2152
"../../../Engine/Shaders/Private/VirtualShadowMaps/VirtualShadowMapProjection.usf" 2153
"../../../Engine/Shaders/Private/HairStrands/HairStrandsVisibilityCommon.ush" 2154
"../../../Engine/Shaders/Private/Visualization.ush" 2155
"../../../Engine/Shaders/Private/VirtualShadowMaps/VirtualShadowMapProjectionFilter.ush" 2156
"../../../Engine/Shaders/Private/VirtualShadowMaps/VirtualShadowMapProjectionDirectional.ush" 2157
"../../../Engine/Shaders/Private/VirtualShadowMaps/VirtualShadowMapSMRTCommon.ush" 2158
"../../../Engine/Shaders/Private/VirtualShadowMaps/VirtualShadowMapSMRTTemplate.ush" 2159
"../../../Engine/Shaders/Private/VirtualShadowMaps/VirtualShadowMapProjectionSpot.ush" 2160
"../../../Engine/Shaders/Private/VirtualShadowMaps/VirtualShadowMapTransmissionCommon.ush" 2161
"../../../Engine/Shaders/Private/HairStrands/HairStrandsVoxelPageCommon.ush" 2162
"../../../Engine/Shaders/Private/HairStrands/HairStrandsVoxelPageTraversal.ush" 2163
"../../../Engine/Shaders/Private/VirtualShadowMaps/VirtualShadowMapCacheLoadBalancer.usf" 2164
"../../../Engine/Shaders/Private/VirtualShadowMaps/VirtualShadowMapPageCacheCommon.ush" 2165
"../../../Engine/Shaders/Private/VirtualShadowMaps/VirtualShadowMapCacheInvalidation.ush" 2166
"../../../Engine/Shaders/Private/VirtualShadowMaps/VirtualShadowMapPageOverlap.ush" 2167
"../../../Engine/Shaders/Private/ScreenSpaceDenoise/SSDDefinitions.ush" 2168
"../../../Engine/Shaders/Private/InstanceCulling/InstanceCullingLoadBalancer.ush" 2169
"../../../Engine/Shaders/Private/VirtualShadowMaps/VirtualShadowMapCopyStats.usf" 2170
"../../../Engine/Shaders/Private/VirtualShadowMaps/VirtualShadowMapStats.ush" 2171
"../../../Engine/Shaders/Private/VirtualShadowMaps/VirtualShadowMapPhysicalPageManagement.usf" 2172
"../../../Engine/Shaders/Private/ReductionCommon.ush" 2173
"../../../Engine/Shaders/Private/GPUMessaging.ush" 2174
"../../../Engine/Shaders/Private/ThreadGroupPrefixSum.ush" 2175
"../../../Engine/Shaders/Private/VirtualShadowMaps/VirtualShadowMapBuildPerPageDrawCommands.usf" 2176
"../../../Engine/Shaders/Private/Nanite/NaniteCullingCommon.ush" 2177
"../../../Engine/Shaders/Private/Nanite/NaniteCulling.ush" 2178
"../../../Engine/Shaders/Private/Nanite/NaniteHierarchyTraversalCommon.ush" 2179
"../../../Engine/Shaders/Private/InstanceCulling/InstanceCullingCommon.ush" 2180
"../../../Engine/Shaders/Private/VirtualShadowMaps/VirtualShadowMapPrintStats.usf" 2181
"../../../Engine/Shaders/Private/VirtualShadowMaps/VirtualShadowMapDebug.usf" 2182
"../../../Engine/Shaders/Private/VirtualShadowMaps/VirtualShadowMapPageManagement.usf" 2183
"../../../Engine/Shaders/Private/VirtualShadowMaps/VirtualShadowMapPageMarking.usf" 2184
"../../../Engine/Shaders/Shared/SingleLayerWaterDefinitions.h" 2185
"../../../Engine/Shaders/Private/HairStrands/HairStrandsTileCommon.ush" 2186
"../../../Engine/Shaders/Private/VariableRateShading/VRSShadingRatePreview.usf" 2187
"../../../Engine/Shaders/Private/VariableRateShading/VRSShadingRateCommon.ush" 2188
"../../../Engine/Shaders/Private/VariableRateShading/VRSShadingRateCombine.usf" 2189
"../../../Engine/Shaders/Private/VariableRateShading/VRSShadingRateFoveated.usf" 2190
"../../../Engine/Shaders/Private/VariableRateShading/VRSShadingRateReproject.usf" 2191
"../../../Engine/Shaders/Private/VariableRateShading/VRSShadingRateCalculate.usf" 2192
"../../../Engine/Shaders/Private/TranslucencyUpsampling.usf" 2193
"../../../Engine/Shaders/Private/ScreenPass.ush" 2194
"../../../Engine/Shaders/Private/ComposeSeparateTranslucency.usf" 2195
"../../../Engine/Shaders/Private/SeparateTranslucency.ush" 2196
"../../../Engine/Shaders/Private/TranslucentLightInjectionShaders.usf" 2197
"../../../Engine/Shaders/Private/TranslucentShadowDepthShaders.usf" 2198
"../../../Engine/Shaders/Private/ShadowDepthCommon.ush" 2199
"../../../Engine/Shaders/Private/RayTracing/RayTracingTest.usf" 2200
"../../../Engine/Shaders/Private/PostProcessSubsurfaceTile.usf" 2201
"../../../Engine/Shaders/Private/Substrate/SubstrateVisualize.usf" 2202
"../../../Engine/Shaders/Private/Substrate/SubstrateTile.ush" 2203
"../../../Engine/Shaders/Private/SkyLightingDiffuseShared.ush" 2204
"../../../Engine/Shaders/Private/SkyLightingShared.ush" 2205
"../../../Engine/Shaders/Private/ClearCoatCommon.ush" 2206
"../../../Engine/Shaders/Private/ReflectionEnvironmentComposite.ush" 2207
"../../../Engine/Shaders/Private/Substrate/SubstrateLightingCommon.ush" 2208
"../../../Engine/Shaders/Private/Substrate/SubstrateRoughRefraction.usf" 2209
"../../../Engine/Shaders/Private/PathTracing/Material/PathTracingFresnel.ush" 2210
"../../../Engine/Shaders/Private/PathTracing/Material/PathTracingGlossy.ush" 2211
"../../../Engine/Shaders/Private/Substrate/SubstrateTile.usf" 2212
"../../../Engine/Shaders/Private/Substrate/SubstrateMaterialClassification.usf" 2213
"../../../Engine/Shaders/Private/Substrate/SubstrateDBuffer.usf" 2214
"../../../Engine/Shaders/Private/SplineMeshSceneTexture.usf" 2215
"../../../Engine/Shaders/Private/SparseVolumeTexture/VisualizeSparseVolumeTexture.usf" 2216
"../../../Engine/Shaders/Private/SkyAtmosphere.usf" 2217
"../../../Engine/Shaders/Private/CopyDepthTexture.usf" 2218
"../../../Engine/Shaders/Private/SingleLayerWaterComposite.usf" 2219
"../../../Engine/Shaders/Private/ScreenSpaceShadows.usf" 2220
"../../../Engine/Shaders/Private/bend_sss_gpu.ush" 2221
"../../../Engine/Shaders/Private/ShadowFactorsUpsampleCommon.ush" 2222
"../../../Engine/Shaders/Private/ShadowProjectionVertexShader.usf" 2223
"../../../Engine/Shaders/Private/ShadowProjectionPixelShader.usf" 2224
"../../../Engine/Shaders/Private/ShadowPercentageCloserFiltering.ush" 2225
"../../../Engine/Shaders/Private/TransmissionThickness.ush" 2226
"../../../Engine/Shaders/Private/CopyShadowMaps.usf" 2227
"../../../Engine/Shaders/Private/ShadowDepthPixelShader.usf" 2228
"../../../Engine/Shaders/Private/ShadowDepthVertexShader.usf" 2229
"../../../Engine/Shaders/Private/ShadingEnergyConservationTable.usf" 2230
"../../../Engine/Shaders/Shared/PathTracingDefinitions.h" 2231
"../../../Engine/Shaders/Private/ShadingFurnaceTest.usf" 2232
"../../../Engine/Shaders/Private/Substrate/SubstrateDeferredLighting.ush" 2233
"../../../Engine/Shaders/Private/ShaderPrintDraw.usf" 2234
"../../../Engine/Shaders/Private/ShaderPrintDrawPrimitive.usf" 2235
"../../../Engine/Shaders/Private/DefaultSSRTiles.usf" 2236
"../../../Engine/Shaders/Private/ScreenSpaceReflectionTileCommons.ush" 2237
"../../../Engine/Shaders/Private/SSRT/SSRTDiffuseIndirect.usf" 2238
"../../../Engine/Shaders/Private/SSRT/SSRTRayCast.ush" 2239
"../../../Engine/Shaders/Private/SSRT/SSRTTileClassificationBuffer.ush" 2240
"../../../Engine/Shaders/Private/SSRT/SSRTReflections.usf" 2241
"../../../Engine/Shaders/Private/ScreenSpaceDenoise/SSDPublic.ush" 2242
"../../../Engine/Shaders/Private/SSRT/SSRTTileClassification.usf" 2243
"../../../Engine/Shaders/Private/SSRT/SSRTPrevFrameReduction.usf" 2244
"../../../Engine/Shaders/Private/ScreenSpaceDenoise/SSDComposeHarmonics.usf" 2245
"../../../Engine/Shaders/Private/ScreenSpaceDenoise/SSDPublicHarmonics.ush" 2246
"../../../Engine/Shaders/Private/ScreenSpaceDenoise/SSDSignalFramework.ush" 2247
"../../../Engine/Shaders/Private/ScreenSpaceDenoise/SSDCommon.ush" 2248
"../../../Engine/Shaders/Private/SphericalGaussian.ush" 2249
"../../../Engine/Shaders/Public/WaveBroadcastIntrinsics.ush" 2250
"../../../Engine/Shaders/Private/ScreenSpaceDenoise/SSDMetadata.ush" 2251
"../../../Engine/Shaders/Private/ScreenSpaceDenoise/SSDSignalCore.ush" 2252
"../../../Engine/Shaders/Private/ScreenSpaceDenoise/DenoisingCommon.ush" 2253
"../../../Engine/Shaders/Private/ScreenSpaceDenoise/SSDSignalArray.ush" 2254
"../../../Engine/Shaders/Private/ScreenSpaceDenoise/SSDSignalBufferEncoding.ush" 2255
"../../../Engine/Shaders/Private/ScreenSpaceDenoise/SSDPublicBufferEncoding.ush" 2256
"../../../Engine/Shaders/Private/Lumen/LumenBufferEncoding.ush" 2257
"../../../Engine/Shaders/Private/ScreenSpaceDenoise/SSDTemporalAccumulation.usf" 2258
"../../../Engine/Shaders/Private/ScreenSpaceDenoise/SSDSpatialKernel.ush" 2259
"../../../Engine/Shaders/Private/ScreenSpaceDenoise/SSDSignalAccumulatorArray.ush" 2260
"../../../Engine/Shaders/Private/ScreenSpaceDenoise/SSDSignalAccumulator.ush" 2261
"../../../Engine/Shaders/Private/ScreenSpaceDenoise/SSDSignalCompression.ush" 2262
"../../../Engine/Shaders/Private/ScreenSpaceDenoise/SSDSpatialAccumulation.usf" 2263
"../../../Engine/Shaders/Private/ScreenSpaceDenoise/SSDInjest.usf" 2264
"../../../Engine/Shaders/Private/ScreenSpaceDenoise/SSDCompressMetadata.usf" 2265
"../../../Engine/Shaders/Private/DownsampleDepthPixelShader.usf" 2266
"../../../Engine/Shaders/Private/ScreenPass.usf" 2267
"../../../Engine/Shaders/Private/HZB.usf" 2268
"../../../Engine/Shaders/Private/OcclusionFeedbackShaders.usf" 2269
"../../../Engine/Shaders/Private/HZBOcclusion.usf" 2270
"../../../Engine/Shaders/Private/OcclusionQueryPixelShader.usf" 2271
"../../../Engine/Shaders/Private/OcclusionQueryVertexShader.usf" 2272
"../../../Engine/Shaders/Private/HitProxyPixelShader.usf" 2273
"../../../Engine/Shaders/Private/HitProxyVertexShader.usf" 2274
"../../../Engine/Shaders/Private/SceneCulling/SceneCullingDebugRender.usf" 2275
"../../../Engine/Shaders/Private/SceneCulling/SceneCulling.ush" 2276
"../../../Engine/Shaders/Shared/SceneCullingDefinitions.h" 2277
"../../../Engine/Shaders/Private/SceneCulling/SceneCullingBuildExplicitBounds.usf" 2278
"../../../Engine/Shaders/Private/SceneCapturePixelShader.usf" 2279
"../../../Engine/Shaders/Private/RTWriteMaskDecode.usf" 2280
"../../../Engine/Shaders/Private/ReflectionEnvironmentShaders.usf" 2281
"../../../Engine/Shaders/Private/RectLightAtlas.usf" 2282
"../../../Engine/Shaders/Private/RayTracing/TraceRayInlineStatistics.usf" 2283
"../../../Engine/Shaders/Private/RayTracing/CompositeSkyLightPS.usf" 2284
"../../../Engine/Shaders/Private/RayTracing/GenerateSkyLightVisibilityRaysCS.usf" 2285
"../../../Engine/Shaders/Private/RayTracing/RayTracingSkyLightCommon.ush" 2286
"../../../Engine/Shaders/Private/RayTracing/SkyLightVisibilityRaysData.ush" 2287
"../../../Engine/Shaders/Private/Raytracing/RaytracingSkylightRGS.usf" 2288
"../../../Engine/Shaders/Private/HairStrands/HairStrandsRaytracing.ush" 2289
"../../../Engine/Shaders/Private/Raytracing/RayTracingSkyLightEvaluation.ush" 2290
"../../../Engine/Shaders/Private/Raytracing/RayTracingDeferredShadingCommon.ush" 2291
"../../../Engine/Shaders/Private/RayTracing/RayTracingOcclusionRGS.usf" 2292
"../../../Engine/Shaders/Private/RayTracing/RayTracingDirectionalLight.ush" 2293
"../../../Engine/Shaders/Private/RayTracing/RayTracingRectLight.ush" 2294
"../../../Engine/Shaders/Private/RayTracing/RayTracingSphereLight.ush" 2295
"../../../Engine/Shaders/Private/RayTracing/RayTracingCapsuleLight.ush" 2296
"../../../Engine/Shaders/Private/RayTracing/RayTracingPrimaryRays.usf" 2297
"../../../Engine/Shaders/Shared/RayTracingTypes.h" 2298
"../../../Engine/Shaders/Private/RayTracing/RayTracingLightingCommon.ush" 2299
"../../../Engine/Shaders/Private/RayTracing/RayTracingLightCullingCommon.ush" 2300
"../../../Engine/Shaders/Private/RayTracing/RayTracingMaterialDefaultHitShaders.usf" 2301
"../../../Engine/Shaders/Private/RayTracing/RayTracingMaterialHitShaders.usf" 2302
"../../../Engine/Shaders/Private/RayTracing/RayTracingShaderUtils.ush" 2303
"../../../Engine/Shaders/Private/RayTracing/RayTracingCalcInterpolants.ush" 2304
"../../../Engine/Shaders/Private/LightmapCommon.ush" 2305
"../../../Engine/Shaders/Private/Lumen/LumenHardwareRayTracingPayloadCommon.ush" 2306
"../../../Engine/Shaders/Shared/LumenDefinitions.h" 2307
"../../../Engine/Shaders/Private/Substrate/SubstrateExport.ush" 2308
"../../../Engine/Shaders/Private/RayTracing/RayTracingLightingMS.usf" 2309
"../../../Engine/Shaders/Private/RayTracing/RayTracingLightFunctionCommon.ush" 2310
"../../../Engine/Shaders/Private/RayTracing/RayTracingBuildLightGrid.usf" 2311
"../../../Engine/Shaders/Private/Raytracing/RayTracingInstanceBufferUtil.usf" 2312
"../../../Engine/Shaders/Private/RayTracing/RayTracingDynamicMesh.usf" 2313
"../../../Engine/Shaders/Private/RayTracing/RayTracingDefaultDecalHitShader.usf" 2314
"../../../Engine/Shaders/Private/RayTracing/RayTracingDecalMaterialShader.usf" 2315
"../../../Engine/Shaders/Private/PathTracing/PathTracingShaderUtils.ush" 2316
"../../../Engine/Shaders/Private/PathTracing/PathTracingCommon.ush" 2317
"../../../Engine/Shaders/Private/PathTracing/Material/PathTracingMaterialCommon.ush" 2318
"../../../Engine/Shaders/Private/RayTracing/RayTracingBuildDecalGrid.usf" 2319
"../../../Engine/Shaders/Private/RayTracing/RayTracingDebugHitStatsUtils.usf" 2320
"../../../Engine/Shaders/Private/RayTracing/RayTracingDebugInstanceOverlap.usf" 2321
"../../../Engine/Shaders/Private/RayTracing/RayTracingDebugPicking.usf" 2322
"../../../Engine/Shaders/Private/RayTracing/RayTracingDebugUtils.ush" 2323
"../../../Engine/Shaders/Shared/RayTracingDebugTypes.h" 2324
"../../../Engine/Shaders/Private/RayTracing/RayTracingDebugTraversal.usf" 2325
"../../../Engine/Shaders/Private/RayTracing/RayTracingDeferredMaterials.ush" 2326
"../../../Engine/Shaders/Shared/ThirdParty/AMD/ags_shader_intrinsics_dx12.h" 2327
"../../../Engine/Shaders/Shared/RayTracingDebugDefinitions.h" 2328
"../../../Engine/Shaders/Private/RayTracing/RayTracingDebugHitStatsCHS.usf" 2329
"../../../Engine/Shaders/Private/RayTracing/RayTracingDebugHitStats.usf" 2330
"../../../Engine/Shaders/Private/RayTracing/RayTracingDebugMS.usf" 2331
"../../../Engine/Shaders/Private/RayTracing/RayTracingDebugCHS.usf" 2332
"../../../Engine/Shaders/Private/RayTracing/RayTracingDebug.usf" 2333
"../../../Engine/Shaders/Private/RayTracing/RayTracingBuiltInShaders.usf" 2334
"../../../Engine/Shaders/Private/RayTracing/RayTracingBarycentrics.usf" 2335
"../../../Engine/Shaders/Private/RayTracing/RayTracingAmbientOcclusionRGS.usf" 2336
"../../../Engine/Shaders/Private/VisualizeShadingModels.usf" 2337
"../../../Engine/Shaders/Private/PostProcessCommon.ush" 2338
"../../../Engine/Shaders/Private/MotionBlur/VisualizeMotionVectors.usf" 2339
"../../../Engine/Shaders/Private/TemporalSuperResolution/TSRVisualize.usf" 2340
"../../../Engine/Shaders/Private/TemporalSuperResolution/TSRCommon.ush" 2341
"../../../Engine/Shaders/Public/DualPixelVectorization.ush" 2342
"../../../Engine/Shaders/Private/TemporalSuperResolution/TSRResolveHistory.usf" 2343
"../../../Engine/Shaders/Private/TemporalSuperResolution/TSRConvolutionNetwork.ush" 2344
"../../../Engine/Shaders/Public/LaneVectorization.ush" 2345
"../../../Engine/Shaders/Private/TemporalSuperResolution/TSRUpdateHistory.usf" 2346
"../../../Engine/Shaders/Private/TemporalSuperResolution/TSRSpatialAntiAliasing.usf" 2347
"../../../Engine/Shaders/Private/TemporalSuperResolution/TSRRejectShading.usf" 2348
"../../../Engine/Shaders/Private/TemporalSuperResolution/TSRShadingAnalysis.ush" 2349
"../../../Engine/Shaders/Private/TemporalSuperResolution/TSRConvolutionNetworkPass.ush" 2350
"../../../Engine/Shaders/Private/TemporalSuperResolution/TSRDecimateHistory.usf" 2351
"../../../Engine/Shaders/Private/TemporalSuperResolution/TSRDilateVelocity.usf" 2352
"../../../Engine/Shaders/Private/MotionBlur/MotionBlurVelocityFlatten.ush" 2353
"../../../Engine/Shaders/Private/MotionBlur/MotionBlurCommon.ush" 2354
"../../../Engine/Shaders/Private/TemporalSuperResolution/TSRClearPrevTextures.usf" 2355
"../../../Engine/Shaders/Private/TemporalSuperResolution/TSRMeasureFlickeringLuma.usf" 2356
"../../../Engine/Shaders/Private/TemporalAA.usf" 2357
"../../../Engine/Shaders/Private/FilterPixelShader.usf" 2358
"../../../Engine/Shaders/Private/FilterVertexShader.usf" 2359
"../../../Engine/Shaders/Private/PostProcessVisualizeBuffer.usf" 2360
"../../../Engine/Shaders/Private/PostProcessVisualizeLocalExposure.usf" 2361
"../../../Engine/Shaders/Private/PostProcessHistogramCommon.ush" 2362
"../../../Engine/Shaders/Private/PostProcessVisualizeLevelInstance.usf" 2363
"../../../Engine/Shaders/Private/PostProcessVisualizeHDR.usf" 2364
"../../../Engine/Shaders/Private/ShaderComplexityApplyPixelShader.usf" 2365
"../../../Engine/Shaders/Private/QuadOverdraw.ush" 2366
"../../../Engine/Shaders/Private/PostProcessUpscale.usf" 2367
"../../../Engine/Shaders/Private/PostProcessTonemap.usf" 2368
"../../../Engine/Shaders/Private/PostProcessing/FilmGrainPackConstants.usf" 2369
"../../../Engine/Shaders/Private/PostProcessing/FilmGrainReduce.usf" 2370
"../../../Engine/Shaders/Private/PostProcessTestImage.usf" 2371
"../../../Engine/Shaders/Private/PostProcessSubsurface.usf" 2372
"../../../Engine/Shaders/Private/SeparableSSS.ush" 2373
"../../../Engine/Shaders/Private/SubsurfaceBurleyNormalized.ush" 2374
"../../../Engine/Shaders/Private/PostProcessSelectionOutline.usf" 2375
"../../../Engine/Shaders/Private/PostProcessPixelProjectedReflectionMobile.usf" 2376
"../../../Engine/Shaders/Private/MotionBlur/MotionBlurVisualize.usf" 2377
"../../../Engine/Shaders/Private/MotionBlur/MotionBlurApply.usf" 2378
"../../../Engine/Shaders/Private/MotionBlur/MotionBlurFilterTileClassify.usf" 2379
"../../../Engine/Shaders/Private/MotionBlur/MotionBlurTileScatter.usf" 2380
"../../../Engine/Shaders/Private/MotionBlur/MotionBlurTileGather.usf" 2381
"../../../Engine/Shaders/Private/MotionBlur/MotionBlurVelocityFlatten.usf" 2382
"../../../Engine/Shaders/Private/PostProcessMobile.usf" 2383
"../../../Engine/Shaders/Private/PostProcessMitchellNetravali.usf" 2384
"../../../Engine/Shaders/Private/PostProcessMaterialShaders.usf" 2385
"../../../Engine/Shaders/Private/NeuralPostProcessCommon.usf" 2386
"../../../Engine/Shaders/Private/PostProcessLocalExposure.usf" 2387
"../../../Engine/Shaders/Private/PostProcessLensFlares.usf" 2388
"../../../Engine/Shaders/Private/PostProcessGBufferHints.usf" 2389
"../../../Engine/Shaders/Private/PostProcessHMD.usf" 2390
"../../../Engine/Shaders/Private/Histogram.usf" 2391
"../../../Engine/Shaders/Private/PostProcessHistogramReduce.usf" 2392
"../../../Engine/Shaders/Private/PostProcessHistogram.usf" 2393
"../../../Engine/Shaders/Private/Bloom/BloomFinalizeApplyConstants.usf" 2394
"../../../Engine/Shaders/Private/Bloom/BloomCommon.ush" 2395
"../../../Engine/Shaders/Private/Bloom/BloomResizeKernel.usf" 2396
"../../../Engine/Shaders/Private/Bloom/BloomDownsampleKernel.usf" 2397
"../../../Engine/Shaders/Private/Bloom/BloomClampKernel.usf" 2398
"../../../Engine/Shaders/Private/Bloom/BloomPackKernelConstants.usf" 2399
"../../../Engine/Shaders/Private/Bloom/BloomSumScatterDispersionEnergy.usf" 2400
"../../../Engine/Shaders/Private/Bloom/BloomReduceKernelSurvey.usf" 2401
"../../../Engine/Shaders/Private/Bloom/BloomSurveyKernelCenterEnergy.usf" 2402
"../../../Engine/Shaders/Private/Bloom/BloomSurveyMaxScatterDispersion.usf" 2403
"../../../Engine/Shaders/Private/Bloom/BloomFindKernelCenter.usf" 2404
"../../../Engine/Shaders/Private/PostProcessEyeAdaptation.usf" 2405
"../../../Engine/Shaders/Private/TranslucencyVolumeCommon.ush" 2406
"../../../Engine/Shaders/Private/PostProcessDownsample.usf" 2407
"../../../Engine/Shaders/Private/PostProcessDOF.usf" 2408
"../../../Engine/Shaders/Private/PostProcessDeviceEncodingOnly.usf" 2409
"../../../Engine/Shaders/Private/PostProcessCompositePrimitives.usf" 2410
"../../../Engine/Shaders/Private/PostProcessCombineLUTs.usf" 2411
"../../../Engine/Shaders/Private/PostProcessVisualizeDOF.usf" 2412
"../../../Engine/Shaders/Private/PostProcessBloom.usf" 2413
"../../../Engine/Shaders/Private/PostProcessAmbientOcclusionMobile.usf" 2414
"../../../Engine/Shaders/Private/PostProcessAmbientOcclusionCommon.ush" 2415
"../../../Engine/Shaders/Private/FXAAShader.usf" 2416
"../../../Engine/Shaders/Private/Fxaa3_11.ush" 2417
"../../../Engine/Shaders/Private/DiaphragmDOF/DOFRecombine.usf" 2418
"../../../Engine/Shaders/Private/DiaphragmDOF/DOFCommon.ush" 2419
"../../../Engine/Shaders/Private/DiaphragmDOF/DOFHybridScatterPixelShader.usf" 2420
"../../../Engine/Shaders/Private/DiaphragmDOF/DOFHybridScatterCommon.ush" 2421
"../../../Engine/Shaders/Private/DiaphragmDOF/DOFHybridScatterVertexShader.usf" 2422
"../../../Engine/Shaders/Private/DiaphragmDOF/DOFPostfiltering.usf" 2423
"../../../Engine/Shaders/Private/DiaphragmDOF/DOFGatherTileSuggest.ush" 2424
"../../../Engine/Shaders/Private/DiaphragmDOF/DOFCocTileCommon.ush" 2425
"../../../Engine/Shaders/Private/DiaphragmDOF/DOFGatherPass.usf" 2426
"../../../Engine/Shaders/Private/DiaphragmDOF/DOFGatherCommon.ush" 2427
"../../../Engine/Shaders/Private/DiaphragmDOF/DOFGatherAccumulator.ush" 2428
"../../../Engine/Shaders/Private/DiaphragmDOF/DOFGatherKernel.ush" 2429
"../../../Engine/Shaders/Private/DiaphragmDOF/DOFBokehLUT.usf" 2430
"../../../Engine/Shaders/Private/DiaphragmDOF/DOFHybridScatterCompilation.usf" 2431
"../../../Engine/Shaders/Private/DiaphragmDOF/DOFReduce.usf" 2432
"../../../Engine/Shaders/Private/DiaphragmDOF/DOFDownsample.ush" 2433
"../../../Engine/Shaders/Private/DiaphragmDOF/DOFHybridScatterCompilation.ush" 2434
"../../../Engine/Shaders/Private/DiaphragmDOF/DOFDownsample.usf" 2435
"../../../Engine/Shaders/Private/DiaphragmDOF/DOFCocTileDilate.usf" 2436
"../../../Engine/Shaders/Private/DiaphragmDOF/DOFCocTileFlatten.usf" 2437
"../../../Engine/Shaders/Private/DiaphragmDOF/DOFSetup.usf" 2438
"../../../Engine/Shaders/Private/Tools/DebugAlphaChannel.usf" 2439
"../../../Engine/Shaders/Private/PlanarReflectionShaders.usf" 2440
"../../../Engine/Shaders/Private/PlanarReflectionShared.ush" 2441
"../../../Engine/Shaders/Private/PhysicsFieldVisualizer.usf" 2442
"../../../Engine/Shaders/Private/PathTracing/PathTracingSpatialTemporalDenoising.usf" 2443
"../../../Engine/Shaders/Private/ColorDifference.ush" 2444
"../../../Engine/Shaders/Private/PathTracing/PathTracingCompositingPixelShader.usf" 2445
"../../../Engine/Shaders/Private/PathTracing/PathTracingAdaptiveUtils.ush" 2446
"../../../Engine/Shaders/Private/PathTracing/PathTracingDefaultHitShader.usf" 2447
"../../../Engine/Shaders/Private/PathTracing/PathTracingGPULightmassMaterialHitShader.usf" 2448
"../../../Engine/Shaders/Private/PathTracing/PathTracingMaterialHitShader.usf" 2449
"../../../Engine/Shaders/Private/PathTracing/PathTracingLightingMissShader.usf" 2450
"../../../Engine/Shaders/Private/PathTracing/PathTracingMissShader.usf" 2451
"../../../Engine/Shaders/Private/PathTracing/PathTracingAdaptiveStart.usf" 2452
"../../../Engine/Shaders/Private/PathTracing/PathTracingBuildAdaptiveError.usf" 2453
"../../../Engine/Shaders/Private/PathTracing/PathTracingBuildAtmosphereLUT.usf" 2454
"../../../Engine/Shaders/Private/PathTracing/Volume/PathTracingAtmosphereCommon.ush" 2455
"../../../Engine/Shaders/Private/PathTracing/PathTracingSwizzleScanlines.usf" 2456
"../../../Engine/Shaders/Private/PathTracing/PathTracingInitExtinctionCoefficient.usf" 2457
"../../../Engine/Shaders/Private/PathTracing/PathTracing.usf" 2458
"../../../Engine/Shaders/Private/PathTracing/PathTracingCore.ush" 2459
"../../../Engine/Shaders/Private/HeterogeneousVolumes/HeterogeneousVolumesVoxelGridTypes.ush" 2460
"../../../Engine/Shaders/Private/RayTracing/RayTracingDecalGrid.ush" 2461
"../../../Engine/Shaders/Private/PathTracing/Utilities/PathTracingRIS.ush" 2462
"../../../Engine/Shaders/Private/PathTracing/Light/PathTracingLightSampling.ush" 2463
"../../../Engine/Shaders/Private/PathTracing/Light/PathTracingLightCommon.ush" 2464
"../../../Engine/Shaders/Private/PathTracing/Light/PathTracingDirectionalLight.ush" 2465
"../../../Engine/Shaders/Private/PathTracing/Light/PathTracingPointLight.ush" 2466
"../../../Engine/Shaders/Private/PathTracing/Light/PathTracingCapsuleLight.ush" 2467
"../../../Engine/Shaders/Private/PathTracing/Light/PathTracingRectLight.ush" 2468
"../../../Engine/Shaders/Private/PathTracing/Light/PathTracingSkyLight.ush" 2469
"../../../Engine/Shaders/Private/PathTracing/Light/PathTracingLightGrid.ush" 2470
"../../../Engine/Shaders/Private/PathTracing/Material/PathTracingMaterialSampling.ush" 2471
"../../../Engine/Shaders/Private/PathTracing/Material/PathTracingLambert.ush" 2472
"../../../Engine/Shaders/Private/PathTracing/Material/PathTracingSubstrate.ush" 2473
"../../../Engine/Shaders/Private/PathTracing/Material/PathTracingSubstrateCommon.ush" 2474
"../../../Engine/Shaders/Private/PathTracing/Material/PathTracingSubstrateSolidGlass.ush" 2475
"../../../Engine/Shaders/Private/PathTracing/Material/PathTracingSubstrateThinGlass.ush" 2476
"../../../Engine/Shaders/Private/PathTracing/Material/PathTracingSolidGlass.ush" 2477
"../../../Engine/Shaders/Private/PathTracing/Material/PathTracingEnergyConservation.ush" 2478
"../../../Engine/Shaders/Private/PathTracing/Material/PathTracingThinGlass.ush" 2479
"../../../Engine/Shaders/Private/PathTracing/Material/PathTracingDefaultLit.ush" 2480
"../../../Engine/Shaders/Private/PathTracing/Material/PathTracingClearCoat.ush" 2481
"../../../Engine/Shaders/Private/PathTracing/Material/PathTracingTwoSidedFoliage.ush" 2482
"../../../Engine/Shaders/Private/PathTracing/Material/PathTracingCloth.ush" 2483
"../../../Engine/Shaders/Private/PathTracing/Material/PathTracingSubsurfaceProfile.ush" 2484
"../../../Engine/Shaders/Private/PathTracing/Material/PathTracingEye.ush" 2485
"../../../Engine/Shaders/Private/PathTracing/Material/PathTracingHair.ush" 2486
"../../../Engine/Shaders/Private/PathTracing/Material/PathTracingMedium.ush" 2487
"../../../Engine/Shaders/Private/PathTracing/Volume/PathTracingVolume.ush" 2488
"../../../Engine/Shaders/Private/PathTracing/Volume/PathTracingVolumeCommon.ush" 2489
"../../../Engine/Shaders/Private/PathTracing/Volume/PathTracingAtmosphere.ush" 2490
"../../../Engine/Shaders/Private/PathTracing/Volume/PathTracingFog.ush" 2491
"../../../Engine/Shaders/Private/PathTracing/Volume/PathTracingHeterogeneousVolumes.ush" 2492
"../../../Engine/Shaders/Private/HeterogeneousVolumes/HeterogeneousVolumesVoxelGridTraversal.ush" 2493
"../../../Engine/Shaders/Private/HeterogeneousVolumes/HeterogeneousVolumesVoxelGridUtils.ush" 2494
"../../../Engine/Shaders/Private/HeterogeneousVolumes/HeterogeneousVolumesFrustumVoxelGridUtils.ush" 2495
"../../../Engine/Shaders/Private/PathTracing/Volume/PathTracingVolumeSampling.ush" 2496
"../../../Engine/Shaders/Private/PathTracing/PathTracingBuildLightGrid.usf" 2497
"../../../Engine/Shaders/Private/PathTracing/PathTracingSkylightMISCompensation.usf" 2498
"../../../Engine/Shaders/Private/PathTracing/PathTracingSkylightPrepare.usf" 2499
"../../../Engine/Shaders/Private/OIT/OITSorting.usf" 2500
"../../../Engine/Shaders/Private/OITCombine.usf" 2501
"../../../Engine/Shaders/Private/OITCommon.ush" 2502
"../../../Engine/Shaders/Private/Nanite/Voxel/RasterizeBricks.usf" 2503
"../../../Engine/Shaders/Private/Nanite/Voxel/Brick.ush" 2504
"../../../Engine/Shaders/Private/Nanite/Voxel/Voxel.ush" 2505
"../../../Engine/Shaders/Private/Nanite/Voxel/ScatterBricks.usf" 2506
"../../../Engine/Shaders/Private/Nanite/Voxel/TileBricks.usf" 2507
"../../../Engine/Shaders/Private/Nanite/Voxel/AutoVoxel.usf" 2508
"../../../Engine/Shaders/Private/Nanite/NaniteDebugViews.usf" 2509
"../../../Engine/Shaders/Private/Nanite/NaniteDepthDecode.usf" 2510
"../../../Engine/Shaders/Private/HTileEncoding.ush" 2511
"../../../Engine/Shaders/Private/Nanite/NaniteVisualize.usf" 2512
"../../../Engine/Shaders/Private/Nanite/NaniteStreamOut.usf" 2513
"../../../Engine/Shaders/Private/Nanite/NaniteHierarchyTraversal.ush" 2514
"../../../Engine/Shaders/Private/Nanite/NaniteShadeBinning.usf" 2515
"../../../Engine/Shaders/Private/Nanite/NaniteShadeCommon.ush" 2516
"../../../Engine/Shaders/Private/Nanite/NaniteFastClear.usf" 2517
"../../../Engine/Shaders/Private/Nanite/NaniteMaterialCulling.usf" 2518
"../../../Engine/Shaders/Private/Nanite/NaniteExportGBuffer.usf" 2519
"../../../Engine/Shaders/Private/Nanite/NaniteClusterCulling.usf" 2520
"../../../Engine/Shaders/Private/Nanite/NanitePrintStats.usf" 2521
"../../../Engine/Shaders/Private/Nanite/NaniteRasterizer.usf" 2522
"../../../Engine/Shaders/Private/Nanite/NaniteRasterizationCommon.ush" 2523
"../../../Engine/Shaders/Private/Nanite/NaniteRasterizer.ush" 2524
"../../../Engine/Shaders/Private/Nanite/NaniteWritePixel.ush" 2525
"../../../Engine/Shaders/Private/Nanite/NaniteTessellation.ush" 2526
"../../../Engine/Shaders/Private/WorkDistribution.ush" 2527
"../../../Engine/Shaders/Private/Nanite/NaniteDice.ush" 2528
"../../../Engine/Shaders/Private/Nanite/NaniteSplit.usf" 2529
"../../../Engine/Shaders/Private/Nanite/NaniteRasterBinning.usf" 2530
"../../../Engine/Shaders/Private/Nanite/NaniteInstanceCulling.usf" 2531
"../../../Engine/Shaders/Private/Nanite/NaniteImposter.ush" 2532
"../../../Engine/Shaders/Private/Nanite/NaniteInstanceHierarchyCulling.usf" 2533
"../../../Engine/Shaders/Private/Nanite/NanitePrimitiveFilter.usf" 2534
"../../../Engine/Shaders/Private/Nanite/NaniteRasterClear.usf" 2535
"../../../Engine/Shaders/Private/Nanite/NaniteDepthExport.usf" 2536
"../../../Engine/Shaders/Private/Nanite/NaniteEmitShadow.usf" 2537
"../../../Engine/Shaders/Private/MobileDeferredUtils.usf" 2538
"../../../Engine/Shaders/Private/MobileLocalLightsBuffer.usf" 2539
"../../../Engine/Shaders/Private/MobileLightingCommon.ush" 2540
"../../../Engine/Shaders/Private/MobileFog.usf" 2541
"../../../Engine/Shaders/Private/DistortApplyScreenPS.usf" 2542
"../../../Engine/Shaders/Private/MobileDeferredShading.usf" 2543
"../../../Engine/Shaders/Private/MobileBasePassPixelShader.usf" 2544
"../../../Engine/Shaders/Private/MobileBasePassCommon.ush" 2545
"../../../Engine/Shaders/Private/BasePassCommon.ush" 2546
"../../../Engine/Shaders/Private/ShadingModelsMaterial.ush" 2547
"../../../Engine/Shaders/Private/ThinTranslucentCommon.ush" 2548
"../../../Engine/Shaders/Private/SingleLayerWaterShading.ush" 2549
"../../../Engine/Shaders/Private/DistortionCommon.ush" 2550
"../../../Engine/Shaders/Private/Substrate/SubstrateMobileForwardLighting.ush" 2551
"../../../Engine/Shaders/Private/MobileBasePassVertexShader.usf" 2552
"../../../Engine/Shaders/Private/ManyLights/ManyLightsRayTracing.usf" 2553
"../../../Engine/Shaders/Private/DistanceField/GlobalDistanceFieldUtils.ush" 2554
"../../../Engine/Shaders/Private/Lumen/LumenScreenTracing.ush" 2555
"../../../Engine/Shaders/Private/Lumen/LumenMaterial.ush" 2556
"../../../Engine/Shaders/Private/Lumen/LumenPosition.ush" 2557
"../../../Engine/Shaders/Private/ManyLights/ManyLights.ush" 2558
"../../../Engine/Shaders/Private/ManyLights/ManyLightsRayTracing.ush" 2559
"../../../Engine/Shaders/Private/ManyLights/ManyLightsHardwareRayTracing.usf" 2560
"../../../Engine/Shaders/Private/Lumen/LumenHardwareRayTracingCommon.ush" 2561
"../../../Engine/Shaders/Private/RayTracing/RayTracingReflectionEnvironment.ush" 2562
"../../../Engine/Shaders/Private/Lumen/LumenHardwareRayTracingPlatformCommon.ush" 2563
"../../../Engine/Shaders/Private/Lumen/LumenReflectionsCombine.ush" 2564
"../../../Engine/Shaders/Private/Lumen/LumenTracingCommon.ush" 2565
"../../../Engine/Shaders/Private/Lumen/SurfaceCache/LumenSurfaceCacheSampling.ush" 2566
"../../../Engine/Shaders/Private/Lumen/SurfaceCache/LumenSurfaceCache.ush" 2567
"../../../Engine/Shaders/Private/Lumen/LumenCardCommon.ush" 2568
"../../../Engine/Shaders/Private/ManyLights/ManyLightsDenoiserSpatial.usf" 2569
"../../../Engine/Shaders/Private/ManyLights/ManyLightsDenoiserTemporal.usf" 2570
"../../../Engine/Shaders/Private/ManyLights/ManyLightsShading.usf" 2571
"../../../Engine/Shaders/Private/ManyLights/ManyLightsResolve.usf" 2572
"../../../Engine/Shaders/Private/ManyLights/ManyLights.usf" 2573
"../../../Engine/Shaders/Private/ManyLights/ManyLightsSampling.usf" 2574
"../../../Engine/Shaders/Private/Lumen/LumenVisualizeRadianceCache.usf" 2575
"../../../Engine/Shaders/Private/Lumen/LumenRadianceCacheCommon.ush" 2576
"../../../Engine/Shaders/Private/Lumen/LumenVisualizeHardwareRayTracing.usf" 2577
"../../../Engine/Shaders/Private/Lumen/LumenVisualize.ush" 2578
"../../../Engine/Shaders/Private/Lumen/LumenHairTracing.ush" 2579
"../../../Engine/Shaders/Private/Lumen/LumenVisualize.usf" 2580
"../../../Engine/Shaders/Private/Lumen/LumenSoftwareRayTracing.ush" 2581
"../../../Engine/Shaders/Private/DistanceField/GlobalDistanceFieldObjectGrid.ush" 2582
"../../../Engine/Shaders/Private/DistanceFieldLightingShared.ush" 2583
"../../../Engine/Shaders/Private/Lumen/LumenVisualizeTraces.ush" 2584
"../../../Engine/Shaders/Private/Lumen/LumenTranslucencyVolumeLighting.usf" 2585
"../../../Engine/Shaders/Private/Lumen/LumenRadianceCacheMarkCommon.ush" 2586
"../../../Engine/Shaders/Private/Lumen/LumenTranslucencyVolumeLightingShared.ush" 2587
"../../../Engine/Shaders/Private/Lumen/LumenScreenProbeCommon.ush" 2588
"../../../Engine/Shaders/Private/Lumen/LumenTranslucencyVolumeHardwareRayTracing.usf" 2589
"../../../Engine/Shaders/Private/Lumen/LumenTranslucencyRadianceCacheMarkShaders.usf" 2590
"../../../Engine/Shaders/Private/Lumen/SurfaceCache/LumenSurfaceCacheFeedback.usf" 2591
"../../../Engine/Shaders/Private/Lumen/SurfaceCache/LumenSurfaceCache.usf" 2592
"../../../Engine/Shaders/Private/Lumen/LumenShortRangeAOHardwareRayTracing.usf" 2593
"../../../Engine/Shaders/Private/Lumen/LumenScreenSpaceBentNormal.usf" 2594
"../../../Engine/Shaders/Private/Lumen/LumenScreenProbeTracing.usf" 2595
"../../../Engine/Shaders/Private/Lumen/LumenScreenProbeTracingCommon.ush" 2596
"../../../Engine/Shaders/Private/Lumen/LumenScreenProbeImportanceSampling.usf" 2597
"../../../Engine/Shaders/Private/Lumen/LumenScreenProbeImportanceSamplingShared.ush" 2598
"../../../Engine/Shaders/Private/Lumen/LumenScreenProbeHardwareRayTracing.usf" 2599
"../../../Engine/Shaders/Private/Lumen/LumenDenoising.usf" 2600
"../../../Engine/Shaders/Private/Lumen/LumenScreenProbeGather.usf" 2601
"../../../Engine/Shaders/Private/Lumen/LumenScreenSpaceBentNormal.ush" 2602
"../../../Engine/Shaders/Private/Lumen/LumenScreenProbeLightSampling.usf" 2603
"../../../Engine/Shaders/Private/Lumen/LumenScreenProbeFiltering.usf" 2604
"../../../Engine/Shaders/Private/Lumen/LumenSceneLighting.usf" 2605
"../../../Engine/Shaders/Private/Lumen/LumenCardTile.ush" 2606
"../../../Engine/Shaders/Private/Lumen/LumenSceneLighting.ush" 2607
"../../../Engine/Shaders/Private/Lumen/Radiosity/LumenRadiosity.ush" 2608
"../../../Engine/Shaders/Private/Lumen/LumenSceneLightingDebug.usf" 2609
"../../../Engine/Shaders/Private/Lumen/LumenScene.usf" 2610
"../../../Engine/Shaders/Private/Lumen/LumenSceneDirectLightingHardwareRayTracing.usf" 2611
"../../../Engine/Shaders/Private/Lumen/LumenReflectionCommon.ush" 2612
"../../../Engine/Shaders/Private/Lumen/LumenSceneDirectLighting.ush" 2613
"../../../Engine/Shaders/Private/Lumen/LumenSceneDirectLightingSoftwareRayTracing.usf" 2614
"../../../Engine/Shaders/Private/DistanceFieldShadowingShared.ush" 2615
"../../../Engine/Shaders/Private/Lumen/LumenSceneDirectLightingPerLightShadowCommon.ush" 2616
"../../../Engine/Shaders/Private/Lumen/LumenSceneDirectLightingShadowMask.usf" 2617
"../../../Engine/Shaders/Private/Lumen/LumenSceneDirectLighting.usf" 2618
"../../../Engine/Shaders/Private/Lumen/LumenSceneDirectLightingCulling.usf" 2619
"../../../Engine/Shaders/Private/Lumen/LumenCardComputeShader.usf" 2620
"../../../Engine/Shaders/Private/Lumen/LumenCardPixelShader.usf" 2621
"../../../Engine/Shaders/Private/Lumen/LumenCardVertexShader.usf" 2622
"../../../Engine/Shaders/Private/Lumen/LumenReSTIRGather.usf" 2623
"../../../Engine/Shaders/Private/Lumen/LumenReflectionTracing.usf" 2624
"../../../Engine/Shaders/Private/Lumen/LumenReflections.usf" 2625
"../../../Engine/Shaders/Private/Lumen/LumenReflectionHardwareRayTracing.usf" 2626
"../../../Engine/Shaders/Private/Lumen/Radiosity/LumenVisualizeRadiosityProbes.usf" 2627
"../../../Engine/Shaders/Private/Lumen/Radiosity/LumenRadiosity.usf" 2628
"../../../Engine/Shaders/Private/RayTracing/RayGenUtils.ush" 2629
"../../../Engine/Shaders/Private/Lumen/Radiosity/LumenRadiosityHardwareRayTracing.usf" 2630
"../../../Engine/Shaders/Private/Lumen/Radiosity/LumenRadiosityCulling.usf" 2631
"../../../Engine/Shaders/Private/Lumen/LumenRadianceCacheHardwareRayTracing.usf" 2632
"../../../Engine/Shaders/Private/Lumen/LumenRadianceCacheTracingCommon.ush" 2633
"../../../Engine/Shaders/Private/Lumen/LumenRadianceCache.usf" 2634
"../../../Engine/Shaders/Private/Lumen/LumenRadianceCacheUpdate.ush" 2635
"../../../Engine/Shaders/Private/Lumen/LumenRadianceCacheDebug.usf" 2636
"../../../Engine/Shaders/Private/Lumen/LumenRadianceCacheUpdate.usf" 2637
"../../../Engine/Shaders/Private/Lumen/LumenMeshSDFCulling.usf" 2638
"../../../Engine/Shaders/Private/HybridIndirectLighting.ush" 2639
"../../../Engine/Shaders/Private/MeshDistanceFieldCommon.ush" 2640
"../../../Engine/Shaders/Private/Lumen/LumenIrradianceFieldGather.usf" 2641
"../../../Engine/Shaders/Private/Lumen/LumenHardwareRayTracingMaterials.usf" 2642
"../../../Engine/Shaders/Private/Lumen/LumenFrontLayerTranslucency.usf" 2643
"../../../Engine/Shaders/Private/LocalFogVolumes/LocalFogVolumeSplat.usf" 2644
"../../../Engine/Shaders/Private/LocalFogVolumes/LocalFogVolumeTiledCulling.usf" 2645
"../../../Engine/Shaders/Private/LightShaftShader.usf" 2646
"../../../Engine/Shaders/Private/StationaryLightOverlapShaders.usf" 2647
"../../../Engine/Shaders/Private/DeferredLightPixelShaders.usf" 2648
"../../../Engine/Shaders/Private/HairStrands/HairStrandsVisibilityUtils.ush" 2649
"../../../Engine/Shaders/Private/DeferredLightVertexShaders.usf" 2650
"../../../Engine/Shaders/Private/LightMapDensityShader.usf" 2651
"../../../Engine/Shaders/Private/LightGridInjection.usf" 2652
"../../../Engine/Shaders/Private/LightFunctionPixelShader.usf" 2653
"../../../Engine/Shaders/Private/LightFunctionVertexShader.usf" 2654
"../../../Engine/Shaders/Private/LightFunctionAtlas/LightFunctionAtlasRender.usf" 2655
"../../../Engine/Shaders/Private/InstanceCulling/InstanceCullingOcclusionQuery.usf" 2656
"../../../Engine/Shaders/Private/InstanceCulling/BuildInstanceDrawCommands.usf" 2657
"../../../Engine/Shaders/Private/InstanceCulling/InstanceCompactionCommon.ush" 2658
"../../../Engine/Shaders/Private/SceneDataMobileWriter.ush" 2659
"../../../Engine/Shaders/Private/InstanceCulling/CompactVisibleInstances.usf" 2660
"../../../Engine/Shaders/Private/ReflectionEnvironmentPixelShader.usf" 2661
"../../../Engine/Shaders/Private/AmbientCubemapComposite.usf" 2662
"../../../Engine/Shaders/Private/DiffuseIndirectComposite.usf" 2663
"../../../Engine/Shaders/Private/IESAtlas.usf" 2664
"../../../Engine/Shaders/Private/HeterogeneousVolumes/HeterogeneousVolumesVoxelGridShadows.usf" 2665
"../../../Engine/Shaders/Private/HeterogeneousVolumes/HeterogeneousVolumesVoxelGridRenderingUtils.ush" 2666
"../../../Engine/Shaders/Private/HeterogeneousVolumes/HeterogeneousVolumesLightingUtils.ush" 2667
"../../../Engine/Shaders/Private/HeterogeneousVolumes/HeterogeneousVolumesVoxelGridRendering.usf" 2668
"../../../Engine/Shaders/Private/HeterogeneousVolumes/HeterogeneousVolumesVoxelGridPipeline.usf" 2669
"../../../Engine/Shaders/Private/HeterogeneousVolumes/HeterogeneousVolumesMaterialBakingPipeline.usf" 2670
"../../../Engine/Shaders/Private/HeterogeneousVolumes/HeterogeneousVolumesLiveShadingUtils.ush" 2671
"../../../Engine/Shaders/Private/HeterogeneousVolumes/HeterogeneousVolumesFrustumVoxelGrid.usf" 2672
"../../../Engine/Shaders/Private/HeterogeneousVolumes/HeterogeneousVolumesSparseVoxelPipeline.usf" 2673
"../../../Engine/Shaders/Private/HeterogeneousVolumes/HeterogeneousVolumesSparseVoxelUtils.ush" 2674
"../../../Engine/Shaders/Private/HeterogeneousVolumes/HeterogeneousVolumesSparseVoxelUniformBufferUtils.ush" 2675
"../../../Engine/Shaders/Private/HeterogeneousVolumes/HeterogeneousVolumesPreshadingPipeline.usf" 2676
"../../../Engine/Shaders/Private/HeterogeneousVolumes/HeterogeneousVolumesLiveShadingShadows.usf" 2677
"../../../Engine/Shaders/Private/HeterogeneousVolumes/HeterogeneousVolumesLiveShadingPipeline.usf" 2678
"../../../Engine/Shaders/Private/HeterogeneousVolumes/HeterogeneousVolumesHardwareRayTracing.usf" 2679
"../../../Engine/Shaders/Private/HeterogeneousVolumes/HeterogeneousVolumesComposite.usf" 2680
"../../../Engine/Shaders/Private/HdrCustomResolveShaders.usf" 2681
"../../../Engine/Shaders/Private/HairStrands/HairStrandsVoxelRasterCompute.usf" 2682
"../../../Engine/Shaders/Private/Matrices.ush" 2683
"../../../Engine/Shaders/Private/HairStrands/HairStrandsAABBCommon.ush" 2684
"../../../Engine/Shaders/Private/HairStrands/HairStrandsClusterCommon.ush" 2685
"../../../Engine/Shaders/Private/HairStrands/HairStrandsRaytracingGeometry.usf" 2686
"../../../Engine/Shaders/Private/HairStrands/HairStrandsHitProxy.usf" 2687
"../../../Engine/Shaders/Private/HairStrands/HairStrandsVisibilityRasterComputeNaive.usf" 2688
"../../../Engine/Shaders/Private/HairStrands/HairStrandsVisibilityRasterHW.usf" 2689
"../../../Engine/Shaders/Private/HairStrands/HairStrandsVisibilityRasterCompute.usf" 2690
"../../../Engine/Shaders/Private/HairStrands/HairStrandsVisibilityRasterClassification.usf" 2691
"../../../Engine/Shaders/Private/HairStrands/HairStrandsCoverage.usf" 2692
"../../../Engine/Shaders/Private/HairStrands/HairStrandsVisibilityDepthPS.usf" 2693
"../../../Engine/Shaders/Private/HairStrands/HairStrandsVisibilityTransmittanceDepthPS.usf" 2694
"../../../Engine/Shaders/Private/HairStrands/HairStrandsVisibilityFillOpaqueDepthPS.usf" 2695
"../../../Engine/Shaders/Private/HairStrands/HairStrandsVisibilityCompactionComputeRaster.usf" 2696
"../../../Engine/Shaders/Private/HairStrands/HairStrandsVisibilityCompaction.usf" 2697
"../../../Engine/Shaders/Private/HairStrands/HairStrandsVisibilityCopyIndirectArg.usf" 2698
"../../../Engine/Shaders/Private/HairStrands/HairStrandsVisibilityClearPS.usf" 2699
"../../../Engine/Shaders/Private/HairStrands/HairStrandsVisibilityPS.usf" 2700
"../../../Engine/Shaders/Private/HairStrands/HairStrandsVisibilityVS.usf" 2701
"../../../Engine/Shaders/Private/HairStrands/HairStrandsVelocity.usf" 2702
"../../../Engine/Shaders/Private/HairStrands/HairStrandsDebug.usf" 2703
"../../../Engine/Shaders/Private/HairStrands/HairStrandsBindingCommon.ush" 2704
"../../../Engine/Shaders/Private/HairStrands/HairStrandsDeepShadowCommon.ush" 2705
"../../../Engine/Shaders/Private/HairStrands/HairStrandsDebugCommonStruct.ush" 2706
"../../../Engine/Shaders/Private/HairStrands/HairStrandsVisibilityComputeSampleCoverage.usf" 2707
"../../../Engine/Shaders/Private/HairStrands/HairStrandsMaterialPS.usf" 2708
"../../../Engine/Shaders/Private/HairStrands/HairStrandsMaterialCommon.ush" 2709
"../../../Engine/Shaders/Private/HairStrands/HairStrandsMaterialVS.usf" 2710
"../../../Engine/Shaders/Private/HairStrands/HairStrandsLightSample.usf" 2711
"../../../Engine/Shaders/Private/HairStrands/HairStrandsMesh.usf" 2712
"../../../Engine/Shaders/Private/HairStrands/HairStrandsDeepShadowMask.usf" 2713
"../../../Engine/Shaders/Private/HairStrands/HairStrandsDeepTransmittanceMask.usf" 2714
"../../../Engine/Shaders/Private/HairStrands/HairStrandsVisibilityTile.usf" 2715
"../../../Engine/Shaders/Private/HairStrands/HairStrandsDeepShadowPS.usf" 2716
"../../../Engine/Shaders/Private/HairStrands/HairStrandsDeepShadowVS.usf" 2717
"../../../Engine/Shaders/Private/HairStrands/HairStrandsAABB.usf" 2718
"../../../Engine/Shaders/Private/HairStrands/HairStrandsLUT.usf" 2719
"../../../Engine/Shaders/Private/HairStrands/HairStrandsForwardRaster.usf" 2720
"../../../Engine/Shaders/Private/HairStrands/HairStrandsForwardCulling.usf" 2721
"../../../Engine/Shaders/Private/HairStrands/HairStrandsEnvironmentLighting.usf" 2722
"../../../Engine/Shaders/Private/HairStrands/HairStrandsEnvironmentAO.usf" 2723
"../../../Engine/Shaders/Private/HairStrands/HairStrandsDeepShadowAllocation.usf" 2724
"../../../Engine/Shaders/Private/HairStrands/HairStrandsVoxelDebug.usf" 2725
"../../../Engine/Shaders/Private/HairStrands/HairStrandsComposition.usf" 2726
"../../../Engine/Shaders/Private/HairStrands/HairStrandsGBufferCommon.ush" 2727
"../../../Engine/Shaders/Private/GPUScene/GPUSceneDataManagement.usf" 2728
"../../../Engine/Shaders/Private/GPUSceneDebugRender.usf" 2729
"../../../Engine/Shaders/Private/GPUFastFourierTransform.usf" 2730
"../../../Engine/Shaders/Private/GPUFastFourierTransform2DCore.ush" 2731
"../../../Engine/Shaders/Private/GPUFastFourierTransformCore.ush" 2732
"../../../Engine/Shaders/Private/GPUBenchmark.usf" 2733
"../../../Engine/Shaders/Private/DistanceField/GlobalDistanceFieldDebug.usf" 2734
"../../../Engine/Shaders/Private/DistanceField/GlobalDistanceFieldUpdate.ush" 2735
"../../../Engine/Shaders/Private/DistanceField/GlobalDistanceFieldMip.usf" 2736
"../../../Engine/Shaders/Private/DistanceField/GlobalDistanceField.usf" 2737
"../../../Engine/Shaders/Private/DistanceField/GlobalDistanceFieldCompositeObjects.usf" 2738
"../../../Engine/Shaders/Private/DistanceField/GlobalDistanceFieldHeightfields.usf" 2739
"../../../Engine/Shaders/Private/HeightfieldLightingShared.ush" 2740
"../../../Engine/Shaders/Private/GenerateConservativeDepth.usf" 2741
"../../../Engine/Shaders/Private/HeightFogPixelShader.usf" 2742
"../../../Engine/Shaders/Private/HeightFogVertexShader.usf" 2743
"../../../Engine/Shaders/Private/DistortFiltering.usf" 2744
"../../../Engine/Shaders/Private/DistortAccumulatePS.usf" 2745
"../../../Engine/Shaders/Private/DistortAccumulateVS.usf" 2746
"../../../Engine/Shaders/Private/DistanceFieldVisualization.usf" 2747
"../../../Engine/Shaders/Private/DistanceFieldStreaming.usf" 2748
"../../../Engine/Shaders/Private/DistanceFieldShadowing.usf" 2749
"../../../Engine/Shaders/Private/DistanceFieldScreenGridLighting.usf" 2750
"../../../Engine/Shaders/Private/DistanceFieldObjectCulling.usf" 2751
"../../../Engine/Shaders/Private/DistanceFieldLightingPost.usf" 2752
"../../../Engine/Shaders/Private/DitheredTransitionStencil.usf" 2753
"../../../Engine/Shaders/Private/CopyDepthTextureCS.usf" 2754
"../../../Engine/Shaders/Private/DeferredDecal.usf" 2755
"../../../Engine/Shaders/Private/DecalCommon.ush" 2756
"../../../Engine/Shaders/Private/DebugViewModeVertexShader.usf" 2757
"../../../Engine/Shaders/Private/DebugViewModeCommon.ush" 2758
"../../../Engine/Shaders/Private/DebugViewModePixelShader.usf" 2759
"../../../Engine/Shaders/Private/DebugProbes.usf" 2760
"../../../Engine/Shaders/Private/MeshDecals.usf" 2761
"../../../Engine/Shaders/Private/PostProcessAmbientOcclusion.usf" 2762
"../../../Engine/Shaders/Private/ClusteredDeferredShadingPixelShader.usf" 2763
"../../../Engine/Shaders/Private/ClusteredDeferredShadingVertexShader.usf" 2764
"../../../Engine/Shaders/Private/CapsuleShadowShaders.usf" 2765
"../../../Engine/Shaders/Private/BasePassPixelShader.usf" 2766
"../../../Engine/Shaders/Private/ForwardLightingCommon.ush" 2767
"../../../Engine/Shaders/Private/Substrate/SubstrateForwardLighting.ush" 2768
"../../../Engine/Shaders/Private/ComputeShaderOutputCommon.ush" 2769
"../../../Engine/Shaders/Private/BasePassVertexShader.usf" 2770
"../../../Engine/Shaders/Private/BasePassVertexCommon.ush" 2771
"../../../Engine/Shaders/Private/SimpleElementVolumeTexturePreviewPixelShader.usf" 2772
"../../../Engine/Shaders/Private/SimpleElementTexture2DPreviewPixelShader.usf" 2773
"../../../Engine/Shaders/Private/meshpaintdilatepixelshader.usf" 2774
"../../../Engine/Shaders/Private/meshpaintdilatevertexshader.usf" 2775
"../../../Engine/Shaders/Private/MeshPaintPixelShader.usf" 2776
"../../../Engine/Shaders/Private/MeshPaintVertexShader.usf" 2777
"../../../Engine/Shaders/Private/SlateElementPixelShader.usf" 2778
"../../../Engine/Shaders/Private/SlateShaderCommon.ush" 2779
"../../../Engine/Shaders/Private/CompositeUIPixelShader.usf" 2780
"../../../Engine/Shaders/Private/ColorDeficiency.ush" 2781
"../../../Engine/Shaders/Private/SlateMaskingShader.usf" 2782
"../../../Engine/Shaders/Private/SlatePostProcessColorDeficiencyPixelShader.usf" 2783
"../../../Engine/Shaders/Private/SlatePostProcessPixelShader.usf" 2784
"../../../Engine/Shaders/Private/SlateVertexShader.usf" 2785
"../../../Engine/Shaders/Private/Tools/VisualizeTexture.usf" 2786
"../../../Engine/Shaders/Private/ByteBuffer.usf" 2787
"../../../Engine/Shaders/Private/ShaderBundleDispatch.usf" 2788
"../../../Engine/Shaders/Private/ResolveVertexShader.usf" 2789
"../../../Engine/Shaders/Private/ResolvePixelShader.usf" 2790
"../../../Engine/Shaders/Private/Tools/SetupIndirectArgs.usf" 2791
"../../../Engine/Shaders/Private/ClearReplacementShaders.usf" 2792
"../../../Engine/Shaders/Private/Tools/DrawTexture.usf" 2793
"../../../Engine/Shaders/Private/RayTracing/RayTracingValidation.usf" 2794
"../../../Engine/Shaders/Private/RenderGraphUtilities.usf" 2795
"../../../Engine/Shaders/Private/OneColorShader.usf" 2796
"../../../Engine/Shaders/Private/OculusShaders.usf" 2797
"../../../Engine/Shaders/Private/MediaShaders.usf" 2798
"../../../Engine/Shaders/Private/GPUMessaging.usf" 2799
"../../../Engine/Shaders/Private/Tools/GPUDebugCrashUtils.usf" 2800
"../../../Engine/Shaders/Private/NullPixelShader.usf" 2801
"../../../Engine/Shaders/Private/ComputeGenerateMips.usf" 2802
"../../../Engine/Shaders/Private/Tools/DumpTexture.usf" 2803
"../../../Engine/Shaders/Private/CopyTextureShaders.usf" 2804
"../../../Engine/Shaders/Private/Tools/FullscreenVertexShader.usf" 2805
"../../../Engine/Shaders/Private/RayTracing/RayTracingDispatchDesc.usf" 2806
"../../../Engine/Shaders/Private/Bink.usf" 2807
"../../../Engine/Shaders/Private/VelocityShader.usf" 2808
"../../../Engine/Shaders/Private/DepthOnlyPixelShader.usf" 2809
"../../../Engine/Shaders/Private/PositionOnlyDepthVertexShader.usf" 2810
"../../../Engine/Shaders/Private/DepthOnlyVertexShader.usf" 2811
"../../../Engine/Shaders/Private/AnisotropyPassShader.usf" 2812
"../../../Engine/Content/EditorResources/S_Actor.uasset" 2813
"../../../Engine/Content/EditorResources/S_BoxReflectionCapture.uasset" 2814
"../../../Engine/Content/EngineResources/DefaultTexture.uasset" 2815
"../../../Engine/Content/EngineResources/DefaultTextureCube.uasset" 2816
"../../../Engine/Content/EngineResources/DefaultVolumeTexture.uasset" 2817
"../../../Engine/Content/EngineResources/DefaultVolumeTexture2D.uasset" 2818
"../../../Engine/Content/EngineFonts/RobotoDistanceField.uasset" 2819
"../../../Engine/Content/EngineMaterials/DefaultTextMaterialOpaque.uasset" 2820
"../../../Engine/Content/Functions/Engine_MaterialFunctions01/Shading/PowerToRoughness.uasset" 2821
"../../../Engine/Content/Functions/Engine_MaterialFunctions01/Shading/ConvertFromDiffSpec.uasset" 2822
"../../../Engine/Content/EngineMaterials/WorldGridMaterial.uasset" 2823
"../../../Engine/Content/Functions/Engine_MaterialFunctions01/Opacity/CameraDepthFade.uasset" 2824
"../../../Engine/Content/EngineMaterials/T_Default_Material_Grid_M.uasset" 2825
"../../../Engine/Content/EngineMaterials/T_Default_Material_Grid_N.uasset" 2826
"../../../Engine/Content/EngineMaterials/DefaultDeferredDecalMaterial.uasset" 2827
"../../../Engine/Content/EngineMaterials/DefaultDiffuse.uasset" 2828
"../../../Engine/Content/EngineMaterials/DefaultLightFunctionMaterial.uasset" 2829
"../../../Engine/Content/EngineMaterials/DefaultPostProcessMaterial.uasset" 2830
"../../../Engine/Content/Functions/Engine_MaterialFunctions02/Utility/BreakOutFloat2Components.uasset" 2831
"../../../Engine/Content/EditorResources/S_Trigger.uasset" 2832
"../../../Engine/Content/EditorResources/S_TriggerBox.uasset" 2833
"../../../Engine/Content/EditorResources/S_TriggerCapsule.uasset" 2834
"../../../Engine/Content/EditorResources/S_TriggerSphere.uasset" 2835
"../../../Engine/Content/EngineDamageTypes/DmgTypeBP_Environmental.uasset" 2836
"../../../Engine/Content/EngineSky/VolumetricClouds/m_SimpleVolumetricCloud_Inst.uasset" 2837
"../../../Engine/Content/EngineSky/VolumetricClouds/m_SimpleVolumetricCloud.uasset" 2838
"../../../Engine/Content/Functions/Engine_MaterialFunctions02/Utility/MakeFloat2.uasset" 2839
"../../../Engine/Content/EngineSky/VolumetricClouds/CloudGradientTexture.uasset" 2840
"../../../Engine/Content/EngineSky/VolumetricClouds/CloudWeatherTexture.uasset" 2841
"../../../Engine/Content/EngineSky/VolumetricClouds/T_VolumeNoiseErosion32.uasset" 2842
"../../../Engine/Content/EngineSky/VolumetricClouds/T_NoiseErosion.uasset" 2843
"../../../Engine/Content/EngineSky/VolumetricClouds/T_VolumeNoiseShape64.uasset" 2844
"../../../Engine/Content/EngineSky/VolumetricClouds/T_NoiseShape64.uasset" 2845
"../../../Engine/Content/EngineMeshes/Sphere.uasset" 2846
"../../../Engine/Content/EngineResources/WhiteSquareTexture.uasset" 2847
"../../../Engine/Content/EngineResources/GradientTexture0.uasset" 2848
"../../../Engine/Content/EngineResources/Black.uasset" 2849
"../../../Engine/Content/EngineMaterials/Widget3DPassThrough_Translucent.uasset" 2850
"../../../Engine/Content/EngineMaterials/Widget3DPassThrough.uasset" 2851
"../../../Engine/Content/EngineMaterials/Widget3DPassThrough_Translucent_OneSided.uasset" 2852
"../../../Engine/Content/EngineMaterials/Widget3DPassThrough_Opaque.uasset" 2853
"../../../Engine/Content/EngineMaterials/Widget3DPassThrough_Opaque_OneSided.uasset" 2854
"../../../Engine/Content/EngineMaterials/Widget3DPassThrough_Masked.uasset" 2855
"../../../Engine/Content/EngineMaterials/Widget3DPassThrough_Masked_OneSided.uasset" 2856
"../../../Engine/Content/VREditor/ViewportInteractionAssetContainerData.uasset" 2857
"../../../Engine/Content/VREditor/SnapGrid/SnapGridMaterial.uasset" 2858
"../../../Engine/Content/Functions/Engine_MaterialFunctions02/Math/Transform3x3Matrix.uasset" 2859
"../../../Engine/Content/Functions/Engine_MaterialFunctions02/Utility/BreakOutFloat3Components.uasset" 2860
"../../../Engine/Content/Functions/Engine_MaterialFunctions02/SplitComponents.uasset" 2861
"../../../Engine/Content/Functions/Engine_MaterialFunctions02/Utility/MakeFloat3.uasset" 2862
"../../../Engine/Content/VREditor/TransformGizmo/TransformGizmoMaterial_Inst.uasset" 2863
"../../../Engine/Content/VREditor/TransformGizmo/TransformGizmoMaterial.uasset" 2864
"../../../Engine/Content/VREditor/LaserPointer/VR_LaserPower_01.uasset" 2865
"../../../Engine/Content/VREditor/TransformGizmo/TranslucentTransformGizmoMaterial_Inst.uasset" 2866
"../../../Engine/Content/VREditor/TransformGizmo/TranslucentTransformGizmoMaterial.uasset" 2867
"../../../Engine/Content/VREditor/SnapGrid/SnapGridPlaneMesh.uasset" 2868
"../../../Engine/Content/VREditor/Sounds/UI/Drop_Item_From_ContentBrowser.uasset" 2869
"../../../Engine/Content/VREditor/Sounds/UI/Gizmo_Handle_Clicked.uasset" 2870
"../../../Engine/Content/VREditor/Sounds/UI/Object_PickUp.uasset" 2871
"../../../Engine/Content/VREditor/Sounds/UI/Object_Snaps_To_Another_Actor.uasset" 2872
"../../../Engine/Content/VREditor/Sounds/UI/Object_Snaps_To_Grid.uasset" 2873
"../../../Engine/Content/VREditor/Sounds/UI/Scaling_Down.uasset" 2874
"../../../Engine/Content/VREditor/Sounds/UI/Scaling_Up.uasset" 2875
"../../../Engine/Content/VREditor/Sounds/UI/Selection_Changes.uasset" 2876
"../../../Engine/Content/VREditor/TransformGizmo/PlaneTranslationHandle.uasset" 2877
"../../../Engine/Content/VREditor/TransformGizmo/RotationHandleFull.uasset" 2878
"../../../Engine/Content/VREditor/TransformGizmo/RotationHandleIndicator.uasset" 2879
"../../../Engine/Content/VREditor/TransformGizmo/RotationHandleQuarter.uasset" 2880
"../../../Engine/Content/VREditor/TransformGizmo/StartRotationHandleIndicator.uasset" 2881
"../../../Engine/Content/VREditor/TransformGizmo/TransformGizmoFreeRotation.uasset" 2882
"../../../Engine/Content/VREditor/TransformGizmo/TranslateArrowHandle.uasset" 2883
"../../../Engine/Content/VREditor/TransformGizmo/UniformScaleHandle.uasset" 2884
"../../../Engine/Content/VREditor/TransformGizmo/BoundingBoxCorner.uasset" 2885
"../../../Engine/Content/VREditor/TransformGizmo/BoundingBoxEdge.uasset" 2886
"../../../Engine/Content/VREditor/TransformGizmo/SM_Sequencer_Node.uasset" 2887
"../../../Engine/Content/VREditor/TransformGizmo/Main.uasset" 2888
"../../../Engine/Content/VREditor/TransformGizmo/Xray.uasset" 2889
"../../../Engine/Content/EditorResources/S_Solver.uasset" 2890
"../../../Engine/Content/EngineDebugMaterials/VolumeToRender.uasset" 2891
"../../../Engine/Content/EngineDebugMaterials/M_VolumeRenderSphereTracePP.uasset" 2892
"../../../Engine/Content/Functions/Engine_MaterialFunctions02/Utility/CameraDirectionVector.uasset" 2893
"../../../Engine/Content/EditorMeshes/Camera/SM_CraneRig_Base.uasset" 2894
"../../../Engine/Content/EditorMaterials/Camera/MI_CineMat_Rig.uasset" 2895
"../../../Engine/Content/EditorMaterials/Camera/CineMat.uasset" 2896
"../../../Engine/Content/EditorMeshes/Camera/SM_CraneRig_Arm.uasset" 2897
"../../../Engine/Content/EditorMeshes/Camera/SM_CraneRig_Mount.uasset" 2898
"../../../Engine/Content/EditorMeshes/Camera/SM_CraneRig_Body.uasset" 2899
"../../../Engine/Content/EditorMeshes/Camera/SM_RailRig_Track.uasset" 2900
"../../../Engine/Content/EditorMeshes/Camera/SM_RailRig_Mount.uasset" 2901
"../../../Engine/Content/ArtTools/RenderToTexture/Meshes/S_1_Unit_Plane.uasset" 2902
"../../../Engine/Content/EngineDebugMaterials/M_SimpleUnlitTranslucent.uasset" 2903
"../../../Engine/Content/EngineFonts/Roboto.uasset" 2904
"../../../Engine/Content/EngineFonts/Faces/DroidSansFallback.uasset" 2905
"../../../Engine/Content/EngineFonts/Faces/RobotoBold.uasset" 2906
"../../../Engine/Content/EngineFonts/Faces/RobotoBoldItalic.uasset" 2907
"../../../Engine/Content/EngineFonts/Faces/RobotoItalic.uasset" 2908
"../../../Engine/Content/EngineFonts/Faces/RobotoLight.uasset" 2909
"../../../Engine/Content/EngineFonts/Faces/RobotoRegular.uasset" 2910
"../../../Engine/Content/EditorMaterials/ParticleSystems/PSysThumbnail_NoImage.uasset" 2911
"../../../Engine/Content/EditorMaterials/ParticleSystems/PSysThumbnail_OOD.uasset" 2912
"../../../Engine/Content/EditorLandscapeResources/SplineEditorMesh.uasset" 2913
"../../../Engine/Content/EditorLandscapeResources/SplineEditorMeshMat.uasset" 2914
"../../../Engine/Content/EditorLandscapeResources/DataLayer.uasset" 2915
"../../Plugins/Animation/ACLPlugin/Content/ACLAnimBoneCompressionSettings.uasset" 2916
"../../../Engine/Content/Animation/DefaultRecorderBoneCompression.uasset" 2917
"../../Plugins/Animation/ACLPlugin/Content/ACLAnimCurveCompressionSettings.uasset" 2918
"../../../Engine/Content/Animation/DefaultVariableFrameStrippingSettings.uasset" 2919
"../../Plugins/Animation/ControlRig/Content/Controls/ControlRigXRayMaterial.uasset" 2920
"../../Plugins/Animation/ControlRig/Content/Controls/DefaultGizmoLibraryNormalized.uasset" 2921
"../../Plugins/Animation/ControlRig/Content/M_Manip.uasset" 2922
"../../../Engine/Content/Functions/Engine_MaterialFunctions02/WorldPositionOffset/CameraOffset.uasset" 2923
"../../Plugins/Interchange/Runtime/Content/gltf/MaterialBodies/MF_Default_Body.uasset" 2924
"../../Plugins/Interchange/Runtime/Content/gltf/MaterialFunctions/MF_BaseColor.uasset" 2925
"../../Plugins/Interchange/Runtime/Content/gltf/Textures/T_White_srgb.uasset" 2926
"../../Plugins/Interchange/Runtime/Content/gltf/MaterialFunctions/MF_Emissive.uasset" 2927
"../../Plugins/Interchange/Runtime/Content/gltf/MaterialFunctions/MF_IOR.uasset" 2928
"../../Plugins/Interchange/Runtime/Content/gltf/MaterialFunctions/MF_Iridescence.uasset" 2929
"../../Plugins/Interchange/Runtime/Content/Functions/MF_Iridescence.uasset" 2930
"../../../Engine/Content/Functions/Engine_MaterialFunctions03/Math/RemapValueRange.uasset" 2931
"../../Plugins/Interchange/Runtime/Content/Utilities/New_LUT.uasset" 2932
"../../Plugins/Interchange/Runtime/Content/gltf/MaterialFunctions/MF_MetallicRoughness.uasset" 2933
"../../Plugins/Interchange/Runtime/Content/gltf/Textures/T_White_Linear.uasset" 2934
"../../Plugins/Interchange/Runtime/Content/gltf/MaterialFunctions/MF_Normals.uasset" 2935
"../../Plugins/Interchange/Runtime/Content/gltf/MaterialFunctions/MF_RotateNormals_TS.uasset" 2936
"../../Plugins/Interchange/Runtime/Content/gltf/Textures/T_Generic_N.uasset" 2937
"../../Plugins/Interchange/Runtime/Content/gltf/MaterialFunctions/MF_Occlusion.uasset" 2938
"../../Plugins/Interchange/Runtime/Content/gltf/MaterialFunctions/MF_Specular.uasset" 2939
"../../Plugins/Interchange/Runtime/Content/gltf/MaterialFunctions/MF_TransformUVs.uasset" 2940
"../../Plugins/Interchange/Runtime/Content/gltf/MaterialFunctions/MF_RotateV2.uasset" 2941
"../../Plugins/Interchange/Runtime/Content/gltf/MaterialBodies/MF_Unlit_Body.uasset" 2942
"../../Plugins/Interchange/Runtime/Content/gltf/MaterialBodies/MF_ClearCoat_Body.uasset" 2943
"../../Plugins/Interchange/Runtime/Content/gltf/MaterialFunctions/MF_Clearcoat.uasset" 2944
"../../../Engine/Content/Functions/Engine_MaterialFunctions01/Texturing/FlattenNormal.uasset" 2945
"../../Plugins/Interchange/Runtime/Content/gltf/MaterialBodies/MF_Sheen_Body.uasset" 2946
"../../Plugins/Interchange/Runtime/Content/gltf/MaterialFunctions/MF_Sheen.uasset" 2947
"../../Plugins/Interchange/Runtime/Content/gltf/MaterialBodies/MF_Transmission_Body.uasset" 2948
"../../Plugins/Interchange/Runtime/Content/gltf/MaterialFunctions/MF_Fresnel_DS.uasset" 2949
"../../Plugins/Interchange/Runtime/Content/gltf/MaterialFunctions/MF_Temporal_Blur.uasset" 2950
"../../../Engine/Content/Functions/Engine_MaterialFunctions02/Texturing/ScreenAlignedPixelToPixelUVs.uasset" 2951
"../../../Engine/Content/EngineMaterials/Good64x64TilingNoiseHighFreq.uasset" 2952
"../../Plugins/Interchange/Runtime/Content/gltf/MaterialFunctions/MF_Transmission.uasset" 2953
"../../Plugins/Interchange/Runtime/Content/gltf/MaterialBodies/MF_SpecularGlossiness_Body.uasset" 2954
"../../Plugins/Interchange/Runtime/Content/gltf/MaterialFunctions/MF_DiffuseSpecGloss.uasset" 2955
"../../Plugins/Interchange/Runtime/Content/gltf/MaterialFunctions/MF_SpecGlossToMetalRoughness.uasset" 2956
"../../Plugins/Interchange/Runtime/Content/gltf/MaterialFunctions/MF_PerceivedBrightness.uasset" 2957
"../../../Engine/Content/Functions/Engine_MaterialFunctions02/Math/AddComponents.uasset" 2958
"../../Plugins/2D/Paper2D/Content/MaskedUnlitSpriteMaterial.uasset" 2959
"../../Plugins/2D/Paper2D/Content/DefaultSpriteMaterial.uasset" 2960
"../../Plugins/2D/Paper2D/Content/PlaceholderTextures/DummySpriteTexture.uasset" 2961
"../../Plugins/2D/Paper2D/Content/OpaqueUnlitSpriteMaterial.uasset" 2962
"../../Plugins/2D/Paper2D/Content/DefaultPaperTerrainMaterial.uasset" 2963
"../../Plugins/2D/Paper2D/Content/DummySprite.uasset" 2964
"../../../Engine/Content/BasicShapes/BasicShapeMaterial.uasset" 2965
"../../../Engine/Content/BasicShapes/Sphere.uasset" 2966
"../../../Engine/Content/EngineMaterials/DefaultMaterial.uasset" 2967
"../../../../../../24CI0412MP/Content/Kanda/Input/IMC_TestPad.uasset" 2968
"../../../../../../24CI0412MP/Content/Kanda/Input/IA_ChargeMagic.uasset" 2969
"../../../../../../24CI0412MP/Content/Kanda/Input/IA_GoMagic.uasset" 2970
"../../../../../../24CI0412MP/Content/Kanda/Input/IA_InputMove.uasset" 2971
"../../../../../../24CI0412MP/Content/Kanda/Input/IA_Look.uasset" 2972
"../../../../../../24CI0412MP/Content/Kanda/Input/IA_TestPad.uasset" 2973
"../../../../../../24CI0412MP/Content/Satou/KTP_Effect/Particles/Bottom/Bottom02-07.uasset" 2974
"../../../../../../24CI0412MP/Content/Satou/KTP_Effect/Materials/M_botton02_7.uasset" 2975
"../../../Engine/Content/Functions/Engine_MaterialFunctions01/Density/ExponentialDensity.uasset" 2976
"../../../Engine/Content/Functions/Engine_MaterialFunctions01/Gradient/RadialGradientExponential.uasset" 2977
"../../../Engine/Content/Functions/Engine_MaterialFunctions02/Utility/VectorToRadialValue.uasset" 2978
"../../../../../../24CI0412MP/Content/Satou/KTP_Effect/Textures/PublicTextures/T_Aura_01.uasset" 2979
"../../../../../../24CI0412MP/Content/Satou/KTP_Effect/Textures/PublicTextures/T_Aura_02.uasset" 2980
"../../../../../../24CI0412MP/Content/Satou/KTP_Effect/Textures/T_bottom02_5.uasset" 2981
"../../../../../../24CI0412MP/Content/Satou/KTP_Effect/Materials/PublicMaterials/M_fire01_bt02.uasset" 2982
"../../../../../../24CI0412MP/Content/Satou/KTP_Effect/Textures/PublicTextures/T_Aura_06.uasset" 2983
"../../../../../../24CI0412MP/Content/Satou/KTP_Effect/Textures/PublicTextures/T_Mask.uasset" 2984
"../../../../../../24CI0412MP/Content/Satou/KTP_Effect/Materials/PublicMaterials/M_FX_Aura.uasset" 2985
"../../../../../../24CI0412MP/Content/Satou/KTP_Effect/Textures/PublicTextures/T_Aura_04.uasset" 2986
"../../../../../../24CI0412MP/Content/Satou/KTP_Effect/Textures/PublicTextures/T_Noise.uasset" 2987
"../../../../../../24CI0412MP/Content/Satou/KTP_Effect/Materials/PublicMaterials/M_FX_Aura_bt01.uasset" 2988
"../../../Engine/Content/Functions/Engine_MaterialFunctions01/ImageAdjustment/DeriveHDRfromLDR.uasset" 2989
"../../../../../../24CI0412MP/Content/Satou/KTP_Effect/Materials/PublicMaterials/M_FX_Glow_fly07.uasset" 2990
"../../../../../../24CI0412MP/Content/Satou/KTP_Effect/Textures/PublicTextures/T_Glow.uasset" 2991
"../../Plugins/FX/Niagara/Content/ParameterDefinitions/CoreParameters.uasset" 2992
"../../Plugins/FX/Niagara/Content/ParameterDefinitions/MeshRenderer.uasset" 2993
"../../Plugins/FX/Niagara/Content/ParameterDefinitions/RibbonRenderer.uasset" 2994
"../../Plugins/FX/Niagara/Content/ParameterDefinitions/SpriteRenderer.uasset" 2995
"../../Plugins/FX/Niagara/Content/DynamicInputs/UniformRange/V2/RandomRangeFloat.uasset" 2996
"../../Plugins/FX/Niagara/Content/Functions/V2/CalculateRandomRangeFloat.uasset" 2997
"../../Plugins/FX/Niagara/Content/Enums/ENiagaraRandomnessEvaluation.uasset" 2998
"../../Plugins/FX/Niagara/Content/Enums/ENiagaraRandomnessMode.uasset" 2999
"../../Plugins/FX/Niagara/Content/DynamicInputs/UniformRange/V2/RandomRangeVector.uasset" 3000
"../../Plugins/FX/Niagara/Content/Functions/V2/CalculateRandomRange.uasset" 3001
"../../Plugins/FX/Niagara/Content/DynamicInputs/ValueFromCurve/FloatFromCurve.uasset" 3002
"../../Plugins/FX/Niagara/Content/DynamicInputs/ValueFromCurve/VectorFromCurve.uasset" 3003
"../../Plugins/FX/Niagara/Content/Modules/Emitter/EmitterState.uasset" 3004
"../../Plugins/FX/Niagara/Content/Functions/Emitter/EmitterChangeState.uasset" 3005
"../../Plugins/FX/Niagara/Content/Enums/ENiagara_EmitterStateOptions.uasset" 3006
"../../Plugins/FX/Niagara/Content/Enums/ENiagara_InfiniteLoopDuration.uasset" 3007
"../../Plugins/FX/Niagara/Content/Enums/ENiagaraEmitterLifeCycleMode.uasset" 3008
"../../Plugins/FX/Niagara/Content/Enums/ENiagaraEmitterScalabilityMode_Limited.uasset" 3009
"../../Plugins/FX/Niagara/Content/Enums/ENiagaraExecutionStateManagement.uasset" 3010
"../../Plugins/FX/Niagara/Content/Enums/ENiagaraInactiveMode.uasset" 3011
"../../Plugins/FX/Niagara/Content/Modules/Emitter/SpawnBurst_Instantaneous.uasset" 3012
"../../Plugins/FX/Niagara/Content/Modules/Emitter/SpawnRate.uasset" 3013
"../../Plugins/FX/Niagara/Content/Functions/RandomRangeFloat.uasset" 3014
"../../Plugins/FX/Niagara/Content/Functions/GetRandomInfo.uasset" 3015
"../../Plugins/FX/Niagara/Content/Modules/Solvers/SolveForcesAndVelocity.uasset" 3016
"../../Plugins/FX/Niagara/Content/Functions/DirectionAndLengthSafe.uasset" 3017
"../../Plugins/FX/Niagara/Content/Functions/Drag/DragVelocity.uasset" 3018
"../../Plugins/FX/Niagara/Content/Functions/Math/CentimeterMeterConversion.uasset" 3019
"../../Plugins/FX/Niagara/Content/Functions/Rotation/MultiplyVectorWithQuaternion.uasset" 3020
"../../Plugins/FX/Niagara/Content/Modules/Solvers/ApplyRotationVector.uasset" 3021
"../../Plugins/FX/Niagara/Content/Functions/Rotation/AxisAngleToQuaternion.uasset" 3022
"../../Plugins/FX/Niagara/Content/Functions/Rotation/MultiplyQuaternion.uasset" 3023
"../../Plugins/FX/Niagara/Content/Icons/Modules/T_Icon_Solver_LimitAccel.uasset" 3024
"../../Plugins/FX/Niagara/Content/Icons/Modules/T_Icon_Solver_LimitSpeed.uasset" 3025
"../../Plugins/FX/Niagara/Content/Icons/Modules/T_Icon_Solver_RotationalSolve.uasset" 3026
"../../Plugins/FX/Niagara/Content/Modules/Spawn/Initialization/V2/InitializeParticle.uasset" 3027
"../../Plugins/FX/Niagara/Content/Functions/LinearColor/HueShiftLinearColor.uasset" 3028
"../../Plugins/FX/Niagara/Content/Functions/Localspace/SimulationPosition.uasset" 3029
"../../Plugins/FX/Niagara/Content/Functions/Localspace/TransformVector.uasset" 3030
"../../Plugins/FX/Niagara/Content/Functions/Localspace/TransformBase.uasset" 3031
"../../Plugins/FX/Niagara/Content/Functions/V2/CalculateRandomBool.uasset" 3032
"../../Plugins/FX/Niagara/Content/Functions/V2/CalculateRandomRangeInteger.uasset" 3033
"../../Plugins/FX/Niagara/Content/Enums/ENiagara_ColorInitializationMode.uasset" 3034
"../../Plugins/FX/Niagara/Content/Enums/ENiagara_LifetimeMode.uasset" 3035
"../../Plugins/FX/Niagara/Content/Enums/ENiagara_MassInitializationMode.uasset" 3036
"../../Plugins/FX/Niagara/Content/Enums/ENiagara_PositionInitializationMode.uasset" 3037
"../../Plugins/FX/Niagara/Content/Enums/ENiagara_SizeScaleMode.uasset" 3038
"../../Plugins/FX/Niagara/Content/Enums/ENiagara_SpriteRotationMode.uasset" 3039
"../../Plugins/FX/Niagara/Content/Enums/ENiagara_UVFlippingMode.uasset" 3040
"../../Plugins/FX/Niagara/Content/Enums/ENiagaraChannelCorrelation.uasset" 3041
"../../Plugins/FX/Niagara/Content/Enums/Ribbons/ENiagara_UnsetDirectSet.uasset" 3042
"../../Plugins/FX/Niagara/Content/Enums/Ribbons/ENiagara_UnsetDirectSetRandom.uasset" 3043
"../../Plugins/FX/Niagara/Content/Modules/Spawn/Location/BoxLocation.uasset" 3044
"../../Plugins/FX/Niagara/Content/Functions/IsolateLongestVectorComponent.uasset" 3045
"../../Plugins/FX/Niagara/Content/Functions/Localspace/PositionToVector.uasset" 3046
"../../Plugins/FX/Niagara/Content/Functions/ChannelMasks/SelectV4Channel.uasset" 3047
"../../Plugins/FX/Niagara/Content/Enums/ENiagaraVector4_Channels.uasset" 3048
"../../Plugins/FX/Niagara/Content/Functions/RandomPointInBox.uasset" 3049
"../../Plugins/FX/Niagara/Content/Functions/Rotation/RotateAngleOnAxis.uasset" 3050
"../../Plugins/FX/Niagara/Content/Enums/ENiagaraExpansionMode.uasset" 3051
"../../Plugins/FX/Niagara/Content/Modules/Spawn/Location/V2/SphereLocation.uasset" 3052
"../../Plugins/FX/Niagara/Content/Functions/Rotation/FindQuatBetween.uasset" 3053
"../../Plugins/FX/Niagara/Content/Functions/SphericalToCartesianCoordinates.uasset" 3054
"../../Plugins/FX/Niagara/Content/Functions/V2/CalculateRandomPointInSphere.uasset" 3055
"../../Plugins/FX/Niagara/Content/Enums/ENiagaraSphereDistributionMode.uasset" 3056
"../../Plugins/FX/Niagara/Content/Modules/Spawn/Velocity/AddVelocity.uasset" 3057
"../../Plugins/FX/Niagara/Content/Functions/Math/CalculateRandomPointInConeSphereIntersection.uasset" 3058
"../../Plugins/FX/Niagara/Content/Functions/Rotation/AngleUnitConverter.uasset" 3059
"../../Plugins/FX/Niagara/Content/Enums/Angles/ENiagara_AngleInput.uasset" 3060
"../../Plugins/FX/Niagara/Content/Functions/Math/SaturateFloat.uasset" 3061
"../../Plugins/FX/Niagara/Content/Functions/Rotation/InvertQuaternion.uasset" 3062
"../../Plugins/FX/Niagara/Content/Functions/Rotation/MakeQuaternionFrom3BasisVectors.uasset" 3063
"../../Plugins/FX/Niagara/Content/Functions/Rotation/MatrixToQuaternion.uasset" 3064
"../../Plugins/FX/Niagara/Content/Functions/Rotation/TransformStack/TransformStack_Rotation.uasset" 3065
"../../Plugins/FX/Niagara/Content/Functions/Rotation/XYZRotationToQuaternion.uasset" 3066
"../../Plugins/FX/Niagara/Content/Enums/Transforms/ENiagara_RotationMode.uasset" 3067
"../../Plugins/FX/Niagara/Content/Functions/V2/CalculateRandomUnitVector.uasset" 3068
"../../Plugins/FX/Niagara/Content/Functions/V2/DistanceBasedFalloff.uasset" 3069
"../../Plugins/FX/Niagara/Content/Functions/NormalizeDistanceRange.uasset" 3070
"../../Plugins/FX/Niagara/Content/Enums/Utility/ENiagara_VelocityMode.uasset" 3071
"../../Plugins/FX/Niagara/Content/Modules/System/SystemState.uasset" 3072
"../../Plugins/FX/Niagara/Content/Functions/System/SystemChangeState.uasset" 3073
"../../Plugins/FX/Niagara/Content/Enums/ENiagaraSystemInactiveMode.uasset" 3074
"../../Plugins/FX/Niagara/Content/Modules/Update/Color/ScaleColor.uasset" 3075
"../../Plugins/FX/Niagara/Content/Enums/ENiagaraScaleColorMode.uasset" 3076
"../../Plugins/FX/Niagara/Content/Modules/Update/Forces/Drag.uasset" 3077
"../../Plugins/FX/Niagara/Content/Modules/Update/Forces/GravityForce.uasset" 3078
"../../Plugins/FX/Niagara/Content/Modules/Update/Forces/V2/CurlNoiseForce.uasset" 3079
"../../Plugins/FX/Niagara/Content/Functions/Localspace/TransformPosition.uasset" 3080
"../../Plugins/FX/Niagara/Content/Functions/V2/ConeMask.uasset" 3081
"../../Plugins/FX/Niagara/Content/Functions/FindAngleBetweenVectors.uasset" 3082
"../../Plugins/FX/Niagara/Content/Functions/V2/RemapRange.uasset" 3083
"../../Plugins/FX/Niagara/Content/Enums/ENiagaraCurlNoiseQuality.uasset" 3084
"../../Plugins/FX/Niagara/Content/VectorFields/Assets/TilingCurl16.uasset" 3085
"../../Plugins/FX/Niagara/Content/VectorFields/Assets/TilingCurl32.uasset" 3086
"../../Plugins/FX/Niagara/Content/VectorFields/Assets/TilingCurl64.uasset" 3087
"../../Plugins/FX/Niagara/Content/Modules/Update/Lifetime/ParticleState.uasset" 3088
"../../Plugins/FX/Niagara/Content/Icons/Modules/T_Icon_Particle_InfiniteLife.uasset" 3089
"../../Plugins/FX/Niagara/Content/Modules/Update/Material/DynamicMaterialParameters.uasset" 3090
"../../Plugins/FX/Niagara/Content/Modules/Update/Orientation/AlignSpriteToMeshOrientation.uasset" 3091
"../../Plugins/FX/Niagara/Content/Modules/Update/Orientation/SpriteRotationRate.uasset" 3092
"../../Plugins/FX/Niagara/Content/Modules/Update/Size/ScaleMeshSize.uasset" 3093
"../../Plugins/FX/Niagara/Content/Modules/Update/Size/ScaleSpriteSize.uasset" 3094
"../../Plugins/FX/Niagara/Content/Enums/SpriteRenderer/ENiagara_ScaleSpriteSize.uasset" 3095
"../../../../../../24CI0412MP/Content/Satou/KTP_Effect/Mesh/SM_FX_Potton01.uasset" 3096
"../../../Engine/Plugins/FX/Niagara/Shaders/Private/NiagaraDataInterfaceCurveTemplate.ush" 3097
"../../../Engine/Plugins/FX/Niagara/Shaders/Private/NiagaraDataInterfaceMeshRendererInfoTemplate.ush" 3098
"../../../Engine/Plugins/FX/Niagara/Shaders/Private/NiagaraDataInterfaceDebugDraw.ush" 3099
"../../../Engine/Plugins/FX/Niagara/Shaders/Private/NiagaraDataInterfaceDebugDrawTemplate.ush" 3100
"../../../Engine/Plugins/FX/Niagara/Shaders/Private/NiagaraDataInterfaceTexture2DArrayTemplate.ush" 3101
"../../../Engine/Plugins/FX/Niagara/Shaders/Private/NiagaraDataInterfaceActorComponentTemplate.ush" 3102
"../../../Engine/Plugins/FX/Niagara/Shaders/Private/NiagaraDataInterfaceArrayTemplate.ush" 3103
"../../../Engine/Plugins/FX/Niagara/Shaders/Private/NiagaraDataInterfaceArrayRWTemplate.ush" 3104
"../../../Engine/Plugins/FX/Niagara/Shaders/Private/NiagaraDataInterfaceAsyncGpuTrace.ush" 3105
"../../../Engine/Plugins/FX/Niagara/Shaders/Private/NiagaraDataInterfaceAsyncGpuTraceTemplate.ush" 3106
"../../../Engine/Plugins/FX/Niagara/Shaders/Private/NiagaraDataInterfaceCamera.ush" 3107
"../../../Engine/Plugins/FX/Niagara/Shaders/Private/NiagaraDataInterfaceCollisionQuery.ush" 3108
"../../../Engine/Shaders/Public/SubstratePublic.ush" 3109
"../../../Engine/Plugins/FX/Niagara/Shaders/Private/NiagaraDataInterfaceCollisionQueryTemplate.ush" 3110
"../../../Engine/Plugins/FX/Niagara/Shaders/Private/NiagaraDataInterfaceCubeTextureTemplate.ush" 3111
"../../../Engine/Plugins/FX/Niagara/Shaders/Private/DataChannel/NiagaraDataInterfaceDataChannelCommon.ush" 3112
"../../../Engine/Plugins/FX/Niagara/Shaders/Private/DataChannel/NiagaraDataInterfaceDataChannelTemplateCommon.ush" 3113
"../../../Engine/Plugins/FX/Niagara/Shaders/Private/DataChannel/NiagaraDataInterfaceDataChannelTemplate_Read.ush" 3114
"../../../Engine/Plugins/FX/Niagara/Shaders/Private/DataChannel/NiagaraDataInterfaceDataChannelTemplate_Consume.ush" 3115
"../../../Engine/Plugins/FX/Niagara/Shaders/Private/NiagaraDataInterfaceDynamicMeshTemplate.ush" 3116
"../../../Engine/Plugins/FX/Niagara/Shaders/Private/NiagaraDataInterfaceEmitterPropertiesTemplate.ush" 3117
"../../../Engine/Plugins/FX/Niagara/Shaders/Private/NiagaraDataInterfaceExportTemplate.ush" 3118
"../../../Engine/Plugins/FX/Niagara/Shaders/Private/NiagaraDataInterfaceGBufferTemplate.ush" 3119
"../../../Engine/Plugins/FX/Niagara/Shaders/Private/NiagaraDataInterfaceIntRenderTarget2D.ush" 3120
"../../../Engine/Plugins/FX/Niagara/Shaders/Private/NiagaraDataInterfaceLandscape.ush" 3121
"../../../Engine/Plugins/FX/Niagara/Shaders/Private/NiagaraDataInterfaceMemoryBufferTemplate.ush" 3122
"../../../Engine/Plugins/FX/Niagara/Shaders/Private/NiagaraDataInterfaceOcclusion.ush" 3123
"../../../Engine/Plugins/FX/Niagara/Shaders/Private/NiagaraDataInterfacePhysicsAsset.ush" 3124
"../../../Engine/Plugins/FX/Niagara/Shaders/Private/NiagaraDataInterfaceRenderTarget2DTemplate.ush" 3125
"../../../Engine/Plugins/FX/Niagara/Shaders/Private/NiagaraDataInterfaceRenderTarget2DArrayTemplate.ush" 3126
"../../../Engine/Plugins/FX/Niagara/Shaders/Private/NiagaraDataInterfaceRenderTargetCubeTemplate.ush" 3127
"../../../Engine/Plugins/FX/Niagara/Shaders/Private/NiagaraDataInterfaceRenderTargetVolumeTemplate.ush" 3128
"../../../Engine/Plugins/FX/Niagara/Shaders/Private/NiagaraDataInterfaceRigidMeshCollisionQuery.ush" 3129
"../../../Engine/Plugins/FX/Niagara/Shaders/Private/NiagaraDataInterfaceSceneCapture2DTemplate.ush" 3130
"../../../Engine/Plugins/FX/Niagara/Shaders/Private/NiagaraDataInterfaceSimCacheReaderTemplate.ush" 3131
"../../../Engine/Plugins/FX/Niagara/Shaders/Private/NiagaraDataInterfaceSimpleCounterTemplate.ush" 3132
"../../../Engine/Plugins/FX/Niagara/Shaders/Private/NiagaraDataInterfaceSkeletalMesh.ush" 3133
"../../../Engine/Plugins/FX/Niagara/Shaders/Private/NiagaraBaryCentricUtils.ush" 3134
"../../../Engine/Plugins/FX/Niagara/Shaders/Private/NiagaraDataInterfaceSkeletalMeshTemplate.ush" 3135
"../../../Engine/Plugins/FX/Niagara/Shaders/Private/NiagaraDataInterfaceSparseVolumeTextureTemplate.ush" 3136
"../../../Engine/Plugins/FX/Niagara/Shaders/Private/NiagaraDataInterfaceSplineTemplate.ush" 3137
"../../../Engine/Plugins/FX/Niagara/Shaders/Private/NiagaraDataInterfaceSpriteRendererInfoTemplate.ush" 3138
"../../../Engine/Plugins/FX/Niagara/Shaders/Private/NiagaraDataInterfaceStaticMeshTemplate.ush" 3139
"../../../Engine/Plugins/FX/Niagara/Shaders/Private/NiagaraDataInterfaceTextureTemplate.ush" 3140
"../../../Engine/Plugins/FX/Niagara/Shaders/Private/NiagaraDataInterfaceVirtualTexture.ush" 3141
"../../../Engine/Plugins/FX/Niagara/Shaders/Private/NiagaraDataInterfaceVirtualTextureTemplate.ush" 3142
"../../../Engine/Plugins/FX/Niagara/Shaders/Private/NiagaraDataInterfaceVolumeCache.ush" 3143
"../../../Engine/Plugins/FX/Niagara/Shaders/Private/NiagaraDataInterfaceVolumeTextureTemplate.ush" 3144
"../../../../../../24CI0412MP/Content/KTP_Effect/Particles/Fly/Expolison_03_08.uasset" 3145
"../../../../../../24CI0412MP/Content/KTP_Effect/Materials/M_fly03_8.uasset" 3146
"../../../../../../24CI0412MP/Content/KTP_Effect/Textures/PublicTextures/T_Aura_07.uasset" 3147
"../../../../../../24CI0412MP/Content/KTP_Effect/Textures/T_fly03_8.uasset" 3148
"../../../../../../24CI0412MP/Content/KTP_Effect/Materials/PublicMaterials/M_FX_Aura_black_1.uasset" 3149
"../../../../../../24CI0412MP/Content/KTP_Effect/Textures/PublicTextures/T_Aura_01.uasset" 3150
"../../../../../../24CI0412MP/Content/KTP_Effect/Textures/PublicTextures/T_Aura_03.uasset" 3151
"../../../../../../24CI0412MP/Content/KTP_Effect/Materials/PublicMaterials/M_FX_Aura_bt01.uasset" 3152
"../../../../../../24CI0412MP/Content/KTP_Effect/Materials/PublicMaterials/M_FX_Glow_fly07.uasset" 3153
"../../../../../../24CI0412MP/Content/KTP_Effect/Textures/PublicTextures/T_Glow.uasset" 3154
"../../Plugins/FX/Niagara/Content/Modules/Spawn/Orientation/V3/InitialMeshOrientation.uasset" 3155
"../../Plugins/FX/Niagara/Content/Functions/Rotation/RandomQuaternion.uasset" 3156
"../../Plugins/FX/Niagara/Content/Enums/ENiagaraMeshTransforms.uasset" 3157
"../../Plugins/FX/Niagara/Content/Enums/Transforms/ENiagara_MeshOrientationOptions.uasset" 3158
"../../Plugins/FX/Niagara/Content/Modules/Spawn/Velocity/AddVelocityFromPoint.uasset" 3159
"../../Plugins/FX/Niagara/Content/Functions/DistanceBasedFalloff.uasset" 3160
"../../Plugins/FX/Niagara/Content/Functions/RandomVector.uasset" 3161
"../../Plugins/FX/Niagara/Content/Functions/RandomUnitVector.uasset" 3162
"../../Plugins/FX/Niagara/Content/Modules/Update/Camera/CameraOffset.uasset" 3163
"../../../../../../24CI0412MP/Content/KTP_Effect/Mesh/SM_FX_burst_fly03.uasset" 3164
"../../../../../../24CI0412MP/Content/Kanda/Input/IA_SelectMagic.uasset" 3165
"../../../Engine/Content/EditorMaterials/Dataflow/DataflowVertexMaterial.uasset" 3166
"../../../Engine/Intermediate/ProjectFiles/PrimaryProjectPath.txt" 3167
"../../Plugins/Editor/SpeedTreeImporter/Content/SpeedTree9/SpeedTreeMaster.uasset" 3168
"../../../Engine/Content/Functions/Engine_MaterialFunctions02/ObjectLocalBounds.uasset" 3169
"../../../Engine/Content/Functions/Engine_MaterialFunctions02/SafeNormalize.uasset" 3170
"../../../Engine/Content/Functions/Engine_MaterialFunctions02/Utility/VectorLength.uasset" 3171
"../../../Engine/Content/Functions/Engine_MaterialFunctions02/UVs/BoundingBoxBased_0-1_UVW.uasset" 3172
"../../../Engine/Content/Functions/Engine_MaterialFunctions02/WorldPositionOffset/ObjectScale.uasset" 3173
"../../Plugins/Editor/SpeedTreeImporter/Content/SpeedTree9/SpeedTreeBranchMotion.uasset" 3174
"../../Plugins/Editor/SpeedTreeImporter/Content/SpeedTree9/SpeedTreeWindMotion.uasset" 3175
"../../Plugins/Editor/SpeedTreeImporter/Content/SpeedTree9/game_wind_noise.uasset" 3176
"../../Plugins/Editor/SpeedTreeImporter/Content/SpeedTree9/UnpackDirection.uasset" 3177
"../../Plugins/Editor/SpeedTreeImporter/Content/SpeedTree9/UnpackInteger3.uasset" 3178
"../../Plugins/Editor/SpeedTreeImporter/Content/SpeedTree9/SpeedTreeCameraFacing.uasset" 3179
"../../Plugins/Editor/SpeedTreeImporter/Content/SpeedTree9/SpeedTreeWind.uasset" 3180
"../../Plugins/Editor/SpeedTreeImporter/Content/SpeedTree9/Empty.uasset" 3181
"../../Plugins/Editor/SpeedTreeImporter/Content/SpeedTree9/EmptyNormal.uasset" 3182
"../../Plugins/Editor/SpeedTreeImporter/Content/SpeedTree9/SpeedTreeBillboardMaster.uasset" 3183
"../../Plugins/Editor/SpeedTreeImporter/Content/SpeedTree9/SpeedTreeBillboard.uasset" 3184
"../../Plugins/Media/MediaPlate/Content/SM_MediaPlateScreen.uasset" 3185
"../../Plugins/Runtime/OpenXR/Content/Devices/HTCVive/HTCViveController.uasset" 3186
"../../Plugins/Runtime/OpenXR/Content/Devices/HTCVive/MI_HTCVive.uasset" 3187
"../../Plugins/Runtime/OpenXR/Content/Devices/M_XRController.uasset" 3188
"../../../Engine/Content/EngineMaterials/BaseFlattenNormalMap.uasset" 3189
"../../Plugins/Runtime/OpenXR/Content/Devices/HTCVive/BaseTexture.uasset" 3190
"../../Plugins/Runtime/OpenXR/Content/Devices/MicrosoftMixedReality/Left/left_MicrosoftMixedRealityController.uasset" 3191
"../../Plugins/Runtime/OpenXR/Content/Devices/MicrosoftMixedReality/MI_MicrosoftMixedReality.uasset" 3192
"../../Plugins/Runtime/OpenXR/Content/Devices/MicrosoftMixedReality/BaseTexture.uasset" 3193
"../../Plugins/Runtime/OpenXR/Content/Devices/MicrosoftMixedReality/EmissiveTexture.uasset" 3194
"../../Plugins/Runtime/OpenXR/Content/Devices/MicrosoftMixedReality/MRTexture.uasset" 3195
"../../Plugins/Runtime/OpenXR/Content/Devices/MicrosoftMixedReality/NormalTexture.uasset" 3196
"../../Plugins/Runtime/OpenXR/Content/Devices/MicrosoftMixedReality/Right/right_MicrosoftMixedRealityController.uasset" 3197
"../../Plugins/Runtime/OpenXR/Content/Devices/OculusGo/OculusGoController.uasset" 3198
"../../Plugins/Runtime/OpenXR/Content/Devices/OculusGo/MI_OculusGo.uasset" 3199
"../../Plugins/Runtime/OpenXR/Content/Devices/OculusGo/BaseTexture.uasset" 3200
"../../Plugins/Runtime/OpenXR/Content/Devices/OculusTouch/Left/left_OculusTouchController.uasset" 3201
"../../Plugins/Runtime/OpenXR/Content/Devices/OculusTouch/MI_OculusTouch.uasset" 3202
"../../Plugins/Runtime/OpenXR/Content/Devices/OculusTouch/BaseTexture.uasset" 3203
"../../Plugins/Runtime/OpenXR/Content/Devices/OculusTouch/MRTexture.uasset" 3204
"../../Plugins/Runtime/OpenXR/Content/Devices/OculusTouch/Right/right_OculusTouchController.uasset" 3205
"../../Plugins/Runtime/OpenXR/Content/Devices/ValveIndex/Left/left_ValveIndexController.uasset" 3206
"../../Plugins/Runtime/OpenXR/Content/Devices/ValveIndex/Left/MI_left_ValveIndex.uasset" 3207
"../../Plugins/Runtime/OpenXR/Content/Devices/ValveIndex/BaseTexture.uasset" 3208
"../../Plugins/Runtime/OpenXR/Content/Devices/ValveIndex/MRTexture.uasset" 3209
"../../Plugins/Runtime/OpenXR/Content/Devices/ValveIndex/Right/right_ValveIndexController.uasset" 3210
"../../Plugins/Runtime/OpenXR/Content/Devices/ValveIndex/Right/MI_right_ValveIndex.uasset" 3211
"../../Plugins/Runtime/OpenXR/Content/Devices/OculusTouch_v2/Left/left_OculusTouch_v2Controller.uasset" 3212
"../../Plugins/Runtime/OpenXR/Content/Devices/OculusTouch_v2/MI_OculusTouch_v2.uasset" 3213
"../../Plugins/Runtime/OpenXR/Content/Devices/OculusTouch_v2/BaseTexture.uasset" 3214
"../../Plugins/Runtime/OpenXR/Content/Devices/OculusTouch_v2/MRTexture.uasset" 3215
"../../Plugins/Runtime/OpenXR/Content/Devices/OculusTouch_v2/Right/right_OculusTouch_v2Controller.uasset" 3216
"../../Plugins/Runtime/OpenXR/Content/Devices/OculusTouch_v3/Left/left_OculusTouch_v3Controller.uasset" 3217
"../../Plugins/Runtime/OpenXR/Content/Devices/OculusTouch_v3/MI_OculusTouch_v3.uasset" 3218
"../../Plugins/Runtime/OpenXR/Content/Devices/OculusTouch_v3/BaseTexture.uasset" 3219
"../../Plugins/Runtime/OpenXR/Content/Devices/OculusTouch_v3/MRTexture.uasset" 3220
"../../Plugins/Runtime/OpenXR/Content/Devices/OculusTouch_v3/Right/right_OculusTouch_v3Controller.uasset" 3221
"C:/Users/Owner/AppData/Local/UnrealEngine/Editor/UInteractiveToolsPresetCollectionAsset_DefaultCollection.json" 3222
"../../../Engine/Content/EngineMaterials/NaniteHiddenSectionMaterial.uasset" 3223
"../../../Engine/Content/EngineMaterials/RemoveSurfaceMaterial.uasset" 3224
"../../../Engine/Content/EngineDebugMaterials/DebugMeshMaterial.uasset" 3225
"../../../Engine/Content/EngineMaterials/EmissiveMeshMaterial.uasset" 3226
"../../../Engine/Content/EngineMaterials/DefaultWhiteGrid_Low.uasset" 3227
"../../../Engine/Content/EngineMaterials/M_InvalidLightmapSettings.uasset" 3228
"../../../Engine/Content/EngineMaterials/InvalidLightmapSettings.uasset" 3229
"../../../Engine/Content/EngineMaterials/GizmoMaterial.uasset" 3230
"../../../Engine/Content/EngineMaterials/PhAT_JointLimitMaterial.uasset" 3231
"../../../Engine/Content/EngineMaterials/FlattenMaterial.uasset" 3232
"../../../Engine/Content/EngineMaterials/BaseFlattenDiffuseMap.uasset" 3233
"../../../Engine/Content/EngineMaterials/BaseFlattenEmissiveMap.uasset" 3234
"../../../Engine/Content/EngineMaterials/BaseFlattenGrayscaleMap.uasset" 3235
"../../../Engine/Content/EngineMaterials/BaseFlattenLinearColor.uasset" 3236
"../../../Engine/Content/Functions/Engine_MaterialFunctions02/PivotPainter2/Black_1x1_EXR_Texture.uasset" 3237
"../../../Engine/Content/EngineMaterials/FlattenMaterial_VT.uasset" 3238
"../../../Engine/Content/EngineMaterials/BaseFlattenDiffuseMap_VT.uasset" 3239
"../../../Engine/Content/EngineMaterials/BaseFlattenEmissiveMap_VT.uasset" 3240
"../../../Engine/Content/EngineMaterials/BaseFlattenGrayscaleMap_VT.uasset" 3241
"../../../Engine/Content/EngineMaterials/BaseFlattenLinearColor_VT.uasset" 3242
"../../../Engine/Content/EngineMaterials/BaseFlattenNormalMap_VT.uasset" 3243
"../../../Engine/Content/EngineMaterials/Black_1x1_EXR_Texture_VT.uasset" 3244
"../../../Engine/Content/EngineMaterials/FlattenMaterial_WS_Normal_VT.uasset" 3245
"../../../Engine/Content/EngineMaterials/DefaultBokeh.uasset" 3246
"../../../Engine/Content/EngineMaterials/MiniFont.uasset" 3247
"../../../Engine/Content/EngineMaterials/WeightMapPlaceholderTexture.uasset" 3248
"../../../Engine/Content/EngineMaterials/WeightMapArrayPlaceholderTexture.uasset" 3249
"../../../Engine/Content/EngineMaterials/DefaultWhiteGrid.uasset" 3250
"../../../Engine/Content/EngineMaterials/PreintegratedSkinBRDF.uasset" 3251
"../../../Engine/Content/EngineMaterials/DefaultPhysicalMaterial.uasset" 3252
"../../../Engine/Content/EngineMaterials/DefaultDestructiblePhysicalMaterial.uasset" 3253
"../../Plugins/Runtime/MeshModelingToolset/Content/Materials/M_DynamicMeshComponentVtxColor.uasset" 3254
"../../../../../../24CI0412MP/Content/VRTemplate/VFX/NPC_VRTemplate.uasset" 3255
"../../Plugins/FX/Niagara/Content/ParameterDefinitions/LightRenderer.uasset" 3256
"../../Plugins/FX/Niagara/Content/ParameterDefinitions/DecalRenderer.uasset" 3257
"../../../Engine/Content/BasicShapes/Cube.uasset" 3258
"../../../Engine/Content/BasicShapes/Cylinder.uasset" 3259
"../../../Engine/Content/BasicShapes/Cone.uasset" 3260
"../../../Engine/Content/BasicShapes/Plane.uasset" 3261
"../../../Engine/Content/EditorResources/SequenceRecorder/Countdown.uasset" 3262
"../../../Engine/Content/EditorResources/SequenceRecorder/RecordingIndicator.uasset" 3263
"../../../Engine/Content/EditorMaterials/PhAT_UnselectedMaterial.uasset" 3264
"../../../Engine/Content/EditorMaterials/PhAT_NoCollisionMaterial.uasset" 3265
"../../../Engine/Content/EditorLandscapeResources/DefaultAlphaTexture.uasset" 3266
"../../../Engine/Content/EditorResources/S_Terrain.uasset" 3267
"../../../Engine/Shaders/Public/Platform/Vulkan/VulkanCommon.ush" 3268
"../../../Engine/Shaders/Public/Platform/Vulkan/VulkanSubpassSupport.ush" 3269
"../../../Engine/Plugins/Interchange/Runtime/Content/Functions/MX_AnisotropicVDF.uasset" 3270
"../../../Engine/Plugins/Interchange/Runtime/Content/Functions/MX_UniformEDF.uasset" 3271
"../../../Engine/Plugins/Interchange/Runtime/Content/Functions/MX_ConicalEDF.uasset" 3272
"../../../Engine/Plugins/Interchange/Runtime/Content/Functions/MX_MeasuredEDF.uasset" 3273
"../../../Engine/Plugins/Interchange/Runtime/Content/Functions/MX_AbsorptionVDF.uasset" 3274
"../../../Engine/Plugins/Animation/ControlRig/Content/Controls/ControlRigGizmoMaterial.uasset" 3275
"../../../Engine/Plugins/Interchange/Runtime/Content/Functions/MX_ThinFilmBSDF.uasset" 3276
"../../../Engine/Plugins/Interchange/Runtime/Content/Functions/MX_SubsurfaceBSDF.uasset" 3277
"../../../Engine/Plugins/Interchange/Runtime/Content/Functions/MX_SheenBSDF.uasset" 3278
"../../../Engine/Plugins/Interchange/Runtime/Content/Functions/MX_GeneralizedSchlickBSDF.uasset" 3279
"../../../Engine/Plugins/Interchange/Runtime/Content/Functions/MX_TranslucentBSDF.uasset" 3280
"../../../Engine/Plugins/Interchange/Runtime/Content/Pipelines/DefaultGLTFSceneAssetsPipeline.uasset" 3281
"../../../Engine/Plugins/Interchange/Runtime/Content/Pipelines/DefaultSceneLevelPipeline.uasset" 3282
"../../../Engine/Plugins/Interchange/Runtime/Content/Pipelines/DefaultSceneAssetsPipeline.uasset" 3283
"../../../Engine/Plugins/Interchange/Runtime/Content/Pipelines/DefaultTexturePipeline.uasset" 3284
"../../../Engine/Plugins/Interchange/Runtime/Content/Pipelines/DefaultMaterialPipeline.uasset" 3285
"../../../Engine/Plugins/Interchange/Runtime/Content/Pipelines/DefaultGLTFPipeline.uasset" 3286
"../../../Engine/Plugins/Interchange/Runtime/Content/Pipelines/DefaultGLTFAssetsPipeline.uasset" 3287
"../../../Engine/Plugins/Interchange/Runtime/Content/Pipelines/DefaultMaterialXPipeline.uasset" 3288
"../../../Engine/Plugins/Interchange/Runtime/Content/Pipelines/DefaultAssetsPipeline.uasset" 3289
"../../../Engine/Content/EngineSounds/Master.uasset" 3290
"../../../Engine/Content/EngineMaterials/STBlueNoise_vec2_128x128x64.uasset" 3291
"../../../Engine/Plugins/Interchange/Runtime/Content/Functions/MX_DielectricBSDF.uasset" 3292
"../../../Engine/Content/EngineMaterials/STBlueNoise_scalar_128x128x64.uasset" 3293
"../../../Engine/Content/EngineDebugMaterials/DebugEditorMaterial.uasset" 3294
"../../../Engine/Content/EngineMaterials/DefaultBloomKernel.uasset" 3295
"../../../Engine/Content/EditorResources/BSPVertex.uasset" 3296
"C:/24CI0412MP/Content/VRTemplate/Textures/T_Grid.uasset" 3297
"C:/24CI0412MP/Content/VRTemplate/Materials/M_VRCursor.uasset" 3298
"C:/24CI0412MP/Content/VRTemplate/Materials/M_Projectile.uasset" 3299
"../../../Engine/Plugins/Interchange/Runtime/Content/Functions/MX_BurleyDiffuseBSDF.uasset" 3300
"C:/24CI0412MP/Content/VRTemplate/Materials/DefaultRibbonMaterial_NoGradient.uasset" 3301
"C:/24CI0412MP/Content/VRTemplate/Maps/VRTemplateMap_BuiltData.uasset" 3302
"../../../Engine/Plugins/Interchange/Runtime/Content/Functions/MX_OrenNayarBSDF.uasset" 3303
"C:/24CI0412MP/Content/VRTemplate/Input/Actions/Hands/IA_Hand_ThumbUp_Right.uasset" 3304
"C:/24CI0412MP/Content/VRTemplate/Input/Actions/Hands/IA_Hand_ThumbUp_Left.uasset" 3305
"C:/24CI0412MP/Content/VRTemplate/Input/Actions/Hands/IA_Hand_Point_Right.uasset" 3306
"../../../Engine/Plugins/Interchange/Runtime/Content/Functions/MX_SurfaceUnlit.uasset" 3307
"../../../Engine/Plugins/Interchange/Runtime/Content/Functions/MX_ConductorBSDF.uasset" 3308
"../../../Engine/Plugins/Interchange/Runtime/Content/Functions/MX_UsdPreviewSurface.uasset" 3309
"C:/24CI0412MP/Content/VRTemplate/Materials/M_LeftEyeGreen_RightEyeRed.uasset" 3310
"../../../Engine/Content/EngineResources/FilmGrains/Marcie_Grain_v3_128_M2_000.uasset" 3311
"C:/24CI0412MP/Content/VRTemplate/Input/Actions/Hands/IA_Hand_Point_Left.uasset" 3312
"C:/24CI0412MP/Content/VRTemplate/Input/Actions/Hands/IA_Hand_IndexCurl_Right.uasset" 3313
"C:/24CI0412MP/Content/VRTemplate/Input/Actions/Hands/IA_Hand_IndexCurl_Left.uasset" 3314
"C:/24CI0412MP/Content/VRTemplate/Input/Actions/Hands/IA_Hand_Grasp_Right.uasset" 3315
"C:/24CI0412MP/Content/VRTemplate/Input/Actions/Hands/IA_Hand_Grasp_Left.uasset" 3316
"C:/24CI0412MP/Content/VRTemplate/Input/Actions/IA_Turn.uasset" 3317
"C:/24CI0412MP/Content/VRTemplate/Input/Actions/IA_Shoot_Right.uasset" 3318
"C:/24CI0412MP/Content/VRTemplate/Input/Actions/IA_Shoot_Left.uasset" 3319
"C:/24CI0412MP/Content/VRTemplate/Input/Actions/IA_Menu_Toggle_Right.uasset" 3320
"C:/24CI0412MP/Content/VRTemplate/Input/Actions/IA_Menu_Toggle_Left.uasset" 3321
"C:/24CI0412MP/Content/VRTemplate/Input/Actions/IA_Menu_Interact_Right.uasset" 3322
"C:/24CI0412MP/Content/VRTemplate/Input/Actions/IA_Menu_Interact_Left.uasset" 3323
"C:/24CI0412MP/Content/VRTemplate/Input/Actions/IA_Menu_Cursor_Right.uasset" 3324
"C:/24CI0412MP/Content/VRTemplate/Input/Actions/IA_Menu_Cursor_Left.uasset" 3325
"C:/24CI0412MP/Content/VRTemplate/Input/Actions/IA_Grab_Right.uasset" 3326
"C:/24CI0412MP/Content/VRTemplate/Input/Actions/IA_Grab_Left.uasset" 3327
"C:/24CI0412MP/Content/VRTemplate/Input/B_InputModifier_XAxisPositiveOnly.uasset" 3328
"C:/24CI0412MP/Content/VRTemplate/Haptics/PistolFireHapticEffect.uasset" 3329
"C:/24CI0412MP/Content/VRTemplate/Haptics/GrabHapticEffect.uasset" 3330
"C:/24CI0412MP/Content/VRTemplate/Blueprints/WidgetMenu.uasset" 3331
"C:/24CI0412MP/Content/VRTemplate/Blueprints/GrabType.uasset" 3332
"C:/24CI0412MP/Content/VRTemplate/Audio/Fire01.uasset" 3333
"C:/24CI0412MP/Content/VRTemplate/Blueprints/B_AssetGuideline.uasset" 3334
"C:/24CI0412MP/Content/VRSpectator/Input/Actions/IA_VRSpectator_Toggle.uasset" 3335
"C:/24CI0412MP/Content/VRSpectator/Input/Actions/IA_VRSpectator_ResetRotation.uasset" 3336
"C:/24CI0412MP/Content/VRSpectator/Input/Actions/IA_VRSpectator_Move.uasset" 3337
"C:/24CI0412MP/Content/VRSpectator/Input/Actions/IA_VRSpectator_Look.uasset" 3338
"C:/24CI0412MP/Content/VRSpectator/Input/Actions/IA_VRSpectator_FOV_Reset.uasset" 3339
"C:/24CI0412MP/Content/VRSpectator/Input/Actions/IA_VRSpectator_FOV.uasset" 3340
"C:/24CI0412MP/Content/VRSpectator/Input/Actions/IA_VRSpectator_FadeInOut.uasset" 3341
"C:/24CI0412MP/Content/VRSpectator/RT_VRSpectator.uasset" 3342
"C:/24CI0412MP/Content/VRSpectator/EVRSpectatorMode.uasset" 3343
"C:/24CI0412MP/Content/StarterContent/Textures/T_Wood_Walnut_N.uasset" 3344
"C:/24CI0412MP/Content/StarterContent/Textures/T_Wood_Walnut_D.uasset" 3345
"C:/24CI0412MP/Content/StarterContent/Textures/T_Wood_Pine_N.uasset" 3346
"C:/24CI0412MP/Content/StarterContent/Textures/T_Wood_Pine_D.uasset" 3347
"C:/24CI0412MP/Content/StarterContent/Textures/T_Wood_Oak_N.uasset" 3348
"C:/24CI0412MP/Content/StarterContent/Textures/T_Wood_Floor_Walnut_N.uasset" 3349
"C:/24CI0412MP/Content/StarterContent/Textures/T_Wood_Oak_D.uasset" 3350
"C:/24CI0412MP/Content/StarterContent/Textures/T_Wood_Floor_Walnut_D.uasset" 3351
"C:/24CI0412MP/Content/StarterContent/Textures/T_Wood_Floor_Walnut_M.uasset" 3352
"C:/24CI0412MP/Content/StarterContent/Textures/T_Water_N.uasset" 3353
"C:/24CI0412MP/Content/StarterContent/Textures/T_Water_M.uasset" 3354
"C:/24CI0412MP/Content/StarterContent/Textures/T_Tech_Panel_M.uasset" 3355
"C:/24CI0412MP/Content/StarterContent/Textures/T_Tech_Panel_N.uasset" 3356
"C:/24CI0412MP/Content/StarterContent/Textures/T_Tech_Hex_Tile_M.uasset" 3357
"C:/24CI0412MP/Content/StarterContent/Textures/T_Tech_Dot_N.uasset" 3358
"C:/24CI0412MP/Content/StarterContent/Textures/T_Tech_Hex_Tile_N.uasset" 3359
"C:/24CI0412MP/Content/StarterContent/Textures/T_TableRound_N.uasset" 3360
"C:/24CI0412MP/Content/StarterContent/Textures/T_Tech_Dot_M.uasset" 3361
"C:/24CI0412MP/Content/StarterContent/Textures/T_TableRound_M.uasset" 3362
"C:/24CI0412MP/Content/StarterContent/Textures/T_Smoke_Tiled_D.uasset" 3363
"C:/24CI0412MP/Content/StarterContent/Textures/T_Spark_Core.uasset" 3364
"C:/24CI0412MP/Content/StarterContent/Textures/T_Smoke_SubUV.uasset" 3365
"C:/24CI0412MP/Content/StarterContent/Textures/T_Statue_N.uasset" 3366
"C:/24CI0412MP/Content/StarterContent/Textures/T_Statue_M.uasset" 3367
"C:/24CI0412MP/Content/StarterContent/Textures/T_Shelf_N.uasset" 3368
"C:/24CI0412MP/Content/StarterContent/Textures/T_Single_Tile_N.uasset" 3369
"C:/24CI0412MP/Content/StarterContent/Textures/T_Shelf_M.uasset" 3370
"C:/24CI0412MP/Content/StarterContent/Textures/T_Rock_Slate_D.uasset" 3371
"C:/24CI0412MP/Content/StarterContent/Textures/T_Rock_Smooth_Granite_D.uasset" 3372
"C:/24CI0412MP/Content/StarterContent/Textures/T_Rock_Sandstone_N.uasset" 3373
"C:/24CI0412MP/Content/StarterContent/Textures/T_Rock_Slate_N.uasset" 3374
"C:/24CI0412MP/Content/StarterContent/Textures/T_Rock_Sandstone_D.uasset" 3375
"C:/24CI0412MP/Content/StarterContent/Textures/T_Rock_Basalt_D.uasset" 3376
"C:/24CI0412MP/Content/StarterContent/Textures/T_Rock_Basalt_N.uasset" 3377
"C:/24CI0412MP/Content/StarterContent/Textures/T_Rock_Marble_Polished_D.uasset" 3378
"C:/24CI0412MP/Content/StarterContent/Textures/T_RockMesh_N.uasset" 3379
"C:/24CI0412MP/Content/StarterContent/Textures/T_RockMesh_M.uasset" 3380
"C:/24CI0412MP/Content/StarterContent/Textures/T_Metal_Steel_N.uasset" 3381
"C:/24CI0412MP/Content/StarterContent/Textures/T_Metal_Steel_D.uasset" 3382
"C:/24CI0412MP/Content/StarterContent/Textures/T_Perlin_Noise_M.uasset" 3383
"C:/24CI0412MP/Content/StarterContent/Textures/T_Metal_Rust_N.uasset" 3384
"C:/24CI0412MP/Content/StarterContent/Textures/T_Metal_Copper_D.uasset" 3385
"C:/24CI0412MP/Content/StarterContent/Textures/T_Metal_Gold_N.uasset" 3386
"C:/24CI0412MP/Content/StarterContent/Textures/T_Metal_Rust_D.uasset" 3387
"C:/24CI0412MP/Content/StarterContent/Textures/T_Metal_Gold_D.uasset" 3388
"C:/24CI0412MP/Content/StarterContent/Textures/T_Metal_Aluminum_D.uasset" 3389
"C:/24CI0412MP/Content/StarterContent/Textures/T_MacroVariation.uasset" 3390
"C:/24CI0412MP/Content/StarterContent/Textures/T_Ground_Moss_N.uasset" 3391
"C:/24CI0412MP/Content/StarterContent/Textures/T_Lamp_M.uasset" 3392
"C:/24CI0412MP/Content/StarterContent/Textures/T_Lamp_N.uasset" 3393
"C:/24CI0412MP/Content/StarterContent/Textures/T_ground_Moss_D.uasset" 3394
"C:/24CI0412MP/Content/StarterContent/Textures/T_Ground_Gravel_D.uasset" 3395
"C:/24CI0412MP/Content/StarterContent/Textures/T_Ground_Grass_N.uasset" 3396
"C:/24CI0412MP/Content/StarterContent/Textures/T_Ground_Gravel_N.uasset" 3397
"C:/24CI0412MP/Content/StarterContent/Textures/T_Ground_Grass_D.uasset" 3398
"C:/24CI0412MP/Content/StarterContent/Textures/T_Frame_M.uasset" 3399
"C:/24CI0412MP/Content/StarterContent/Textures/T_Frame_N.uasset" 3400
"C:/24CI0412MP/Content/StarterContent/Textures/T_Gradinet_01.uasset" 3401
"C:/24CI0412MP/Content/StarterContent/Textures/T_Fire_Tiled_D.uasset" 3402
"C:/24CI0412MP/Content/StarterContent/Textures/T_Fire_SubUV.uasset" 3403
"C:/24CI0412MP/Content/StarterContent/Textures/T_Door_N.uasset" 3404
"C:/24CI0412MP/Content/StarterContent/Textures/T_Explosion_SubUV.uasset" 3405
"C:/24CI0412MP/Content/StarterContent/Textures/T_Dust_Particle_D.uasset" 3406
"C:/24CI0412MP/Content/StarterContent/Textures/T_Door_M.uasset" 3407
"C:/24CI0412MP/Content/StarterContent/Textures/T_Detail_Rocky_N.uasset" 3408
"C:/24CI0412MP/Content/StarterContent/Textures/T_Concrete_Tiles_Variation_M.uasset" 3409
"C:/24CI0412MP/Content/StarterContent/Textures/T_Concrete_Tiles_N.uasset" 3410
"C:/24CI0412MP/Content/StarterContent/Textures/T_Concrete_Tiles_D.uasset" 3411
"C:/24CI0412MP/Content/StarterContent/Textures/T_Concrete_Tiles_M.uasset" 3412
"C:/24CI0412MP/Content/StarterContent/Textures/T_Concrete_Poured_N.uasset" 3413
"C:/24CI0412MP/Content/StarterContent/Textures/T_Concrete_Grime_D.uasset" 3414
"C:/24CI0412MP/Content/StarterContent/Textures/T_Concrete_Panels_D.uasset" 3415
"C:/24CI0412MP/Content/StarterContent/Textures/T_Concrete_Panels_N.uasset" 3416
"C:/24CI0412MP/Content/StarterContent/Textures/T_CobbleStone_Smooth_N.uasset" 3417
"C:/24CI0412MP/Content/StarterContent/Textures/T_Concrete_Poured_D.uasset" 3418
"C:/24CI0412MP/Content/StarterContent/Textures/T_CobbleStone_Smooth_D.uasset" 3419
"C:/24CI0412MP/Content/StarterContent/Textures/T_CobbleStone_Smooth_M.uasset" 3420
"C:/24CI0412MP/Content/StarterContent/Textures/T_CobbleStone_Rough_N.uasset" 3421
"C:/24CI0412MP/Content/StarterContent/Textures/T_CobbleStone_Rough_D.uasset" 3422
"C:/24CI0412MP/Content/StarterContent/Textures/T_CobbleStone_Pebble_M.uasset" 3423
"C:/24CI0412MP/Content/StarterContent/Textures/T_CobbleStone_Pebble_N.uasset" 3424
"C:/24CI0412MP/Content/StarterContent/Textures/T_Checker_Noise_M.uasset" 3425
"C:/24CI0412MP/Content/StarterContent/Textures/T_Chair_M.uasset" 3426
"C:/24CI0412MP/Content/StarterContent/Textures/T_CobbleStone_Pebble_D.uasset" 3427
"C:/24CI0412MP/Content/StarterContent/Textures/T_Chair_N.uasset" 3428
"C:/24CI0412MP/Content/StarterContent/Textures/T_Ceramic_Tile_N.uasset" 3429
"C:/24CI0412MP/Content/StarterContent/Textures/T_Ceramic_Tile_M.uasset" 3430
"C:/24CI0412MP/Content/StarterContent/Textures/T_Bush_N.uasset" 3431
"C:/24CI0412MP/Content/StarterContent/Textures/T_Bush_D.uasset" 3432
"C:/24CI0412MP/Content/StarterContent/Textures/T_Brick_Hewn_Stone_N.uasset" 3433
"C:/24CI0412MP/Content/StarterContent/Textures/T_Burst_M.uasset" 3434
"C:/24CI0412MP/Content/StarterContent/Textures/T_Brick_Hewn_Stone_M.uasset" 3435
"C:/24CI0412MP/Content/StarterContent/Textures/T_Brick_Cut_Stone_N.uasset" 3436
"C:/24CI0412MP/Content/StarterContent/Textures/T_Brick_Cut_Stone_D.uasset" 3437
"C:/24CI0412MP/Content/StarterContent/Textures/T_Brick_Hewn_Stone_D.uasset" 3438
"C:/24CI0412MP/Content/StarterContent/Textures/T_Brick_Clay_Old_N.uasset" 3439
"C:/24CI0412MP/Content/StarterContent/Textures/T_Brick_Clay_Old_D.uasset" 3440
"C:/24CI0412MP/Content/StarterContent/Textures/T_Brick_Clay_New_N.uasset" 3441
"C:/24CI0412MP/Content/StarterContent/Textures/T_Brick_Clay_New_M.uasset" 3442
"C:/24CI0412MP/Content/StarterContent/Textures/T_Brick_Clay_New_D.uasset" 3443
"C:/24CI0412MP/Content/StarterContent/Textures/T_Brick_Clay_Beveled_M.uasset" 3444
"C:/24CI0412MP/Content/StarterContent/Textures/T_Brick_Clay_Beveled_N.uasset" 3445
"C:/24CI0412MP/Content/StarterContent/Particles/Materials/m_flare_01.uasset" 3446
"C:/24CI0412MP/Content/StarterContent/Materials/M_Glass.uasset" 3447
"C:/24CI0412MP/Content/StarterContent/Textures/T_Brick_Clay_Beveled_D.uasset" 3448
"C:/24CI0412MP/Content/StarterContent/Materials/M_Basic_Wall.uasset" 3449
"C:/24CI0412MP/Content/StarterContent/HDRI/HDRI_Epic_Courtyard_Daylight.uasset" 3450
"C:/24CI0412MP/Content/StarterContent/Materials/M_AssetPlatform.uasset" 3451
"C:/24CI0412MP/Content/StarterContent/Materials/M_Basic_Floor.uasset" 3452
"C:/24CI0412MP/Content/StarterContent/Maps/Minimal_Default_BuiltData.uasset" 3453
"C:/24CI0412MP/Content/StarterContent/Maps/StarterMap_BuiltData.uasset" 3454
"C:/24CI0412MP/Content/StarterContent/Maps/Advanced_Lighting_BuiltData.uasset" 3455
"C:/24CI0412MP/Content/StarterContent/Blueprints/Assets/SunlightColorLUT.uasset" 3456
"C:/24CI0412MP/Content/StarterContent/Blueprints/Assets/M_LightStage_Arrows.uasset" 3457
"C:/24CI0412MP/Content/StarterContent/Audio/Steam01_Cue.uasset" 3458
"C:/24CI0412MP/Content/StarterContent/Audio/Steam01.uasset" 3459
"C:/24CI0412MP/Content/StarterContent/Blueprints/Assets/FogBrightnessLUT.uasset" 3460
"C:/24CI0412MP/Content/StarterContent/Audio/Starter_Wind06.uasset" 3461
"C:/24CI0412MP/Content/StarterContent/Audio/Starter_Music_Cue.uasset" 3462
"C:/24CI0412MP/Content/StarterContent/Audio/Starter_Wind05.uasset" 3463
"C:/24CI0412MP/Content/StarterContent/Audio/Starter_Birds01.uasset" 3464
"C:/24CI0412MP/Content/StarterContent/Audio/Starter_Music01.uasset" 3465
"C:/24CI0412MP/Content/StarterContent/Audio/Starter_Background_Cue.uasset" 3466
"C:/24CI0412MP/Content/StarterContent/Audio/Smoke01_Cue.uasset" 3467
"C:/24CI0412MP/Content/StarterContent/Audio/Light02_Cue.uasset" 3468
"C:/24CI0412MP/Content/StarterContent/Audio/Light01_Cue.uasset" 3469
"C:/24CI0412MP/Content/StarterContent/Audio/Light02.uasset" 3470
"C:/24CI0412MP/Content/StarterContent/Audio/Smoke01.uasset" 3471
"C:/24CI0412MP/Content/StarterContent/Audio/Fire_Sparks01.uasset" 3472
"C:/24CI0412MP/Content/StarterContent/Audio/Fire_Sparks01_Cue.uasset" 3473
"C:/24CI0412MP/Content/StarterContent/Audio/Light01.uasset" 3474
"C:/24CI0412MP/Content/StarterContent/Audio/Fire01.uasset" 3475
"C:/24CI0412MP/Content/StarterContent/Audio/Fire01_Cue.uasset" 3476
"C:/24CI0412MP/Content/StarterContent/Audio/Explosion_Cue.uasset" 3477
"C:/24CI0412MP/Content/StarterContent/Audio/Explosion02.uasset" 3478
"C:/24CI0412MP/Content/StarterContent/Audio/Explosion01.uasset" 3479
"C:/24CI0412MP/Content/Satou/Stylized_PBR_Nature/Terrain/T_rock.uasset" 3480
"C:/24CI0412MP/Content/StarterContent/Audio/Collapse_Cue.uasset" 3481
"C:/24CI0412MP/Content/StarterContent/Audio/Collapse02.uasset" 3482
"C:/24CI0412MP/Content/StarterContent/Audio/Collapse01.uasset" 3483
"C:/24CI0412MP/Content/Satou/Stylized_PBR_Nature/Terrain/T_Grass_2.uasset" 3484
"C:/24CI0412MP/Content/Satou/Stylized_PBR_Nature/Terrain/T_Grass_1.uasset" 3485
"C:/24CI0412MP/Content/Satou/Stylized_PBR_Nature/Terrain/T_Dirt.uasset" 3486
"../../../../../../24CI0412MP/Content/StarterContent/Audio/Steam01.uasset" 3487
"../../../../../../24CI0412MP/Content/StarterContent/Audio/Starter_Wind06.uasset" 3488
"C:/24CI0412MP/Content/Satou/Stylized_PBR_Nature/Terrain/M_Water_Basic.uasset" 3489
"C:/24CI0412MP/Content/Satou/Stylized_PBR_Nature/Rocks/Textures/T_S_Rocks_7-11_ORM.uasset" 3490
"../../../../../../24CI0412MP/Content/StarterContent/Audio/Starter_Wind05.uasset" 3491
"../../../../../../24CI0412MP/Content/StarterContent/Audio/Starter_Music01.uasset" 3492
"C:/24CI0412MP/Content/Satou/Stylized_PBR_Nature/Rocks/Textures/T_S_Rocks_7-11_N.uasset" 3493
"C:/24CI0412MP/Content/Satou/Stylized_PBR_Nature/Rocks/Textures/T_S_Rocks_7-11_D.uasset" 3494
"C:/24CI0412MP/Content/Satou/Stylized_PBR_Nature/Rocks/Textures/T_S_Rocks_1-6_N.uasset" 3495
"C:/24CI0412MP/Content/Satou/Stylized_PBR_Nature/Rocks/Textures/T_S_Rocks_1-6_ORM.uasset" 3496
"C:/24CI0412MP/Content/Satou/Stylized_PBR_Nature/Rocks/Textures/T_S_Rocks_1-6_D.uasset" 3497
"C:/24CI0412MP/Content/Satou/Stylized_PBR_Nature/Rocks/Textures/T_R_Rocks_1-5_ORM.uasset" 3498
"C:/24CI0412MP/Content/Satou/Stylized_PBR_Nature/Rocks/Textures/T_R_Rocks_1-5_N.uasset" 3499
"../../../../../../24CI0412MP/Content/StarterContent/Audio/Starter_Birds01.uasset" 3500
"../../../../../../24CI0412MP/Content/StarterContent/Audio/Smoke01.uasset" 3501
"C:/24CI0412MP/Content/Satou/Stylized_PBR_Nature/Rocks/Textures/T_R_Rocks_1-5_D.uasset" 3502
"../../../../../../24CI0412MP/Content/StarterContent/Audio/Light02.uasset" 3503
"C:/24CI0412MP/Content/Satou/Stylized_PBR_Nature/Foliage/Textures/T_Pine_Tree_Trunk_ORM.uasset" 3504
"../../../../../../24CI0412MP/Content/StarterContent/Audio/Light01.uasset" 3505
"C:/24CI0412MP/Content/Satou/Stylized_PBR_Nature/Foliage/Textures/T_Pine_Tree_Trunk_N.uasset" 3506
"../../../../../../24CI0412MP/Content/StarterContent/Audio/Fire_Sparks01.uasset" 3507
"../../../../../../24CI0412MP/Content/StarterContent/Audio/Fire01.uasset" 3508
"C:/24CI0412MP/Content/Satou/Stylized_PBR_Nature/Maps/dirt_LayerInfo.uasset" 3509
"C:/24CI0412MP/Content/Satou/Stylized_PBR_Nature/Maps/Grass_01_LayerInfo.uasset" 3510
"C:/24CI0412MP/Content/Satou/Stylized_PBR_Nature/Foliage/Textures/T_Pine_Tree_Leaves_D.uasset" 3511
"C:/24CI0412MP/Content/Satou/Stylized_PBR_Nature/Foliage/Textures/T_Pine_Tree_Trunk_D.uasset" 3512
"C:/24CI0412MP/Content/Satou/Stylized_PBR_Nature/Foliage/Textures/T_Grass_D.uasset" 3513
"C:/24CI0412MP/Content/Satou/Stylized_PBR_Nature/Foliage/Textures/T_Common_Tree_Leaves_D.uasset" 3514
"../../../../../../24CI0412MP/Content/StarterContent/Audio/Explosion01.uasset" 3515
"../../../../../../24CI0412MP/Content/StarterContent/Audio/Explosion02.uasset" 3516
"../../../../../../24CI0412MP/Content/StarterContent/Audio/Collapse01.uasset" 3517
"../../../../../../24CI0412MP/Content/StarterContent/Audio/Collapse02.uasset" 3518
"C:/24CI0412MP/Content/Satou/Stylized_PBR_Nature/Foliage/Textures/T_Common_Tree_11_ORM.uasset" 3519
"C:/24CI0412MP/Content/Satou/Stylized_PBR_Nature/Foliage/Textures/T_Fern_D.uasset" 3520
"C:/24CI0412MP/Content/Satou/Stylized_PBR_Nature/Maps/Rock_LayerInfo.uasset" 3521
"C:/24CI0412MP/Content/Satou/Stylized_PBR_Nature/Foliage/Textures/T_Common_Tree_11_N.uasset" 3522
"C:/24CI0412MP/Content/Satou/Stylized_PBR_Nature/Maps/Grass_02_LayerInfo.uasset" 3523
"C:/24CI0412MP/Content/Satou/Stylized_PBR_Nature/Foliage/Textures/T_Common_Tree_10_N.uasset" 3524
"C:/24CI0412MP/Content/Satou/Stylized_PBR_Nature/Foliage/Textures/T_Common_Tree_10_D.uasset" 3525
"C:/24CI0412MP/Content/Satou/Stylized_PBR_Nature/Foliage/Textures/T_Common_Tree_11_D.uasset" 3526
"C:/24CI0412MP/Content/Satou/Stylized_PBR_Nature/Foliage/Textures/T_Common_Tree_10_ORM.uasset" 3527
"C:/24CI0412MP/Content/Satou/Stylized_PBR_Nature/Foliage/Textures/T_Common_Tree_09_D.uasset" 3528
"C:/24CI0412MP/Content/Satou/Stylized_PBR_Nature/Foliage/Textures/T_Common_Tree_08_ORM.uasset" 3529
"C:/24CI0412MP/Content/Satou/Stylized_PBR_Nature/Foliage/Textures/T_Common_Tree_08_N.uasset" 3530
"C:/24CI0412MP/Content/Satou/Stylized_PBR_Nature/Foliage/Textures/T_Common_Tree_08_D.uasset" 3531
"C:/24CI0412MP/Content/Satou/Stylized_PBR_Nature/Foliage/Textures/T_Common_Tree_07_ORM.uasset" 3532
"C:/24CI0412MP/Content/Satou/Stylized_PBR_Nature/Foliage/Textures/T_Common_Tree_07_N.uasset" 3533
"C:/24CI0412MP/Content/Satou/Stylized_PBR_Nature/Foliage/Textures/T_Common_Tree_07_D.uasset" 3534
"C:/24CI0412MP/Content/Satou/Stylized_PBR_Nature/Foliage/Textures/T_Common_Tree_09_ORM.uasset" 3535
"C:/24CI0412MP/Content/Satou/Stylized_PBR_Nature/Foliage/Textures/T_Common_Tree_09_N.uasset" 3536
"C:/24CI0412MP/Content/Satou/Stylized_PBR_Nature/Foliage/Textures/T_Common_Tree_06_N.uasset" 3537
"C:/24CI0412MP/Content/Satou/Stylized_PBR_Nature/Foliage/Textures/T_Common_Tree_06_D.uasset" 3538
"C:/24CI0412MP/Content/Satou/Stylized_PBR_Nature/Foliage/Textures/T_Common_Tree_06_ORM.uasset" 3539
"C:/24CI0412MP/Content/Satou/Stylized_PBR_Nature/Foliage/Textures/T_Common_Tree_05_ORM.uasset" 3540
"C:/24CI0412MP/Content/Satou/Stylized_PBR_Nature/Foliage/Textures/T_Common_Tree_03_ORM.uasset" 3541
"C:/24CI0412MP/Content/Satou/Stylized_PBR_Nature/Foliage/Textures/T_Common_Tree_03_N.uasset" 3542
"C:/24CI0412MP/Content/Satou/Stylized_PBR_Nature/Foliage/Textures/T_Common_Tree_05_D.uasset" 3543
"C:/24CI0412MP/Content/Satou/Stylized_PBR_Nature/Foliage/Textures/T_Common_Tree_05_N.uasset" 3544
"C:/24CI0412MP/Content/Satou/Stylized_PBR_Nature/Foliage/Textures/T_Common_Tree_03_D.uasset" 3545
"C:/24CI0412MP/Content/Satou/Stylized_PBR_Nature/Foliage/Textures/T_Common_Tree_04_ORM.uasset" 3546
"C:/24CI0412MP/Content/Satou/Stylized_PBR_Nature/Foliage/Textures/T_Common_Tree_02_N.uasset" 3547
"C:/24CI0412MP/Content/Satou/Stylized_PBR_Nature/Foliage/Textures/T_Common_Tree_02_D.uasset" 3548
"C:/24CI0412MP/Content/Satou/Stylized_PBR_Nature/Foliage/Textures/T_Common_Tree_04_D.uasset" 3549
"C:/24CI0412MP/Content/Satou/Stylized_PBR_Nature/Foliage/Textures/T_Common_Tree_04_N.uasset" 3550
"C:/24CI0412MP/Content/Satou/Stylized_PBR_Nature/Foliage/Textures/T_Common_Tree_02_ORM.uasset" 3551
"C:/24CI0412MP/Content/Satou/Satou_sharedassets/Rock_LayerInfo.uasset" 3552
"C:/24CI0412MP/Content/Satou/Satou_sharedassets/Grass_02_LayerInfo.uasset" 3553
"C:/24CI0412MP/Content/Satou/Satou_sharedassets/Grass_01_LayerInfo.uasset" 3554
"C:/24CI0412MP/Content/Satou/Satou_sharedassets/dirt_LayerInfo.uasset" 3555
"C:/24CI0412MP/Content/Satou/Stylized_PBR_Nature/Foliage/Textures/T_Common_Tree_01_ORM.uasset" 3556
"C:/24CI0412MP/Content/Satou/Stylized_PBR_Nature/Foliage/Textures/T_Common_Tree_01_D.uasset" 3557
"C:/24CI0412MP/Content/Satou/Stylized_PBR_Nature/Foliage/Textures/T_Common_Tree_01_N.uasset" 3558
"C:/24CI0412MP/Content/Satou/Stylized_PBR_Nature/Foliage/Textures/T_Clover_D.uasset" 3559
"C:/24CI0412MP/Content/Satou/Materials/M_red.uasset" 3560
"C:/24CI0412MP/Content/Satou/KTP_Effect/Textures/PublicTextures/T_Tech_01.uasset" 3561
"C:/24CI0412MP/Content/Satou/KTP_Effect/Textures/PublicTextures/T_Star_02.uasset" 3562
"C:/24CI0412MP/Content/Satou/KTP_Effect/Textures/PublicTextures/T_Star_01.uasset" 3563
"C:/24CI0412MP/Content/Satou/KTP_Effect/Textures/PublicTextures/T_ShockRing.uasset" 3564
"C:/24CI0412MP/Content/Satou/KTP_Effect/Textures/PublicTextures/T_Half_Light.uasset" 3565
"C:/24CI0412MP/Content/Satou/KTP_Effect/Textures/PublicTextures/T_Shock.uasset" 3566
"C:/24CI0412MP/Content/Satou/KTP_Effect/Textures/PublicTextures/T_Ring.uasset" 3567
"C:/24CI0412MP/Content/Satou/KTP_Effect/Textures/PublicTextures/T_Partech.uasset" 3568
"C:/24CI0412MP/Content/Satou/KTP_Effect/Textures/PublicTextures/T_Butterfly.uasset" 3569
"C:/24CI0412MP/Content/Satou/KTP_Effect/Textures/PublicTextures/T_Lighting.uasset" 3570
"C:/24CI0412MP/Content/Satou/KTP_Effect/Textures/PublicTextures/T_Ball.uasset" 3571
"C:/24CI0412MP/Content/Satou/KTP_Effect/Textures/PublicTextures/T_Aura_03.uasset" 3572
"C:/24CI0412MP/Content/Satou/KTP_Effect/Textures/PublicTextures/T_Aura_05.uasset" 3573
"C:/24CI0412MP/Content/Satou/KTP_Effect/Textures/PublicTextures/T_Arrow_03.uasset" 3574
"C:/24CI0412MP/Content/Satou/KTP_Effect/Textures/PublicTextures/T_Arrow_02.uasset" 3575
"C:/24CI0412MP/Content/Satou/KTP_Effect/Textures/PublicTextures/T_Arrow_01.uasset" 3576
"C:/24CI0412MP/Content/Satou/KTP_Effect/Textures/T_fly10_8.uasset" 3577
"C:/24CI0412MP/Content/Satou/KTP_Effect/Textures/T_fly10_9.uasset" 3578
"C:/24CI0412MP/Content/Satou/KTP_Effect/Textures/T_fly10_4.uasset" 3579
"C:/24CI0412MP/Content/Satou/KTP_Effect/Textures/T_fly10_5.uasset" 3580
"C:/24CI0412MP/Content/Satou/KTP_Effect/Textures/T_fly10_6.uasset" 3581
"C:/24CI0412MP/Content/Satou/KTP_Effect/Textures/PublicTextures/T_Aura_07.uasset" 3582
"C:/24CI0412MP/Content/Satou/KTP_Effect/Textures/T_fly10_3.uasset" 3583
"C:/24CI0412MP/Content/Satou/KTP_Effect/Textures/T_fly10_2.uasset" 3584
"C:/24CI0412MP/Content/Satou/KTP_Effect/Textures/T_fly10_7.uasset" 3585
"C:/24CI0412MP/Content/Satou/KTP_Effect/Textures/T_fly10_1.uasset" 3586
"C:/24CI0412MP/Content/Satou/KTP_Effect/Textures/T_fly09_7.uasset" 3587
"C:/24CI0412MP/Content/Satou/KTP_Effect/Textures/T_fly09_4.uasset" 3588
"C:/24CI0412MP/Content/Satou/KTP_Effect/Textures/T_fly09_5.uasset" 3589
"C:/24CI0412MP/Content/Satou/KTP_Effect/Textures/T_fly09_6.uasset" 3590
"C:/24CI0412MP/Content/Satou/KTP_Effect/Textures/T_fly09_9.uasset" 3591
"C:/24CI0412MP/Content/Satou/KTP_Effect/Textures/T_fly09_8.uasset" 3592
"C:/24CI0412MP/Content/Satou/KTP_Effect/Textures/T_fly09_2.uasset" 3593
"C:/24CI0412MP/Content/Satou/KTP_Effect/Textures/T_fly09_3.uasset" 3594
"C:/24CI0412MP/Content/Satou/KTP_Effect/Textures/T_fly08_8.uasset" 3595
"C:/24CI0412MP/Content/Satou/KTP_Effect/Textures/T_fly08_9.uasset" 3596
"C:/24CI0412MP/Content/Satou/KTP_Effect/Textures/T_fly08_7.uasset" 3597
"C:/24CI0412MP/Content/Satou/KTP_Effect/Textures/T_fly08_6.uasset" 3598
"C:/24CI0412MP/Content/Satou/KTP_Effect/Textures/T_fly08_4.uasset" 3599
"C:/24CI0412MP/Content/Satou/KTP_Effect/Textures/T_fly08_5.uasset" 3600
"C:/24CI0412MP/Content/Satou/KTP_Effect/Textures/T_fly09_1.uasset" 3601
"C:/24CI0412MP/Content/Satou/KTP_Effect/Textures/T_fly08_2.uasset" 3602
"C:/24CI0412MP/Content/Satou/KTP_Effect/Textures/T_fly08_1.uasset" 3603
"C:/24CI0412MP/Content/Satou/KTP_Effect/Textures/T_fly08_3.uasset" 3604
"C:/24CI0412MP/Content/Satou/KTP_Effect/Textures/T_fly07_7.uasset" 3605
"C:/24CI0412MP/Content/Satou/KTP_Effect/Textures/T_fly07_9.uasset" 3606
"C:/24CI0412MP/Content/Satou/KTP_Effect/Textures/T_fly07_8.uasset" 3607
"C:/24CI0412MP/Content/Satou/KTP_Effect/Textures/T_fly07_5.uasset" 3608
"C:/24CI0412MP/Content/Satou/KTP_Effect/Textures/T_fly07_6.uasset" 3609
"C:/24CI0412MP/Content/Satou/KTP_Effect/Textures/T_fly07_3.uasset" 3610
"C:/24CI0412MP/Content/Satou/KTP_Effect/Textures/T_fly06_8.uasset" 3611
"C:/24CI0412MP/Content/Satou/KTP_Effect/Textures/T_fly07_1.uasset" 3612
"C:/24CI0412MP/Content/Satou/KTP_Effect/Textures/T_fly07_4.uasset" 3613
"C:/24CI0412MP/Content/Satou/KTP_Effect/Textures/T_fly06_9.uasset" 3614
"C:/24CI0412MP/Content/Satou/KTP_Effect/Textures/T_fly07_2.uasset" 3615
"C:/24CI0412MP/Content/Satou/KTP_Effect/Textures/T_fly06_7.uasset" 3616
"C:/24CI0412MP/Content/Satou/KTP_Effect/Textures/T_fly06_6.uasset" 3617
"C:/24CI0412MP/Content/Satou/KTP_Effect/Textures/T_fly06_3.uasset" 3618
"C:/24CI0412MP/Content/Satou/KTP_Effect/Textures/T_fly06_4.uasset" 3619
"C:/24CI0412MP/Content/Satou/KTP_Effect/Textures/T_fly06_1.uasset" 3620
"C:/24CI0412MP/Content/Satou/KTP_Effect/Textures/T_fly06_2.uasset" 3621
"C:/24CI0412MP/Content/Satou/KTP_Effect/Textures/T_fly06_5.uasset" 3622
"C:/24CI0412MP/Content/Satou/KTP_Effect/Textures/T_fly05_9.uasset" 3623
"C:/24CI0412MP/Content/Satou/KTP_Effect/Textures/T_fly05_8.uasset" 3624
"C:/24CI0412MP/Content/Satou/KTP_Effect/Textures/T_fly05_7.uasset" 3625
"C:/24CI0412MP/Content/Satou/KTP_Effect/Textures/T_fly05_3.uasset" 3626
"C:/24CI0412MP/Content/Satou/KTP_Effect/Textures/T_fly05_5.uasset" 3627
"C:/24CI0412MP/Content/Satou/KTP_Effect/Textures/T_fly05_6.uasset" 3628
"C:/24CI0412MP/Content/Satou/KTP_Effect/Textures/T_fly05_4.uasset" 3629
"C:/24CI0412MP/Content/Satou/KTP_Effect/Textures/T_fly05_1.uasset" 3630
"C:/24CI0412MP/Content/Satou/KTP_Effect/Textures/T_fly05_2.uasset" 3631
"C:/24CI0412MP/Content/Satou/KTP_Effect/Textures/T_fly04_6.uasset" 3632
"C:/24CI0412MP/Content/Satou/KTP_Effect/Textures/T_fly04_7.uasset" 3633
"C:/24CI0412MP/Content/Satou/KTP_Effect/Textures/T_fly04_9.uasset" 3634
"C:/24CI0412MP/Content/Satou/KTP_Effect/Textures/T_fly04_8.uasset" 3635
"C:/24CI0412MP/Content/Satou/KTP_Effect/Textures/T_fly04_5.uasset" 3636
"C:/24CI0412MP/Content/Satou/KTP_Effect/Textures/T_fly03_9.uasset" 3637
"C:/24CI0412MP/Content/Satou/KTP_Effect/Textures/T_fly04_2.uasset" 3638
"C:/24CI0412MP/Content/Satou/KTP_Effect/Textures/T_fly04_4.uasset" 3639
"C:/24CI0412MP/Content/Satou/KTP_Effect/Textures/T_fly04_1.uasset" 3640
"C:/24CI0412MP/Content/Satou/KTP_Effect/Textures/T_fly04_3.uasset" 3641
"C:/24CI0412MP/Content/Satou/KTP_Effect/Textures/T_fly03_8.uasset" 3642
"C:/24CI0412MP/Content/Satou/KTP_Effect/Textures/T_fly03_7.uasset" 3643
"C:/24CI0412MP/Content/Satou/KTP_Effect/Textures/T_fly03_5.uasset" 3644
"C:/24CI0412MP/Content/Satou/KTP_Effect/Textures/T_fly03_4.uasset" 3645
"C:/24CI0412MP/Content/Satou/KTP_Effect/Textures/T_fly03_2.uasset" 3646
"C:/24CI0412MP/Content/Satou/KTP_Effect/Textures/T_fly03_3.uasset" 3647
"C:/24CI0412MP/Content/Satou/KTP_Effect/Textures/T_fly03_6.uasset" 3648
"C:/24CI0412MP/Content/Satou/KTP_Effect/Textures/T_fly03_1.uasset" 3649
"C:/24CI0412MP/Content/Satou/KTP_Effect/Textures/T_fly02_9.uasset" 3650
"C:/24CI0412MP/Content/Satou/KTP_Effect/Textures/T_fly02_8.uasset" 3651
"C:/24CI0412MP/Content/Satou/KTP_Effect/Textures/T_fly02_6.uasset" 3652
"C:/24CI0412MP/Content/Satou/KTP_Effect/Textures/T_fly02_5.uasset" 3653
"C:/24CI0412MP/Content/Satou/KTP_Effect/Textures/T_fly02_7.uasset" 3654
"C:/24CI0412MP/Content/Satou/KTP_Effect/Textures/T_fly02_4.uasset" 3655
"C:/24CI0412MP/Content/Satou/KTP_Effect/Textures/T_fly02_2.uasset" 3656
"C:/24CI0412MP/Content/Satou/KTP_Effect/Textures/T_fly02_3.uasset" 3657
"C:/24CI0412MP/Content/Satou/KTP_Effect/Textures/T_fly02_1.uasset" 3658
"C:/24CI0412MP/Content/Satou/KTP_Effect/Textures/T_fly01_7.uasset" 3659
"C:/24CI0412MP/Content/Satou/KTP_Effect/Textures/T_fly01_8.uasset" 3660
"C:/24CI0412MP/Content/Satou/KTP_Effect/Textures/T_fly01_9.uasset" 3661
"C:/24CI0412MP/Content/Satou/KTP_Effect/Textures/T_fly01_4.uasset" 3662
"C:/24CI0412MP/Content/Satou/KTP_Effect/Textures/T_fly01_5.uasset" 3663
"C:/24CI0412MP/Content/Satou/KTP_Effect/Textures/T_fly01_3.uasset" 3664
"C:/24CI0412MP/Content/Satou/KTP_Effect/Textures/T_fly01_6.uasset" 3665
"C:/24CI0412MP/Content/Satou/KTP_Effect/Textures/T_fly01_1.uasset" 3666
"C:/24CI0412MP/Content/Satou/KTP_Effect/Textures/T_fly01_2.uasset" 3667
"C:/24CI0412MP/Content/Satou/KTP_Effect/Textures/T_bottom20_8.uasset" 3668
"C:/24CI0412MP/Content/Satou/KTP_Effect/Textures/T_bottom20_5.uasset" 3669
"C:/24CI0412MP/Content/Satou/KTP_Effect/Textures/T_bottom20_6.uasset" 3670
"C:/24CI0412MP/Content/Satou/KTP_Effect/Textures/T_bottom20_7.uasset" 3671
"C:/24CI0412MP/Content/Satou/KTP_Effect/Textures/T_bottom20_4.uasset" 3672
"C:/24CI0412MP/Content/Satou/KTP_Effect/Textures/T_bottom20_3.uasset" 3673
"C:/24CI0412MP/Content/Satou/KTP_Effect/Textures/T_bottom19_8.uasset" 3674
"C:/24CI0412MP/Content/Satou/KTP_Effect/Textures/T_bottom20_2.uasset" 3675
"C:/24CI0412MP/Content/Satou/KTP_Effect/Textures/T_bottom20_1.uasset" 3676
"C:/24CI0412MP/Content/Satou/KTP_Effect/Textures/T_bottom19_6.uasset" 3677
"C:/24CI0412MP/Content/Satou/KTP_Effect/Textures/T_bottom19_4.uasset" 3678
"C:/24CI0412MP/Content/Satou/KTP_Effect/Textures/T_bottom19_7.uasset" 3679
"C:/24CI0412MP/Content/Satou/KTP_Effect/Textures/T_bottom19_5.uasset" 3680
"C:/24CI0412MP/Content/Satou/KTP_Effect/Textures/T_bottom19_3.uasset" 3681
"C:/24CI0412MP/Content/Satou/KTP_Effect/Textures/T_bottom19_1.uasset" 3682
"C:/24CI0412MP/Content/Satou/KTP_Effect/Textures/T_bottom19_2.uasset" 3683
"C:/24CI0412MP/Content/Satou/KTP_Effect/Textures/T_bottom18_8.uasset" 3684
"C:/24CI0412MP/Content/Satou/KTP_Effect/Textures/T_bottom18_6.uasset" 3685
"C:/24CI0412MP/Content/Satou/KTP_Effect/Textures/T_bottom18_7.uasset" 3686
"C:/24CI0412MP/Content/Satou/KTP_Effect/Textures/T_bottom18_5.uasset" 3687
"C:/24CI0412MP/Content/Satou/KTP_Effect/Textures/T_bottom18_4.uasset" 3688
"C:/24CI0412MP/Content/Satou/KTP_Effect/Textures/T_bottom18_1.uasset" 3689
"C:/24CI0412MP/Content/Satou/KTP_Effect/Textures/T_bottom17_8.uasset" 3690
"C:/24CI0412MP/Content/Satou/KTP_Effect/Textures/T_bottom18_3.uasset" 3691
"C:/24CI0412MP/Content/Satou/KTP_Effect/Textures/T_bottom18_2.uasset" 3692
"C:/24CI0412MP/Content/Satou/KTP_Effect/Textures/T_bottom17_6.uasset" 3693
"C:/24CI0412MP/Content/Satou/KTP_Effect/Textures/T_bottom17_7.uasset" 3694
"C:/24CI0412MP/Content/Satou/KTP_Effect/Textures/T_bottom17_5.uasset" 3695
"C:/24CI0412MP/Content/Satou/KTP_Effect/Textures/T_bottom17_1.uasset" 3696
"C:/24CI0412MP/Content/Satou/KTP_Effect/Textures/T_bottom17_3.uasset" 3697
"C:/24CI0412MP/Content/Satou/KTP_Effect/Textures/T_bottom17_4.uasset" 3698
"C:/24CI0412MP/Content/Satou/KTP_Effect/Textures/T_bottom17_2.uasset" 3699
"C:/24CI0412MP/Content/Satou/KTP_Effect/Textures/T_bottom16_8.uasset" 3700
"C:/24CI0412MP/Content/Satou/KTP_Effect/Textures/T_bottom16_7.uasset" 3701
"C:/24CI0412MP/Content/Satou/KTP_Effect/Textures/T_bottom16_6.uasset" 3702
"C:/24CI0412MP/Content/Satou/KTP_Effect/Textures/T_bottom16_5.uasset" 3703
"C:/24CI0412MP/Content/Satou/KTP_Effect/Textures/T_bottom16_4.uasset" 3704
"C:/24CI0412MP/Content/Satou/KTP_Effect/Textures/T_bottom16_3.uasset" 3705
"C:/24CI0412MP/Content/Satou/KTP_Effect/Textures/T_bottom16_2.uasset" 3706
"C:/24CI0412MP/Content/Satou/KTP_Effect/Textures/T_bottom15_7.uasset" 3707
"C:/24CI0412MP/Content/Satou/KTP_Effect/Textures/T_bottom15_8.uasset" 3708
"C:/24CI0412MP/Content/Satou/KTP_Effect/Textures/T_bottom16_1.uasset" 3709
"C:/24CI0412MP/Content/Satou/KTP_Effect/Textures/T_bottom15_6.uasset" 3710
"C:/24CI0412MP/Content/Satou/KTP_Effect/Textures/T_bottom15_5.uasset" 3711
"C:/24CI0412MP/Content/Satou/KTP_Effect/Textures/T_bottom15_4.uasset" 3712
"C:/24CI0412MP/Content/Satou/KTP_Effect/Textures/T_bottom15_3.uasset" 3713
"C:/24CI0412MP/Content/Satou/KTP_Effect/Textures/T_bottom14_8.uasset" 3714
"C:/24CI0412MP/Content/Satou/KTP_Effect/Textures/T_bottom15_1.uasset" 3715
"C:/24CI0412MP/Content/Satou/KTP_Effect/Textures/T_bottom14_6.uasset" 3716
"C:/24CI0412MP/Content/Satou/KTP_Effect/Textures/T_bottom14_7.uasset" 3717
"C:/24CI0412MP/Content/Satou/KTP_Effect/Textures/T_bottom14_5.uasset" 3718
"C:/24CI0412MP/Content/Satou/KTP_Effect/Textures/T_bottom15_2.uasset" 3719
"C:/24CI0412MP/Content/Satou/KTP_Effect/Textures/T_bottom14_4.uasset" 3720
"C:/24CI0412MP/Content/Satou/KTP_Effect/Textures/T_bottom14_2.uasset" 3721
"C:/24CI0412MP/Content/Satou/KTP_Effect/Textures/T_bottom14_3.uasset" 3722
"C:/24CI0412MP/Content/Satou/KTP_Effect/Textures/T_bottom13_8.uasset" 3723
"C:/24CI0412MP/Content/Satou/KTP_Effect/Textures/T_bottom13_6.uasset" 3724
"C:/24CI0412MP/Content/Satou/KTP_Effect/Textures/T_bottom13_7.uasset" 3725
"C:/24CI0412MP/Content/Satou/KTP_Effect/Textures/T_bottom14_1.uasset" 3726
"C:/24CI0412MP/Content/Satou/KTP_Effect/Textures/T_bottom13_5.uasset" 3727
"C:/24CI0412MP/Content/Satou/KTP_Effect/Textures/T_bottom13_3.uasset" 3728
"C:/24CI0412MP/Content/Satou/KTP_Effect/Textures/T_bottom13_4.uasset" 3729
"C:/24CI0412MP/Content/Satou/KTP_Effect/Textures/T_bottom12_8.uasset" 3730
"C:/24CI0412MP/Content/Satou/KTP_Effect/Textures/T_bottom13_1.uasset" 3731
"C:/24CI0412MP/Content/Satou/KTP_Effect/Textures/T_bottom13_2.uasset" 3732
"C:/24CI0412MP/Content/Satou/KTP_Effect/Textures/T_bottom12_7.uasset" 3733
"C:/24CI0412MP/Content/Satou/KTP_Effect/Textures/T_bottom12_5.uasset" 3734
"C:/24CI0412MP/Content/Satou/KTP_Effect/Textures/T_bottom12_6.uasset" 3735
"C:/24CI0412MP/Content/Satou/KTP_Effect/Textures/T_bottom12_4.uasset" 3736
"C:/24CI0412MP/Content/Satou/KTP_Effect/Textures/T_bottom12_3.uasset" 3737
"C:/24CI0412MP/Content/Satou/KTP_Effect/Textures/T_bottom12_2.uasset" 3738
"C:/24CI0412MP/Content/Satou/KTP_Effect/Textures/T_bottom11_5.uasset" 3739
"C:/24CI0412MP/Content/Satou/KTP_Effect/Textures/T_bottom12_1.uasset" 3740
"C:/24CI0412MP/Content/Satou/KTP_Effect/Textures/T_bottom11_8.uasset" 3741
"C:/24CI0412MP/Content/Satou/KTP_Effect/Textures/T_bottom11_7.uasset" 3742
"C:/24CI0412MP/Content/Satou/KTP_Effect/Textures/T_bottom11_6.uasset" 3743
"C:/24CI0412MP/Content/Satou/KTP_Effect/Textures/T_bottom11_3.uasset" 3744
"C:/24CI0412MP/Content/Satou/KTP_Effect/Textures/T_bottom10_8.uasset" 3745
"C:/24CI0412MP/Content/Satou/KTP_Effect/Textures/T_bottom11_1.uasset" 3746
"C:/24CI0412MP/Content/Satou/KTP_Effect/Textures/T_bottom11_2.uasset" 3747
"C:/24CI0412MP/Content/Satou/KTP_Effect/Textures/T_bottom10_7.uasset" 3748
"C:/24CI0412MP/Content/Satou/KTP_Effect/Textures/T_bottom11_4.uasset" 3749
"C:/24CI0412MP/Content/Satou/KTP_Effect/Textures/T_bottom10_6.uasset" 3750
"C:/24CI0412MP/Content/Satou/KTP_Effect/Textures/T_bottom10_5.uasset" 3751
"C:/24CI0412MP/Content/Satou/KTP_Effect/Textures/T_bottom10_3.uasset" 3752
"C:/24CI0412MP/Content/Satou/KTP_Effect/Textures/T_bottom10_2.uasset" 3753
"C:/24CI0412MP/Content/Satou/KTP_Effect/Textures/T_bottom10_1.uasset" 3754
"C:/24CI0412MP/Content/Satou/KTP_Effect/Textures/T_bottom10_4.uasset" 3755
"C:/24CI0412MP/Content/Satou/KTP_Effect/Textures/T_bottom09_8.uasset" 3756
"C:/24CI0412MP/Content/Satou/KTP_Effect/Textures/T_bottom09_5.uasset" 3757
"C:/24CI0412MP/Content/Satou/KTP_Effect/Textures/T_bottom09_7.uasset" 3758
"C:/24CI0412MP/Content/Satou/KTP_Effect/Textures/T_bottom09_6.uasset" 3759
"C:/24CI0412MP/Content/Satou/KTP_Effect/Textures/T_bottom09_4.uasset" 3760
"C:/24CI0412MP/Content/Satou/KTP_Effect/Textures/T_bottom09_3.uasset" 3761
"C:/24CI0412MP/Content/Satou/KTP_Effect/Textures/T_bottom09_2.uasset" 3762
"C:/24CI0412MP/Content/Satou/KTP_Effect/Textures/T_bottom09_1.uasset" 3763
"C:/24CI0412MP/Content/Satou/KTP_Effect/Textures/T_bottom08_8.uasset" 3764
"C:/24CI0412MP/Content/Satou/KTP_Effect/Textures/T_bottom08_6.uasset" 3765
"C:/24CI0412MP/Content/Satou/KTP_Effect/Textures/T_bottom08_7.uasset" 3766
"C:/24CI0412MP/Content/Satou/KTP_Effect/Textures/T_bottom08_4.uasset" 3767
"C:/24CI0412MP/Content/Satou/KTP_Effect/Textures/T_bottom08_3.uasset" 3768
"C:/24CI0412MP/Content/Satou/KTP_Effect/Textures/T_bottom08_5.uasset" 3769
"C:/24CI0412MP/Content/Satou/KTP_Effect/Textures/T_bottom08_2.uasset" 3770
"C:/24CI0412MP/Content/Satou/KTP_Effect/Textures/T_bottom07_8.uasset" 3771
"C:/24CI0412MP/Content/Satou/KTP_Effect/Textures/T_bottom08_1.uasset" 3772
"C:/24CI0412MP/Content/Satou/KTP_Effect/Textures/T_bottom07_7.uasset" 3773
"C:/24CI0412MP/Content/Satou/KTP_Effect/Textures/T_bottom07_6.uasset" 3774
"C:/24CI0412MP/Content/Satou/KTP_Effect/Textures/T_bottom07_4.uasset" 3775
"C:/24CI0412MP/Content/Satou/KTP_Effect/Textures/T_bottom07_5.uasset" 3776
"C:/24CI0412MP/Content/Satou/KTP_Effect/Textures/T_bottom07_3.uasset" 3777
"C:/24CI0412MP/Content/Satou/KTP_Effect/Textures/T_bottom07_2.uasset" 3778
"C:/24CI0412MP/Content/Satou/KTP_Effect/Textures/T_bottom07_1.uasset" 3779
"C:/24CI0412MP/Content/Satou/KTP_Effect/Textures/T_bottom06_6.uasset" 3780
"C:/24CI0412MP/Content/Satou/KTP_Effect/Textures/T_bottom06_5.uasset" 3781
"C:/24CI0412MP/Content/Satou/KTP_Effect/Textures/T_bottom06_7.uasset" 3782
"C:/24CI0412MP/Content/Satou/KTP_Effect/Textures/T_bottom06_4.uasset" 3783
"C:/24CI0412MP/Content/Satou/KTP_Effect/Textures/T_bottom06_8.uasset" 3784
"C:/24CI0412MP/Content/Satou/KTP_Effect/Textures/T_bottom06_3.uasset" 3785
"C:/24CI0412MP/Content/Satou/KTP_Effect/Textures/T_bottom06_1.uasset" 3786
"C:/24CI0412MP/Content/Satou/KTP_Effect/Textures/T_bottom05_8.uasset" 3787
"C:/24CI0412MP/Content/Satou/KTP_Effect/Textures/T_bottom06_2.uasset" 3788
"C:/24CI0412MP/Content/Satou/KTP_Effect/Textures/T_bottom05_7.uasset" 3789
"C:/24CI0412MP/Content/Satou/KTP_Effect/Textures/T_bottom05_6.uasset" 3790
"C:/24CI0412MP/Content/Satou/KTP_Effect/Textures/T_bottom05_4.uasset" 3791
"C:/24CI0412MP/Content/Satou/KTP_Effect/Textures/T_bottom05_5.uasset" 3792
"C:/24CI0412MP/Content/Satou/KTP_Effect/Textures/T_bottom05_3.uasset" 3793
"C:/24CI0412MP/Content/Satou/KTP_Effect/Textures/T_bottom05_1.uasset" 3794
"C:/24CI0412MP/Content/Satou/KTP_Effect/Textures/T_bottom05_2.uasset" 3795
"C:/24CI0412MP/Content/Satou/KTP_Effect/Textures/T_bottom04_8.uasset" 3796
"C:/24CI0412MP/Content/Satou/KTP_Effect/Textures/T_bottom04_7.uasset" 3797
"C:/24CI0412MP/Content/Satou/KTP_Effect/Textures/T_bottom04_4.uasset" 3798
"C:/24CI0412MP/Content/Satou/KTP_Effect/Textures/T_bottom04_3.uasset" 3799
"C:/24CI0412MP/Content/Satou/KTP_Effect/Textures/T_bottom04_5.uasset" 3800
"C:/24CI0412MP/Content/Satou/KTP_Effect/Textures/T_bottom04_6.uasset" 3801
"C:/24CI0412MP/Content/Satou/KTP_Effect/Textures/T_bottom04_1.uasset" 3802
"C:/24CI0412MP/Content/Satou/KTP_Effect/Textures/T_bottom03_6.uasset" 3803
"C:/24CI0412MP/Content/Satou/KTP_Effect/Textures/T_bottom03_7.uasset" 3804
"C:/24CI0412MP/Content/Satou/KTP_Effect/Textures/T_bottom04_2.uasset" 3805
"C:/24CI0412MP/Content/Satou/KTP_Effect/Textures/T_bottom03_8.uasset" 3806
"C:/24CI0412MP/Content/Satou/KTP_Effect/Textures/T_bottom03_5.uasset" 3807
"C:/24CI0412MP/Content/Satou/KTP_Effect/Textures/T_bottom03_4.uasset" 3808
"C:/24CI0412MP/Content/Satou/KTP_Effect/Textures/T_bottom03_1.uasset" 3809
"C:/24CI0412MP/Content/Satou/KTP_Effect/Textures/T_bottom03_2.uasset" 3810
"C:/24CI0412MP/Content/Satou/KTP_Effect/Textures/T_bottom02_8.uasset" 3811
"C:/24CI0412MP/Content/Satou/KTP_Effect/Textures/T_bottom02_7.uasset" 3812
"C:/24CI0412MP/Content/Satou/KTP_Effect/Textures/T_bottom02_6.uasset" 3813
"C:/24CI0412MP/Content/Satou/KTP_Effect/Textures/T_bottom03_3.uasset" 3814
"C:/24CI0412MP/Content/Satou/KTP_Effect/Textures/T_bottom02_4.uasset" 3815
"C:/24CI0412MP/Content/Satou/KTP_Effect/Textures/T_bottom02_3.uasset" 3816
"C:/24CI0412MP/Content/Satou/KTP_Effect/Textures/T_bottom02_2.uasset" 3817
"C:/24CI0412MP/Content/Satou/KTP_Effect/Textures/T_bottom01_8.uasset" 3818
"C:/24CI0412MP/Content/Satou/KTP_Effect/Textures/T_bottom02_1.uasset" 3819
"C:/24CI0412MP/Content/Satou/KTP_Effect/Textures/T_bottom01_7.uasset" 3820
"C:/24CI0412MP/Content/Satou/KTP_Effect/Textures/T_bottom01_6.uasset" 3821
"C:/24CI0412MP/Content/Satou/KTP_Effect/Textures/T_bottom01_4.uasset" 3822
"C:/24CI0412MP/Content/Satou/KTP_Effect/Textures/T_bottom01_5.uasset" 3823
"C:/24CI0412MP/Content/Satou/KTP_Effect/Textures/T_bottom01_1.uasset" 3824
"C:/24CI0412MP/Content/Satou/KTP_Effect/Mesh/SM_FX_wave.uasset" 3825
"C:/24CI0412MP/Content/Satou/KTP_Effect/Textures/T_bottom01_2.uasset" 3826
"C:/24CI0412MP/Content/Satou/KTP_Effect/Textures/T_bottom01_3.uasset" 3827
"C:/24CI0412MP/Content/Satou/KTP_Effect/Mesh/SM_FX_enegy.uasset" 3828
"C:/24CI0412MP/Content/Satou/KTP_Effect/Mesh/SM_FX_polygon.uasset" 3829
"C:/24CI0412MP/Content/Satou/KTP_Effect/Mesh/SM_FX_shape12.uasset" 3830
"C:/24CI0412MP/Content/Satou/KTP_Effect/Mesh/SM_FX_shape15.uasset" 3831
"C:/24CI0412MP/Content/Satou/KTP_Effect/Mesh/SM_FX_plane_shape.uasset" 3832
"C:/24CI0412MP/Content/Satou/KTP_Effect/Mesh/SM_FX_ring.uasset" 3833
"C:/24CI0412MP/Content/Satou/Blueprints/BP_WayTest.uasset" 3834
"C:/24CI0412MP/Content/Satou/Blueprints/BP_WayRoad.uasset" 3835
"C:/24CI0412MP/Content/Satou/satou01_HLOD0_Instancing.uasset" 3836
"C:/24CI0412MP/Content/Satou/KTP_Effect/Mesh/SM_FX_Botton20.uasset" 3837
"C:/24CI0412MP/Content/Satou/KTP_Effect/Mesh/SM_Fx_CylinderWindLine004_13.uasset" 3838
"C:/24CI0412MP/Content/Satou/KTP_Effect/Mesh/SM_FX_cylinder_twwist.uasset" 3839
"C:/24CI0412MP/Content/Satou/KTP_Effect/Mesh/SM_FX_cylinder_fire.uasset" 3840
"C:/24CI0412MP/Content/Satou/KTP_Effect/Mesh/M_Plane.uasset" 3841
"C:/24CI0412MP/Content/Oonishi/Material/M_FlowerPetal.uasset" 3842
"C:/24CI0412MP/Content/Morimoto/BPC_Result.uasset" 3843
"C:/24CI0412MP/Content/Oonishi/Fab/figs/source/lambert1.uasset" 3844
"C:/24CI0412MP/Content/Morimoto/Font/Pomeranian-Regular.uasset" 3845
"C:/24CI0412MP/Content/Mediterranean_Coast/World_Settings/Sharedassets/GroundLayer_LayerInfo.uasset" 3846
"C:/24CI0412MP/Content/Mediterranean_Coast/World_Settings/Sharedassets/SandLayer_LayerInfo.uasset" 3847
"C:/24CI0412MP/Content/Mediterranean_Coast/World_Settings/Sharedassets/ForestSpawner_LayerInfo.uasset" 3848
"C:/24CI0412MP/Content/Mediterranean_Coast/World_Settings/Sharedassets/GrassLayer_LayerInfo.uasset" 3849
"C:/24CI0412MP/Content/Mediterranean_Coast/World_Settings/Sharedassets/ForestLayer_LayerInfo.uasset" 3850
"C:/24CI0412MP/Content/Mediterranean_Coast/World_Settings/MPC_GlobalWind.uasset" 3851
"C:/24CI0412MP/Content/Satou/KTP_Effect/Materials/PublicMaterials/M_FX_scifi.uasset" 3852
"C:/24CI0412MP/Content/Mediterranean_Coast/Textures/Tree_Billboards/PineTree/T_PinusBrutia_07_Bill_N.uasset" 3853
"C:/24CI0412MP/Content/Mediterranean_Coast/Textures/Tree_Billboards/PineTree/T_PinusBrutia_07_Bill_Bc.uasset" 3854
"C:/24CI0412MP/Content/Mediterranean_Coast/Textures/Tree_Billboards/PineTree/T_PinusBrutia_05_Bill_SSS.uasset" 3855
"C:/24CI0412MP/Content/Mediterranean_Coast/Textures/Tree_Billboards/PineTree/T_PinusBrutia_06_Bill_N.uasset" 3856
"C:/24CI0412MP/Content/Mediterranean_Coast/Textures/Tree_Billboards/PineTree/T_PinusBrutia_04_Bill_N.uasset" 3857
"C:/24CI0412MP/Content/Mediterranean_Coast/Textures/Tree_Billboards/PineTree/T_PinusBrutia_04_Bill_SSS.uasset" 3858
"C:/24CI0412MP/Content/Mediterranean_Coast/Textures/Tree_Billboards/PineTree/T_PinusBrutia_05_Bill_Bc.uasset" 3859
"C:/24CI0412MP/Content/Mediterranean_Coast/Textures/Tree_Billboards/PineTree/T_PinusBrutia_04_Bill_Bc.uasset" 3860
"C:/24CI0412MP/Content/Mediterranean_Coast/Textures/Tree_Billboards/PineTree/T_PinusBrutia_03_Bill_SSS.uasset" 3861
"C:/24CI0412MP/Content/Mediterranean_Coast/Textures/Tree_Billboards/PineTree/T_PinusBrutia_06_Bill_Bc.uasset" 3862
"C:/24CI0412MP/Content/Mediterranean_Coast/Textures/Tree_Billboards/PineTree/T_PinusBrutia_02_Bill_N.uasset" 3863
"C:/24CI0412MP/Content/Mediterranean_Coast/Textures/Tree_Billboards/PineTree/T_PinusBrutia_03_Bill_N.uasset" 3864
"C:/24CI0412MP/Content/Mediterranean_Coast/Textures/Tree_Billboards/PineTree/T_PinusBrutia_02_Bill_SSS.uasset" 3865
"C:/24CI0412MP/Content/Mediterranean_Coast/Textures/Tree_Billboards/PineTree/T_PinusBrutia_03_Bill_Bc.uasset" 3866
"C:/24CI0412MP/Content/Mediterranean_Coast/Textures/Tree_Billboards/PineTree/T_PinusBrutia_02_Bill_Bc.uasset" 3867
"C:/24CI0412MP/Content/Mediterranean_Coast/Textures/Tree_Billboards/PineTree/T_PinusBrutia_05_Bill_N.uasset" 3868
"C:/24CI0412MP/Content/Mediterranean_Coast/Textures/Tree_Billboards/PineTree/T_PinusBrutia_00_Bill_SSS.uasset" 3869
"C:/24CI0412MP/Content/Mediterranean_Coast/Textures/Tree_Billboards/PineTree/T_PinusBrutia_01_Bill_Bc.uasset" 3870
"C:/24CI0412MP/Content/Mediterranean_Coast/Textures/Tree_Billboards/PineTree/T_PinusBrutia_01_Bill_N.uasset" 3871
"C:/24CI0412MP/Content/Mediterranean_Coast/Textures/Tree_Billboards/PineTree/T_PinusBrutia_00_Bill_N.uasset" 3872
"C:/24CI0412MP/Content/Mediterranean_Coast/Textures/Tree_Billboards/PineTree/T_PinusBrutia_00_Bill_Bc.uasset" 3873
"C:/24CI0412MP/Content/Mediterranean_Coast/Textures/Tree_Billboards/PineTree/T_PinusBrutia_01_Bill_SSS.uasset" 3874
"C:/24CI0412MP/Content/Mediterranean_Coast/Textures/Tree_Billboards/OliveTree/T_Olive_03_Bill_N.uasset" 3875
"C:/24CI0412MP/Content/Mediterranean_Coast/Textures/Tree_Billboards/OliveTree/T_Olive_03_Bill_Bc.uasset" 3876
"C:/24CI0412MP/Content/Mediterranean_Coast/Textures/Tree_Billboards/OliveTree/T_Olive_04_Bill_Bc.uasset" 3877
"C:/24CI0412MP/Content/Mediterranean_Coast/Textures/Tree_Billboards/OliveTree/T_Olive_02_Bill_N.uasset" 3878
"C:/24CI0412MP/Content/Mediterranean_Coast/Textures/Tree_Billboards/OliveTree/T_Olive_04_Bill_N.uasset" 3879
"C:/24CI0412MP/Content/Mediterranean_Coast/Textures/Tree_Billboards/OliveTree/T_Olive_02_Bill_Bc.uasset" 3880
"C:/24CI0412MP/Content/Mediterranean_Coast/Textures/Landscape_Textures/T_Sand_Normal.uasset" 3881
"C:/24CI0412MP/Content/Mediterranean_Coast/Textures/Tree_Billboards/OliveTree/T_Olive_01_Bill_Bc.uasset" 3882
"C:/24CI0412MP/Content/Mediterranean_Coast/Textures/Tree_Billboards/OliveTree/T_Olive_01_Bill_N.uasset" 3883
"C:/24CI0412MP/Content/Mediterranean_Coast/Textures/Landscape_Textures/T_Sand_Mask.uasset" 3884
"C:/24CI0412MP/Content/Mediterranean_Coast/Textures/Landscape_Textures/T_Sand_Basecolor.uasset" 3885
"C:/24CI0412MP/Content/Mediterranean_Coast/Textures/Landscape_Textures/T_Ground_Mask.uasset" 3886
"C:/24CI0412MP/Content/Mediterranean_Coast/Textures/Landscape_Textures/T_Ground_Normal.uasset" 3887
"C:/24CI0412MP/Content/Mediterranean_Coast/Textures/Landscape_Textures/T_Gravel_ORM.uasset" 3888
"C:/24CI0412MP/Content/Mediterranean_Coast/Textures/Landscape_Textures/T_Ground_Basecolor.uasset" 3889
"C:/24CI0412MP/Content/Mediterranean_Coast/Textures/Landscape_Textures/T_Gravel_N.uasset" 3890
"C:/24CI0412MP/Content/Mediterranean_Coast/Textures/Landscape_Textures/T_Grass_Normal.uasset" 3891
"C:/24CI0412MP/Content/Mediterranean_Coast/Textures/Landscape_Textures/T_Gravel_Bc.uasset" 3892
"C:/24CI0412MP/Content/Mediterranean_Coast/Textures/Landscape_Textures/T_Grass_Mask.uasset" 3893
"C:/24CI0412MP/Content/Mediterranean_Coast/Textures/Landscape_Textures/T_Grass_Basecolor.uasset" 3894
"C:/24CI0412MP/Content/Mediterranean_Coast/Textures/Landscape_Textures/T_Forest_Normal.uasset" 3895
"C:/24CI0412MP/Content/Mediterranean_Coast/Textures/Landscape_Textures/T_Forest_Mask.uasset" 3896
"C:/24CI0412MP/Content/Mediterranean_Coast/Textures/Landscape_Textures/T_Forest_B_Normal.uasset" 3897
"C:/24CI0412MP/Content/Mediterranean_Coast/Textures/Landscape_Textures/T_Forest_B_Mask.uasset" 3898
"C:/24CI0412MP/Content/Mediterranean_Coast/Textures/Landscape_Textures/T_Forest_B_Basecolor.uasset" 3899
"C:/24CI0412MP/Content/Mediterranean_Coast/Textures/Landscape_Textures/T_Forest_Basecolor.uasset" 3900
"C:/24CI0412MP/Content/Mediterranean_Coast/Textures/Landscape_Textures/T_Cliff_N.uasset" 3901
"C:/24CI0412MP/Content/Mediterranean_Coast/Textures/Landscape_Textures/T_Cliff_BC.uasset" 3902
"C:/24CI0412MP/Content/Mediterranean_Coast/Textures/VT_Islandcube.uasset" 3903
"C:/24CI0412MP/Content/Mediterranean_Coast/Textures/T_WindNoise.uasset" 3904
"C:/24CI0412MP/Content/Mediterranean_Coast/Textures/T_Vines_ORMSS.uasset" 3905
"C:/24CI0412MP/Content/Mediterranean_Coast/Textures/T_Vines_Opacity.uasset" 3906
"C:/24CI0412MP/Content/Mediterranean_Coast/Textures/Landscape_Textures/T_Cliff_Mask.uasset" 3907
"C:/24CI0412MP/Content/Mediterranean_Coast/Textures/T_Vines_Normal.uasset" 3908
"C:/24CI0412MP/Content/Mediterranean_Coast/Textures/T_Vegatation_Alpha_02.uasset" 3909
"C:/24CI0412MP/Content/Mediterranean_Coast/Textures/T_Vines_Basecolor.uasset" 3910
"C:/24CI0412MP/Content/Mediterranean_Coast/Textures/T_Vegatation_Alpha_01.uasset" 3911
"C:/24CI0412MP/Content/Mediterranean_Coast/Textures/T_SeaFoam.uasset" 3912
"C:/24CI0412MP/Content/Mediterranean_Coast/Textures/T_Sea_Normal.uasset" 3913
"C:/24CI0412MP/Content/Mediterranean_Coast/Textures/T_SeaVariation_Alpha.uasset" 3914
"C:/24CI0412MP/Content/Mediterranean_Coast/Textures/T_Rock_C_ORM.uasset" 3915
"C:/24CI0412MP/Content/Mediterranean_Coast/Textures/T_Rock_C_Normal.uasset" 3916
"C:/24CI0412MP/Content/Mediterranean_Coast/Textures/T_Rock_C_BaseColor.uasset" 3917
"C:/24CI0412MP/Content/Mediterranean_Coast/Textures/T_Rock_B_Normal.uasset" 3918
"C:/24CI0412MP/Content/Mediterranean_Coast/Textures/T_Rock_B_ORM.uasset" 3919
"C:/24CI0412MP/Content/Mediterranean_Coast/Textures/T_Rock_A_ORM.uasset" 3920
"C:/24CI0412MP/Content/Mediterranean_Coast/Textures/T_Rock_A_Normal.uasset" 3921
"C:/24CI0412MP/Content/Mediterranean_Coast/Textures/T_Rock_B_BaseColor.uasset" 3922
"C:/24CI0412MP/Content/Mediterranean_Coast/Textures/T_Rock_A_BaseColor.uasset" 3923
"C:/24CI0412MP/Content/Mediterranean_Coast/Textures/T_RockDebris_ORM.uasset" 3924
"C:/24CI0412MP/Content/Mediterranean_Coast/Textures/T_RockDebris_Normal.uasset" 3925
"C:/24CI0412MP/Content/Mediterranean_Coast/Textures/T_RockDebris_Basecolor.uasset" 3926
"C:/24CI0412MP/Content/Mediterranean_Coast/Textures/T_Road_ORM.uasset" 3927
"C:/24CI0412MP/Content/Mediterranean_Coast/Textures/T_Road_Normal.uasset" 3928
"C:/24CI0412MP/Content/Mediterranean_Coast/Textures/T_PinusBrutia_Props_ORMSS.uasset" 3929
"C:/24CI0412MP/Content/Mediterranean_Coast/Textures/T_Road_Basecolor.uasset" 3930
"C:/24CI0412MP/Content/Mediterranean_Coast/Textures/T_PinusBrutia_Props_Normal.uasset" 3931
"C:/24CI0412MP/Content/Mediterranean_Coast/Textures/T_PinusBrutia_Props_Opacity.uasset" 3932
"C:/24CI0412MP/Content/Mediterranean_Coast/Textures/T_PinusBrutia_Props_Basecolor.uasset" 3933
"C:/24CI0412MP/Content/Mediterranean_Coast/Textures/T_PinusBrutia_Leafs_Opacity.uasset" 3934
"C:/24CI0412MP/Content/Mediterranean_Coast/Textures/T_PinusBrutia_Leafs_ORMSS.uasset" 3935
"C:/24CI0412MP/Content/Mediterranean_Coast/Textures/T_PinusBrutia_Leafs_Normal.uasset" 3936
"C:/24CI0412MP/Content/Mediterranean_Coast/Textures/T_PinusBrutia_Bark_ORM.uasset" 3937
"C:/24CI0412MP/Content/Mediterranean_Coast/Textures/T_PinusBrutia_Leafs_Basecolor.uasset" 3938
"C:/24CI0412MP/Content/Mediterranean_Coast/Textures/T_PinusBrutia_Bark_Normal.uasset" 3939
"C:/24CI0412MP/Content/Mediterranean_Coast/Textures/T_OliveLeaf_02_N.uasset" 3940
"C:/24CI0412MP/Content/Mediterranean_Coast/Textures/T_OliveLeaf_02_ORMSS.uasset" 3941
"C:/24CI0412MP/Content/Mediterranean_Coast/Textures/T_PinusBrutia_Bark_Basecolor.uasset" 3942
"C:/24CI0412MP/Content/Mediterranean_Coast/Textures/T_OliveLeaf_02_Opacity.uasset" 3943
"C:/24CI0412MP/Content/Mediterranean_Coast/Textures/T_OliveLeaf_02_BC.uasset" 3944
"C:/24CI0412MP/Content/Mediterranean_Coast/Textures/T_OliveLeaf_01_Opacity.uasset" 3945
"C:/24CI0412MP/Content/Mediterranean_Coast/Textures/T_OliveLeaf_01_ORMSS.uasset" 3946
"C:/24CI0412MP/Content/Mediterranean_Coast/Textures/T_Moss_ORM.uasset" 3947
"C:/24CI0412MP/Content/Mediterranean_Coast/Textures/T_OliveLeaf_01_N.uasset" 3948
"C:/24CI0412MP/Content/Mediterranean_Coast/Textures/T_OliveLeaf_01_BC.uasset" 3949
"C:/24CI0412MP/Content/Mediterranean_Coast/Textures/T_Moss_Basecolor.uasset" 3950
"C:/24CI0412MP/Content/Mediterranean_Coast/Textures/T_Moss_Normal.uasset" 3951
"C:/24CI0412MP/Content/Mediterranean_Coast/Textures/T_GroundDebris_ORM.uasset" 3952
"C:/24CI0412MP/Content/Mediterranean_Coast/Textures/T_GroundDebris_Mask.uasset" 3953
"C:/24CI0412MP/Content/Mediterranean_Coast/Textures/T_GroundDebris_Bc.uasset" 3954
"C:/24CI0412MP/Content/Mediterranean_Coast/Textures/T_MacroVariation.uasset" 3955
"C:/24CI0412MP/Content/Mediterranean_Coast/Textures/T_GroundDebris_N.uasset" 3956
"C:/24CI0412MP/Content/Mediterranean_Coast/Textures/T_Dummy_ORM.uasset" 3957
"C:/24CI0412MP/Content/Mediterranean_Coast/Textures/T_Dummy_O.uasset" 3958
"C:/24CI0412MP/Content/Mediterranean_Coast/Textures/T_Dummy_Mask.uasset" 3959
"C:/24CI0412MP/Content/Mediterranean_Coast/Textures/T_Dummy_N.uasset" 3960
"C:/24CI0412MP/Content/Mediterranean_Coast/Textures/T_Dummy_Bc.uasset" 3961
"C:/24CI0412MP/Content/Mediterranean_Coast/Textures/T_Cliff_D_BaseColor.uasset" 3962
"C:/24CI0412MP/Content/Mediterranean_Coast/Textures/T_Cliff_C_ORM.uasset" 3963
"C:/24CI0412MP/Content/Mediterranean_Coast/Textures/T_Cliff_C_Normal.uasset" 3964
"C:/24CI0412MP/Content/Mediterranean_Coast/Textures/T_Cliff_D_ORM.uasset" 3965
"C:/24CI0412MP/Content/Mediterranean_Coast/Textures/T_Cliff_C_BaseColor.uasset" 3966
"C:/24CI0412MP/Content/Mediterranean_Coast/Textures/T_Cliff_D_Normal.uasset" 3967
"C:/24CI0412MP/Content/Mediterranean_Coast/Textures/T_ColorVariations_A.uasset" 3968
"C:/24CI0412MP/Content/Mediterranean_Coast/Textures/T_Cliff_B_BaseColor.uasset" 3969
"C:/24CI0412MP/Content/Mediterranean_Coast/Textures/T_Cliff_B_ORM.uasset" 3970
"C:/24CI0412MP/Content/Mediterranean_Coast/Textures/T_Cliff_B_Normal.uasset" 3971
"C:/24CI0412MP/Content/Mediterranean_Coast/Textures/T_Cliff_A_ORM.uasset" 3972
"C:/24CI0412MP/Content/Mediterranean_Coast/Textures/T_Cliff_A_Normal.uasset" 3973
"C:/24CI0412MP/Content/Mediterranean_Coast/Textures/T_Cap_Color.uasset" 3974
"C:/24CI0412MP/Content/Mediterranean_Coast/Textures/T_Cliff_A_BaseColor.uasset" 3975
"C:/24CI0412MP/Content/Mediterranean_Coast/Textures/T_Bridge_ORM.uasset" 3976
"C:/24CI0412MP/Content/Mediterranean_Coast/Textures/T_Bridge_Normal.uasset" 3977
"C:/24CI0412MP/Content/Mediterranean_Coast/Textures/T_BigCliff_D_ORM.uasset" 3978
"C:/24CI0412MP/Content/Mediterranean_Coast/Textures/T_BigCliff_D_Basecolor.uasset" 3979
"C:/24CI0412MP/Content/Mediterranean_Coast/Textures/T_Bridge_Basecolor.uasset" 3980
"C:/24CI0412MP/Content/Mediterranean_Coast/Textures/T_BigCliff_B_ORM.uasset" 3981
"C:/24CI0412MP/Content/Mediterranean_Coast/Textures/T_BigCliff_D_Normal.uasset" 3982
"C:/24CI0412MP/Content/Mediterranean_Coast/Textures/T_BigCliff_A_Basecolor.uasset" 3983
"C:/24CI0412MP/Content/Mediterranean_Coast/Textures/T_BigCliff_B_Basecolor.uasset" 3984
"C:/24CI0412MP/Content/Mediterranean_Coast/Textures/T_BigCliff_A_Normal.uasset" 3985
"C:/24CI0412MP/Content/Mediterranean_Coast/Textures/T_Bark_02_ORM.uasset" 3986
"C:/24CI0412MP/Content/Mediterranean_Coast/Textures/T_BigCliff_A_ORM.uasset" 3987
"C:/24CI0412MP/Content/Mediterranean_Coast/Textures/T_BigCliff_B_Normal.uasset" 3988
"C:/24CI0412MP/Content/Mediterranean_Coast/Textures/T_Bark_02_BC.uasset" 3989
"C:/24CI0412MP/Content/Mediterranean_Coast/Textures/T_Bark_01_ORM.uasset" 3990
"C:/24CI0412MP/Content/Mediterranean_Coast/Textures/T_Bark_02_Opacity.uasset" 3991
"C:/24CI0412MP/Content/Mediterranean_Coast/Textures/T_Bark_02_N.uasset" 3992
"C:/24CI0412MP/Content/Mediterranean_Coast/Textures/T_Bark_01_N.uasset" 3993
"C:/24CI0412MP/Content/Mediterranean_Coast/Textures/T_Background_B_Normal.uasset" 3994
"C:/24CI0412MP/Content/Mediterranean_Coast/Textures/T_Bark_01_BC.uasset" 3995
"C:/24CI0412MP/Content/Mediterranean_Coast/Textures/T_Background_A_Normal.uasset" 3996
"C:/24CI0412MP/Content/Mediterranean_Coast/Textures/T_Background_A_Basecolor.uasset" 3997
"C:/24CI0412MP/Content/Mediterranean_Coast/Textures/T_Background_B_Basecolor.uasset" 3998
"C:/24CI0412MP/Content/Mediterranean_Coast/Textures/T_Atlas_D_Opacity.uasset" 3999
"C:/24CI0412MP/Content/Mediterranean_Coast/Textures/T_Atlas_C_N.uasset" 4000
"C:/24CI0412MP/Content/Mediterranean_Coast/Textures/T_Atlas_D_RAOSS.uasset" 4001
"C:/24CI0412MP/Content/Mediterranean_Coast/Textures/T_Atlas_C_Opacity.uasset" 4002
"C:/24CI0412MP/Content/Mediterranean_Coast/Textures/T_Atlas_D_Basecolor.uasset" 4003
"C:/24CI0412MP/Content/Mediterranean_Coast/Textures/T_Atlas_D_Normal.uasset" 4004
"C:/24CI0412MP/Content/Mediterranean_Coast/Textures/T_Atlas_C_ORMSS.uasset" 4005
"C:/24CI0412MP/Content/Mediterranean_Coast/Textures/T_Atlas_C_Bc.uasset" 4006
"C:/24CI0412MP/Content/Mediterranean_Coast/Textures/T_Atlas_B_N.uasset" 4007
"C:/24CI0412MP/Content/Mediterranean_Coast/Textures/T_Atlas_B_Opacity.uasset" 4008
"C:/24CI0412MP/Content/Mediterranean_Coast/Textures/T_Atlas_B_Mask.uasset" 4009
"C:/24CI0412MP/Content/Mediterranean_Coast/Textures/T_Atlas_B_ORMSS.uasset" 4010
"C:/24CI0412MP/Content/Mediterranean_Coast/Textures/T_Atlas_B_BC.uasset" 4011
"C:/24CI0412MP/Content/Mediterranean_Coast/Textures/T_ATLAS_A_ORMSS.uasset" 4012
"C:/24CI0412MP/Content/Mediterranean_Coast/Textures/T_Atlas_A_N.uasset" 4013
"C:/24CI0412MP/Content/Mediterranean_Coast/Textures/T_Atlas_A_BC.uasset" 4014
"C:/24CI0412MP/Content/LevelPrototyping/Textures/T_GridChecker_A.uasset" 4015
"C:/24CI0412MP/Content/LevelPrototyping/Materials/M_Solid.uasset" 4016
"C:/24CI0412MP/Content/Mediterranean_Coast/Materials/Material_Functions/MF_Modifier.uasset" 4017
"C:/24CI0412MP/Content/Mediterranean_Coast/Textures/T_Atlas_A_Opacity.uasset" 4018
"C:/24CI0412MP/Content/Mediterranean_Coast/Materials/Material_Functions/MF_ColorCoord.uasset" 4019
"C:/24CI0412MP/Content/Mediterranean_Coast/Materials/Material_Functions/MF_Meter.uasset" 4020
"C:/24CI0412MP/Content/KTP_Effect/Textures/PublicTextures/T_Star_02.uasset" 4021
"C:/24CI0412MP/Content/KTP_Effect/Textures/PublicTextures/T_Star_01.uasset" 4022
"C:/24CI0412MP/Content/KTP_Effect/Textures/PublicTextures/T_Tech_01.uasset" 4023
"C:/24CI0412MP/Content/KTP_Effect/Textures/PublicTextures/T_ShockRing.uasset" 4024
"C:/24CI0412MP/Content/KTP_Effect/Textures/PublicTextures/T_Ring.uasset" 4025
"C:/24CI0412MP/Content/KTP_Effect/Textures/PublicTextures/T_Shock.uasset" 4026
"C:/24CI0412MP/Content/Mediterranean_Coast/Textures/T_ATLAS_A_Mask.uasset" 4027
"C:/24CI0412MP/Content/KTP_Effect/Textures/PublicTextures/T_Partech.uasset" 4028
"C:/24CI0412MP/Content/KTP_Effect/Textures/PublicTextures/T_Mask.uasset" 4029
"C:/24CI0412MP/Content/KTP_Effect/Textures/PublicTextures/T_Lighting.uasset" 4030
"C:/24CI0412MP/Content/KTP_Effect/Textures/PublicTextures/T_Noise.uasset" 4031
"C:/24CI0412MP/Content/KTP_Effect/Textures/PublicTextures/T_Half_Light.uasset" 4032
"C:/24CI0412MP/Content/KTP_Effect/Textures/PublicTextures/T_Aura_05.uasset" 4033
"C:/24CI0412MP/Content/KTP_Effect/Textures/PublicTextures/T_Aura_06.uasset" 4034
"C:/24CI0412MP/Content/KTP_Effect/Textures/PublicTextures/T_Butterfly.uasset" 4035
"C:/24CI0412MP/Content/KTP_Effect/Textures/PublicTextures/T_Ball.uasset" 4036
"C:/24CI0412MP/Content/KTP_Effect/Textures/PublicTextures/T_Aura_04.uasset" 4037
"C:/24CI0412MP/Content/KTP_Effect/Textures/PublicTextures/T_Aura_02.uasset" 4038
"C:/24CI0412MP/Content/KTP_Effect/Textures/PublicTextures/T_Arrow_02.uasset" 4039
"C:/24CI0412MP/Content/KTP_Effect/Textures/PublicTextures/T_Arrow_03.uasset" 4040
"C:/24CI0412MP/Content/KTP_Effect/Textures/T_fly10_9.uasset" 4041
"C:/24CI0412MP/Content/KTP_Effect/Textures/T_fly10_8.uasset" 4042
"C:/24CI0412MP/Content/KTP_Effect/Textures/T_fly10_5.uasset" 4043
"C:/24CI0412MP/Content/KTP_Effect/Textures/T_fly10_2.uasset" 4044
"C:/24CI0412MP/Content/KTP_Effect/Textures/T_fly10_3.uasset" 4045
"C:/24CI0412MP/Content/KTP_Effect/Textures/PublicTextures/T_Arrow_01.uasset" 4046
"C:/24CI0412MP/Content/KTP_Effect/Textures/T_fly10_7.uasset" 4047
"C:/24CI0412MP/Content/KTP_Effect/Textures/T_fly10_4.uasset" 4048
"C:/24CI0412MP/Content/KTP_Effect/Textures/T_fly09_6.uasset" 4049
"C:/24CI0412MP/Content/KTP_Effect/Textures/T_fly10_6.uasset" 4050
"C:/24CI0412MP/Content/KTP_Effect/Textures/T_fly09_9.uasset" 4051
"C:/24CI0412MP/Content/KTP_Effect/Textures/T_fly10_1.uasset" 4052
"C:/24CI0412MP/Content/KTP_Effect/Textures/T_fly09_8.uasset" 4053
"C:/24CI0412MP/Content/KTP_Effect/Textures/T_fly09_7.uasset" 4054
"C:/24CI0412MP/Content/KTP_Effect/Textures/T_fly09_5.uasset" 4055
"C:/24CI0412MP/Content/KTP_Effect/Textures/T_fly09_2.uasset" 4056
"C:/24CI0412MP/Content/KTP_Effect/Textures/T_fly09_3.uasset" 4057
"C:/24CI0412MP/Content/KTP_Effect/Textures/T_fly08_9.uasset" 4058
"C:/24CI0412MP/Content/KTP_Effect/Textures/T_fly09_1.uasset" 4059
"C:/24CI0412MP/Content/KTP_Effect/Textures/T_fly08_8.uasset" 4060
"C:/24CI0412MP/Content/KTP_Effect/Textures/T_fly09_4.uasset" 4061
"C:/24CI0412MP/Content/KTP_Effect/Textures/T_fly08_7.uasset" 4062
"C:/24CI0412MP/Content/KTP_Effect/Textures/T_fly08_6.uasset" 4063
"C:/24CI0412MP/Content/KTP_Effect/Textures/T_fly08_5.uasset" 4064
"C:/24CI0412MP/Content/KTP_Effect/Textures/T_fly08_4.uasset" 4065
"C:/24CI0412MP/Content/KTP_Effect/Textures/T_fly08_3.uasset" 4066
"C:/24CI0412MP/Content/KTP_Effect/Textures/T_fly08_2.uasset" 4067
"C:/24CI0412MP/Content/KTP_Effect/Textures/T_fly07_8.uasset" 4068
"C:/24CI0412MP/Content/KTP_Effect/Textures/T_fly07_7.uasset" 4069
"C:/24CI0412MP/Content/KTP_Effect/Textures/T_fly08_1.uasset" 4070
"C:/24CI0412MP/Content/KTP_Effect/Textures/T_fly07_9.uasset" 4071
"C:/24CI0412MP/Content/KTP_Effect/Textures/T_fly07_4.uasset" 4072
"C:/24CI0412MP/Content/KTP_Effect/Textures/T_fly07_3.uasset" 4073
"C:/24CI0412MP/Content/KTP_Effect/Textures/T_fly07_6.uasset" 4074
"C:/24CI0412MP/Content/KTP_Effect/Textures/T_fly07_5.uasset" 4075
"C:/24CI0412MP/Content/KTP_Effect/Textures/T_fly07_2.uasset" 4076
"C:/24CI0412MP/Content/KTP_Effect/Textures/T_fly07_1.uasset" 4077
"C:/24CI0412MP/Content/KTP_Effect/Textures/T_fly06_7.uasset" 4078
"C:/24CI0412MP/Content/KTP_Effect/Textures/T_fly06_9.uasset" 4079
"C:/24CI0412MP/Content/KTP_Effect/Textures/T_fly06_8.uasset" 4080
"C:/24CI0412MP/Content/KTP_Effect/Textures/T_fly06_6.uasset" 4081
"C:/24CI0412MP/Content/KTP_Effect/Textures/T_fly06_4.uasset" 4082
"C:/24CI0412MP/Content/KTP_Effect/Textures/T_fly06_3.uasset" 4083
"C:/24CI0412MP/Content/KTP_Effect/Textures/T_fly06_5.uasset" 4084
"C:/24CI0412MP/Content/KTP_Effect/Textures/T_fly06_2.uasset" 4085
"C:/24CI0412MP/Content/KTP_Effect/Textures/T_fly05_7.uasset" 4086
"C:/24CI0412MP/Content/KTP_Effect/Textures/T_fly05_8.uasset" 4087
"C:/24CI0412MP/Content/KTP_Effect/Textures/T_fly05_9.uasset" 4088
"C:/24CI0412MP/Content/KTP_Effect/Textures/T_fly06_1.uasset" 4089
"C:/24CI0412MP/Content/KTP_Effect/Textures/T_fly05_6.uasset" 4090
"C:/24CI0412MP/Content/KTP_Effect/Textures/T_fly05_3.uasset" 4091
"C:/24CI0412MP/Content/KTP_Effect/Textures/T_fly05_2.uasset" 4092
"C:/24CI0412MP/Content/KTP_Effect/Textures/T_fly05_4.uasset" 4093
"C:/24CI0412MP/Content/KTP_Effect/Textures/T_fly05_5.uasset" 4094
"C:/24CI0412MP/Content/KTP_Effect/Textures/T_fly05_1.uasset" 4095
"C:/24CI0412MP/Content/KTP_Effect/Textures/T_fly04_9.uasset" 4096
"C:/24CI0412MP/Content/KTP_Effect/Textures/T_fly04_5.uasset" 4097
"C:/24CI0412MP/Content/KTP_Effect/Textures/T_fly04_4.uasset" 4098
"C:/24CI0412MP/Content/KTP_Effect/Textures/T_fly04_7.uasset" 4099
"C:/24CI0412MP/Content/KTP_Effect/Textures/T_fly04_8.uasset" 4100
"C:/24CI0412MP/Content/KTP_Effect/Textures/T_fly04_6.uasset" 4101
"C:/24CI0412MP/Content/KTP_Effect/Textures/T_fly04_3.uasset" 4102
"C:/24CI0412MP/Content/KTP_Effect/Textures/T_fly03_7.uasset" 4103
"C:/24CI0412MP/Content/KTP_Effect/Textures/T_fly04_2.uasset" 4104
"C:/24CI0412MP/Content/KTP_Effect/Textures/T_fly04_1.uasset" 4105
"C:/24CI0412MP/Content/KTP_Effect/Textures/T_fly03_9.uasset" 4106
"C:/24CI0412MP/Content/KTP_Effect/Textures/T_fly03_6.uasset" 4107
"C:/24CI0412MP/Content/KTP_Effect/Textures/T_fly03_5.uasset" 4108
"C:/24CI0412MP/Content/KTP_Effect/Textures/T_fly02_9.uasset" 4109
"C:/24CI0412MP/Content/KTP_Effect/Textures/T_fly03_1.uasset" 4110
"C:/24CI0412MP/Content/KTP_Effect/Textures/T_fly03_4.uasset" 4111
"C:/24CI0412MP/Content/KTP_Effect/Textures/T_fly03_2.uasset" 4112
"C:/24CI0412MP/Content/KTP_Effect/Textures/T_fly03_3.uasset" 4113
"C:/24CI0412MP/Content/KTP_Effect/Textures/T_fly02_7.uasset" 4114
"C:/24CI0412MP/Content/KTP_Effect/Textures/T_fly02_6.uasset" 4115
"C:/24CI0412MP/Content/KTP_Effect/Textures/T_fly02_4.uasset" 4116
"C:/24CI0412MP/Content/KTP_Effect/Textures/T_fly02_5.uasset" 4117
"C:/24CI0412MP/Content/KTP_Effect/Textures/T_fly02_8.uasset" 4118
"C:/24CI0412MP/Content/KTP_Effect/Textures/T_fly02_2.uasset" 4119
"C:/24CI0412MP/Content/KTP_Effect/Textures/T_fly02_3.uasset" 4120
"C:/24CI0412MP/Content/KTP_Effect/Textures/T_fly01_9.uasset" 4121
"C:/24CI0412MP/Content/KTP_Effect/Textures/T_fly01_7.uasset" 4122
"C:/24CI0412MP/Content/KTP_Effect/Textures/T_fly01_8.uasset" 4123
"C:/24CI0412MP/Content/KTP_Effect/Textures/T_fly02_1.uasset" 4124
"C:/24CI0412MP/Content/KTP_Effect/Textures/T_fly01_1.uasset" 4125
"C:/24CI0412MP/Content/KTP_Effect/Textures/T_fly01_6.uasset" 4126
"C:/24CI0412MP/Content/KTP_Effect/Textures/T_fly01_5.uasset" 4127
"C:/24CI0412MP/Content/KTP_Effect/Textures/T_fly01_4.uasset" 4128
"C:/24CI0412MP/Content/KTP_Effect/Textures/T_fly01_2.uasset" 4129
"C:/24CI0412MP/Content/KTP_Effect/Textures/T_fly01_3.uasset" 4130
"C:/24CI0412MP/Content/KTP_Effect/Textures/T_bottom20_8.uasset" 4131
"C:/24CI0412MP/Content/KTP_Effect/Textures/T_bottom20_6.uasset" 4132
"C:/24CI0412MP/Content/KTP_Effect/Textures/T_bottom20_5.uasset" 4133
"C:/24CI0412MP/Content/KTP_Effect/Textures/T_bottom20_7.uasset" 4134
"C:/24CI0412MP/Content/KTP_Effect/Textures/T_bottom20_2.uasset" 4135
"C:/24CI0412MP/Content/KTP_Effect/Textures/T_bottom20_1.uasset" 4136
"C:/24CI0412MP/Content/KTP_Effect/Textures/T_bottom20_3.uasset" 4137
"C:/24CI0412MP/Content/KTP_Effect/Textures/T_bottom20_4.uasset" 4138
"C:/24CI0412MP/Content/KTP_Effect/Textures/T_bottom19_7.uasset" 4139
"C:/24CI0412MP/Content/KTP_Effect/Textures/T_bottom19_6.uasset" 4140
"C:/24CI0412MP/Content/KTP_Effect/Textures/T_bottom19_8.uasset" 4141
"C:/24CI0412MP/Content/KTP_Effect/Textures/T_bottom19_2.uasset" 4142
"C:/24CI0412MP/Content/KTP_Effect/Textures/T_bottom19_4.uasset" 4143
"C:/24CI0412MP/Content/KTP_Effect/Textures/T_bottom19_5.uasset" 4144
"C:/24CI0412MP/Content/KTP_Effect/Textures/T_bottom19_3.uasset" 4145
"C:/24CI0412MP/Content/KTP_Effect/Textures/T_bottom19_1.uasset" 4146
"C:/24CI0412MP/Content/KTP_Effect/Textures/T_bottom18_8.uasset" 4147
"C:/24CI0412MP/Content/KTP_Effect/Textures/T_bottom18_6.uasset" 4148
"C:/24CI0412MP/Content/KTP_Effect/Textures/T_bottom18_7.uasset" 4149
"C:/24CI0412MP/Content/KTP_Effect/Textures/T_bottom18_4.uasset" 4150
"C:/24CI0412MP/Content/KTP_Effect/Textures/T_bottom18_5.uasset" 4151
"C:/24CI0412MP/Content/KTP_Effect/Textures/T_bottom18_3.uasset" 4152
"C:/24CI0412MP/Content/KTP_Effect/Textures/T_bottom18_2.uasset" 4153
"C:/24CI0412MP/Content/KTP_Effect/Textures/T_bottom17_8.uasset" 4154
"C:/24CI0412MP/Content/KTP_Effect/Textures/T_bottom17_6.uasset" 4155
"C:/24CI0412MP/Content/KTP_Effect/Textures/T_bottom17_7.uasset" 4156
"C:/24CI0412MP/Content/KTP_Effect/Textures/T_bottom17_5.uasset" 4157
"C:/24CI0412MP/Content/KTP_Effect/Textures/T_bottom17_3.uasset" 4158
"C:/24CI0412MP/Content/KTP_Effect/Textures/T_bottom18_1.uasset" 4159
"C:/24CI0412MP/Content/KTP_Effect/Textures/T_bottom17_4.uasset" 4160
"C:/24CI0412MP/Content/KTP_Effect/Textures/T_bottom17_1.uasset" 4161
"C:/24CI0412MP/Content/KTP_Effect/Textures/T_bottom17_2.uasset" 4162
"C:/24CI0412MP/Content/KTP_Effect/Textures/T_bottom16_8.uasset" 4163
"C:/24CI0412MP/Content/KTP_Effect/Textures/T_bottom16_6.uasset" 4164
"C:/24CI0412MP/Content/KTP_Effect/Textures/T_bottom16_5.uasset" 4165
"C:/24CI0412MP/Content/KTP_Effect/Textures/T_bottom16_7.uasset" 4166
"C:/24CI0412MP/Content/KTP_Effect/Textures/T_bottom16_4.uasset" 4167
"C:/24CI0412MP/Content/KTP_Effect/Textures/T_bottom16_2.uasset" 4168
"C:/24CI0412MP/Content/KTP_Effect/Textures/T_bottom16_1.uasset" 4169
"C:/24CI0412MP/Content/KTP_Effect/Textures/T_bottom16_3.uasset" 4170
"C:/24CI0412MP/Content/KTP_Effect/Textures/T_bottom15_8.uasset" 4171
"C:/24CI0412MP/Content/KTP_Effect/Textures/T_bottom15_7.uasset" 4172
"C:/24CI0412MP/Content/KTP_Effect/Textures/T_bottom15_6.uasset" 4173
"C:/24CI0412MP/Content/KTP_Effect/Textures/T_bottom15_5.uasset" 4174
"C:/24CI0412MP/Content/KTP_Effect/Textures/T_bottom15_4.uasset" 4175
"C:/24CI0412MP/Content/KTP_Effect/Textures/T_bottom15_1.uasset" 4176
"C:/24CI0412MP/Content/KTP_Effect/Textures/T_bottom15_2.uasset" 4177
"C:/24CI0412MP/Content/KTP_Effect/Textures/T_bottom15_3.uasset" 4178
"C:/24CI0412MP/Content/KTP_Effect/Textures/T_bottom14_7.uasset" 4179
"C:/24CI0412MP/Content/KTP_Effect/Textures/T_bottom14_8.uasset" 4180
"C:/24CI0412MP/Content/KTP_Effect/Textures/T_bottom14_6.uasset" 4181
"C:/24CI0412MP/Content/KTP_Effect/Textures/T_bottom14_5.uasset" 4182
"C:/24CI0412MP/Content/KTP_Effect/Textures/T_bottom14_3.uasset" 4183
"C:/24CI0412MP/Content/KTP_Effect/Textures/T_bottom14_2.uasset" 4184
"C:/24CI0412MP/Content/KTP_Effect/Textures/T_bottom14_1.uasset" 4185
"C:/24CI0412MP/Content/KTP_Effect/Textures/T_bottom13_8.uasset" 4186
"C:/24CI0412MP/Content/KTP_Effect/Textures/T_bottom14_4.uasset" 4187
"C:/24CI0412MP/Content/KTP_Effect/Textures/T_bottom13_6.uasset" 4188
"C:/24CI0412MP/Content/KTP_Effect/Textures/T_bottom13_7.uasset" 4189
"C:/24CI0412MP/Content/KTP_Effect/Textures/T_bottom13_5.uasset" 4190
"C:/24CI0412MP/Content/KTP_Effect/Textures/T_bottom13_4.uasset" 4191
"C:/24CI0412MP/Content/KTP_Effect/Textures/T_bottom13_3.uasset" 4192
"C:/24CI0412MP/Content/KTP_Effect/Textures/T_bottom13_2.uasset" 4193
"C:/24CI0412MP/Content/KTP_Effect/Textures/T_bottom13_1.uasset" 4194
"C:/24CI0412MP/Content/KTP_Effect/Textures/T_bottom12_6.uasset" 4195
"C:/24CI0412MP/Content/KTP_Effect/Textures/T_bottom12_7.uasset" 4196
"C:/24CI0412MP/Content/KTP_Effect/Textures/T_bottom12_8.uasset" 4197
"C:/24CI0412MP/Content/KTP_Effect/Textures/T_bottom12_5.uasset" 4198
"C:/24CI0412MP/Content/KTP_Effect/Textures/T_bottom12_4.uasset" 4199
"C:/24CI0412MP/Content/KTP_Effect/Textures/T_bottom12_3.uasset" 4200
"C:/24CI0412MP/Content/KTP_Effect/Textures/T_bottom12_1.uasset" 4201
"C:/24CI0412MP/Content/KTP_Effect/Textures/T_bottom12_2.uasset" 4202
"C:/24CI0412MP/Content/KTP_Effect/Textures/T_bottom11_8.uasset" 4203
"C:/24CI0412MP/Content/KTP_Effect/Textures/T_bottom11_7.uasset" 4204
"C:/24CI0412MP/Content/KTP_Effect/Textures/T_bottom11_6.uasset" 4205
"C:/24CI0412MP/Content/KTP_Effect/Textures/T_bottom11_5.uasset" 4206
"C:/24CI0412MP/Content/KTP_Effect/Textures/T_bottom11_4.uasset" 4207
"C:/24CI0412MP/Content/KTP_Effect/Textures/T_bottom11_3.uasset" 4208
"C:/24CI0412MP/Content/KTP_Effect/Textures/T_bottom11_2.uasset" 4209
"C:/24CI0412MP/Content/KTP_Effect/Textures/T_bottom11_1.uasset" 4210
"C:/24CI0412MP/Content/KTP_Effect/Textures/T_bottom10_8.uasset" 4211
"C:/24CI0412MP/Content/KTP_Effect/Textures/T_bottom10_6.uasset" 4212
"C:/24CI0412MP/Content/KTP_Effect/Textures/T_bottom10_7.uasset" 4213
"C:/24CI0412MP/Content/KTP_Effect/Textures/T_bottom10_5.uasset" 4214
"C:/24CI0412MP/Content/KTP_Effect/Textures/T_bottom10_4.uasset" 4215
"C:/24CI0412MP/Content/KTP_Effect/Textures/T_bottom10_3.uasset" 4216
"C:/24CI0412MP/Content/KTP_Effect/Textures/T_bottom10_2.uasset" 4217
"C:/24CI0412MP/Content/KTP_Effect/Textures/T_bottom09_7.uasset" 4218
"C:/24CI0412MP/Content/KTP_Effect/Textures/T_bottom09_8.uasset" 4219
"C:/24CI0412MP/Content/KTP_Effect/Textures/T_bottom10_1.uasset" 4220
"C:/24CI0412MP/Content/KTP_Effect/Textures/T_bottom09_5.uasset" 4221
"C:/24CI0412MP/Content/KTP_Effect/Textures/T_bottom09_6.uasset" 4222
"C:/24CI0412MP/Content/KTP_Effect/Textures/T_bottom08_8.uasset" 4223
"C:/24CI0412MP/Content/KTP_Effect/Textures/T_bottom09_3.uasset" 4224
"C:/24CI0412MP/Content/KTP_Effect/Textures/T_bottom09_4.uasset" 4225
"C:/24CI0412MP/Content/KTP_Effect/Textures/T_bottom09_1.uasset" 4226
"C:/24CI0412MP/Content/KTP_Effect/Textures/T_bottom09_2.uasset" 4227
"C:/24CI0412MP/Content/KTP_Effect/Textures/T_bottom08_7.uasset" 4228
"C:/24CI0412MP/Content/KTP_Effect/Textures/T_bottom08_6.uasset" 4229
"C:/24CI0412MP/Content/KTP_Effect/Textures/T_bottom08_3.uasset" 4230
"C:/24CI0412MP/Content/KTP_Effect/Textures/T_bottom08_2.uasset" 4231
"C:/24CI0412MP/Content/KTP_Effect/Textures/T_bottom08_4.uasset" 4232
"C:/24CI0412MP/Content/KTP_Effect/Textures/T_bottom08_1.uasset" 4233
"C:/24CI0412MP/Content/KTP_Effect/Textures/T_bottom07_7.uasset" 4234
"C:/24CI0412MP/Content/KTP_Effect/Textures/T_bottom08_5.uasset" 4235
"C:/24CI0412MP/Content/KTP_Effect/Textures/T_bottom07_8.uasset" 4236
"C:/24CI0412MP/Content/KTP_Effect/Textures/T_bottom07_6.uasset" 4237
"C:/24CI0412MP/Content/KTP_Effect/Textures/T_bottom07_5.uasset" 4238
"C:/24CI0412MP/Content/KTP_Effect/Textures/T_bottom07_3.uasset" 4239
"C:/24CI0412MP/Content/KTP_Effect/Textures/T_bottom06_8.uasset" 4240
"C:/24CI0412MP/Content/KTP_Effect/Textures/T_bottom07_4.uasset" 4241
"C:/24CI0412MP/Content/KTP_Effect/Textures/T_bottom07_2.uasset" 4242
"C:/24CI0412MP/Content/KTP_Effect/Textures/T_bottom07_1.uasset" 4243
"C:/24CI0412MP/Content/KTP_Effect/Textures/T_bottom06_7.uasset" 4244
"C:/24CI0412MP/Content/KTP_Effect/Textures/T_bottom06_3.uasset" 4245
"C:/24CI0412MP/Content/KTP_Effect/Textures/T_bottom06_1.uasset" 4246
"C:/24CI0412MP/Content/KTP_Effect/Textures/T_bottom06_6.uasset" 4247
"C:/24CI0412MP/Content/KTP_Effect/Textures/T_bottom06_2.uasset" 4248
"C:/24CI0412MP/Content/KTP_Effect/Textures/T_bottom06_5.uasset" 4249
"C:/24CI0412MP/Content/KTP_Effect/Textures/T_bottom05_8.uasset" 4250
"C:/24CI0412MP/Content/KTP_Effect/Textures/T_bottom06_4.uasset" 4251
"C:/24CI0412MP/Content/KTP_Effect/Textures/T_bottom05_7.uasset" 4252
"C:/24CI0412MP/Content/KTP_Effect/Textures/T_bottom05_5.uasset" 4253
"C:/24CI0412MP/Content/KTP_Effect/Textures/T_bottom05_4.uasset" 4254
"C:/24CI0412MP/Content/KTP_Effect/Textures/T_bottom05_2.uasset" 4255
"C:/24CI0412MP/Content/KTP_Effect/Textures/T_bottom05_1.uasset" 4256
"C:/24CI0412MP/Content/KTP_Effect/Textures/T_bottom05_3.uasset" 4257
"C:/24CI0412MP/Content/KTP_Effect/Textures/T_bottom05_6.uasset" 4258
"C:/24CI0412MP/Content/KTP_Effect/Textures/T_bottom04_7.uasset" 4259
"C:/24CI0412MP/Content/KTP_Effect/Textures/T_bottom04_8.uasset" 4260
"C:/24CI0412MP/Content/KTP_Effect/Textures/T_bottom04_6.uasset" 4261
"C:/24CI0412MP/Content/KTP_Effect/Textures/T_bottom04_5.uasset" 4262
"C:/24CI0412MP/Content/KTP_Effect/Textures/T_bottom04_3.uasset" 4263
"C:/24CI0412MP/Content/KTP_Effect/Textures/T_bottom04_4.uasset" 4264
"C:/24CI0412MP/Content/KTP_Effect/Textures/T_bottom04_2.uasset" 4265
"C:/24CI0412MP/Content/KTP_Effect/Textures/T_bottom04_1.uasset" 4266
"C:/24CI0412MP/Content/KTP_Effect/Textures/T_bottom03_7.uasset" 4267
"C:/24CI0412MP/Content/KTP_Effect/Textures/T_bottom03_8.uasset" 4268
"C:/24CI0412MP/Content/KTP_Effect/Textures/T_bottom03_6.uasset" 4269
"C:/24CI0412MP/Content/KTP_Effect/Textures/T_bottom03_4.uasset" 4270
"C:/24CI0412MP/Content/KTP_Effect/Textures/T_bottom03_5.uasset" 4271
"C:/24CI0412MP/Content/KTP_Effect/Textures/T_bottom02_8.uasset" 4272
"C:/24CI0412MP/Content/KTP_Effect/Textures/T_bottom02_7.uasset" 4273
"C:/24CI0412MP/Content/KTP_Effect/Textures/T_bottom03_1.uasset" 4274
"C:/24CI0412MP/Content/KTP_Effect/Textures/T_bottom03_2.uasset" 4275
"C:/24CI0412MP/Content/KTP_Effect/Textures/T_bottom03_3.uasset" 4276
"C:/24CI0412MP/Content/KTP_Effect/Textures/T_bottom02_6.uasset" 4277
"C:/24CI0412MP/Content/KTP_Effect/Textures/T_bottom02_5.uasset" 4278
"C:/24CI0412MP/Content/KTP_Effect/Textures/T_bottom02_2.uasset" 4279
"C:/24CI0412MP/Content/KTP_Effect/Textures/T_bottom02_1.uasset" 4280
"C:/24CI0412MP/Content/KTP_Effect/Textures/T_bottom01_8.uasset" 4281
"C:/24CI0412MP/Content/KTP_Effect/Textures/T_bottom02_3.uasset" 4282
"C:/24CI0412MP/Content/KTP_Effect/Textures/T_bottom02_4.uasset" 4283
"C:/24CI0412MP/Content/KTP_Effect/Textures/T_bottom01_7.uasset" 4284
"C:/24CI0412MP/Content/KTP_Effect/Textures/T_bottom01_4.uasset" 4285
"C:/24CI0412MP/Content/KTP_Effect/Textures/T_bottom01_6.uasset" 4286
"C:/24CI0412MP/Content/KTP_Effect/Textures/T_bottom01_5.uasset" 4287
"C:/24CI0412MP/Content/KTP_Effect/Textures/T_bottom01_3.uasset" 4288
"C:/24CI0412MP/Content/KTP_Effect/Textures/T_bottom01_2.uasset" 4289
"C:/24CI0412MP/Content/KTP_Effect/Mesh/SM_FX_wave.uasset" 4290
"C:/24CI0412MP/Content/KTP_Effect/Mesh/SM_FX_shape15.uasset" 4291
"C:/24CI0412MP/Content/KTP_Effect/Mesh/SM_FX_shape12.uasset" 4292
"C:/24CI0412MP/Content/KTP_Effect/Textures/T_bottom01_1.uasset" 4293
"C:/24CI0412MP/Content/KTP_Effect/Mesh/SM_FX_polygon.uasset" 4294
"C:/24CI0412MP/Content/KTP_Effect/Mesh/SM_FX_plane_shape.uasset" 4295
"C:/24CI0412MP/Content/KTP_Effect/Mesh/SM_FX_Potton01.uasset" 4296
"C:/24CI0412MP/Content/KTP_Effect/Mesh/SM_FX_cylinder_twwist.uasset" 4297
"C:/24CI0412MP/Content/KTP_Effect/Mesh/SM_FX_ring.uasset" 4298
"C:/24CI0412MP/Content/KTP_Effect/Mesh/SM_FX_cylinder_fire.uasset" 4299
"C:/24CI0412MP/Content/KTP_Effect/Mesh/SM_Fx_CylinderWindLine004_13.uasset" 4300
"C:/24CI0412MP/Content/FPWeapon/Textures/T_FPGun_N.uasset" 4301
"C:/24CI0412MP/Content/KTP_Effect/Mesh/M_Plane.uasset" 4302
"C:/24CI0412MP/Content/FPWeapon/Textures/T_FPGun_M.uasset" 4303
"C:/24CI0412MP/Content/FPWeapon/Mesh/SK_FPGun_Skeleton.uasset" 4304
"C:/24CI0412MP/Content/FPWeapon/Mesh/SK_FPGun_Physics.uasset" 4305
"C:/24CI0412MP/Content/FPWeapon/Materials/MaterialLayers/T_ML_Rubber_Blue_01_N.uasset" 4306
"C:/24CI0412MP/Content/FPWeapon/Materials/MaterialLayers/T_ML_Rubber_Blue_01_D.uasset" 4307
"C:/24CI0412MP/Content/KTP_Effect/Mesh/SM_FX_Botton20.uasset" 4308
"C:/24CI0412MP/Content/FPWeapon/Materials/MaterialLayers/T_ML_Aluminum01_N.uasset" 4309
"C:/24CI0412MP/Content/FPWeapon/Materials/MaterialLayers/T_ML_Aluminum01.uasset" 4310
"C:/24CI0412MP/Content/FPWeapon/Materials/MaterialLayers/ML_Screen.uasset" 4311
"C:/24CI0412MP/Content/FPWeapon/Materials/MaterialLayers/ML_Plastic_Shiny_Beige.uasset" 4312
"C:/24CI0412MP/Content/FPWeapon/Materials/BaseMaterial.uasset" 4313
"C:/24CI0412MP/Content/KTP_Effect/Materials/PublicMaterials/M_FX_scifi.uasset" 4314
"C:/24CI0412MP/Content/CreateAsetts_CG/UE5_File/Magic/T_Eye_Roughness.uasset" 4315
"C:/24CI0412MP/Content/CreateAsetts_CG/UE5_File/Magic/T_Eye_OP.uasset" 4316
"C:/24CI0412MP/Content/CreateAsetts_CG/UE5_File/Magic/T_Eye_BaseColor.uasset" 4317
"C:/24CI0412MP/Content/CreateAsetts_CG/UE5_File/Magic/T_Body_Roughness.uasset" 4318
"C:/24CI0412MP/Content/CreateAsetts_CG/UE5_File/Magic/T_Body_Normal.uasset" 4319
"C:/24CI0412MP/Content/Han/BP_Route.uasset" 4320
"C:/24CI0412MP/Content/Han/Route.uasset" 4321
"C:/24CI0412MP/Content/FPWeapon/Mesh/SK_FPGun_PhysicsAsset.uasset" 4322
"C:/24CI0412MP/Content/CreateAsetts_CG/UE5_File/Magic/T_Body_BaseColor.uasset" 4323
"C:/24CI0412MP/Content/CreateAsetts_CG/UE5_File/Magic/SK_Magic_Skeleton.uasset" 4324
"C:/24CI0412MP/Content/KTP_Effect/Mesh/SM_FX_enegy.uasset" 4325
"C:/24CI0412MP/Content/FPWeapon/Materials/MaterialLayers/T_ML_FineRubber.uasset" 4326
"C:/24CI0412MP/Content/CreateAsetts_CG/UE5_File/Magic/SK_Magic_PhysicsAsset.uasset" 4327
"C:/24CI0412MP/Content/CreateAsetts_CG/UE5_File/Magic/SK_Magic.uasset" 4328
"C:/24CI0412MP/Content/FPWeapon/Audio/FirstPersonTemplateWeaponFire02.uasset" 4329
"C:/24CI0412MP/Content/CreateAsetts_CG/SK_Magic_PhysicsAsset.uasset" 4330
"C:/24CI0412MP/Content/CreateAsetts_CG/M_Eye.uasset" 4331
"C:/24CI0412MP/Content/CreateAsetts_CG/M_Body.uasset" 4332
"C:/24CI0412MP/Content/CreateAsetts_CG/A_Magic_Skeleton.uasset" 4333
"C:/24CI0412MP/Content/CreateAsetts_CG/A_Magic_PhysicsAsset.uasset" 4334
"C:/24CI0412MP/Content/Characters/MannequinsXR/Textures/Shared/T_UE_Logo_M.uasset" 4335
"C:/24CI0412MP/Content/Characters/MannequinsXR/Textures/Quinn/T_Quinn_02_CCRCCPlastic_MSK.uasset" 4336
"C:/24CI0412MP/Content/Characters/MannequinsXR/Textures/Quinn/T_Quinn_02_ASAOMASK_MSK.uasset" 4337
"C:/24CI0412MP/Content/Characters/MannequinsXR/Textures/Quinn/T_Quinn_02ID_Tan.uasset" 4338
"C:/24CI0412MP/Content/Characters/MannequinsXR/Textures/Quinn/T_Quinn_02ID_N.uasset" 4339
"../../../../../../24CI0412MP/Content/FPWeapon/Audio/FirstPersonTemplateWeaponFire02.uasset" 4340
"C:/24CI0412MP/Content/Characters/MannequinsXR/Textures/Quinn/T_Quinn_02ID_D.uasset" 4341
"C:/24CI0412MP/Content/Characters/MannequinsXR/Textures/Quinn/T_Quinn_02ID_BN.uasset" 4342
"C:/24CI0412MP/Content/Characters/MannequinsXR/Textures/Quinn/T_Quinn_02ID_MSR_MSK.uasset" 4343
"C:/24CI0412MP/Content/Characters/MannequinsXR/Textures/Quinn/T_Quinn_01_CCRCCPlastic_MSK.uasset" 4344
"C:/24CI0412MP/Content/Characters/MannequinsXR/Textures/Quinn/T_Quinn_01_ASAOMASK_MSK.uasset" 4345
"C:/24CI0412MP/Content/Characters/MannequinsXR/Textures/Quinn/T_Quinn_01ID_Tan.uasset" 4346
"C:/24CI0412MP/Content/Characters/MannequinsXR/Textures/Manny/T_Manny_02_Tan.uasset" 4347
"C:/24CI0412MP/Content/Characters/MannequinsXR/Textures/Manny/T_Manny_02_N.uasset" 4348
"C:/24CI0412MP/Content/Characters/MannequinsXR/Textures/Manny/T_Manny_02_MSR_MSK.uasset" 4349
"C:/24CI0412MP/Content/Characters/MannequinsXR/Textures/Manny/T_Manny_02_D.uasset" 4350
"C:/24CI0412MP/Content/Characters/MannequinsXR/Textures/Manny/T_Manny_02_CCRCCPlastic_MSK.uasset" 4351
"C:/24CI0412MP/Content/Characters/MannequinsXR/Textures/Manny/T_Manny_02_BN.uasset" 4352
"C:/24CI0412MP/Content/Characters/MannequinsXR/Textures/Manny/T_Manny_02_ASAOPMASK_MSK.uasset" 4353
"C:/24CI0412MP/Content/Characters/MannequinsXR/Textures/Manny/T_Manny_01_Tan.uasset" 4354
"C:/24CI0412MP/Content/Characters/MannequinsXR/Textures/Quinn/T_Quinn_01ID_N.uasset" 4355
"C:/24CI0412MP/Content/Characters/MannequinsXR/Textures/Manny/T_Manny_01_N.uasset" 4356
"C:/24CI0412MP/Content/Characters/MannequinsXR/Textures/Manny/T_Manny_01_MSR_MSK.uasset" 4357
"C:/24CI0412MP/Content/Characters/MannequinsXR/Textures/Manny/T_Manny_01_D.uasset" 4358
"C:/24CI0412MP/Content/Characters/MannequinsXR/Textures/Quinn/T_Quinn_01ID_BN.uasset" 4359
"C:/24CI0412MP/Content/Characters/MannequinsXR/Textures/Quinn/T_Quinn_01ID_MSR_MSK.uasset" 4360
"C:/24CI0412MP/Content/Characters/MannequinsXR/Textures/Quinn/T_Quinn_01ID_D.uasset" 4361
"C:/24CI0412MP/Content/Characters/MannequinsXR/Textures/Manny/T_Manny_01_CCRCCPlastic_MSK.uasset" 4362
"C:/24CI0412MP/Content/Characters/MannequinsXR/Textures/Manny/T_Manny_01_BN.uasset" 4363
"C:/24CI0412MP/Content/Characters/MannequinsXR/Textures/Manny/T_Manny_01_ASAOPMASK_MSK.uasset" 4364
"C:/24CI0412MP/Content/Characters/MannequinsXR/Meshes/SK_MannequinsXR.uasset" 4365
"C:/24CI0412MP/Content/Characters/MannequinsXR/Meshes/SkeletalMeshLODSettings_MannequinsXR.uasset" 4366
"C:/24CI0412MP/Content/Characters/MannequinsXR/Materials/Functions/ML_BaseColorFallOff.uasset" 4367
"C:/24CI0412MP/Content/Characters/MannequinsXR/Materials/Functions/ChromaticCurve.uasset" 4368
"../../../Engine/Plugins/Interchange/Runtime/Content/Functions/MF_OrenNayerView.uasset" 4369
"../../../Engine/Plugins/Interchange/Runtime/Content/Functions/MF_SchlickApprox.uasset" 4370
"../../../Engine/Content/EngineMaterials/DefaultCalibrationColor.uasset" 4371
"../../../Engine/Content/EngineMaterials/DefaultCalibrationGrayscale.uasset" 4372
"../../../Engine/Content/MobileResources/HUD/VirtualJoystick_Background.uasset" 4373
"../../../Engine/Content/EngineSounds/Submixes/MasterEQEffectPreset.uasset" 4374
"../../../Engine/Content/EngineSounds/Submixes/MasterReverbEffectPreset.uasset" 4375
"../../../Engine/Content/EditorMaterials/PreviewShadowIndicator.uasset" 4376
"../../../Engine/Content/MobileResources/HUD/VirtualJoystick_Thumb.uasset" 4377
"../../../Engine/Content/EngineSky/M_SimpleSkyDome.uasset" 4378
"../../../Engine/Content/EditorBlueprintResources/StandardMacros.uasset" 4379
"../../../Engine/Content/Functions/Engine_MaterialFunctions02/Utility/AppendMany.uasset" 4380
"../../../Engine/Content/Functions/Engine_MaterialFunctions01/Gradient/LinearGradient.uasset" 4381
"../../../Engine/Content/Functions/Engine_MaterialFunctions02/Utility/BlendAngleCorrectedNormals.uasset" 4382
"../../../Engine/Content/Maps/Entry_BuiltData.uasset" 4383
"../../../Engine/Content/Functions/Engine_MaterialFunctions01/Gradient/RadialGradient.uasset" 4384
"../../../Engine/Content/Functions/Engine_MaterialFunctions01/Opacity/AlphaOffset.uasset" 4385
"../../../Engine/Content/MapTemplates/Sky/DaylightAmbientCubemap.uasset" 4386
"../../../Engine/Content/Functions/Engine_MaterialFunctions01/WorldPositionOffset/SimpleGrassWind.uasset" 4387
"../../../Engine/Plugins/FX/Niagara/Content/DefaultAssets/DefaultSpriteMaterial.uasset" 4388
"../../../Engine/Content/EditorMeshes/ColorCalibrator/T_ColorGrid.uasset" 4389
"../../../Engine/Content/Functions/Engine_MaterialFunctions02/Texturing/CustomRotator.uasset" 4390
"../../../Engine/Content/Functions/Engine_MaterialFunctions02/ExampleContent/Textures/WindTurblenceVectorAndGustMagnitude.uasset" 4391
"../../../Engine/Content/Functions/Engine_MaterialFunctions01/Shading/FuzzyShading.uasset" 4392
"../../../Engine/Content/Functions/Engine_MaterialFunctions02/WorldPositionOffset/ObjectPivotPoint.uasset" 4393
"../../../Engine/Content/Functions/MaterialLayerFunctions/MatLayerBlend_Standard.uasset" 4394
"../../../Engine/Content/EngineVolumetrics/Fogsheet/Materials/T_EV_BlankWhite_01.uasset" 4395
"../../../Engine/Content/Functions/MaterialLayerFunctions/MatLayerBlend_Simple.uasset" 4396
"../../../Engine/Content/Animation/DefaultAnimCurveCompressionSettings.uasset" 4397
"../../../Engine/Content/EngineSky/C_Sky_Horizon_Color.uasset" 4398
"../../../Engine/Content/EngineSky/C_Sky_Cloud_Color.uasset" 4399
"../../../Engine/Content/EngineSky/C_Sky_Zenith_Color.uasset" 4400
"../../../Engine/Content/Functions/Engine_MaterialFunctions02/Math/InverseTransformMatrix.uasset" 4401
"../../../Engine/Content/Functions/Engine_MaterialFunctions01/Texturing/DetailTexturing.uasset" 4402
"../../../Engine/Content/EngineSky/T_Sky_Clouds_M.uasset" 4403
"../../../Engine/Content/EngineSky/T_Sky_Stars.uasset" 4404
"../../../Engine/Content/EngineSky/T_Sky_Blue.uasset" 4405
"../../../Engine/Content/Functions/Engine_MaterialFunctions03/Procedurals/ComputeFilterWidth.uasset" 4406
"../../../Engine/Content/EngineMaterials/T_Default_MacroVariation.uasset" 4407
"../../../Engine/Content/Functions/MaterialLayerFunctions/MatLayerBlend_StandardWithDisplacement.uasset" 4408
"../../../Engine/Content/Functions/Engine_MaterialFunctions01/Volumetrics/BeersLaw.uasset" 4409
"../../../Engine/Content/EditorMeshes/ColorCalibrator/M_ClearCoat.uasset" 4410
"../../../Engine/Content/EditorMeshes/ColorCalibrator/M_GreyBall.uasset" 4411
"../../../Engine/Content/EditorMeshes/ColorCalibrator/M_ChromeBall.uasset" 4412
"../../../Engine/Content/VREditor/Devices/Generic/GenericHMDMaterial.uasset" 4413
"../../../Engine/Content/EditorMeshes/SkeletalMesh/DefaultSkeletalMesh_Skeleton.uasset" 4414
"../../../Engine/Content/EngineMaterials/BlendFunc_DefBlend.uasset" 4415
"../../../Engine/Content/EngineMaterials/BlendFunc_DefBase.uasset" 4416
"../../../Engine/Content/EditorMeshes/ColorCalibrator/M_ClearCoatBlack.uasset" 4417
"../../../Engine/Content/EditorResources/MatineeCam_D.uasset" 4418
"../../../Engine/Content/Functions/Engine_MaterialFunctions02/ScreenResolution.uasset" 4419
"../../../Engine/Content/OpenWorldTemplate/LandscapeMaterial/T_GridChecker_A.uasset" 4420
"../../../Engine/Content/EditorMeshes/ColorCalibrator/Color_checker.uasset" 4421
"../../../Engine/Content/VREditor/BasicMeshes/T_CleanFloorGrunge_01_D.uasset" 4422
"C:/24CI0412MP/Content/KTP_Effect/Materials/PublicMaterials/M_wave_fly10.uasset" 4423
"../../../Engine/Content/Functions/Engine_MaterialFunctions02/Math/CreateThirdOrthogonalVector.uasset" 4424
"C:/24CI0412MP/Content/KTP_Effect/Materials/PublicMaterials/M_wave_fly08_10.uasset" 4425
"C:/24CI0412MP/Content/KTP_Effect/Materials/PublicMaterials/M_FX_Glow_ring_2.uasset" 4426
"C:/24CI0412MP/Content/KTP_Effect/Materials/PublicMaterials/M_FX_Glow_ring_04.uasset" 4427
"C:/24CI0412MP/Content/KTP_Effect/Materials/PublicMaterials/M_FX_TRAIL011.uasset" 4428
"C:/24CI0412MP/Content/Satou/KTP_Effect/Materials/PublicMaterials/M_FX_Aura_botton03.uasset" 4429
"C:/24CI0412MP/Content/Satou/KTP_Effect/Materials/PublicMaterials/M_FX_shape_15.uasset" 4430
"C:/24CI0412MP/Content/Satou/KTP_Effect/Materials/PublicMaterials/M_FX_Aura_botton03_15.uasset" 4431
"C:/24CI0412MP/Content/Satou/KTP_Effect/Materials/PublicMaterials/M_FX_shape18.uasset" 4432
"C:/24CI0412MP/Content/Satou/KTP_Effect/Materials/PublicMaterials/M_FX_Aura_07.uasset" 4433
"C:/24CI0412MP/Content/Satou/KTP_Effect/Materials/PublicMaterials/M_FX_TRAIL011.uasset" 4434
"C:/24CI0412MP/Content/Satou/KTP_Effect/Materials/PublicMaterials/M_wave_fly10.uasset" 4435
"C:/24CI0412MP/Content/Satou/KTP_Effect/Materials/PublicMaterials/M_wave_fly08_10.uasset" 4436
"C:/24CI0412MP/Content/CreateAsetts_CG/UE5_File/Magic/A_Magic_Anim.uasset" 4437
"../../../Engine/Content/Functions/Engine_MaterialFunctions02/Utility/DepthFromWorldPosition.uasset" 4438
"../../../Engine/Content/Functions/Engine_MaterialFunctions01/Texturing/ScaleUVsByCenter.uasset" 4439
"../../../Engine/Content/ArtTools/RenderToTexture/MaterialFunctions/CheckerPattern.uasset" 4440
"C:/24CI0412MP/Content/VRTemplate/Materials/MI_Projectile.uasset" 4441
"C:/24CI0412MP/Content/VRTemplate/Input/IMC_Hands.uasset" 4442
"C:/24CI0412MP/Content/VRTemplate/Input/IMC_Weapon_Right.uasset" 4443
"C:/24CI0412MP/Content/VRTemplate/Input/IMC_Weapon_Left.uasset" 4444
"C:/24CI0412MP/Content/VRTemplate/Input/IMC_Menu.uasset" 4445
"C:/24CI0412MP/Content/VRTemplate/Input/Actions/IA_Move.uasset" 4446
"C:/24CI0412MP/Content/VRTemplate/Blueprints/GrabComponent.uasset" 4447
"C:/24CI0412MP/Content/VRTemplate/Audio/Fire_Cue.uasset" 4448
"C:/24CI0412MP/Content/VRSpectator/Input/IMC_VRSpectator.uasset" 4449
"../../../Engine/Content/Functions/Engine_MaterialFunctions02/Utility/DitherTemporalAA.uasset" 4450
"C:/24CI0412MP/Content/Satou/KTP_Effect/Materials/PublicMaterials/M_FX_Glow_ring_2.uasset" 4451
"C:/24CI0412MP/Content/StarterContent/Particles/Materials/M_Heat_Distortion.uasset" 4452
"C:/24CI0412MP/Content/StarterContent/Props/Materials/M_TableRound.uasset" 4453
"C:/24CI0412MP/Content/StarterContent/Props/Materials/M_StatueGlass.uasset" 4454
"C:/24CI0412MP/Content/StarterContent/Props/Materials/M_Statue.uasset" 4455
"C:/24CI0412MP/Content/StarterContent/Particles/Materials/M_Spark.uasset" 4456
"C:/24CI0412MP/Content/StarterContent/Particles/Materials/M_smoke_subUV.uasset" 4457
"C:/24CI0412MP/Content/StarterContent/Materials/M_Wood_Floor_Walnut_Polished.uasset" 4458
"C:/24CI0412MP/Content/StarterContent/Props/Materials/M_Shelf.uasset" 4459
"C:/24CI0412MP/Content/StarterContent/Materials/M_Water_Lake.uasset" 4460
"C:/24CI0412MP/Content/StarterContent/Materials/M_Rock_Marble_Polished.uasset" 4461
"C:/24CI0412MP/Content/StarterContent/Materials/M_Wood_Walnut.uasset" 4462
"C:/24CI0412MP/Content/StarterContent/Materials/M_Wood_Pine.uasset" 4463
"C:/24CI0412MP/Content/StarterContent/Materials/M_Tech_Panel.uasset" 4464
"C:/24CI0412MP/Content/StarterContent/Materials/M_Wood_Oak.uasset" 4465
"C:/24CI0412MP/Content/StarterContent/Materials/M_Rock_Sandstone.uasset" 4466
"C:/24CI0412MP/Content/StarterContent/Materials/M_Tech_Hex_Tile_Pulse.uasset" 4467
"C:/24CI0412MP/Content/StarterContent/Materials/M_Rock_Slate.uasset" 4468
"C:/24CI0412MP/Content/StarterContent/Materials/M_Rock_Basalt.uasset" 4469
"C:/24CI0412MP/Content/StarterContent/Materials/M_Metal_Steel.uasset" 4470
"C:/24CI0412MP/Content/StarterContent/Materials/M_Metal_Gold.uasset" 4471
"C:/24CI0412MP/Content/StarterContent/Materials/M_Metal_Copper.uasset" 4472
"C:/24CI0412MP/Content/StarterContent/Materials/M_Metal_Chrome.uasset" 4473
"C:/24CI0412MP/Content/StarterContent/Materials/M_Metal_Burnished_Steel.uasset" 4474
"C:/24CI0412MP/Content/StarterContent/Props/Materials/M_Lamp.uasset" 4475
"C:/24CI0412MP/Content/StarterContent/Materials/M_Metal_Brushed_Nickel.uasset" 4476
"C:/24CI0412MP/Content/StarterContent/Materials/M_Ground_Moss.uasset" 4477
"C:/24CI0412MP/Content/StarterContent/Materials/M_Ground_Gravel.uasset" 4478
"C:/24CI0412MP/Content/StarterContent/Materials/M_Ground_Grass.uasset" 4479
"C:/24CI0412MP/Content/StarterContent/Props/Materials/M_Frame.uasset" 4480
"C:/24CI0412MP/Content/StarterContent/Particles/Materials/M_Fire_SubUV.uasset" 4481
"C:/24CI0412MP/Content/StarterContent/Particles/Materials/M_explosion_subUV.uasset" 4482
"C:/24CI0412MP/Content/StarterContent/Particles/Materials/M_Dust_Particle.uasset" 4483
"C:/24CI0412MP/Content/StarterContent/Props/Materials/M_Door.uasset" 4484
"C:/24CI0412MP/Content/StarterContent/Materials/M_Concrete_Tiles.uasset" 4485
"C:/24CI0412MP/Content/StarterContent/Materials/M_Concrete_Poured.uasset" 4486
"C:/24CI0412MP/Content/StarterContent/Materials/M_Concrete_Panels.uasset" 4487
"C:/24CI0412MP/Content/StarterContent/Materials/M_Concrete_Grime.uasset" 4488
"C:/24CI0412MP/Content/StarterContent/Materials/M_CobbleStone_Smooth.uasset" 4489
"C:/24CI0412MP/Content/StarterContent/Materials/M_CobbleStone_Rough.uasset" 4490
"C:/24CI0412MP/Content/StarterContent/Materials/M_CobbleStone_Pebble.uasset" 4491
"C:/24CI0412MP/Content/StarterContent/Props/Materials/M_Chair.uasset" 4492
"C:/24CI0412MP/Content/StarterContent/Materials/M_Ceramic_Tile_Checker.uasset" 4493
"C:/24CI0412MP/Content/StarterContent/Materials/M_Tech_Checker_Dot.uasset" 4494
"C:/24CI0412MP/Content/StarterContent/Props/Materials/M_Bush.uasset" 4495
"C:/24CI0412MP/Content/StarterContent/Particles/Materials/M_Burst.uasset" 4496
"C:/24CI0412MP/Content/StarterContent/Materials/M_Brick_Hewn_Stone.uasset" 4497
"C:/24CI0412MP/Content/StarterContent/Materials/M_Brick_Cut_Stone.uasset" 4498
"C:/24CI0412MP/Content/StarterContent/Materials/M_Brick_Clay_Old.uasset" 4499
"C:/24CI0412MP/Content/StarterContent/Materials/M_Brick_Clay_New.uasset" 4500
"C:/24CI0412MP/Content/StarterContent/Materials/M_Brick_Clay_Beveled.uasset" 4501
"C:/24CI0412MP/Content/StarterContent/Props/SM_GlassWindow.uasset" 4502
"C:/24CI0412MP/Content/StarterContent/Shapes/Shape_WideCapsule.uasset" 4503
"C:/24CI0412MP/Content/StarterContent/Shapes/Shape_Wedge_A.uasset" 4504
"C:/24CI0412MP/Content/StarterContent/Shapes/Shape_Tube.uasset" 4505
"C:/24CI0412MP/Content/StarterContent/Shapes/Shape_TriPyramid.uasset" 4506
"C:/24CI0412MP/Content/StarterContent/Shapes/Shape_Trim_90_In.uasset" 4507
"C:/24CI0412MP/Content/StarterContent/Shapes/Shape_Trim_90_Out.uasset" 4508
"C:/24CI0412MP/Content/StarterContent/Shapes/Shape_Trim.uasset" 4509
"C:/24CI0412MP/Content/StarterContent/Shapes/Shape_Wedge_B.uasset" 4510
"C:/24CI0412MP/Content/StarterContent/Shapes/Shape_Torus.uasset" 4511
"C:/24CI0412MP/Content/StarterContent/Shapes/Shape_Sphere.uasset" 4512
"C:/24CI0412MP/Content/StarterContent/Shapes/Shape_QuadPyramid.uasset" 4513
"C:/24CI0412MP/Content/StarterContent/Shapes/Shape_Plane.uasset" 4514
"C:/24CI0412MP/Content/StarterContent/Shapes/Shape_Pipe_90.uasset" 4515
"C:/24CI0412MP/Content/StarterContent/Shapes/Shape_Pipe_180.uasset" 4516
"C:/24CI0412MP/Content/StarterContent/Shapes/Shape_Pipe.uasset" 4517
"C:/24CI0412MP/Content/StarterContent/Shapes/Shape_NarrowCapsule.uasset" 4518
"C:/24CI0412MP/Content/StarterContent/Shapes/Shape_Cylinder.uasset" 4519
"C:/24CI0412MP/Content/StarterContent/Shapes/Shape_Cone.uasset" 4520
"C:/24CI0412MP/Content/StarterContent/Shapes/Shape_Cube.uasset" 4521
"C:/24CI0412MP/Content/StarterContent/Architecture/Wall_Window_400x400.uasset" 4522
"C:/24CI0412MP/Content/StarterContent/Architecture/Wall_Door_400x400.uasset" 4523
"C:/24CI0412MP/Content/StarterContent/Architecture/Wall_Window_400x300.uasset" 4524
"C:/24CI0412MP/Content/StarterContent/Architecture/Wall_Door_400x300.uasset" 4525
"C:/24CI0412MP/Content/StarterContent/Architecture/Wall_500x500.uasset" 4526
"C:/24CI0412MP/Content/StarterContent/Architecture/Wall_400x400.uasset" 4527
"C:/24CI0412MP/Content/StarterContent/Architecture/Wall_400x300.uasset" 4528
"C:/24CI0412MP/Content/StarterContent/Architecture/Pillar_50x500.uasset" 4529
"C:/24CI0412MP/Content/StarterContent/Architecture/Wall_400x200.uasset" 4530
"C:/24CI0412MP/Content/StarterContent/Architecture/Floor_400x400.uasset" 4531
"C:/24CI0412MP/Content/Satou/Stylized_PBR_Nature/Foliage/Materials/M_Tree_Trunk_Master.uasset" 4532
"C:/24CI0412MP/Content/StarterContent/Props/SM_Stairs.uasset" 4533
"C:/24CI0412MP/Content/StarterContent/Architecture/SM_AssetPlatform.uasset" 4534
"C:/24CI0412MP/Content/Satou/KTP_Effect/Materials/PublicMaterials/M_FX_trail_tech_2.uasset" 4535
"C:/24CI0412MP/Content/Satou/KTP_Effect/Materials/PublicMaterials/M_FX_trail_tech.uasset" 4536
"C:/24CI0412MP/Content/Satou/Stylized_PBR_Nature/Rocks/Materials/M_Rock_Master.uasset" 4537
"C:/24CI0412MP/Content/Satou/KTP_Effect/Materials/PublicMaterials/M_FX_Glow_11.uasset" 4538
"C:/24CI0412MP/Content/Satou/KTP_Effect/Materials/PublicMaterials/M_wave_fly05_2.uasset" 4539
"C:/24CI0412MP/Content/Satou/KTP_Effect/Materials/PublicMaterials/M_FX_Glow_AS_fly05_09.uasset" 4540
"C:/24CI0412MP/Content/Satou/KTP_Effect/Materials/PublicMaterials/M_FX_thunder.uasset" 4541
"C:/24CI0412MP/Content/Satou/KTP_Effect/Materials/PublicMaterials/M_FX_Tech_AS_fly07.uasset" 4542
"C:/24CI0412MP/Content/Satou/KTP_Effect/Materials/PublicMaterials/M_FX_Glow_AS_fly08.uasset" 4543
"C:/24CI0412MP/Content/Satou/KTP_Effect/Materials/PublicMaterials/M_FX_Aura_10.uasset" 4544
"C:/24CI0412MP/Content/Satou/KTP_Effect/Materials/PublicMaterials/M_FX_Glow_AS_8.uasset" 4545
"C:/24CI0412MP/Content/Satou/KTP_Effect/Materials/PublicMaterials/M_FX_Glow_AS_fly06.uasset" 4546
"C:/24CI0412MP/Content/Satou/KTP_Effect/Materials/PublicMaterials/M_FX_Glow_ring_04.uasset" 4547
"C:/24CI0412MP/Content/Satou/KTP_Effect/Materials/PublicMaterials/M_wave_fly007.uasset" 4548
"C:/24CI0412MP/Content/Satou/KTP_Effect/Materials/PublicMaterials/M_FX_Glow_AS_fly05_3.uasset" 4549
"C:/24CI0412MP/Content/Satou/KTP_Effect/Materials/PublicMaterials/M_FX_Aura_black_1.uasset" 4550
"C:/24CI0412MP/Content/Satou/KTP_Effect/Materials/PublicMaterials/M_FX_Glow_head_09.uasset" 4551
"C:/24CI0412MP/Content/Satou/KTP_Effect/Materials/PublicMaterials/M_FX_Glow_AS_fly07.uasset" 4552
"C:/24CI0412MP/Content/Satou/KTP_Effect/Materials/PublicMaterials/M_wave_fly006.uasset" 4553
"C:/24CI0412MP/Content/Oonishi/Fab/figs/source/figs_2_fig_slice_02_geom.uasset" 4554
"C:/24CI0412MP/Content/Satou/Blueprints/BP_Way.uasset" 4555
"C:/24CI0412MP/Content/Oonishi/Fab/figs/source/figs_2_fig_slice_01_geom.uasset" 4556
"C:/24CI0412MP/Content/LevelPrototyping/Materials/MI_Solid_Blue.uasset" 4557
"C:/24CI0412MP/Content/Mediterranean_Coast/Materials/Master_Materials/M_Sea.uasset" 4558
"C:/24CI0412MP/Content/Mediterranean_Coast/Materials/Master_Materials/M_Bark.uasset" 4559
"C:/24CI0412MP/Content/Mediterranean_Coast/Materials/Master_Materials/M_Background.uasset" 4560
"C:/24CI0412MP/Content/KTP_Effect/Materials/PublicMaterials/M_FX_trail_tech.uasset" 4561
"C:/24CI0412MP/Content/KTP_Effect/Materials/PublicMaterials/M_FX_trail_tech_2.uasset" 4562
"C:/24CI0412MP/Content/KTP_Effect/Materials/PublicMaterials/M_FX_Glow_AS_fly05_09.uasset" 4563
"C:/24CI0412MP/Content/KTP_Effect/Materials/PublicMaterials/M_FX_Glow_11.uasset" 4564
"C:/24CI0412MP/Content/Mediterranean_Coast/Materials/Material_Functions/MF_Mixer.uasset" 4565
"C:/24CI0412MP/Content/Mediterranean_Coast/Materials/Master_Materials/M_GroundDebris.uasset" 4566
"C:/24CI0412MP/Content/KTP_Effect/Materials/PublicMaterials/M_wave_fly05_2.uasset" 4567
"C:/24CI0412MP/Content/Morimoto/Font/Pomeranian-Regular_Font.uasset" 4568
"C:/24CI0412MP/Content/KTP_Effect/Materials/PublicMaterials/M_FX_Glow_AS_fly08.uasset" 4569
"C:/24CI0412MP/Content/KTP_Effect/Materials/PublicMaterials/M_FX_thunder.uasset" 4570
"C:/24CI0412MP/Content/KTP_Effect/Materials/PublicMaterials/M_FX_shape_15.uasset" 4571
"C:/24CI0412MP/Content/KTP_Effect/Materials/PublicMaterials/M_wave_fly006.uasset" 4572
"C:/24CI0412MP/Content/KTP_Effect/Materials/PublicMaterials/M_FX_Glow_AS_8.uasset" 4573
"C:/24CI0412MP/Content/KTP_Effect/Materials/PublicMaterials/M_FX_Glow_AS_fly06.uasset" 4574
"C:/24CI0412MP/Content/KTP_Effect/Materials/PublicMaterials/M_FX_Aura_botton03.uasset" 4575
"C:/24CI0412MP/Content/KTP_Effect/Materials/PublicMaterials/M_wave_fly007.uasset" 4576
"C:/24CI0412MP/Content/KTP_Effect/Materials/PublicMaterials/M_FX_shape18.uasset" 4577
"C:/24CI0412MP/Content/KTP_Effect/Materials/PublicMaterials/M_FX_Aura_botton03_15.uasset" 4578
"C:/24CI0412MP/Content/KTP_Effect/Materials/PublicMaterials/M_FX_Tech_AS_fly07.uasset" 4579
"C:/24CI0412MP/Content/FPWeapon/Materials/MaterialLayers/ML_GlossyBlack_Latex_UE4.uasset" 4580
"C:/24CI0412MP/Content/FPWeapon/Materials/MaterialLayers/ML_SoftMetal_UE4.uasset" 4581
"C:/24CI0412MP/Content/KTP_Effect/Materials/PublicMaterials/M_FX_Aura_10.uasset" 4582
"C:/24CI0412MP/Content/KTP_Effect/Materials/PublicMaterials/M_FX_Aura.uasset" 4583
"C:/24CI0412MP/Content/CreateAsetts_CG/UE5_File/Magic/M_Eye.uasset" 4584
"C:/24CI0412MP/Content/CreateAsetts_CG/UE5_File/Magic/M_Body.uasset" 4585
"C:/24CI0412MP/Content/CreateAsetts_CG/SK_Magic.uasset" 4586
"C:/24CI0412MP/Content/CreateAsetts_CG/A_Magic.uasset" 4587
"C:/24CI0412MP/Content/Characters/MannequinsXR/Animations/MDT_MannequinsXR.uasset" 4588
"C:/24CI0412MP/Content/Characters/MannequinsXR/Materials/Functions/CA_Mannequin.uasset" 4589
"C:/24CI0412MP/Content/KTP_Effect/Materials/PublicMaterials/M_FX_Glow_AS_fly07.uasset" 4590
"C:/24CI0412MP/Content/KTP_Effect/Materials/PublicMaterials/M_FX_Glow_head_09.uasset" 4591
"C:/24CI0412MP/Content/KTP_Effect/Materials/PublicMaterials/M_FX_Aura_07.uasset" 4592
"C:/24CI0412MP/Content/KTP_Effect/Materials/PublicMaterials/M_FX_Glow_AS_fly05_3.uasset" 4593
"../../../Engine/Plugins/Interchange/Runtime/Content/Functions/MX_Surface.uasset" 4594
"C:/24CI0412MP/Content/FPWeapon/Materials/FirstPersonProjectileMaterial.uasset" 4595
"../../../Engine/Content/EngineMaterials/PPM_DefaultCalibrationGrayscale.uasset" 4596
"../../../Engine/Content/EngineMaterials/PPM_DefaultCalibrationColor.uasset" 4597
"../../../Engine/Content/MobileResources/HUD/DefaultVirtualJoysticks.uasset" 4598
"../../../Engine/Content/EngineMaterials/Substrate/Volume/SubstrateSimpleVolumeEnvLUT3D.uasset" 4599
"../../../Engine/Content/EngineMaterials/Substrate/Volume/SubstrateSimpleVolumeLUT3D.uasset" 4600
"../../../Engine/Content/EngineMaterials/Substrate/GLints2/AGlintTex2dArray2.uasset" 4601
"../../../Engine/Content/EditorMaterials/PreviewShadowIndicatorMaterial.uasset" 4602
"C:/24CI0412MP/Content/Satou/Blueprints/BP_WayTestChara.uasset" 4603
"../../../Engine/Content/Functions/Engine_MaterialFunctions01/ImageAdjustment/CheapContrast.uasset" 4604
"../../../Engine/Content/EngineMaterials/Substrate/GLints/AGlintTex2dArray.uasset" 4605
"../../../Engine/Content/Functions/Engine_MaterialFunctions01/ImageAdjustment/3ColorBlend.uasset" 4606
"C:/24CI0412MP/Content/StarterContent/Props/Materials/M_Rock.uasset" 4607
"C:/24CI0412MP/Content/StarterContent/Materials/M_Water_Ocean.uasset" 4608
"C:/24CI0412MP/Content/StarterContent/Materials/M_Tech_Hex_Tile.uasset" 4609
"../../../Engine/Content/Functions/MaterialLayerFunctions/MatLayerBlend_NormalBlend.uasset" 4610
"C:/24CI0412MP/Content/StarterContent/Particles/Materials/M_radial_ramp.uasset" 4611
"C:/24CI0412MP/Content/StarterContent/Materials/M_Metal_Rust.uasset" 4612
"C:/24CI0412MP/Content/StarterContent/Materials/M_Wood_Floor_Walnut_Worn.uasset" 4613
"C:/24CI0412MP/Content/StarterContent/Particles/Materials/M_Radial_Gradient.uasset" 4614
"../../../Engine/Content/Functions/MaterialLayerFunctions/MatLayerBlend_OverrideOpacity.uasset" 4615
"C:/24CI0412MP/Content/Satou/Stylized_PBR_Nature/Foliage/Materials/M_Foliage_Master.uasset" 4616
"C:/24CI0412MP/Content/StarterContent/Materials/M_ColorGrid_LowSpec.uasset" 4617
"C:/24CI0412MP/Content/Characters/MannequinsXR/Animations/A_MannequinsXR_ThumbUp_Right.uasset" 4618
"C:/24CI0412MP/Content/Characters/MannequinsXR/Animations/A_MannequinsXR_Point_Right.uasset" 4619
"C:/24CI0412MP/Content/Characters/MannequinsXR/Animations/A_MannequinsXR_IndexCurl_Right.uasset" 4620
"C:/24CI0412MP/Content/Characters/MannequinsXR/Animations/A_MannequinsXR_Idle_Right.uasset" 4621
"C:/24CI0412MP/Content/Characters/MannequinsXR/Animations/A_MannequinsXR_Grasp_Right.uasset" 4622
"../../../Engine/Content/EngineSky/M_Sky_Panning_Clouds2.uasset" 4623
"../../../Engine/Content/EngineMaterials/AntiAliasedTextMaterialTranslucent.uasset" 4624
"../../../Engine/Content/VREditor/Devices/Generic/GenericHMD.uasset" 4625
"C:/24CI0412MP/Content/StarterContent/Blueprints/Assets/M_LightStage_Skybox_Master.uasset" 4626
"../../../Engine/Content/EditorMeshes/SkeletalMesh/DefaultSkeletalMesh.uasset" 4627
"C:/24CI0412MP/Content/Mediterranean_Coast/Materials/Material_Functions/MF_PlayerInteraction.uasset" 4628
"../../../Engine/Content/EditorMeshes/ColorCalibrator/M_ColorGrid.uasset" 4629
"../../../Engine/Content/Functions/Engine_MaterialFunctions03/Blends/Blend_Overlay.uasset" 4630
"../../../Engine/Content/EditorMaterials/MatineeCam_mat.uasset" 4631
"../../../Engine/Content/EngineMaterials/Substrate/Volume/SubstrateSimpleVolumeEnvLUT2D.uasset" 4632
"../../../Engine/Content/VREditor/BasicMeshes/M_Floor_01.uasset" 4633
"../../../Engine/Content/EngineMaterials/Substrate/Volume/SubstrateSimpleVolumeLUT2D.uasset" 4634
"C:/24CI0412MP/Content/Satou/Stylized_PBR_Nature/Terrain/M_Landscape.uasset" 4635
"../../../Engine/Content/EngineMaterials/Substrate/Glints2/dict_0000_0000.uasset" 4636
"../../../Engine/Content/EngineMaterials/Substrate/Glints2/dict_0000_0001.uasset" 4637
"../../../Engine/Content/EngineMaterials/Substrate/Glints2/dict_0000_0002.uasset" 4638
"../../../Engine/Content/EngineMaterials/Substrate/Glints2/dict_0000_0003.uasset" 4639
"../../../Engine/Content/EngineMaterials/Substrate/Glints2/dict_0000_0004.uasset" 4640
"../../../../../../24CI0412MP/Content/StarterContent/Maps/Advanced_Lighting_BuiltData.uasset" 4641
"../../../Engine/Content/EngineMaterials/Substrate/Glints2/dict_0000_0005.uasset" 4642
"../../../Engine/Content/EngineMaterials/Substrate/Glints2/dict_0000_0006.uasset" 4643
"../../../Engine/Content/EngineMaterials/Substrate/Glints2/dict_0000_0007.uasset" 4644
"../../../Engine/Content/EngineMaterials/Substrate/Glints2/dict_0000_0008.uasset" 4645
"../../../Engine/Content/EngineMaterials/Substrate/Glints2/dict_0000_0009.uasset" 4646
"../../../Engine/Content/EngineMaterials/Substrate/Glints2/dict_0000_0010.uasset" 4647
"../../../Engine/Content/EngineMaterials/Substrate/Glints2/dict_0000_0011.uasset" 4648
"../../../Engine/Content/EngineMaterials/Substrate/Glints2/dict_0000_0012.uasset" 4649
"../../../Engine/Content/EngineMaterials/Substrate/Glints2/dict_0000_0013.uasset" 4650
"../../../Engine/Content/EngineMaterials/Substrate/Glints2/dict_0000_0014.uasset" 4651
"../../../Engine/Content/EngineMaterials/Substrate/Glints2/dict_0000_0015.uasset" 4652
"../../../Engine/Content/EngineMaterials/Substrate/Glints2/dict_0000_0016.uasset" 4653
"../../../Engine/Content/EngineMaterials/Substrate/Glints2/dict_0000_0017.uasset" 4654
"../../../Engine/Content/EngineMaterials/Substrate/Glints2/dict_0000_0018.uasset" 4655
"../../../Engine/Content/EngineMaterials/Substrate/Glints2/dict_0000_0019.uasset" 4656
"../../../Engine/Content/EngineMaterials/Substrate/Glints2/dict_0000_0020.uasset" 4657
"../../../Engine/Content/EngineMaterials/Substrate/Glints2/dict_0000_0021.uasset" 4658
"../../../Engine/Content/EngineMaterials/Substrate/Glints2/dict_0000_0022.uasset" 4659
"../../../Engine/Content/EngineMaterials/Substrate/Glints2/dict_0000_0023.uasset" 4660
"../../../Engine/Content/EngineMaterials/Substrate/Glints2/dict_0000_0024.uasset" 4661
"../../../Engine/Content/EngineMaterials/Substrate/Glints2/dict_0000_0025.uasset" 4662
"../../../Engine/Content/EngineMaterials/Substrate/Glints2/dict_0000_0026.uasset" 4663
"../../../Engine/Content/EngineMaterials/Substrate/Glints2/dict_0000_0027.uasset" 4664
"../../../Engine/Content/EngineMaterials/Substrate/Glints2/dict_0000_0028.uasset" 4665
"../../../../../../24CI0412MP/Content/StarterContent/Architecture/Floor_400x400.uasset" 4666
"../../../Engine/Content/EngineMaterials/Substrate/Glints2/dict_0000_0029.uasset" 4667
"../../../Engine/Content/EngineMaterials/Substrate/Glints2/dict_0000_0030.uasset" 4668
"../../../Engine/Content/EngineMaterials/Substrate/Glints2/dict_0000_0031.uasset" 4669
"../../../Engine/Content/EngineMaterials/Substrate/Glints2/dict_0000_0032.uasset" 4670
"../../../Engine/Content/EngineMaterials/Substrate/Glints2/dict_0000_0033.uasset" 4671
"../../../Engine/Content/EngineMaterials/Substrate/Glints2/dict_0000_0034.uasset" 4672
"../../../Engine/Content/EngineMaterials/Substrate/Glints2/dict_0000_0035.uasset" 4673
"../../../Engine/Content/EngineMaterials/Substrate/Glints2/dict_0000_0036.uasset" 4674
"../../../Engine/Content/EngineMaterials/Substrate/Glints2/dict_0000_0037.uasset" 4675
"../../../Engine/Content/EngineMaterials/Substrate/Glints2/dict_0000_0038.uasset" 4676
"../../../Engine/Content/EngineMaterials/Substrate/Glints2/dict_0000_0039.uasset" 4677
"../../../Engine/Content/EngineMaterials/Substrate/Glints2/dict_0000_0040.uasset" 4678
"../../../Engine/Content/EngineMaterials/Substrate/Glints2/dict_0000_0041.uasset" 4679
"../../../Engine/Content/EngineMaterials/Substrate/Glints2/dict_0000_0042.uasset" 4680
"../../../Engine/Content/EngineMaterials/Substrate/Glints2/dict_0000_0043.uasset" 4681
"../../../Engine/Content/EngineMaterials/Substrate/Glints2/dict_0000_0044.uasset" 4682
"../../../Engine/Content/EngineMaterials/Substrate/Glints2/dict_0000_0045.uasset" 4683
"../../../Engine/Content/EngineMaterials/Substrate/Glints2/dict_0000_0046.uasset" 4684
"../../../Engine/Content/EngineMaterials/Substrate/Glints2/dict_0000_0047.uasset" 4685
"../../../Engine/Content/EngineMaterials/Substrate/Glints2/dict_0000_0048.uasset" 4686
"../../../Engine/Content/EngineMaterials/Substrate/Glints2/dict_0000_0049.uasset" 4687
"../../../Engine/Content/EngineMaterials/Substrate/Glints2/dict_0000_0050.uasset" 4688
"../../../Engine/Content/EngineMaterials/Substrate/Glints2/dict_0000_0051.uasset" 4689
"../../../Engine/Content/EngineMaterials/Substrate/Glints2/dict_0000_0052.uasset" 4690
"../../../Engine/Content/EngineMaterials/Substrate/Glints2/dict_0000_0053.uasset" 4691
"../../../Engine/Content/EngineMaterials/Substrate/Glints2/dict_0000_0054.uasset" 4692
"../../../Engine/Content/EngineMaterials/Substrate/Glints2/dict_0000_0055.uasset" 4693
"../../../Engine/Content/EngineMaterials/Substrate/Glints2/dict_0000_0056.uasset" 4694
"../../../Engine/Content/EngineMaterials/Substrate/Glints2/dict_0000_0057.uasset" 4695
"../../../Engine/Content/EngineMaterials/Substrate/Glints2/dict_0000_0058.uasset" 4696
"../../../Engine/Content/EngineMaterials/Substrate/Glints2/dict_0000_0059.uasset" 4697
"../../../Engine/Content/EngineMaterials/Substrate/Glints2/dict_0000_0060.uasset" 4698
"../../../Engine/Content/EngineMaterials/Substrate/Glints2/dict_0000_0061.uasset" 4699
"../../../Engine/Content/EngineMaterials/Substrate/Glints2/dict_0000_0062.uasset" 4700
"../../../Engine/Content/EngineMaterials/Substrate/Glints2/dict_0000_0063.uasset" 4701
"../../../Engine/Content/EngineMaterials/Substrate/Glints2/dict_0000_0064.uasset" 4702
"../../../Engine/Content/EngineMaterials/Substrate/Glints2/dict_0000_0065.uasset" 4703
"../../../Engine/Content/EngineMaterials/Substrate/Glints2/dict_0000_0066.uasset" 4704
"../../../Engine/Content/EngineMaterials/Substrate/Glints2/dict_0000_0067.uasset" 4705
"../../../Engine/Content/EngineMaterials/Substrate/Glints2/dict_0000_0068.uasset" 4706
"../../../Engine/Content/EngineMaterials/Substrate/Glints2/dict_0000_0069.uasset" 4707
"../../../Engine/Content/EngineMaterials/Substrate/Glints2/dict_0000_0070.uasset" 4708
"../../../Engine/Content/EngineMaterials/Substrate/Glints2/dict_0000_0071.uasset" 4709
"../../../Engine/Content/EngineMaterials/Substrate/Glints2/dict_0000_0072.uasset" 4710
"../../../Engine/Content/EngineMaterials/Substrate/Glints2/dict_0000_0073.uasset" 4711
"../../../Engine/Content/EngineMaterials/Substrate/Glints2/dict_0000_0074.uasset" 4712
"../../../Engine/Content/EngineMaterials/Substrate/Glints2/dict_0000_0075.uasset" 4713
"../../../Engine/Content/EngineMaterials/Substrate/Glints2/dict_0000_0076.uasset" 4714
"../../../Engine/Content/EngineMaterials/Substrate/Glints2/dict_0000_0077.uasset" 4715
"../../../Engine/Content/EngineMaterials/Substrate/Glints2/dict_0000_0078.uasset" 4716
"../../../Engine/Content/EngineMaterials/Substrate/Glints2/dict_0000_0079.uasset" 4717
"../../../Engine/Content/EngineMaterials/Substrate/Glints2/dict_0000_0080.uasset" 4718
"../../../Engine/Content/EngineMaterials/Substrate/Glints2/dict_0000_0081.uasset" 4719
"../../../Engine/Content/EngineMaterials/Substrate/Glints2/dict_0000_0082.uasset" 4720
"../../../Engine/Content/EngineMaterials/Substrate/Glints2/dict_0000_0083.uasset" 4721
"../../../Engine/Content/EngineMaterials/Substrate/Glints2/dict_0000_0084.uasset" 4722
"../../../Engine/Content/EngineMaterials/Substrate/Glints2/dict_0000_0085.uasset" 4723
"../../../Engine/Content/EngineMaterials/Substrate/Glints2/dict_0000_0086.uasset" 4724
"../../../Engine/Content/EngineMaterials/Substrate/Glints2/dict_0000_0087.uasset" 4725
"../../../Engine/Content/EngineMaterials/Substrate/Glints2/dict_0000_0088.uasset" 4726
"../../../Engine/Content/EngineMaterials/Substrate/Glints2/dict_0000_0089.uasset" 4727
"../../../Engine/Content/EngineMaterials/Substrate/Glints2/dict_0000_0090.uasset" 4728
"../../../Engine/Content/EngineMaterials/Substrate/Glints2/dict_0000_0091.uasset" 4729
"../../../../../../24CI0412MP/Content/StarterContent/HDRI/HDRI_Epic_Courtyard_Daylight.uasset" 4730
"../../../Engine/Content/EngineMaterials/Substrate/Glints2/dict_0000_0092.uasset" 4731
"../../../Engine/Content/EngineMaterials/Substrate/Glints2/dict_0000_0093.uasset" 4732
"../../../Engine/Content/EngineMaterials/Substrate/Glints2/dict_0000_0094.uasset" 4733
"../../../Engine/Content/EngineMaterials/Substrate/Glints2/dict_0000_0095.uasset" 4734
"../../../Engine/Content/EngineMaterials/Substrate/Glints2/dict_0000_0096.uasset" 4735
"../../../Engine/Content/EngineMaterials/Substrate/Glints2/dict_0000_0097.uasset" 4736
"../../../Engine/Content/EngineMaterials/Substrate/Glints2/dict_0000_0098.uasset" 4737
"../../../Engine/Content/EngineMaterials/Substrate/Glints2/dict_0000_0099.uasset" 4738
"../../../Engine/Content/EngineMaterials/Substrate/Glints2/dict_0000_0100.uasset" 4739
"../../../Engine/Content/EngineMaterials/Substrate/Glints2/dict_0000_0101.uasset" 4740
"../../../Engine/Content/EngineMaterials/Substrate/Glints2/dict_0000_0102.uasset" 4741
"../../../Engine/Content/EngineMaterials/Substrate/Glints2/dict_0000_0103.uasset" 4742
"../../../Engine/Content/EngineMaterials/Substrate/Glints2/dict_0000_0104.uasset" 4743
"../../../Engine/Content/EngineMaterials/Substrate/Glints2/dict_0000_0105.uasset" 4744
"../../../Engine/Content/EngineMaterials/Substrate/Glints2/dict_0000_0106.uasset" 4745
"../../../Engine/Content/EngineMaterials/Substrate/Glints2/dict_0000_0107.uasset" 4746
"../../../Engine/Content/EngineMaterials/Substrate/Glints2/dict_0000_0108.uasset" 4747
"../../../Engine/Content/EngineMaterials/Substrate/Glints2/dict_0000_0109.uasset" 4748
"../../../Engine/Content/EngineMaterials/Substrate/Glints2/dict_0000_0110.uasset" 4749
"../../../Engine/Content/EngineMaterials/Substrate/Glints2/dict_0000_0111.uasset" 4750
"../../../Engine/Content/EngineMaterials/Substrate/Glints2/dict_0000_0112.uasset" 4751
"../../../Engine/Content/EngineMaterials/Substrate/Glints2/dict_0000_0113.uasset" 4752
"../../../Engine/Content/EngineMaterials/Substrate/Glints2/dict_0000_0114.uasset" 4753
"../../../Engine/Content/EngineMaterials/Substrate/Glints2/dict_0000_0115.uasset" 4754
"../../../Engine/Content/EngineMaterials/Substrate/Glints2/dict_0000_0116.uasset" 4755
"../../../Engine/Content/EngineMaterials/Substrate/Glints2/dict_0000_0117.uasset" 4756
"../../../Engine/Content/EngineMaterials/Substrate/Glints2/dict_0000_0118.uasset" 4757
"../../../Engine/Content/EngineMaterials/Substrate/Glints2/dict_0000_0119.uasset" 4758
"../../../Engine/Content/EngineMaterials/Substrate/Glints2/dict_0000_0120.uasset" 4759
"../../../Engine/Content/EngineMaterials/Substrate/Glints2/dict_0000_0121.uasset" 4760
"../../../Engine/Content/EngineMaterials/Substrate/Glints2/dict_0000_0122.uasset" 4761
"../../../Engine/Content/EngineMaterials/Substrate/Glints2/dict_0000_0123.uasset" 4762
"../../../Engine/Content/EngineMaterials/Substrate/Glints2/dict_0000_0124.uasset" 4763
"../../../Engine/Content/EngineMaterials/Substrate/Glints2/dict_0000_0125.uasset" 4764
"../../../Engine/Content/EngineMaterials/Substrate/Glints2/dict_0000_0126.uasset" 4765
"../../../Engine/Content/EngineMaterials/Substrate/Glints2/dict_0000_0127.uasset" 4766
"../../../Engine/Content/EngineMaterials/Substrate/Glints2/dict_0000_0128.uasset" 4767
"../../../Engine/Content/EngineMaterials/Substrate/Glints2/dict_0000_0129.uasset" 4768
"../../../Engine/Content/EngineMaterials/Substrate/Glints2/dict_0000_0130.uasset" 4769
"../../../Engine/Content/EngineMaterials/Substrate/Glints2/dict_0000_0131.uasset" 4770
"../../../Engine/Content/EngineMaterials/Substrate/Glints2/dict_0000_0132.uasset" 4771
"../../../Engine/Content/EngineMaterials/Substrate/Glints2/dict_0000_0133.uasset" 4772
"../../../Engine/Content/EngineMaterials/Substrate/Glints2/dict_0000_0134.uasset" 4773
"../../../Engine/Content/EngineMaterials/Substrate/Glints2/dict_0000_0135.uasset" 4774
"../../../Engine/Content/EngineMaterials/Substrate/Glints2/dict_0000_0136.uasset" 4775
"../../../Engine/Content/EngineMaterials/Substrate/Glints2/dict_0000_0137.uasset" 4776
"../../../Engine/Content/EngineMaterials/Substrate/Glints2/dict_0000_0138.uasset" 4777
"../../../Engine/Content/EngineMaterials/Substrate/Glints2/dict_0000_0139.uasset" 4778
"../../../Engine/Content/EngineMaterials/Substrate/Glints2/dict_0000_0140.uasset" 4779
"../../../Engine/Content/EngineMaterials/Substrate/Glints2/dict_0000_0141.uasset" 4780
"../../../Engine/Content/EngineMaterials/Substrate/Glints2/dict_0000_0142.uasset" 4781
"../../../Engine/Content/EngineMaterials/Substrate/Glints2/dict_0000_0143.uasset" 4782
"../../../Engine/Content/EngineMaterials/Substrate/Glints2/dict_0000_0144.uasset" 4783
"../../../Engine/Content/EngineMaterials/Substrate/Glints2/dict_0000_0145.uasset" 4784
"../../../Engine/Content/EngineMaterials/Substrate/Glints2/dict_0000_0146.uasset" 4785
"../../../Engine/Content/EngineMaterials/Substrate/Glints2/dict_0000_0147.uasset" 4786
"../../../Engine/Content/EngineMaterials/Substrate/Glints2/dict_0000_0148.uasset" 4787
"../../../Engine/Content/EngineMaterials/Substrate/Glints2/dict_0000_0149.uasset" 4788
"../../../Engine/Content/EngineMaterials/Substrate/Glints2/dict_0000_0150.uasset" 4789
"../../../Engine/Content/EngineMaterials/Substrate/Glints2/dict_0000_0151.uasset" 4790
"../../../Engine/Content/EngineMaterials/Substrate/Glints2/dict_0000_0152.uasset" 4791
"../../../Engine/Content/EngineMaterials/Substrate/Glints2/dict_0000_0153.uasset" 4792
"../../../Engine/Content/EngineMaterials/Substrate/Glints2/dict_0000_0154.uasset" 4793
"../../../Engine/Content/EngineMaterials/Substrate/Glints2/dict_0000_0155.uasset" 4794
"../../../Engine/Content/EngineMaterials/Substrate/Glints2/dict_0000_0156.uasset" 4795
"../../../Engine/Content/EngineMaterials/Substrate/Glints2/dict_0000_0157.uasset" 4796
"../../../Engine/Content/EngineMaterials/Substrate/Glints2/dict_0000_0158.uasset" 4797
"../../../Engine/Content/EngineMaterials/Substrate/Glints2/dict_0000_0159.uasset" 4798
"../../../Engine/Content/EngineMaterials/Substrate/Glints2/dict_0000_0160.uasset" 4799
"../../../Engine/Content/EngineMaterials/Substrate/Glints2/dict_0000_0161.uasset" 4800
"../../../Engine/Content/EngineMaterials/Substrate/Glints2/dict_0000_0162.uasset" 4801
"../../../Engine/Content/EngineMaterials/Substrate/Glints2/dict_0000_0163.uasset" 4802
"../../../Engine/Content/EngineMaterials/Substrate/Glints2/dict_0000_0164.uasset" 4803
"../../../Engine/Content/EngineMaterials/Substrate/Glints2/dict_0000_0165.uasset" 4804
"../../../Engine/Content/EngineMaterials/Substrate/Glints2/dict_0000_0166.uasset" 4805
"../../../Engine/Content/EngineMaterials/Substrate/Glints2/dict_0000_0167.uasset" 4806
"../../../Engine/Content/EngineMaterials/Substrate/Glints2/dict_0000_0168.uasset" 4807
"../../../Engine/Content/EngineMaterials/Substrate/Glints2/dict_0000_0169.uasset" 4808
"../../../Engine/Content/EngineMaterials/Substrate/Glints2/dict_0000_0170.uasset" 4809
"../../../Engine/Content/EngineMaterials/Substrate/Glints2/dict_0000_0171.uasset" 4810
"../../../Engine/Content/EngineMaterials/Substrate/Glints2/dict_0000_0172.uasset" 4811
"../../../Engine/Content/EngineMaterials/Substrate/Glints2/dict_0000_0173.uasset" 4812
"../../../Engine/Content/EngineMaterials/Substrate/Glints2/dict_0000_0174.uasset" 4813
"../../../Engine/Content/EngineMaterials/Substrate/Glints2/dict_0000_0175.uasset" 4814
"../../../Engine/Content/EngineMaterials/Substrate/Glints2/dict_0000_0176.uasset" 4815
"../../../Engine/Content/EngineMaterials/Substrate/Glints2/dict_0000_0177.uasset" 4816
"../../../Engine/Content/EngineMaterials/Substrate/Glints2/dict_0000_0178.uasset" 4817
"../../../Engine/Content/EngineMaterials/Substrate/Glints2/dict_0000_0179.uasset" 4818
"../../../Engine/Content/EngineMaterials/Substrate/Glints2/dict_0000_0180.uasset" 4819
"../../../Engine/Content/EngineMaterials/Substrate/Glints2/dict_0000_0181.uasset" 4820
"../../../Engine/Content/EngineMaterials/Substrate/Glints2/dict_0000_0182.uasset" 4821
"../../../Engine/Content/EngineMaterials/Substrate/Glints2/dict_0000_0183.uasset" 4822
"../../../Engine/Content/EngineMaterials/Substrate/Glints2/dict_0000_0184.uasset" 4823
"../../../Engine/Content/EngineMaterials/Substrate/Glints2/dict_0000_0185.uasset" 4824
"../../../Engine/Content/EngineMaterials/Substrate/Glints2/dict_0000_0186.uasset" 4825
"../../../Engine/Content/EngineMaterials/Substrate/Glints2/dict_0000_0187.uasset" 4826
"../../../Engine/Content/EngineMaterials/Substrate/Glints2/dict_0000_0188.uasset" 4827
"../../../Engine/Content/EngineMaterials/Substrate/Glints2/dict_0000_0189.uasset" 4828
"../../../Engine/Content/EngineMaterials/Substrate/Glints2/dict_0000_0190.uasset" 4829
"../../../Engine/Content/EngineMaterials/Substrate/Glints2/dict_0000_0191.uasset" 4830
"../../../Engine/Content/EngineMaterials/Substrate/Glints2/dict_0000_0192.uasset" 4831
"../../../Engine/Content/EngineMaterials/Substrate/Glints2/dict_0000_0193.uasset" 4832
"../../../Engine/Content/EngineMaterials/Substrate/Glints2/dict_0000_0194.uasset" 4833
"../../../Engine/Content/EngineMaterials/Substrate/Glints2/dict_0000_0195.uasset" 4834
"../../../Engine/Content/EngineMaterials/Substrate/Glints2/dict_0000_0196.uasset" 4835
"../../../Engine/Content/EngineMaterials/Substrate/Glints2/dict_0000_0197.uasset" 4836
"../../../Engine/Content/EngineMaterials/Substrate/Glints2/dict_0000_0198.uasset" 4837
"../../../Engine/Content/EngineMaterials/Substrate/Glints2/dict_0000_0199.uasset" 4838
"../../../Engine/Content/EngineMaterials/Substrate/Glints2/dict_0000_0200.uasset" 4839
"../../../Engine/Content/EngineMaterials/Substrate/Glints2/dict_0000_0201.uasset" 4840
"../../../Engine/Content/EngineMaterials/Substrate/Glints2/dict_0000_0202.uasset" 4841
"../../../Engine/Content/EngineMaterials/Substrate/Glints2/dict_0000_0203.uasset" 4842
"../../../Engine/Content/EngineMaterials/Substrate/Glints2/dict_0000_0204.uasset" 4843
"../../../Engine/Content/EngineMaterials/Substrate/Glints2/dict_0000_0205.uasset" 4844
"../../../Engine/Content/EngineMaterials/Substrate/Glints2/dict_0000_0206.uasset" 4845
"../../../Engine/Content/EngineMaterials/Substrate/Glints2/dict_0000_0207.uasset" 4846
"../../../Engine/Content/EngineMaterials/Substrate/Glints2/dict_0000_0208.uasset" 4847
"../../../Engine/Content/EngineMaterials/Substrate/Glints2/dict_0000_0209.uasset" 4848
"../../../Engine/Content/EngineMaterials/Substrate/Glints2/dict_0000_0210.uasset" 4849
"../../../Engine/Content/EngineMaterials/Substrate/Glints2/dict_0000_0211.uasset" 4850
"../../../Engine/Content/EngineMaterials/Substrate/Glints2/dict_0000_0212.uasset" 4851
"../../../Engine/Content/EngineMaterials/Substrate/Glints2/dict_0000_0213.uasset" 4852
"../../../Engine/Content/EngineMaterials/Substrate/Glints2/dict_0000_0214.uasset" 4853
"../../../Engine/Content/EngineMaterials/Substrate/Glints2/dict_0000_0215.uasset" 4854
"../../../Engine/Content/EngineMaterials/Substrate/Glints2/dict_0000_0216.uasset" 4855
"../../../Engine/Content/EngineMaterials/Substrate/Glints2/dict_0000_0217.uasset" 4856
"../../../Engine/Content/EngineMaterials/Substrate/Glints2/dict_0000_0218.uasset" 4857
"../../../Engine/Content/EngineMaterials/Substrate/Glints2/dict_0000_0219.uasset" 4858
"../../../Engine/Content/EngineMaterials/Substrate/Glints2/dict_0000_0220.uasset" 4859
"../../../Engine/Content/EngineMaterials/Substrate/Glints2/dict_0000_0221.uasset" 4860
"../../../Engine/Content/EngineMaterials/Substrate/Glints2/dict_0000_0222.uasset" 4861
"../../../Engine/Content/EngineMaterials/Substrate/Glints2/dict_0000_0223.uasset" 4862
"../../../Engine/Content/EngineMaterials/Substrate/Glints2/dict_0000_0224.uasset" 4863
"../../../Engine/Content/EngineMaterials/Substrate/Glints2/dict_0000_0225.uasset" 4864
"../../../Engine/Content/EngineMaterials/Substrate/Glints2/dict_0000_0226.uasset" 4865
"../../../Engine/Content/EngineMaterials/Substrate/Glints2/dict_0000_0227.uasset" 4866
"../../../Engine/Content/EngineMaterials/Substrate/Glints2/dict_0000_0228.uasset" 4867
"../../../Engine/Content/EngineMaterials/Substrate/Glints2/dict_0000_0229.uasset" 4868
"../../../Engine/Content/EngineMaterials/Substrate/Glints2/dict_0000_0230.uasset" 4869
"../../../Engine/Content/EngineMaterials/Substrate/Glints2/dict_0000_0231.uasset" 4870
"../../../Engine/Content/EngineMaterials/Substrate/Glints2/dict_0000_0232.uasset" 4871
"../../../Engine/Content/EngineMaterials/Substrate/Glints2/dict_0000_0233.uasset" 4872
"../../../Engine/Content/EngineMaterials/Substrate/Glints2/dict_0000_0234.uasset" 4873
"../../../Engine/Content/EngineMaterials/Substrate/Glints2/dict_0000_0235.uasset" 4874
"../../../Engine/Content/EngineMaterials/Substrate/Glints2/dict_0000_0236.uasset" 4875
"../../../Engine/Content/EngineMaterials/Substrate/Glints2/dict_0000_0237.uasset" 4876
"../../../Engine/Content/EngineMaterials/Substrate/Glints2/dict_0000_0238.uasset" 4877
"../../../Engine/Content/EngineMaterials/Substrate/Glints2/dict_0000_0239.uasset" 4878
"../../../Engine/Content/EngineMaterials/Substrate/Glints2/dict_0000_0240.uasset" 4879
"../../../Engine/Content/EngineMaterials/Substrate/Glints2/dict_0000_0241.uasset" 4880
"../../../Engine/Content/EngineMaterials/Substrate/Glints2/dict_0000_0242.uasset" 4881
"../../../Engine/Content/EngineMaterials/Substrate/Glints2/dict_0000_0243.uasset" 4882
"../../../Engine/Content/EngineMaterials/Substrate/Glints2/dict_0000_0244.uasset" 4883
"../../../Engine/Content/EngineMaterials/Substrate/Glints2/dict_0000_0245.uasset" 4884
"../../../Engine/Content/EngineMaterials/Substrate/Glints2/dict_0000_0246.uasset" 4885
"../../../Engine/Content/EngineMaterials/Substrate/Glints2/dict_0000_0247.uasset" 4886
"../../../Engine/Content/EngineMaterials/Substrate/Glints2/dict_0000_0248.uasset" 4887
"../../../Engine/Content/EngineMaterials/Substrate/Glints2/dict_0000_0249.uasset" 4888
"../../../Engine/Content/EngineMaterials/Substrate/Glints2/dict_0000_0250.uasset" 4889
"../../../Engine/Content/EngineMaterials/Substrate/Glints2/dict_0000_0251.uasset" 4890
"../../../Engine/Content/EngineMaterials/Substrate/Glints2/dict_0000_0252.uasset" 4891
"../../../Engine/Content/EngineMaterials/Substrate/Glints2/dict_0000_0253.uasset" 4892
"../../../Engine/Content/EngineMaterials/Substrate/Glints2/dict_0000_0254.uasset" 4893
"../../../Engine/Content/EngineMaterials/Substrate/Glints2/dict_0000_0255.uasset" 4894
"../../../Engine/Content/EngineMaterials/Substrate/Glints2/dict_0001_0000.uasset" 4895
"../../../Engine/Content/EngineMaterials/Substrate/Glints2/dict_0001_0001.uasset" 4896
"../../../Engine/Content/EngineMaterials/Substrate/Glints2/dict_0001_0002.uasset" 4897
"../../../Engine/Content/EngineMaterials/Substrate/Glints2/dict_0001_0003.uasset" 4898
"../../../Engine/Content/EngineMaterials/Substrate/Glints2/dict_0001_0004.uasset" 4899
"../../../Engine/Content/EngineMaterials/Substrate/Glints2/dict_0001_0005.uasset" 4900
"../../../Engine/Content/EngineMaterials/Substrate/Glints2/dict_0001_0006.uasset" 4901
"../../../Engine/Content/EngineMaterials/Substrate/Glints2/dict_0001_0007.uasset" 4902
"../../../Engine/Content/EngineMaterials/Substrate/Glints2/dict_0001_0008.uasset" 4903
"../../../Engine/Content/EngineMaterials/Substrate/Glints2/dict_0001_0009.uasset" 4904
"../../../Engine/Content/EngineMaterials/Substrate/Glints2/dict_0001_0010.uasset" 4905
"../../../Engine/Content/EngineMaterials/Substrate/Glints2/dict_0001_0011.uasset" 4906
"../../../Engine/Content/EngineMaterials/Substrate/Glints2/dict_0001_0012.uasset" 4907
"../../../Engine/Content/EngineMaterials/Substrate/Glints2/dict_0001_0013.uasset" 4908
"../../../Engine/Content/EngineMaterials/Substrate/Glints2/dict_0001_0014.uasset" 4909
"../../../Engine/Content/EngineMaterials/Substrate/Glints2/dict_0001_0015.uasset" 4910
"../../../Engine/Content/EngineMaterials/Substrate/Glints2/dict_0001_0016.uasset" 4911
"../../../Engine/Content/EngineMaterials/Substrate/Glints2/dict_0001_0017.uasset" 4912
"../../../Engine/Content/EngineMaterials/Substrate/Glints2/dict_0001_0018.uasset" 4913
"../../../Engine/Content/EngineMaterials/Substrate/Glints2/dict_0001_0019.uasset" 4914
"../../../Engine/Content/EngineMaterials/Substrate/Glints2/dict_0001_0020.uasset" 4915
"../../../Engine/Content/EngineMaterials/Substrate/Glints2/dict_0001_0021.uasset" 4916
"../../../Engine/Content/EngineMaterials/Substrate/Glints2/dict_0001_0022.uasset" 4917
"../../../Engine/Content/EngineMaterials/Substrate/Glints2/dict_0001_0023.uasset" 4918
"../../../Engine/Content/EngineMaterials/Substrate/Glints2/dict_0001_0024.uasset" 4919
"../../../Engine/Content/EngineMaterials/Substrate/Glints2/dict_0001_0025.uasset" 4920
"../../../Engine/Content/EngineMaterials/Substrate/Glints2/dict_0001_0026.uasset" 4921
"../../../Engine/Content/EngineMaterials/Substrate/Glints2/dict_0001_0027.uasset" 4922
"../../../Engine/Content/EngineMaterials/Substrate/Glints2/dict_0001_0028.uasset" 4923
"../../../Engine/Content/EngineMaterials/Substrate/Glints2/dict_0001_0029.uasset" 4924
"../../../Engine/Content/EngineMaterials/Substrate/Glints2/dict_0001_0030.uasset" 4925
"../../../Engine/Content/EngineMaterials/Substrate/Glints2/dict_0001_0031.uasset" 4926
"../../../Engine/Content/EngineMaterials/Substrate/Glints2/dict_0001_0032.uasset" 4927
"../../../Engine/Content/EngineMaterials/Substrate/Glints2/dict_0001_0033.uasset" 4928
"../../../Engine/Content/EngineMaterials/Substrate/Glints2/dict_0001_0034.uasset" 4929
"../../../Engine/Content/EngineMaterials/Substrate/Glints2/dict_0001_0035.uasset" 4930
"../../../Engine/Content/EngineMaterials/Substrate/Glints2/dict_0001_0036.uasset" 4931
"../../../Engine/Content/EngineMaterials/Substrate/Glints2/dict_0001_0037.uasset" 4932
"../../../Engine/Content/EngineMaterials/Substrate/Glints2/dict_0001_0038.uasset" 4933
"../../../Engine/Content/EngineMaterials/Substrate/Glints2/dict_0001_0039.uasset" 4934
"../../../Engine/Content/EngineMaterials/Substrate/Glints2/dict_0001_0040.uasset" 4935
"../../../Engine/Content/EngineMaterials/Substrate/Glints2/dict_0001_0041.uasset" 4936
"../../../Engine/Content/EngineMaterials/Substrate/Glints2/dict_0001_0042.uasset" 4937
"../../../Engine/Content/EngineMaterials/Substrate/Glints2/dict_0001_0043.uasset" 4938
"../../../Engine/Content/EngineMaterials/Substrate/Glints2/dict_0001_0044.uasset" 4939
"../../../Engine/Content/EngineMaterials/Substrate/Glints2/dict_0001_0045.uasset" 4940
"../../../Engine/Content/EngineMaterials/Substrate/Glints2/dict_0001_0046.uasset" 4941
"../../../Engine/Content/EngineMaterials/Substrate/Glints2/dict_0001_0047.uasset" 4942
"../../../Engine/Content/EngineMaterials/Substrate/Glints2/dict_0001_0048.uasset" 4943
"../../../Engine/Content/EngineMaterials/Substrate/Glints2/dict_0001_0049.uasset" 4944
"../../../Engine/Content/EngineMaterials/Substrate/Glints2/dict_0001_0050.uasset" 4945
"../../../Engine/Content/EngineMaterials/Substrate/Glints2/dict_0001_0051.uasset" 4946
"../../../Engine/Content/EngineMaterials/Substrate/Glints2/dict_0001_0052.uasset" 4947
"../../../Engine/Content/EngineMaterials/Substrate/Glints2/dict_0001_0053.uasset" 4948
"../../../Engine/Content/EngineMaterials/Substrate/Glints2/dict_0001_0054.uasset" 4949
"../../../Engine/Content/EngineMaterials/Substrate/Glints2/dict_0001_0055.uasset" 4950
"../../../Engine/Content/EngineMaterials/Substrate/Glints2/dict_0001_0056.uasset" 4951
"../../../Engine/Content/EngineMaterials/Substrate/Glints2/dict_0001_0057.uasset" 4952
"../../../Engine/Content/EngineMaterials/Substrate/Glints2/dict_0001_0058.uasset" 4953
"../../../Engine/Content/EngineMaterials/Substrate/Glints2/dict_0001_0059.uasset" 4954
"../../../Engine/Content/EngineMaterials/Substrate/Glints2/dict_0001_0060.uasset" 4955
"../../../Engine/Content/EngineMaterials/Substrate/Glints2/dict_0001_0061.uasset" 4956
"../../../../../../24CI0412MP/Content/CreateAsetts_CG/UE5_File/Magic/T_Eye_BaseColor.uasset" 4957
"../../../Engine/Content/EngineMaterials/Substrate/Glints2/dict_0001_0062.uasset" 4958
"../../../../../../24CI0412MP/Content/CreateAsetts_CG/UE5_File/Magic/T_Body_Normal.uasset" 4959
"../../../../../../24CI0412MP/Content/CreateAsetts_CG/UE5_File/Magic/T_Body_BaseColor.uasset" 4960
"../../../Engine/Content/EngineMaterials/Substrate/Glints2/dict_0001_0063.uasset" 4961
"../../../Engine/Content/EngineMaterials/Substrate/Glints2/dict_0001_0064.uasset" 4962
"../../../Engine/Content/EngineMaterials/Substrate/Glints2/dict_0001_0065.uasset" 4963
"../../../Engine/Content/EngineMaterials/Substrate/Glints2/dict_0001_0066.uasset" 4964
"../../../Engine/Content/EngineMaterials/Substrate/Glints2/dict_0001_0067.uasset" 4965
"../../../Engine/Content/EngineMaterials/Substrate/Glints2/dict_0001_0068.uasset" 4966
"../../../Engine/Content/EngineMaterials/Substrate/Glints2/dict_0001_0069.uasset" 4967
"../../../Engine/Content/EngineMaterials/Substrate/Glints2/dict_0001_0070.uasset" 4968
"../../../Engine/Content/EngineMaterials/Substrate/Glints2/dict_0001_0071.uasset" 4969
"../../../Engine/Content/EngineMaterials/Substrate/Glints2/dict_0001_0072.uasset" 4970
"../../../Engine/Content/EngineMaterials/Substrate/Glints2/dict_0001_0073.uasset" 4971
"../../../Engine/Content/EngineMaterials/Substrate/Glints2/dict_0001_0074.uasset" 4972
"../../../Engine/Content/EngineMaterials/Substrate/Glints2/dict_0001_0075.uasset" 4973
"../../../Engine/Content/EngineMaterials/Substrate/Glints2/dict_0001_0076.uasset" 4974
"../../../Engine/Content/EngineMaterials/Substrate/Glints2/dict_0001_0077.uasset" 4975
"../../../Engine/Content/EngineMaterials/Substrate/Glints2/dict_0001_0078.uasset" 4976
"../../../Engine/Content/EngineMaterials/Substrate/Glints2/dict_0001_0079.uasset" 4977
"../../../Engine/Content/EngineMaterials/Substrate/Glints2/dict_0001_0080.uasset" 4978
"../../../Engine/Content/EngineMaterials/Substrate/Glints2/dict_0001_0081.uasset" 4979
"../../../Engine/Content/EngineMaterials/Substrate/Glints2/dict_0001_0082.uasset" 4980
"../../../Engine/Content/EngineMaterials/Substrate/Glints2/dict_0001_0083.uasset" 4981
"../../../Engine/Content/EngineMaterials/Substrate/Glints2/dict_0001_0084.uasset" 4982
"../../../Engine/Content/EngineMaterials/Substrate/Glints2/dict_0001_0085.uasset" 4983
"../../../Engine/Content/EngineMaterials/Substrate/Glints2/dict_0001_0086.uasset" 4984
"../../../Engine/Content/EngineMaterials/Substrate/Glints2/dict_0001_0087.uasset" 4985
"../../../Engine/Content/EngineMaterials/Substrate/Glints2/dict_0001_0088.uasset" 4986
"../../../Engine/Content/EngineMaterials/Substrate/Glints2/dict_0001_0089.uasset" 4987
"../../../Engine/Content/EngineMaterials/Substrate/Glints2/dict_0001_0090.uasset" 4988
"../../../Engine/Content/EngineMaterials/Substrate/Glints2/dict_0001_0091.uasset" 4989
"../../../Engine/Content/EngineMaterials/Substrate/Glints2/dict_0001_0092.uasset" 4990
"../../../Engine/Content/EngineMaterials/Substrate/Glints2/dict_0001_0093.uasset" 4991
"../../../Engine/Content/EngineMaterials/Substrate/Glints2/dict_0001_0094.uasset" 4992
"../../../Engine/Content/EngineMaterials/Substrate/Glints2/dict_0001_0095.uasset" 4993
"../../../Engine/Content/EngineMaterials/Substrate/Glints2/dict_0001_0096.uasset" 4994
"../../../Engine/Content/EngineMaterials/Substrate/Glints2/dict_0001_0097.uasset" 4995
"../../../Engine/Content/EngineMaterials/Substrate/Glints2/dict_0001_0098.uasset" 4996
"../../../Engine/Content/EngineMaterials/Substrate/Glints2/dict_0001_0099.uasset" 4997
"../../../Engine/Content/EngineMaterials/Substrate/Glints2/dict_0001_0100.uasset" 4998
"../../../Engine/Content/EngineMaterials/Substrate/Glints2/dict_0001_0101.uasset" 4999
"../../../Engine/Content/EngineMaterials/Substrate/Glints2/dict_0001_0102.uasset" 5000
"../../../Engine/Content/EngineMaterials/Substrate/Glints2/dict_0001_0103.uasset" 5001
"../../../Engine/Content/EngineMaterials/Substrate/Glints2/dict_0001_0104.uasset" 5002
"../../../Engine/Content/EngineMaterials/Substrate/Glints2/dict_0001_0105.uasset" 5003
"../../../Engine/Content/EngineMaterials/Substrate/Glints2/dict_0001_0106.uasset" 5004
"../../../Engine/Content/EngineMaterials/Substrate/Glints2/dict_0001_0107.uasset" 5005
"../../../Engine/Content/EngineMaterials/Substrate/Glints2/dict_0001_0108.uasset" 5006
"../../../Engine/Content/EngineMaterials/Substrate/Glints2/dict_0001_0109.uasset" 5007
"../../../Engine/Content/EngineMaterials/Substrate/Glints2/dict_0001_0110.uasset" 5008
"../../../Engine/Content/EngineMaterials/Substrate/Glints2/dict_0001_0111.uasset" 5009
"../../../Engine/Content/EngineMaterials/Substrate/Glints2/dict_0001_0112.uasset" 5010
"../../../Engine/Content/EngineMaterials/Substrate/Glints2/dict_0001_0113.uasset" 5011
"../../../Engine/Content/EngineMaterials/Substrate/Glints2/dict_0001_0114.uasset" 5012
"../../../Engine/Content/EngineMaterials/Substrate/Glints2/dict_0001_0115.uasset" 5013
"../../../Engine/Content/EngineMaterials/Substrate/Glints2/dict_0001_0116.uasset" 5014
"../../../Engine/Content/EngineMaterials/Substrate/Glints2/dict_0001_0117.uasset" 5015
"../../../Engine/Content/EngineMaterials/Substrate/Glints2/dict_0001_0118.uasset" 5016
"../../../Engine/Content/EngineMaterials/Substrate/Glints2/dict_0001_0119.uasset" 5017
"../../../Engine/Content/EngineMaterials/Substrate/Glints2/dict_0001_0120.uasset" 5018
"../../../Engine/Content/EngineMaterials/Substrate/Glints2/dict_0001_0121.uasset" 5019
"../../../Engine/Content/EngineMaterials/Substrate/Glints2/dict_0001_0122.uasset" 5020
"../../../Engine/Content/EngineMaterials/Substrate/Glints2/dict_0001_0123.uasset" 5021
"../../../Engine/Content/EngineMaterials/Substrate/Glints2/dict_0001_0124.uasset" 5022
"../../../Engine/Content/EngineMaterials/Substrate/Glints2/dict_0001_0125.uasset" 5023
"../../../Engine/Content/EngineMaterials/Substrate/Glints2/dict_0001_0126.uasset" 5024
"../../../Engine/Content/EngineMaterials/Substrate/Glints2/dict_0001_0127.uasset" 5025
"../../../Engine/Content/EngineMaterials/Substrate/Glints2/dict_0001_0128.uasset" 5026
"../../../Engine/Content/EngineMaterials/Substrate/Glints2/dict_0001_0129.uasset" 5027
"../../../Engine/Content/EngineMaterials/Substrate/Glints2/dict_0001_0130.uasset" 5028
"../../../Engine/Content/EngineMaterials/Substrate/Glints2/dict_0001_0131.uasset" 5029
"../../../Engine/Content/EngineMaterials/Substrate/Glints2/dict_0001_0132.uasset" 5030
"../../../Engine/Content/EngineMaterials/Substrate/Glints2/dict_0001_0133.uasset" 5031
"../../../Engine/Content/EngineMaterials/Substrate/Glints2/dict_0001_0134.uasset" 5032
"../../../Engine/Content/EngineMaterials/Substrate/Glints2/dict_0001_0135.uasset" 5033
"../../../Engine/Content/EngineMaterials/Substrate/Glints2/dict_0001_0136.uasset" 5034
"../../../Engine/Content/EngineMaterials/Substrate/Glints2/dict_0001_0137.uasset" 5035
"../../../Engine/Content/EngineMaterials/Substrate/Glints2/dict_0001_0138.uasset" 5036
"../../../Engine/Content/EngineMaterials/Substrate/Glints2/dict_0001_0139.uasset" 5037
"../../../Engine/Content/EngineMaterials/Substrate/Glints2/dict_0001_0140.uasset" 5038
"../../../Engine/Content/EngineMaterials/Substrate/Glints2/dict_0001_0141.uasset" 5039
"../../../Engine/Content/EngineMaterials/Substrate/Glints2/dict_0001_0142.uasset" 5040
"../../../Engine/Content/EngineMaterials/Substrate/Glints2/dict_0001_0143.uasset" 5041
"../../../Engine/Content/EngineMaterials/Substrate/Glints2/dict_0001_0144.uasset" 5042
"../../../Engine/Content/EngineMaterials/Substrate/Glints2/dict_0001_0145.uasset" 5043
"../../../Engine/Content/EngineMaterials/Substrate/Glints2/dict_0001_0146.uasset" 5044
"../../../Engine/Content/EngineMaterials/Substrate/Glints2/dict_0001_0147.uasset" 5045
"../../../Engine/Content/EngineMaterials/Substrate/Glints2/dict_0001_0148.uasset" 5046
"../../../Engine/Content/EngineMaterials/Substrate/Glints2/dict_0001_0149.uasset" 5047
"../../../Engine/Content/EngineMaterials/Substrate/Glints2/dict_0001_0150.uasset" 5048
"../../../Engine/Content/EngineMaterials/Substrate/Glints2/dict_0001_0151.uasset" 5049
"../../../Engine/Content/EngineMaterials/Substrate/Glints2/dict_0001_0152.uasset" 5050
"../../../Engine/Content/EngineMaterials/Substrate/Glints2/dict_0001_0153.uasset" 5051
"../../../Engine/Content/EngineMaterials/Substrate/Glints2/dict_0001_0154.uasset" 5052
"../../../Engine/Content/EngineMaterials/Substrate/Glints2/dict_0001_0155.uasset" 5053
"../../../Engine/Content/EngineMaterials/Substrate/Glints2/dict_0001_0156.uasset" 5054
"../../../Engine/Content/EngineMaterials/Substrate/Glints2/dict_0001_0157.uasset" 5055
"../../../Engine/Content/EngineMaterials/Substrate/Glints2/dict_0001_0158.uasset" 5056
"../../../Engine/Content/EngineMaterials/Substrate/Glints2/dict_0001_0159.uasset" 5057
"../../../Engine/Content/EngineMaterials/Substrate/Glints2/dict_0001_0160.uasset" 5058
"../../../Engine/Content/EngineMaterials/Substrate/Glints2/dict_0001_0161.uasset" 5059
"../../../Engine/Content/EngineMaterials/Substrate/Glints2/dict_0001_0162.uasset" 5060
"../../../Engine/Content/EngineMaterials/Substrate/Glints2/dict_0001_0163.uasset" 5061
"../../../Engine/Content/EngineMaterials/Substrate/Glints2/dict_0001_0164.uasset" 5062
"../../../Engine/Content/EngineMaterials/Substrate/Glints2/dict_0001_0165.uasset" 5063
"../../../Engine/Content/EngineMaterials/Substrate/Glints2/dict_0001_0166.uasset" 5064
"../../../Engine/Content/EngineMaterials/Substrate/Glints2/dict_0001_0167.uasset" 5065
"../../../Engine/Content/EngineMaterials/Substrate/Glints2/dict_0001_0168.uasset" 5066
"../../../Engine/Content/EngineMaterials/Substrate/Glints2/dict_0001_0169.uasset" 5067
"../../../Engine/Content/EngineMaterials/Substrate/Glints2/dict_0001_0170.uasset" 5068
"../../../Engine/Content/EngineMaterials/Substrate/Glints2/dict_0001_0171.uasset" 5069
"../../../Engine/Content/EngineMaterials/Substrate/Glints2/dict_0001_0172.uasset" 5070
"../../../Engine/Content/EngineMaterials/Substrate/Glints2/dict_0001_0173.uasset" 5071
"../../../Engine/Content/EngineMaterials/Substrate/Glints2/dict_0001_0174.uasset" 5072
"../../../Engine/Content/EngineMaterials/Substrate/Glints2/dict_0001_0175.uasset" 5073
"../../../Engine/Content/EngineMaterials/Substrate/Glints2/dict_0001_0176.uasset" 5074
"../../../Engine/Content/EngineMaterials/Substrate/Glints2/dict_0001_0177.uasset" 5075
"../../../Engine/Content/EngineMaterials/Substrate/Glints2/dict_0001_0178.uasset" 5076
"../../../Engine/Content/EngineMaterials/Substrate/Glints2/dict_0001_0179.uasset" 5077
"../../../Engine/Content/EngineMaterials/Substrate/Glints2/dict_0001_0180.uasset" 5078
"../../../Engine/Content/EngineMaterials/Substrate/Glints2/dict_0001_0181.uasset" 5079
"../../../Engine/Content/EngineMaterials/Substrate/Glints2/dict_0001_0182.uasset" 5080
"../../../Engine/Content/EngineMaterials/Substrate/Glints2/dict_0001_0183.uasset" 5081
"../../../Engine/Content/EngineMaterials/Substrate/Glints2/dict_0001_0184.uasset" 5082
"../../../Engine/Content/EngineMaterials/Substrate/Glints2/dict_0001_0185.uasset" 5083
"../../../Engine/Content/EngineMaterials/Substrate/Glints2/dict_0001_0186.uasset" 5084
"../../../Engine/Content/EngineMaterials/Substrate/Glints2/dict_0001_0187.uasset" 5085
"../../../Engine/Content/EngineMaterials/Substrate/Glints2/dict_0001_0188.uasset" 5086
"../../../Engine/Content/EngineMaterials/Substrate/Glints2/dict_0001_0189.uasset" 5087
"../../../Engine/Content/EngineMaterials/Substrate/Glints2/dict_0001_0190.uasset" 5088
"../../../Engine/Content/EngineMaterials/Substrate/Glints2/dict_0001_0191.uasset" 5089
"../../../Engine/Content/EngineMaterials/Substrate/Glints2/dict_0001_0192.uasset" 5090
"../../../Engine/Content/EngineMaterials/Substrate/Glints2/dict_0001_0193.uasset" 5091
"../../../Engine/Content/EngineMaterials/Substrate/Glints2/dict_0001_0194.uasset" 5092
"../../../Engine/Content/EngineMaterials/Substrate/Glints2/dict_0001_0195.uasset" 5093
"../../../Engine/Content/EngineMaterials/Substrate/Glints2/dict_0001_0196.uasset" 5094
"../../../Engine/Content/EngineMaterials/Substrate/Glints2/dict_0001_0197.uasset" 5095
"../../../Engine/Content/EngineMaterials/Substrate/Glints2/dict_0001_0198.uasset" 5096
"../../../Engine/Content/EngineMaterials/Substrate/Glints2/dict_0001_0199.uasset" 5097
"../../../Engine/Content/EngineMaterials/Substrate/Glints2/dict_0001_0200.uasset" 5098
"../../../Engine/Content/EngineMaterials/Substrate/Glints2/dict_0001_0201.uasset" 5099
"../../../Engine/Content/EngineMaterials/Substrate/Glints2/dict_0001_0202.uasset" 5100
"../../../Engine/Content/EngineMaterials/Substrate/Glints2/dict_0001_0203.uasset" 5101
"../../../Engine/Content/EngineMaterials/Substrate/Glints2/dict_0001_0204.uasset" 5102
"../../../Engine/Content/EngineMaterials/Substrate/Glints2/dict_0001_0205.uasset" 5103
"../../../Engine/Content/EngineMaterials/Substrate/Glints2/dict_0001_0206.uasset" 5104
"../../../Engine/Content/EngineMaterials/Substrate/Glints2/dict_0001_0207.uasset" 5105
"../../../Engine/Content/EngineMaterials/Substrate/Glints2/dict_0001_0208.uasset" 5106
"../../../Engine/Content/EngineMaterials/Substrate/Glints2/dict_0001_0209.uasset" 5107
"../../../Engine/Content/EngineMaterials/Substrate/Glints2/dict_0001_0210.uasset" 5108
"../../../Engine/Content/EngineMaterials/Substrate/Glints2/dict_0001_0211.uasset" 5109
"../../../Engine/Content/EngineMaterials/Substrate/Glints2/dict_0001_0212.uasset" 5110
"../../../Engine/Content/EngineMaterials/Substrate/Glints2/dict_0001_0213.uasset" 5111
"../../../Engine/Content/EngineMaterials/Substrate/Glints2/dict_0001_0214.uasset" 5112
"../../../Engine/Content/EngineMaterials/Substrate/Glints2/dict_0001_0215.uasset" 5113
"../../../Engine/Content/EngineMaterials/Substrate/Glints2/dict_0001_0216.uasset" 5114
"../../../Engine/Content/EngineMaterials/Substrate/Glints2/dict_0001_0217.uasset" 5115
"../../../Engine/Content/EngineMaterials/Substrate/Glints2/dict_0001_0218.uasset" 5116
"../../../Engine/Content/EngineMaterials/Substrate/Glints2/dict_0001_0219.uasset" 5117
"../../../Engine/Content/EngineMaterials/Substrate/Glints2/dict_0001_0220.uasset" 5118
"../../../Engine/Content/EngineMaterials/Substrate/Glints2/dict_0001_0221.uasset" 5119
"../../../Engine/Content/EngineMaterials/Substrate/Glints2/dict_0001_0222.uasset" 5120
"../../../Engine/Content/EngineMaterials/Substrate/Glints2/dict_0001_0223.uasset" 5121
"../../../Engine/Content/EngineMaterials/Substrate/Glints2/dict_0001_0224.uasset" 5122
"../../../Engine/Content/EngineMaterials/Substrate/Glints2/dict_0001_0225.uasset" 5123
"../../../Engine/Content/EngineMaterials/Substrate/Glints2/dict_0001_0226.uasset" 5124
"../../../Engine/Content/EngineMaterials/Substrate/Glints2/dict_0001_0227.uasset" 5125
"../../../Engine/Content/EngineMaterials/Substrate/Glints2/dict_0001_0228.uasset" 5126
"../../../Engine/Content/EngineMaterials/Substrate/Glints2/dict_0001_0229.uasset" 5127
"../../../Engine/Content/EngineMaterials/Substrate/Glints2/dict_0001_0230.uasset" 5128
"../../../Engine/Content/EngineMaterials/Substrate/Glints2/dict_0001_0231.uasset" 5129
"../../../Engine/Content/EngineMaterials/Substrate/Glints2/dict_0001_0232.uasset" 5130
"../../../Engine/Content/EngineMaterials/Substrate/Glints2/dict_0001_0233.uasset" 5131
"../../../Engine/Content/EngineMaterials/Substrate/Glints2/dict_0001_0234.uasset" 5132
"../../../Engine/Content/EngineMaterials/Substrate/Glints2/dict_0001_0235.uasset" 5133
"../../../Engine/Content/EngineMaterials/Substrate/Glints2/dict_0001_0236.uasset" 5134
"../../../Engine/Content/EngineMaterials/Substrate/Glints2/dict_0001_0237.uasset" 5135
"../../../Engine/Content/EngineMaterials/Substrate/Glints2/dict_0001_0238.uasset" 5136
"../../../Engine/Content/EngineMaterials/Substrate/Glints2/dict_0001_0239.uasset" 5137
"../../../Engine/Content/EngineMaterials/Substrate/Glints2/dict_0001_0240.uasset" 5138
"../../../Engine/Content/EngineMaterials/Substrate/Glints2/dict_0001_0241.uasset" 5139
"../../../Engine/Content/EngineMaterials/Substrate/Glints2/dict_0001_0242.uasset" 5140
"../../../Engine/Content/EngineMaterials/Substrate/Glints2/dict_0001_0243.uasset" 5141
"../../../Engine/Content/EngineMaterials/Substrate/Glints2/dict_0001_0244.uasset" 5142
"../../../Engine/Content/EngineMaterials/Substrate/Glints2/dict_0001_0245.uasset" 5143
"../../../Engine/Content/EngineMaterials/Substrate/Glints2/dict_0001_0246.uasset" 5144
"../../../Engine/Content/EngineMaterials/Substrate/Glints2/dict_0001_0247.uasset" 5145
"../../../Engine/Content/EngineMaterials/Substrate/Glints2/dict_0001_0248.uasset" 5146
"../../../Engine/Content/EngineMaterials/Substrate/Glints2/dict_0001_0249.uasset" 5147
"../../../Engine/Content/EngineMaterials/Substrate/Glints2/dict_0001_0250.uasset" 5148
"../../../Engine/Content/EngineMaterials/Substrate/Glints2/dict_0001_0251.uasset" 5149
"../../../Engine/Content/EngineMaterials/Substrate/Glints2/dict_0001_0252.uasset" 5150
"../../../Engine/Content/EngineMaterials/Substrate/Glints2/dict_0001_0253.uasset" 5151
"../../../Engine/Content/EngineMaterials/Substrate/Glints2/dict_0001_0254.uasset" 5152
"../../../Engine/Content/EngineMaterials/Substrate/Glints2/dict_0001_0255.uasset" 5153
"../../../Engine/Content/EngineMaterials/Substrate/Glints2/dict_0002_0000.uasset" 5154
"../../../Engine/Content/EngineMaterials/Substrate/Glints2/dict_0002_0001.uasset" 5155
"../../../Engine/Content/EngineMaterials/Substrate/Glints2/dict_0002_0002.uasset" 5156
"../../../Engine/Content/EngineMaterials/Substrate/Glints2/dict_0002_0003.uasset" 5157
"../../../Engine/Content/EngineMaterials/Substrate/Glints2/dict_0002_0004.uasset" 5158
"../../../Engine/Content/EngineMaterials/Substrate/Glints2/dict_0002_0005.uasset" 5159
"../../../Engine/Content/EngineMaterials/Substrate/Glints2/dict_0002_0006.uasset" 5160
"../../../Engine/Content/EngineMaterials/Substrate/Glints2/dict_0002_0007.uasset" 5161
"../../../Engine/Content/EngineMaterials/Substrate/Glints2/dict_0002_0008.uasset" 5162
"../../../Engine/Content/EngineMaterials/Substrate/Glints2/dict_0002_0009.uasset" 5163
"../../../Engine/Content/EngineMaterials/Substrate/Glints2/dict_0002_0010.uasset" 5164
"../../../Engine/Content/EngineMaterials/Substrate/Glints2/dict_0002_0011.uasset" 5165
"../../../Engine/Content/EngineMaterials/Substrate/Glints2/dict_0002_0012.uasset" 5166
"../../../Engine/Content/EngineMaterials/Substrate/Glints2/dict_0002_0013.uasset" 5167
"../../../Engine/Content/EngineMaterials/Substrate/Glints2/dict_0002_0014.uasset" 5168
"../../../Engine/Content/EngineMaterials/Substrate/Glints2/dict_0002_0015.uasset" 5169
"../../../Engine/Content/EngineMaterials/Substrate/Glints2/dict_0002_0016.uasset" 5170
"../../../Engine/Content/EngineMaterials/Substrate/Glints2/dict_0002_0017.uasset" 5171
"../../../Engine/Content/EngineMaterials/Substrate/Glints2/dict_0002_0018.uasset" 5172
"../../../Engine/Content/EngineMaterials/Substrate/Glints2/dict_0002_0019.uasset" 5173
"../../../Engine/Content/EngineMaterials/Substrate/Glints2/dict_0002_0020.uasset" 5174
"../../../Engine/Content/EngineMaterials/Substrate/Glints2/dict_0002_0021.uasset" 5175
"../../../Engine/Content/EngineMaterials/Substrate/Glints2/dict_0002_0022.uasset" 5176
"../../../Engine/Content/EngineMaterials/Substrate/Glints2/dict_0002_0023.uasset" 5177
"../../../Engine/Content/EngineMaterials/Substrate/Glints2/dict_0002_0024.uasset" 5178
"../../../Engine/Content/EngineMaterials/Substrate/Glints2/dict_0002_0025.uasset" 5179
"../../../Engine/Content/EngineMaterials/Substrate/Glints2/dict_0002_0026.uasset" 5180
"../../../Engine/Content/EngineMaterials/Substrate/Glints2/dict_0002_0027.uasset" 5181
"../../../Engine/Content/EngineMaterials/Substrate/Glints2/dict_0002_0028.uasset" 5182
"../../../Engine/Content/EngineMaterials/Substrate/Glints2/dict_0002_0029.uasset" 5183
"../../../Engine/Content/EngineMaterials/Substrate/Glints2/dict_0002_0030.uasset" 5184
"../../../Engine/Content/EngineMaterials/Substrate/Glints2/dict_0002_0031.uasset" 5185
"../../../Engine/Content/EngineMaterials/Substrate/Glints2/dict_0002_0032.uasset" 5186
"../../../Engine/Content/EngineMaterials/Substrate/Glints2/dict_0002_0033.uasset" 5187
"../../../Engine/Content/EngineMaterials/Substrate/Glints2/dict_0002_0034.uasset" 5188
"../../../Engine/Content/EngineMaterials/Substrate/Glints2/dict_0002_0035.uasset" 5189
"../../../Engine/Content/EngineMaterials/Substrate/Glints2/dict_0002_0036.uasset" 5190
"../../../Engine/Content/EngineMaterials/Substrate/Glints2/dict_0002_0037.uasset" 5191
"../../../Engine/Content/EngineMaterials/Substrate/Glints2/dict_0002_0038.uasset" 5192
"../../../Engine/Content/EngineMaterials/Substrate/Glints2/dict_0002_0039.uasset" 5193
"../../../Engine/Content/EngineMaterials/Substrate/Glints2/dict_0002_0040.uasset" 5194
"../../../Engine/Content/EngineMaterials/Substrate/Glints2/dict_0002_0041.uasset" 5195
"../../../Engine/Content/EngineMaterials/Substrate/Glints2/dict_0002_0042.uasset" 5196
"../../../Engine/Content/EngineMaterials/Substrate/Glints2/dict_0002_0043.uasset" 5197
"../../../Engine/Content/EngineMaterials/Substrate/Glints2/dict_0002_0044.uasset" 5198
"../../../Engine/Content/EngineMaterials/Substrate/Glints2/dict_0002_0045.uasset" 5199
"../../../Engine/Content/EngineMaterials/Substrate/Glints2/dict_0002_0046.uasset" 5200
"../../../Engine/Content/EngineMaterials/Substrate/Glints2/dict_0002_0047.uasset" 5201
"../../../Engine/Content/EngineMaterials/Substrate/Glints2/dict_0002_0048.uasset" 5202
"../../../Engine/Content/EngineMaterials/Substrate/Glints2/dict_0002_0049.uasset" 5203
"../../../Engine/Content/EngineMaterials/Substrate/Glints2/dict_0002_0050.uasset" 5204
"../../../Engine/Content/EngineMaterials/Substrate/Glints2/dict_0002_0051.uasset" 5205
"../../../Engine/Content/EngineMaterials/Substrate/Glints2/dict_0002_0052.uasset" 5206
"../../../Engine/Content/EngineMaterials/Substrate/Glints2/dict_0002_0053.uasset" 5207
"../../../Engine/Content/EngineMaterials/Substrate/Glints2/dict_0002_0054.uasset" 5208
"../../../Engine/Content/EngineMaterials/Substrate/Glints2/dict_0002_0055.uasset" 5209
"../../../Engine/Content/EngineMaterials/Substrate/Glints2/dict_0002_0056.uasset" 5210
"../../../Engine/Content/EngineMaterials/Substrate/Glints2/dict_0002_0057.uasset" 5211
"../../../Engine/Content/EngineMaterials/Substrate/Glints2/dict_0002_0058.uasset" 5212
"../../../Engine/Content/EngineMaterials/Substrate/Glints2/dict_0002_0059.uasset" 5213
"../../../Engine/Content/EngineMaterials/Substrate/Glints2/dict_0002_0060.uasset" 5214
"../../../Engine/Content/EngineMaterials/Substrate/Glints2/dict_0002_0061.uasset" 5215
"../../../Engine/Content/EngineMaterials/Substrate/Glints2/dict_0002_0062.uasset" 5216
"../../../Engine/Content/EngineMaterials/Substrate/Glints2/dict_0002_0063.uasset" 5217
"../../../Engine/Content/EngineMaterials/Substrate/Glints2/dict_0002_0064.uasset" 5218
"../../../Engine/Content/EngineMaterials/Substrate/Glints2/dict_0002_0065.uasset" 5219
"../../../Engine/Content/EngineMaterials/Substrate/Glints2/dict_0002_0066.uasset" 5220
"../../../Engine/Content/EngineMaterials/Substrate/Glints2/dict_0002_0067.uasset" 5221
"../../../Engine/Content/EngineMaterials/Substrate/Glints2/dict_0002_0068.uasset" 5222
"../../../Engine/Content/EngineMaterials/Substrate/Glints2/dict_0002_0069.uasset" 5223
"../../../Engine/Content/EngineMaterials/Substrate/Glints2/dict_0002_0070.uasset" 5224
"../../../Engine/Content/EngineMaterials/Substrate/Glints2/dict_0002_0071.uasset" 5225
"../../../Engine/Content/EngineMaterials/Substrate/Glints2/dict_0002_0072.uasset" 5226
"../../../Engine/Content/EngineMaterials/Substrate/Glints2/dict_0002_0073.uasset" 5227
"../../../Engine/Content/EngineMaterials/Substrate/Glints2/dict_0002_0074.uasset" 5228
"../../../Engine/Content/EngineMaterials/Substrate/Glints2/dict_0002_0075.uasset" 5229
"../../../Engine/Content/EngineMaterials/Substrate/Glints2/dict_0002_0076.uasset" 5230
"../../../Engine/Content/EngineMaterials/Substrate/Glints2/dict_0002_0077.uasset" 5231
"../../../Engine/Content/EngineMaterials/Substrate/Glints2/dict_0002_0078.uasset" 5232
"../../../Engine/Content/EngineMaterials/Substrate/Glints2/dict_0002_0079.uasset" 5233
"../../../Engine/Content/EngineMaterials/Substrate/Glints2/dict_0002_0080.uasset" 5234
"../../../Engine/Content/EngineMaterials/Substrate/Glints2/dict_0002_0081.uasset" 5235
"../../../Engine/Content/EngineMaterials/Substrate/Glints2/dict_0002_0082.uasset" 5236
"../../../Engine/Content/EngineMaterials/Substrate/Glints2/dict_0002_0083.uasset" 5237
"../../../Engine/Content/EngineMaterials/Substrate/Glints2/dict_0002_0084.uasset" 5238
"../../../Engine/Content/EngineMaterials/Substrate/Glints2/dict_0002_0085.uasset" 5239
"C:/Users/Owner/AppData/Local/Temp/UnrealShaderWorkingDir/7C260C3D473CC778378D2A81B4A11F1F/0/WorkerOutputOnly.out" 5240
"../../../Engine/Content/EngineMaterials/Substrate/Glints2/dict_0002_0086.uasset" 5241
"../../../Engine/Content/EngineMaterials/Substrate/Glints2/dict_0002_0087.uasset" 5242
"../../../Engine/Content/EngineMaterials/Substrate/Glints2/dict_0002_0088.uasset" 5243
"../../../Engine/Content/EngineMaterials/Substrate/Glints2/dict_0002_0089.uasset" 5244
"../../../Engine/Content/EngineMaterials/Substrate/Glints2/dict_0002_0090.uasset" 5245
"../../../Engine/Content/EngineMaterials/Substrate/Glints2/dict_0002_0091.uasset" 5246
"../../../Engine/Content/EngineMaterials/Substrate/Glints2/dict_0002_0092.uasset" 5247
"../../../Engine/Content/EngineMaterials/Substrate/Glints2/dict_0002_0093.uasset" 5248
"../../../Engine/Content/EngineMaterials/Substrate/Glints2/dict_0002_0094.uasset" 5249
"../../../Engine/Content/EngineMaterials/Substrate/Glints2/dict_0002_0095.uasset" 5250
"../../../Engine/Content/EngineMaterials/Substrate/Glints2/dict_0002_0096.uasset" 5251
"../../../Engine/Content/EngineMaterials/Substrate/Glints2/dict_0002_0097.uasset" 5252
"../../../Engine/Content/EngineMaterials/Substrate/Glints2/dict_0002_0098.uasset" 5253
"../../../Engine/Content/EngineMaterials/Substrate/Glints2/dict_0002_0099.uasset" 5254
"C:/Users/Owner/AppData/Local/Temp/UnrealShaderWorkingDir/7C260C3D473CC778378D2A81B4A11F1F/1/WorkerOutputOnly.out" 5255
"../../../Engine/Content/EngineMaterials/Substrate/Glints2/dict_0002_0100.uasset" 5256
"../../../Engine/Content/EngineMaterials/Substrate/Glints2/dict_0002_0101.uasset" 5257
"../../../Engine/Content/EngineMaterials/Substrate/Glints2/dict_0002_0102.uasset" 5258
"../../../Engine/Content/EngineMaterials/Substrate/Glints2/dict_0002_0103.uasset" 5259
"../../../Engine/Content/EngineMaterials/Substrate/Glints2/dict_0002_0104.uasset" 5260
"../../../Engine/Content/EngineMaterials/Substrate/Glints2/dict_0002_0105.uasset" 5261
"../../../Engine/Content/EngineMaterials/Substrate/Glints2/dict_0002_0106.uasset" 5262
"../../../Engine/Content/EngineMaterials/Substrate/Glints2/dict_0002_0107.uasset" 5263
"../../../Engine/Content/EngineMaterials/Substrate/Glints2/dict_0002_0108.uasset" 5264
"../../../Engine/Content/EngineMaterials/Substrate/Glints2/dict_0002_0109.uasset" 5265
"../../../Engine/Content/EngineMaterials/Substrate/Glints2/dict_0002_0110.uasset" 5266
"../../../Engine/Content/EngineMaterials/Substrate/Glints2/dict_0002_0111.uasset" 5267
"../../../Engine/Content/EngineMaterials/Substrate/Glints2/dict_0002_0112.uasset" 5268
"../../../Engine/Content/EngineMaterials/Substrate/Glints2/dict_0002_0113.uasset" 5269
"../../../Engine/Content/EngineMaterials/Substrate/Glints2/dict_0002_0114.uasset" 5270
"../../../Engine/Content/EngineMaterials/Substrate/Glints2/dict_0002_0115.uasset" 5271
"../../../Engine/Content/EngineMaterials/Substrate/Glints2/dict_0002_0116.uasset" 5272
"../../../Engine/Content/EngineMaterials/Substrate/Glints2/dict_0002_0117.uasset" 5273
"../../../Engine/Content/EngineMaterials/Substrate/Glints2/dict_0002_0118.uasset" 5274
"../../../Engine/Content/EngineMaterials/Substrate/Glints2/dict_0002_0119.uasset" 5275
"../../../Engine/Content/EngineMaterials/Substrate/Glints2/dict_0002_0120.uasset" 5276
"../../../Engine/Content/EngineMaterials/Substrate/Glints2/dict_0002_0121.uasset" 5277
"../../../Engine/Content/EngineMaterials/Substrate/Glints2/dict_0002_0122.uasset" 5278
"../../../Engine/Content/EngineMaterials/Substrate/Glints2/dict_0002_0123.uasset" 5279
"../../../Engine/Content/EngineMaterials/Substrate/Glints2/dict_0002_0124.uasset" 5280
"../../../Engine/Content/EngineMaterials/Substrate/Glints2/dict_0002_0125.uasset" 5281
"../../../Engine/Content/EngineMaterials/Substrate/Glints2/dict_0002_0126.uasset" 5282
"../../../Engine/Content/EngineMaterials/Substrate/Glints2/dict_0002_0127.uasset" 5283
"../../../Engine/Content/EngineMaterials/Substrate/Glints2/dict_0002_0128.uasset" 5284
"../../../Engine/Content/EngineMaterials/Substrate/Glints2/dict_0002_0129.uasset" 5285
"../../../Engine/Content/EngineMaterials/Substrate/Glints2/dict_0002_0130.uasset" 5286
"../../../Engine/Content/EngineMaterials/Substrate/Glints2/dict_0002_0131.uasset" 5287
"../../../Engine/Content/EngineMaterials/Substrate/Glints2/dict_0002_0132.uasset" 5288
"../../../Engine/Content/EngineMaterials/Substrate/Glints2/dict_0002_0133.uasset" 5289
"../../../Engine/Content/EngineMaterials/Substrate/Glints2/dict_0002_0134.uasset" 5290
"../../../Engine/Content/EngineMaterials/Substrate/Glints2/dict_0002_0135.uasset" 5291
"../../../Engine/Content/EngineMaterials/Substrate/Glints2/dict_0002_0136.uasset" 5292
"../../../Engine/Content/EngineMaterials/Substrate/Glints2/dict_0002_0137.uasset" 5293
"../../../Engine/Content/EngineMaterials/Substrate/Glints2/dict_0002_0138.uasset" 5294
"../../../Engine/Content/EngineMaterials/Substrate/Glints2/dict_0002_0139.uasset" 5295
"../../../Engine/Content/EngineMaterials/Substrate/Glints2/dict_0002_0140.uasset" 5296
"../../../Engine/Content/EngineMaterials/Substrate/Glints2/dict_0002_0141.uasset" 5297
"../../../Engine/Content/EngineMaterials/Substrate/Glints2/dict_0002_0142.uasset" 5298
"../../../Engine/Content/EngineMaterials/Substrate/Glints2/dict_0002_0143.uasset" 5299
"../../../Engine/Content/EngineMaterials/Substrate/Glints2/dict_0002_0144.uasset" 5300
"../../../Engine/Content/EngineMaterials/Substrate/Glints2/dict_0002_0145.uasset" 5301
"../../../Engine/Content/EngineMaterials/Substrate/Glints2/dict_0002_0146.uasset" 5302
"../../../Engine/Content/EngineMaterials/Substrate/Glints2/dict_0002_0147.uasset" 5303
"../../../Engine/Content/EngineMaterials/Substrate/Glints2/dict_0002_0148.uasset" 5304
"../../../Engine/Content/EngineMaterials/Substrate/Glints2/dict_0002_0149.uasset" 5305
"../../../Engine/Content/EngineMaterials/Substrate/Glints2/dict_0002_0150.uasset" 5306
"../../../Engine/Content/EngineMaterials/Substrate/Glints2/dict_0002_0151.uasset" 5307
"../../../Engine/Content/EngineMaterials/Substrate/Glints2/dict_0002_0152.uasset" 5308
"../../../Engine/Content/EngineMaterials/Substrate/Glints2/dict_0002_0153.uasset" 5309
"../../../Engine/Content/EngineMaterials/Substrate/Glints2/dict_0002_0154.uasset" 5310
"../../../Engine/Content/EngineMaterials/Substrate/Glints2/dict_0002_0155.uasset" 5311
"../../../Engine/Content/EngineMaterials/Substrate/Glints2/dict_0002_0156.uasset" 5312
"../../../Engine/Content/EngineMaterials/Substrate/Glints2/dict_0002_0157.uasset" 5313
"../../../Engine/Content/EngineMaterials/Substrate/Glints2/dict_0002_0158.uasset" 5314
"../../../Engine/Content/EngineMaterials/Substrate/Glints2/dict_0002_0159.uasset" 5315
"../../../Engine/Content/EngineMaterials/Substrate/Glints2/dict_0002_0160.uasset" 5316
"../../../Engine/Content/EngineMaterials/Substrate/Glints2/dict_0002_0161.uasset" 5317
"../../../Engine/Content/EngineMaterials/Substrate/Glints2/dict_0002_0162.uasset" 5318
"../../../Engine/Content/EngineMaterials/Substrate/Glints2/dict_0002_0163.uasset" 5319
"../../../Engine/Content/EngineMaterials/Substrate/Glints2/dict_0002_0164.uasset" 5320
"../../../Engine/Content/EngineMaterials/Substrate/Glints2/dict_0002_0165.uasset" 5321
"../../../Engine/Content/EngineMaterials/Substrate/Glints2/dict_0002_0166.uasset" 5322
"../../../Engine/Content/EngineMaterials/Substrate/Glints2/dict_0002_0167.uasset" 5323
"../../../Engine/Content/EngineMaterials/Substrate/Glints2/dict_0002_0168.uasset" 5324
"../../../Engine/Content/EngineMaterials/Substrate/Glints2/dict_0002_0169.uasset" 5325
"../../../Engine/Content/EngineMaterials/Substrate/Glints2/dict_0002_0170.uasset" 5326
"../../../Engine/Content/EngineMaterials/Substrate/Glints2/dict_0002_0171.uasset" 5327
"../../../Engine/Content/EngineMaterials/Substrate/Glints2/dict_0002_0172.uasset" 5328
"../../../Engine/Content/EngineMaterials/Substrate/Glints2/dict_0002_0173.uasset" 5329
"../../../Engine/Content/EngineMaterials/Substrate/Glints2/dict_0002_0174.uasset" 5330
"../../../Engine/Content/EngineMaterials/Substrate/Glints2/dict_0002_0175.uasset" 5331
"../../../Engine/Content/EngineMaterials/Substrate/Glints2/dict_0002_0176.uasset" 5332
"../../../Engine/Content/EngineMaterials/Substrate/Glints2/dict_0002_0177.uasset" 5333
"../../../Engine/Content/EngineMaterials/Substrate/Glints2/dict_0002_0178.uasset" 5334
"../../../Engine/Content/EngineMaterials/Substrate/Glints2/dict_0002_0179.uasset" 5335
"../../../Engine/Content/EngineMaterials/Substrate/Glints2/dict_0002_0180.uasset" 5336
"../../../Engine/Content/EngineMaterials/Substrate/Glints2/dict_0002_0181.uasset" 5337
"../../../Engine/Content/EngineMaterials/Substrate/Glints2/dict_0002_0182.uasset" 5338
"../../../Engine/Content/EngineMaterials/Substrate/Glints2/dict_0002_0183.uasset" 5339
"../../../Engine/Content/EngineMaterials/Substrate/Glints2/dict_0002_0184.uasset" 5340
"../../../Engine/Content/EngineMaterials/Substrate/Glints2/dict_0002_0185.uasset" 5341
"../../../Engine/Content/EngineMaterials/Substrate/Glints2/dict_0002_0186.uasset" 5342
"../../../Engine/Content/EngineMaterials/Substrate/Glints2/dict_0002_0187.uasset" 5343
"../../../Engine/Content/EngineMaterials/Substrate/Glints2/dict_0002_0188.uasset" 5344
"../../../Engine/Content/EngineMaterials/Substrate/Glints2/dict_0002_0189.uasset" 5345
"../../../Engine/Content/EngineMaterials/Substrate/Glints2/dict_0002_0190.uasset" 5346
"../../../Engine/Content/EngineMaterials/Substrate/Glints2/dict_0002_0191.uasset" 5347
"../../../Engine/Content/EngineMaterials/Substrate/Glints2/dict_0002_0192.uasset" 5348
"../../../Engine/Content/EngineMaterials/Substrate/Glints2/dict_0002_0193.uasset" 5349
"../../../Engine/Content/EngineMaterials/Substrate/Glints2/dict_0002_0194.uasset" 5350
"../../../Engine/Content/EngineMaterials/Substrate/Glints2/dict_0002_0195.uasset" 5351
"../../../Engine/Content/EngineMaterials/Substrate/Glints2/dict_0002_0196.uasset" 5352
"../../../Engine/Content/EngineMaterials/Substrate/Glints2/dict_0002_0197.uasset" 5353
"../../../Engine/Content/EngineMaterials/Substrate/Glints2/dict_0002_0198.uasset" 5354
"../../../Engine/Content/EngineMaterials/Substrate/Glints2/dict_0002_0199.uasset" 5355
"../../../Engine/Content/EngineMaterials/Substrate/Glints2/dict_0002_0200.uasset" 5356
"../../../Engine/Content/EngineMaterials/Substrate/Glints2/dict_0002_0201.uasset" 5357
"../../../Engine/Content/EngineMaterials/Substrate/Glints2/dict_0002_0202.uasset" 5358
"../../../Engine/Content/EngineMaterials/Substrate/Glints2/dict_0002_0203.uasset" 5359
"../../../Engine/Content/EngineMaterials/Substrate/Glints2/dict_0002_0204.uasset" 5360
"../../../Engine/Content/EngineMaterials/Substrate/Glints2/dict_0002_0205.uasset" 5361
"../../../Engine/Content/EngineMaterials/Substrate/Glints2/dict_0002_0206.uasset" 5362
"../../../Engine/Content/EngineMaterials/Substrate/Glints2/dict_0002_0207.uasset" 5363
"../../../Engine/Content/EngineMaterials/Substrate/Glints2/dict_0002_0208.uasset" 5364
"../../../Engine/Content/EngineMaterials/Substrate/Glints2/dict_0002_0209.uasset" 5365
"../../../Engine/Content/EngineMaterials/Substrate/Glints2/dict_0002_0210.uasset" 5366
"../../../Engine/Content/EngineMaterials/Substrate/Glints2/dict_0002_0211.uasset" 5367
"../../../Engine/Content/EngineMaterials/Substrate/Glints2/dict_0002_0212.uasset" 5368
"../../../Engine/Content/EngineMaterials/Substrate/Glints2/dict_0002_0213.uasset" 5369
"../../../Engine/Content/EngineMaterials/Substrate/Glints2/dict_0002_0214.uasset" 5370
"../../../Engine/Content/EngineMaterials/Substrate/Glints2/dict_0002_0215.uasset" 5371
"../../../Engine/Content/EngineMaterials/Substrate/Glints2/dict_0002_0216.uasset" 5372
"../../../Engine/Content/EngineMaterials/Substrate/Glints2/dict_0002_0217.uasset" 5373
"../../../Engine/Content/EngineMaterials/Substrate/Glints2/dict_0002_0218.uasset" 5374
"../../../Engine/Content/EngineMaterials/Substrate/Glints2/dict_0002_0219.uasset" 5375
"../../../Engine/Content/EngineMaterials/Substrate/Glints2/dict_0002_0220.uasset" 5376
"../../../Engine/Content/EngineMaterials/Substrate/Glints2/dict_0002_0221.uasset" 5377
"../../../Engine/Content/EngineMaterials/Substrate/Glints2/dict_0002_0222.uasset" 5378
"../../../Engine/Content/EngineMaterials/Substrate/Glints2/dict_0002_0223.uasset" 5379
"../../../Engine/Content/EngineMaterials/Substrate/Glints2/dict_0002_0224.uasset" 5380
"../../../Engine/Content/EngineMaterials/Substrate/Glints2/dict_0002_0225.uasset" 5381
"../../../Engine/Content/EngineMaterials/Substrate/Glints2/dict_0002_0226.uasset" 5382
"../../../Engine/Content/EngineMaterials/Substrate/Glints2/dict_0002_0227.uasset" 5383
"../../../Engine/Content/EngineMaterials/Substrate/Glints2/dict_0002_0228.uasset" 5384
"../../../Engine/Content/EngineMaterials/Substrate/Glints2/dict_0002_0229.uasset" 5385
"../../../Engine/Content/EngineMaterials/Substrate/Glints2/dict_0002_0230.uasset" 5386
"../../../Engine/Content/EngineMaterials/Substrate/Glints2/dict_0002_0231.uasset" 5387
"../../../Engine/Content/EngineMaterials/Substrate/Glints2/dict_0002_0232.uasset" 5388
"../../../Engine/Content/EngineMaterials/Substrate/Glints2/dict_0002_0233.uasset" 5389
"../../../Engine/Content/EngineMaterials/Substrate/Glints2/dict_0002_0234.uasset" 5390
"../../../Engine/Content/EngineMaterials/Substrate/Glints2/dict_0002_0235.uasset" 5391
"../../../Engine/Content/EngineMaterials/Substrate/Glints2/dict_0002_0236.uasset" 5392
"../../../Engine/Content/EngineMaterials/Substrate/Glints2/dict_0002_0237.uasset" 5393
"../../../Engine/Content/EngineMaterials/Substrate/Glints2/dict_0002_0238.uasset" 5394
"../../../Engine/Content/EngineMaterials/Substrate/Glints2/dict_0002_0239.uasset" 5395
"../../../Engine/Content/EngineMaterials/Substrate/Glints2/dict_0002_0240.uasset" 5396
"../../../Engine/Content/EngineMaterials/Substrate/Glints2/dict_0002_0241.uasset" 5397
"../../../Engine/Content/EngineMaterials/Substrate/Glints2/dict_0002_0242.uasset" 5398
"../../../Engine/Content/EngineMaterials/Substrate/Glints2/dict_0002_0243.uasset" 5399
"../../../Engine/Content/EngineMaterials/Substrate/Glints2/dict_0002_0244.uasset" 5400
"../../../Engine/Content/EngineMaterials/Substrate/Glints2/dict_0002_0245.uasset" 5401
"../../../Engine/Content/EngineMaterials/Substrate/Glints2/dict_0002_0246.uasset" 5402
"../../../Engine/Content/EngineMaterials/Substrate/Glints2/dict_0002_0247.uasset" 5403
"../../../Engine/Content/EngineMaterials/Substrate/Glints2/dict_0002_0248.uasset" 5404
"../../../Engine/Content/EngineMaterials/Substrate/Glints2/dict_0002_0249.uasset" 5405
"../../../Engine/Content/EngineMaterials/Substrate/Glints2/dict_0002_0250.uasset" 5406
"../../../Engine/Content/EngineMaterials/Substrate/Glints2/dict_0002_0251.uasset" 5407
"../../../Engine/Content/EngineMaterials/Substrate/Glints2/dict_0002_0252.uasset" 5408
"../../../Engine/Content/EngineMaterials/Substrate/Glints2/dict_0002_0253.uasset" 5409
"../../../Engine/Content/EngineMaterials/Substrate/Glints2/dict_0002_0254.uasset" 5410
"../../../Engine/Content/EngineMaterials/Substrate/Glints2/dict_0002_0255.uasset" 5411
"../../../Engine/Content/EngineMaterials/Substrate/Glints2/dict_0003_0000.uasset" 5412
"../../../Engine/Content/EngineMaterials/Substrate/Glints2/dict_0003_0001.uasset" 5413
"../../../Engine/Content/EngineMaterials/Substrate/Glints2/dict_0003_0002.uasset" 5414
"../../../Engine/Content/EngineMaterials/Substrate/Glints2/dict_0003_0003.uasset" 5415
"../../../Engine/Content/EngineMaterials/Substrate/Glints2/dict_0003_0004.uasset" 5416
"../../../Engine/Content/EngineMaterials/Substrate/Glints2/dict_0003_0005.uasset" 5417
"../../../Engine/Content/EngineMaterials/Substrate/Glints2/dict_0003_0006.uasset" 5418
"../../../Engine/Content/EngineMaterials/Substrate/Glints2/dict_0003_0007.uasset" 5419
"../../../Engine/Content/EngineMaterials/Substrate/Glints2/dict_0003_0008.uasset" 5420
"../../../Engine/Content/EngineMaterials/Substrate/Glints2/dict_0003_0009.uasset" 5421
"../../../Engine/Content/EngineMaterials/Substrate/Glints2/dict_0003_0010.uasset" 5422
"../../../Engine/Content/EngineMaterials/Substrate/Glints2/dict_0003_0011.uasset" 5423
"../../../Engine/Content/EngineMaterials/Substrate/Glints2/dict_0003_0012.uasset" 5424
"../../../Engine/Content/EngineMaterials/Substrate/Glints2/dict_0003_0013.uasset" 5425
"../../../Engine/Content/EngineMaterials/Substrate/Glints2/dict_0003_0014.uasset" 5426
"../../../Engine/Content/EngineMaterials/Substrate/Glints2/dict_0003_0015.uasset" 5427
"../../../Engine/Content/EngineMaterials/Substrate/Glints2/dict_0003_0016.uasset" 5428
"../../../Engine/Content/EngineMaterials/Substrate/Glints2/dict_0003_0017.uasset" 5429
"../../../Engine/Content/EngineMaterials/Substrate/Glints2/dict_0003_0018.uasset" 5430
"../../../Engine/Content/EngineMaterials/Substrate/Glints2/dict_0003_0019.uasset" 5431
"../../../Engine/Content/EngineMaterials/Substrate/Glints2/dict_0003_0020.uasset" 5432
"../../../Engine/Content/EngineMaterials/Substrate/Glints2/dict_0003_0021.uasset" 5433
"../../../Engine/Content/EngineMaterials/Substrate/Glints2/dict_0003_0022.uasset" 5434
"../../../Engine/Content/EngineMaterials/Substrate/Glints2/dict_0003_0023.uasset" 5435
"../../../Engine/Content/EngineMaterials/Substrate/Glints2/dict_0003_0024.uasset" 5436
"../../../Engine/Content/EngineMaterials/Substrate/Glints2/dict_0003_0025.uasset" 5437
"../../../Engine/Content/EngineMaterials/Substrate/Glints2/dict_0003_0026.uasset" 5438
"../../../Engine/Content/EngineMaterials/Substrate/Glints2/dict_0003_0027.uasset" 5439
"../../../Engine/Content/EngineMaterials/Substrate/Glints2/dict_0003_0028.uasset" 5440
"../../../Engine/Content/EngineMaterials/Substrate/Glints2/dict_0003_0029.uasset" 5441
"../../../Engine/Content/EngineMaterials/Substrate/Glints2/dict_0003_0030.uasset" 5442
"../../../Engine/Content/EngineMaterials/Substrate/Glints2/dict_0003_0031.uasset" 5443
"../../../Engine/Content/EngineMaterials/Substrate/Glints2/dict_0003_0032.uasset" 5444
"../../../Engine/Content/EngineMaterials/Substrate/Glints2/dict_0003_0033.uasset" 5445
"../../../Engine/Content/EngineMaterials/Substrate/Glints2/dict_0003_0034.uasset" 5446
"../../../Engine/Content/EngineMaterials/Substrate/Glints2/dict_0003_0035.uasset" 5447
"../../../Engine/Content/EngineMaterials/Substrate/Glints2/dict_0003_0036.uasset" 5448
"../../../Engine/Content/EngineMaterials/Substrate/Glints2/dict_0003_0037.uasset" 5449
"../../../Engine/Content/EngineMaterials/Substrate/Glints2/dict_0003_0038.uasset" 5450
"../../../Engine/Content/EngineMaterials/Substrate/Glints2/dict_0003_0039.uasset" 5451
"../../../Engine/Content/EngineMaterials/Substrate/Glints2/dict_0003_0040.uasset" 5452
"../../../Engine/Content/EngineMaterials/Substrate/Glints2/dict_0003_0041.uasset" 5453
"../../../Engine/Content/EngineMaterials/Substrate/Glints2/dict_0003_0042.uasset" 5454
"../../../Engine/Content/EngineMaterials/Substrate/Glints2/dict_0003_0043.uasset" 5455
"../../../Engine/Content/EngineMaterials/Substrate/Glints2/dict_0003_0044.uasset" 5456
"../../../Engine/Content/EngineMaterials/Substrate/Glints2/dict_0003_0045.uasset" 5457
"../../../Engine/Content/EngineMaterials/Substrate/Glints2/dict_0003_0046.uasset" 5458
"../../../Engine/Content/EngineMaterials/Substrate/Glints2/dict_0003_0047.uasset" 5459
"../../../Engine/Content/EngineMaterials/Substrate/Glints2/dict_0003_0048.uasset" 5460
"../../../Engine/Content/EngineMaterials/Substrate/Glints2/dict_0003_0049.uasset" 5461
"../../../Engine/Content/EngineMaterials/Substrate/Glints2/dict_0003_0050.uasset" 5462
"../../../Engine/Content/EngineMaterials/Substrate/Glints2/dict_0003_0051.uasset" 5463
"../../../Engine/Content/EngineMaterials/Substrate/Glints2/dict_0003_0052.uasset" 5464
"../../../Engine/Content/EngineMaterials/Substrate/Glints2/dict_0003_0053.uasset" 5465
"../../../Engine/Content/EngineMaterials/Substrate/Glints2/dict_0003_0054.uasset" 5466
"../../../Engine/Content/EngineMaterials/Substrate/Glints2/dict_0003_0055.uasset" 5467
"../../../Engine/Content/EngineMaterials/Substrate/Glints2/dict_0003_0056.uasset" 5468
"../../../Engine/Content/EngineMaterials/Substrate/Glints2/dict_0003_0057.uasset" 5469
"../../../Engine/Content/EngineMaterials/Substrate/Glints2/dict_0003_0058.uasset" 5470
"../../../Engine/Content/EngineMaterials/Substrate/Glints2/dict_0003_0059.uasset" 5471
"../../../Engine/Content/EngineMaterials/Substrate/Glints2/dict_0003_0060.uasset" 5472
"../../../Engine/Content/EngineMaterials/Substrate/Glints2/dict_0003_0061.uasset" 5473
"../../../Engine/Content/EngineMaterials/Substrate/Glints2/dict_0003_0062.uasset" 5474
"../../../Engine/Content/EngineMaterials/Substrate/Glints2/dict_0003_0063.uasset" 5475
"../../../Engine/Content/EngineMaterials/Substrate/Glints2/dict_0003_0064.uasset" 5476
"../../../Engine/Content/EngineMaterials/Substrate/Glints2/dict_0003_0065.uasset" 5477
"../../../Engine/Content/EngineMaterials/Substrate/Glints2/dict_0003_0066.uasset" 5478
"../../../Engine/Content/EngineMaterials/Substrate/Glints2/dict_0003_0067.uasset" 5479
"../../../Engine/Content/EngineMaterials/Substrate/Glints2/dict_0003_0068.uasset" 5480
"../../../Engine/Content/EngineMaterials/Substrate/Glints2/dict_0003_0069.uasset" 5481
"../../../Engine/Content/EngineMaterials/Substrate/Glints2/dict_0003_0070.uasset" 5482
"../../../Engine/Content/EngineMaterials/Substrate/Glints2/dict_0003_0071.uasset" 5483
"../../../Engine/Content/EngineMaterials/Substrate/Glints2/dict_0003_0072.uasset" 5484
"../../../Engine/Content/EngineMaterials/Substrate/Glints2/dict_0003_0073.uasset" 5485
"../../../Engine/Content/EngineMaterials/Substrate/Glints2/dict_0003_0074.uasset" 5486
"../../../Engine/Content/EngineMaterials/Substrate/Glints2/dict_0003_0075.uasset" 5487
"../../../Engine/Content/EngineMaterials/Substrate/Glints2/dict_0003_0076.uasset" 5488
"../../../Engine/Content/EngineMaterials/Substrate/Glints2/dict_0003_0077.uasset" 5489
"../../../Engine/Content/EngineMaterials/Substrate/Glints2/dict_0003_0078.uasset" 5490
"../../../Engine/Content/EngineMaterials/Substrate/Glints2/dict_0003_0079.uasset" 5491
"../../../Engine/Content/EngineMaterials/Substrate/Glints2/dict_0003_0080.uasset" 5492
"../../../Engine/Content/EngineMaterials/Substrate/Glints2/dict_0003_0081.uasset" 5493
"../../../Engine/Content/EngineMaterials/Substrate/Glints2/dict_0003_0082.uasset" 5494
"../../../Engine/Content/EngineMaterials/Substrate/Glints2/dict_0003_0083.uasset" 5495
"../../../Engine/Content/EngineMaterials/Substrate/Glints2/dict_0003_0084.uasset" 5496
"../../../Engine/Content/EngineMaterials/Substrate/Glints2/dict_0003_0085.uasset" 5497
"../../../Engine/Content/EngineMaterials/Substrate/Glints2/dict_0003_0086.uasset" 5498
"../../../Engine/Content/EngineMaterials/Substrate/Glints2/dict_0003_0087.uasset" 5499
"../../../Engine/Content/EngineMaterials/Substrate/Glints2/dict_0003_0088.uasset" 5500
"../../../Engine/Content/EngineMaterials/Substrate/Glints2/dict_0003_0089.uasset" 5501
"../../../Engine/Content/EngineMaterials/Substrate/Glints2/dict_0003_0090.uasset" 5502
"../../../Engine/Content/EngineMaterials/Substrate/Glints2/dict_0003_0091.uasset" 5503
"../../../Engine/Content/EngineMaterials/Substrate/Glints2/dict_0003_0092.uasset" 5504
"../../../Engine/Content/EngineMaterials/Substrate/Glints2/dict_0003_0093.uasset" 5505
"../../../Engine/Content/EngineMaterials/Substrate/Glints2/dict_0003_0094.uasset" 5506
"../../../Engine/Content/EngineMaterials/Substrate/Glints2/dict_0003_0095.uasset" 5507
"../../../Engine/Content/EngineMaterials/Substrate/Glints2/dict_0003_0096.uasset" 5508
"../../../Engine/Content/EngineMaterials/Substrate/Glints2/dict_0003_0097.uasset" 5509
"../../../Engine/Content/EngineMaterials/Substrate/Glints2/dict_0003_0098.uasset" 5510
"../../../Engine/Content/EngineMaterials/Substrate/Glints2/dict_0003_0099.uasset" 5511
"../../../Engine/Content/EngineMaterials/Substrate/Glints2/dict_0003_0100.uasset" 5512
"../../../Engine/Content/EngineMaterials/Substrate/Glints2/dict_0003_0101.uasset" 5513
"../../../Engine/Content/EngineMaterials/Substrate/Glints2/dict_0003_0102.uasset" 5514
"../../../Engine/Content/EngineMaterials/Substrate/Glints2/dict_0003_0103.uasset" 5515
"../../../Engine/Content/EngineMaterials/Substrate/Glints2/dict_0003_0104.uasset" 5516
"../../../Engine/Content/EngineMaterials/Substrate/Glints2/dict_0003_0105.uasset" 5517
"../../../Engine/Content/EngineMaterials/Substrate/Glints2/dict_0003_0106.uasset" 5518
"../../../Engine/Content/EngineMaterials/Substrate/Glints2/dict_0003_0107.uasset" 5519
"../../../Engine/Content/EngineMaterials/Substrate/Glints2/dict_0003_0108.uasset" 5520
"../../../Engine/Content/EngineMaterials/Substrate/Glints2/dict_0003_0109.uasset" 5521
"../../../Engine/Content/EngineMaterials/Substrate/Glints2/dict_0003_0110.uasset" 5522
"../../../Engine/Content/EngineMaterials/Substrate/Glints2/dict_0003_0111.uasset" 5523
"../../../Engine/Content/EngineMaterials/Substrate/Glints2/dict_0003_0112.uasset" 5524
"../../../Engine/Content/EngineMaterials/Substrate/Glints2/dict_0003_0113.uasset" 5525
"../../../Engine/Content/EngineMaterials/Substrate/Glints2/dict_0003_0114.uasset" 5526
"../../../Engine/Content/EngineMaterials/Substrate/Glints2/dict_0003_0115.uasset" 5527
"../../../Engine/Content/EngineMaterials/Substrate/Glints2/dict_0003_0116.uasset" 5528
"../../../Engine/Content/EngineMaterials/Substrate/Glints2/dict_0003_0117.uasset" 5529
"../../../Engine/Content/EngineMaterials/Substrate/Glints2/dict_0003_0118.uasset" 5530
"../../../Engine/Content/EngineMaterials/Substrate/Glints2/dict_0003_0119.uasset" 5531
"../../../Engine/Content/EngineMaterials/Substrate/Glints2/dict_0003_0120.uasset" 5532
"../../../Engine/Content/EngineMaterials/Substrate/Glints2/dict_0003_0121.uasset" 5533
"../../../Engine/Content/EngineMaterials/Substrate/Glints2/dict_0003_0122.uasset" 5534
"../../../Engine/Content/EngineMaterials/Substrate/Glints2/dict_0003_0123.uasset" 5535
"../../../Engine/Content/EngineMaterials/Substrate/Glints2/dict_0003_0124.uasset" 5536
"../../../Engine/Content/EngineMaterials/Substrate/Glints2/dict_0003_0125.uasset" 5537
"../../../Engine/Content/EngineMaterials/Substrate/Glints2/dict_0003_0126.uasset" 5538
"../../../Engine/Content/EngineMaterials/Substrate/Glints2/dict_0003_0127.uasset" 5539
"../../../Engine/Content/EngineMaterials/Substrate/Glints2/dict_0003_0128.uasset" 5540
"../../../Engine/Content/EngineMaterials/Substrate/Glints2/dict_0003_0129.uasset" 5541
"../../../Engine/Content/EngineMaterials/Substrate/Glints2/dict_0003_0130.uasset" 5542
"../../../Engine/Content/EngineMaterials/Substrate/Glints2/dict_0003_0131.uasset" 5543
"../../../Engine/Content/EngineMaterials/Substrate/Glints2/dict_0003_0132.uasset" 5544
"../../../Engine/Content/EngineMaterials/Substrate/Glints2/dict_0003_0133.uasset" 5545
"../../../Engine/Content/EngineMaterials/Substrate/Glints2/dict_0003_0134.uasset" 5546
"../../../Engine/Content/EngineMaterials/Substrate/Glints2/dict_0003_0135.uasset" 5547
"../../../Engine/Content/EngineMaterials/Substrate/Glints2/dict_0003_0136.uasset" 5548
"../../../Engine/Content/EngineMaterials/Substrate/Glints2/dict_0003_0137.uasset" 5549
"../../../Engine/Content/EngineMaterials/Substrate/Glints2/dict_0003_0138.uasset" 5550
"../../../Engine/Content/EngineMaterials/Substrate/Glints2/dict_0003_0139.uasset" 5551
"../../../Engine/Content/EngineMaterials/Substrate/Glints2/dict_0003_0140.uasset" 5552
"../../../Engine/Content/EngineMaterials/Substrate/Glints2/dict_0003_0141.uasset" 5553
"../../../Engine/Content/EngineMaterials/Substrate/Glints2/dict_0003_0142.uasset" 5554
"../../../Engine/Content/EngineMaterials/Substrate/Glints2/dict_0003_0143.uasset" 5555
"../../../Engine/Content/EngineMaterials/Substrate/Glints2/dict_0003_0144.uasset" 5556
"../../../Engine/Content/EngineMaterials/Substrate/Glints2/dict_0003_0145.uasset" 5557
"../../../Engine/Content/EngineMaterials/Substrate/Glints2/dict_0003_0146.uasset" 5558
"../../../Engine/Content/EngineMaterials/Substrate/Glints2/dict_0003_0147.uasset" 5559
"../../../Engine/Content/EngineMaterials/Substrate/Glints2/dict_0003_0148.uasset" 5560
"../../../Engine/Content/EngineMaterials/Substrate/Glints2/dict_0003_0149.uasset" 5561
"../../../Engine/Content/EngineMaterials/Substrate/Glints2/dict_0003_0150.uasset" 5562
"../../../Engine/Content/EngineMaterials/Substrate/Glints2/dict_0003_0151.uasset" 5563
"../../../Engine/Content/EngineMaterials/Substrate/Glints2/dict_0003_0152.uasset" 5564
"../../../Engine/Content/EngineMaterials/Substrate/Glints2/dict_0003_0153.uasset" 5565
"../../../Engine/Content/EngineMaterials/Substrate/Glints2/dict_0003_0154.uasset" 5566
"../../../Engine/Content/EngineMaterials/Substrate/Glints2/dict_0003_0155.uasset" 5567
"../../../Engine/Content/EngineMaterials/Substrate/Glints2/dict_0003_0156.uasset" 5568
"../../../Engine/Content/EngineMaterials/Substrate/Glints2/dict_0003_0157.uasset" 5569
"../../../Engine/Content/EngineMaterials/Substrate/Glints2/dict_0003_0158.uasset" 5570
"../../../Engine/Content/EngineMaterials/Substrate/Glints2/dict_0003_0159.uasset" 5571
"../../../Engine/Content/EngineMaterials/Substrate/Glints2/dict_0003_0160.uasset" 5572
"../../../Engine/Content/EngineMaterials/Substrate/Glints2/dict_0003_0161.uasset" 5573
"../../../Engine/Content/EngineMaterials/Substrate/Glints2/dict_0003_0162.uasset" 5574
"../../../Engine/Content/EngineMaterials/Substrate/Glints2/dict_0003_0163.uasset" 5575
"../../../Engine/Content/EngineMaterials/Substrate/Glints2/dict_0003_0164.uasset" 5576
"../../../Engine/Content/EngineMaterials/Substrate/Glints2/dict_0003_0165.uasset" 5577
"../../../Engine/Content/EngineMaterials/Substrate/Glints2/dict_0003_0166.uasset" 5578
"../../../Engine/Content/EngineMaterials/Substrate/Glints2/dict_0003_0167.uasset" 5579
"../../../Engine/Content/EngineMaterials/Substrate/Glints2/dict_0003_0168.uasset" 5580
"../../../Engine/Content/EngineMaterials/Substrate/Glints2/dict_0003_0169.uasset" 5581
"../../../Engine/Content/EngineMaterials/Substrate/Glints2/dict_0003_0170.uasset" 5582
"../../../Engine/Content/EngineMaterials/Substrate/Glints2/dict_0003_0171.uasset" 5583
"../../../Engine/Content/EngineMaterials/Substrate/Glints2/dict_0003_0172.uasset" 5584
"../../../Engine/Content/EngineMaterials/Substrate/Glints2/dict_0003_0173.uasset" 5585
"../../../Engine/Content/EngineMaterials/Substrate/Glints2/dict_0003_0174.uasset" 5586
"../../../Engine/Content/EngineMaterials/Substrate/Glints2/dict_0003_0175.uasset" 5587
"../../../Engine/Content/EngineMaterials/Substrate/Glints2/dict_0003_0176.uasset" 5588
"../../../Engine/Content/EngineMaterials/Substrate/Glints2/dict_0003_0177.uasset" 5589
"../../../Engine/Content/EngineMaterials/Substrate/Glints2/dict_0003_0178.uasset" 5590
"../../../Engine/Content/EngineMaterials/Substrate/Glints2/dict_0003_0179.uasset" 5591
"../../../Engine/Content/EngineMaterials/Substrate/Glints2/dict_0003_0180.uasset" 5592
"../../../Engine/Content/EngineMaterials/Substrate/Glints2/dict_0003_0181.uasset" 5593
"../../../Engine/Content/EngineMaterials/Substrate/Glints2/dict_0003_0182.uasset" 5594
"../../../Engine/Content/EngineMaterials/Substrate/Glints2/dict_0003_0183.uasset" 5595
"../../../Engine/Content/EngineMaterials/Substrate/Glints2/dict_0003_0184.uasset" 5596
"../../../Engine/Content/EngineMaterials/Substrate/Glints2/dict_0003_0185.uasset" 5597
"../../../Engine/Content/EngineMaterials/Substrate/Glints2/dict_0003_0186.uasset" 5598
"../../../Engine/Content/EngineMaterials/Substrate/Glints2/dict_0003_0187.uasset" 5599
"../../../Engine/Content/EngineMaterials/Substrate/Glints2/dict_0003_0188.uasset" 5600
"../../../Engine/Content/EngineMaterials/Substrate/Glints2/dict_0003_0189.uasset" 5601
"../../../Engine/Content/EngineMaterials/Substrate/Glints2/dict_0003_0190.uasset" 5602
"../../../Engine/Content/EngineMaterials/Substrate/Glints2/dict_0003_0191.uasset" 5603
"../../../Engine/Content/EngineMaterials/Substrate/Glints2/dict_0003_0192.uasset" 5604
"../../../Engine/Content/EngineMaterials/Substrate/Glints2/dict_0003_0193.uasset" 5605
"../../../Engine/Content/EngineMaterials/Substrate/Glints2/dict_0003_0194.uasset" 5606
"../../../Engine/Content/EngineMaterials/Substrate/Glints2/dict_0003_0195.uasset" 5607
"../../../Engine/Content/EngineMaterials/Substrate/Glints2/dict_0003_0196.uasset" 5608
"../../../Engine/Content/EngineMaterials/Substrate/Glints2/dict_0003_0197.uasset" 5609
"../../../Engine/Content/EngineMaterials/Substrate/Glints2/dict_0003_0198.uasset" 5610
"../../../Engine/Content/EngineMaterials/Substrate/Glints2/dict_0003_0199.uasset" 5611
"../../../Engine/Content/EngineMaterials/Substrate/Glints2/dict_0003_0200.uasset" 5612
"../../../Engine/Content/EngineMaterials/Substrate/Glints2/dict_0003_0201.uasset" 5613
"../../../Engine/Content/EngineMaterials/Substrate/Glints2/dict_0003_0202.uasset" 5614
"../../../Engine/Content/EngineMaterials/Substrate/Glints2/dict_0003_0203.uasset" 5615
"../../../Engine/Content/EngineMaterials/Substrate/Glints2/dict_0003_0204.uasset" 5616
"../../../Engine/Content/EngineMaterials/Substrate/Glints2/dict_0003_0205.uasset" 5617
"../../../Engine/Content/EngineMaterials/Substrate/Glints2/dict_0003_0206.uasset" 5618
"../../../Engine/Content/EngineMaterials/Substrate/Glints2/dict_0003_0207.uasset" 5619
"../../../Engine/Content/EngineMaterials/Substrate/Glints2/dict_0003_0208.uasset" 5620
"../../../Engine/Content/EngineMaterials/Substrate/Glints2/dict_0003_0209.uasset" 5621
"../../../Engine/Content/EngineMaterials/Substrate/Glints2/dict_0003_0210.uasset" 5622
"../../../Engine/Content/EngineMaterials/Substrate/Glints2/dict_0003_0211.uasset" 5623
"../../../Engine/Content/EngineMaterials/Substrate/Glints2/dict_0003_0212.uasset" 5624
"../../../Engine/Content/EngineMaterials/Substrate/Glints2/dict_0003_0213.uasset" 5625
"../../../Engine/Content/EngineMaterials/Substrate/Glints2/dict_0003_0214.uasset" 5626
"../../../Engine/Content/EngineMaterials/Substrate/Glints2/dict_0003_0215.uasset" 5627
"../../../Engine/Content/EngineMaterials/Substrate/Glints2/dict_0003_0216.uasset" 5628
"../../../Engine/Content/EngineMaterials/Substrate/Glints2/dict_0003_0217.uasset" 5629
"../../../Engine/Content/EngineMaterials/Substrate/Glints2/dict_0003_0218.uasset" 5630
"../../../Engine/Content/EngineMaterials/Substrate/Glints2/dict_0003_0219.uasset" 5631
"../../../Engine/Content/EngineMaterials/Substrate/Glints2/dict_0003_0220.uasset" 5632
"../../../Engine/Content/EngineMaterials/Substrate/Glints2/dict_0003_0221.uasset" 5633
"../../../Engine/Content/EngineMaterials/Substrate/Glints2/dict_0003_0222.uasset" 5634
"../../../Engine/Content/EngineMaterials/Substrate/Glints2/dict_0003_0223.uasset" 5635
"../../../Engine/Content/EngineMaterials/Substrate/Glints2/dict_0003_0224.uasset" 5636
"../../../Engine/Content/EngineMaterials/Substrate/Glints2/dict_0003_0225.uasset" 5637
"../../../Engine/Content/EngineMaterials/Substrate/Glints2/dict_0003_0226.uasset" 5638
"../../../Engine/Content/EngineMaterials/Substrate/Glints2/dict_0003_0227.uasset" 5639
"../../../Engine/Content/EngineMaterials/Substrate/Glints2/dict_0003_0228.uasset" 5640
"../../../Engine/Content/EngineMaterials/Substrate/Glints2/dict_0003_0229.uasset" 5641
"../../../Engine/Content/EngineMaterials/Substrate/Glints2/dict_0003_0230.uasset" 5642
"../../../Engine/Content/EngineMaterials/Substrate/Glints2/dict_0003_0231.uasset" 5643
"../../../Engine/Content/EngineMaterials/Substrate/Glints2/dict_0003_0232.uasset" 5644
"../../../Engine/Content/EngineMaterials/Substrate/Glints2/dict_0003_0233.uasset" 5645
"../../../Engine/Content/EngineMaterials/Substrate/Glints2/dict_0003_0234.uasset" 5646
"../../../Engine/Content/EngineMaterials/Substrate/Glints2/dict_0003_0235.uasset" 5647
"../../../Engine/Content/EngineMaterials/Substrate/Glints2/dict_0003_0236.uasset" 5648
"../../../Engine/Content/EngineMaterials/Substrate/Glints2/dict_0003_0237.uasset" 5649
"../../../Engine/Content/EngineMaterials/Substrate/Glints2/dict_0003_0238.uasset" 5650
"../../../Engine/Content/EngineMaterials/Substrate/Glints2/dict_0003_0239.uasset" 5651
"../../../Engine/Content/EngineMaterials/Substrate/Glints2/dict_0003_0240.uasset" 5652
"../../../Engine/Content/EngineMaterials/Substrate/Glints2/dict_0003_0241.uasset" 5653
"../../../Engine/Content/EngineMaterials/Substrate/Glints2/dict_0003_0242.uasset" 5654
"../../../Engine/Content/EngineMaterials/Substrate/Glints2/dict_0003_0243.uasset" 5655
"../../../Engine/Content/EngineMaterials/Substrate/Glints2/dict_0003_0244.uasset" 5656
"../../../Engine/Content/EngineMaterials/Substrate/Glints2/dict_0003_0245.uasset" 5657
"../../../Engine/Content/EngineMaterials/Substrate/Glints2/dict_0003_0246.uasset" 5658
"../../../Engine/Content/EngineMaterials/Substrate/Glints2/dict_0003_0247.uasset" 5659
"../../../Engine/Content/EngineMaterials/Substrate/Glints2/dict_0003_0248.uasset" 5660
"../../../Engine/Content/EngineMaterials/Substrate/Glints2/dict_0003_0249.uasset" 5661
"../../../Engine/Content/EngineMaterials/Substrate/Glints2/dict_0003_0250.uasset" 5662
"../../../Engine/Content/EngineMaterials/Substrate/Glints2/dict_0003_0251.uasset" 5663
"../../../Engine/Content/EngineMaterials/Substrate/Glints2/dict_0003_0252.uasset" 5664
"../../../Engine/Content/EngineMaterials/Substrate/Glints2/dict_0003_0253.uasset" 5665
"../../../Engine/Content/EngineMaterials/Substrate/Glints2/dict_0003_0254.uasset" 5666
"../../../Engine/Content/EngineMaterials/Substrate/Glints2/dict_0003_0255.uasset" 5667
"../../../Engine/Content/EngineMaterials/Substrate/Glints2/dict_0004_0000.uasset" 5668
"../../../Engine/Content/EngineMaterials/Substrate/Glints2/dict_0004_0001.uasset" 5669
"../../../Engine/Content/EngineMaterials/Substrate/Glints2/dict_0004_0002.uasset" 5670
"../../../Engine/Content/EngineMaterials/Substrate/Glints2/dict_0004_0003.uasset" 5671
"../../../Engine/Content/EngineMaterials/Substrate/Glints2/dict_0004_0004.uasset" 5672
"../../../Engine/Content/EngineMaterials/Substrate/Glints2/dict_0004_0005.uasset" 5673
"../../../Engine/Content/EngineMaterials/Substrate/Glints2/dict_0004_0006.uasset" 5674
"../../../Engine/Content/EngineMaterials/Substrate/Glints2/dict_0004_0007.uasset" 5675
"../../../Engine/Content/EngineMaterials/Substrate/Glints2/dict_0004_0008.uasset" 5676
"../../../Engine/Content/EngineMaterials/Substrate/Glints2/dict_0004_0009.uasset" 5677
"../../../Engine/Content/EngineMaterials/Substrate/Glints2/dict_0004_0010.uasset" 5678
"../../../Engine/Content/EngineMaterials/Substrate/Glints2/dict_0004_0011.uasset" 5679
"../../../Engine/Content/EngineMaterials/Substrate/Glints2/dict_0004_0012.uasset" 5680
"../../../Engine/Content/EngineMaterials/Substrate/Glints2/dict_0004_0013.uasset" 5681
"../../../Engine/Content/EngineMaterials/Substrate/Glints2/dict_0004_0014.uasset" 5682
"../../../Engine/Content/EngineMaterials/Substrate/Glints2/dict_0004_0015.uasset" 5683
"../../../Engine/Content/EngineMaterials/Substrate/Glints2/dict_0004_0016.uasset" 5684
"../../../Engine/Content/EngineMaterials/Substrate/Glints2/dict_0004_0017.uasset" 5685
"../../../Engine/Content/EngineMaterials/Substrate/Glints2/dict_0004_0018.uasset" 5686
"../../../Engine/Content/EngineMaterials/Substrate/Glints2/dict_0004_0019.uasset" 5687
"../../../Engine/Content/EngineMaterials/Substrate/Glints2/dict_0004_0020.uasset" 5688
"../../../Engine/Content/EngineMaterials/Substrate/Glints2/dict_0004_0021.uasset" 5689
"../../../Engine/Content/EngineMaterials/Substrate/Glints2/dict_0004_0022.uasset" 5690
"../../../Engine/Content/EngineMaterials/Substrate/Glints2/dict_0004_0023.uasset" 5691
"../../../Engine/Content/EngineMaterials/Substrate/Glints2/dict_0004_0024.uasset" 5692
"../../../Engine/Content/EngineMaterials/Substrate/Glints2/dict_0004_0025.uasset" 5693
"../../../Engine/Content/EngineMaterials/Substrate/Glints2/dict_0004_0026.uasset" 5694
"../../../Engine/Content/EngineMaterials/Substrate/Glints2/dict_0004_0027.uasset" 5695
"../../../Engine/Content/EngineMaterials/Substrate/Glints2/dict_0004_0028.uasset" 5696
"../../../Engine/Content/EngineMaterials/Substrate/Glints2/dict_0004_0029.uasset" 5697
"../../../Engine/Content/EngineMaterials/Substrate/Glints2/dict_0004_0030.uasset" 5698
"../../../Engine/Content/EngineMaterials/Substrate/Glints2/dict_0004_0031.uasset" 5699
"../../../Engine/Content/EngineMaterials/Substrate/Glints2/dict_0004_0032.uasset" 5700
"../../../Engine/Content/EngineMaterials/Substrate/Glints2/dict_0004_0033.uasset" 5701
"../../../Engine/Content/EngineMaterials/Substrate/Glints2/dict_0004_0034.uasset" 5702
"../../../Engine/Content/EngineMaterials/Substrate/Glints2/dict_0004_0035.uasset" 5703
"../../../Engine/Content/EngineMaterials/Substrate/Glints2/dict_0004_0036.uasset" 5704
"../../../Engine/Content/EngineMaterials/Substrate/Glints2/dict_0004_0037.uasset" 5705
"../../../Engine/Content/EngineMaterials/Substrate/Glints2/dict_0004_0038.uasset" 5706
"../../../Engine/Content/EngineMaterials/Substrate/Glints2/dict_0004_0039.uasset" 5707
"../../../Engine/Content/EngineMaterials/Substrate/Glints2/dict_0004_0040.uasset" 5708
"../../../Engine/Content/EngineMaterials/Substrate/Glints2/dict_0004_0041.uasset" 5709
"../../../Engine/Content/EngineMaterials/Substrate/Glints2/dict_0004_0042.uasset" 5710
"../../../Engine/Content/EngineMaterials/Substrate/Glints2/dict_0004_0043.uasset" 5711
"../../../Engine/Content/EngineMaterials/Substrate/Glints2/dict_0004_0044.uasset" 5712
"../../../Engine/Content/EngineMaterials/Substrate/Glints2/dict_0004_0045.uasset" 5713
"../../../Engine/Content/EngineMaterials/Substrate/Glints2/dict_0004_0046.uasset" 5714
"../../../Engine/Content/EngineMaterials/Substrate/Glints2/dict_0004_0047.uasset" 5715
"../../../Engine/Content/EngineMaterials/Substrate/Glints2/dict_0004_0048.uasset" 5716
"../../../Engine/Content/EngineMaterials/Substrate/Glints2/dict_0004_0049.uasset" 5717
"../../../Engine/Content/EngineMaterials/Substrate/Glints2/dict_0004_0050.uasset" 5718
"../../../Engine/Content/EngineMaterials/Substrate/Glints2/dict_0004_0051.uasset" 5719
"../../../Engine/Content/EngineMaterials/Substrate/Glints2/dict_0004_0052.uasset" 5720
"../../../Engine/Content/EngineMaterials/Substrate/Glints2/dict_0004_0053.uasset" 5721
"../../../Engine/Content/EngineMaterials/Substrate/Glints2/dict_0004_0054.uasset" 5722
"../../../Engine/Content/EngineMaterials/Substrate/Glints2/dict_0004_0055.uasset" 5723
"../../../Engine/Content/EngineMaterials/Substrate/Glints2/dict_0004_0056.uasset" 5724
"../../../Engine/Content/EngineMaterials/Substrate/Glints2/dict_0004_0057.uasset" 5725
"../../../Engine/Content/EngineMaterials/Substrate/Glints2/dict_0004_0058.uasset" 5726
"../../../Engine/Content/EngineMaterials/Substrate/Glints2/dict_0004_0059.uasset" 5727
"../../../Engine/Content/EngineMaterials/Substrate/Glints2/dict_0004_0060.uasset" 5728
"../../../Engine/Content/EngineMaterials/Substrate/Glints2/dict_0004_0061.uasset" 5729
"../../../Engine/Content/EngineMaterials/Substrate/Glints2/dict_0004_0062.uasset" 5730
"../../../Engine/Content/EngineMaterials/Substrate/Glints2/dict_0004_0063.uasset" 5731
"../../../Engine/Content/EngineMaterials/Substrate/Glints2/dict_0004_0064.uasset" 5732
"../../../Engine/Content/EngineMaterials/Substrate/Glints2/dict_0004_0065.uasset" 5733
"../../../Engine/Content/EngineMaterials/Substrate/Glints2/dict_0004_0066.uasset" 5734
"../../../Engine/Content/EngineMaterials/Substrate/Glints2/dict_0004_0067.uasset" 5735
"../../../Engine/Content/EngineMaterials/Substrate/Glints2/dict_0004_0068.uasset" 5736
"../../../Engine/Content/EngineMaterials/Substrate/Glints2/dict_0004_0069.uasset" 5737
"../../../Engine/Content/EngineMaterials/Substrate/Glints2/dict_0004_0070.uasset" 5738
"../../../Engine/Content/EngineMaterials/Substrate/Glints2/dict_0004_0071.uasset" 5739
"../../../Engine/Content/EngineMaterials/Substrate/Glints2/dict_0004_0072.uasset" 5740
"../../../Engine/Content/EngineMaterials/Substrate/Glints2/dict_0004_0073.uasset" 5741
"../../../Engine/Content/EngineMaterials/Substrate/Glints2/dict_0004_0074.uasset" 5742
"../../../Engine/Content/EngineMaterials/Substrate/Glints2/dict_0004_0075.uasset" 5743
"../../../Engine/Content/EngineMaterials/Substrate/Glints2/dict_0004_0076.uasset" 5744
"../../../Engine/Content/EngineMaterials/Substrate/Glints2/dict_0004_0077.uasset" 5745
"../../../Engine/Content/EngineMaterials/Substrate/Glints2/dict_0004_0078.uasset" 5746
"../../../Engine/Content/EngineMaterials/Substrate/Glints2/dict_0004_0079.uasset" 5747
"../../../Engine/Content/EngineMaterials/Substrate/Glints2/dict_0004_0080.uasset" 5748
"../../../Engine/Content/EngineMaterials/Substrate/Glints2/dict_0004_0081.uasset" 5749
"../../../Engine/Content/EngineMaterials/Substrate/Glints2/dict_0004_0082.uasset" 5750
"../../../Engine/Content/EngineMaterials/Substrate/Glints2/dict_0004_0083.uasset" 5751
"../../../Engine/Content/EngineMaterials/Substrate/Glints2/dict_0004_0084.uasset" 5752
"../../../Engine/Content/EngineMaterials/Substrate/Glints2/dict_0004_0085.uasset" 5753
"../../../Engine/Content/EngineMaterials/Substrate/Glints2/dict_0004_0086.uasset" 5754
"../../../Engine/Content/EngineMaterials/Substrate/Glints2/dict_0004_0087.uasset" 5755
"../../../Engine/Content/EngineMaterials/Substrate/Glints2/dict_0004_0088.uasset" 5756
"../../../Engine/Content/EngineMaterials/Substrate/Glints2/dict_0004_0089.uasset" 5757
"../../../Engine/Content/EngineMaterials/Substrate/Glints2/dict_0004_0090.uasset" 5758
"../../../Engine/Content/EngineMaterials/Substrate/Glints2/dict_0004_0091.uasset" 5759
"../../../Engine/Content/EngineMaterials/Substrate/Glints2/dict_0004_0092.uasset" 5760
"../../../Engine/Content/EngineMaterials/Substrate/Glints2/dict_0004_0093.uasset" 5761
"../../../Engine/Content/EngineMaterials/Substrate/Glints2/dict_0004_0094.uasset" 5762
"../../../Engine/Content/EngineMaterials/Substrate/Glints2/dict_0004_0095.uasset" 5763
"../../../Engine/Content/EngineMaterials/Substrate/Glints2/dict_0004_0096.uasset" 5764
"../../../Engine/Content/EngineMaterials/Substrate/Glints2/dict_0004_0097.uasset" 5765
"../../../Engine/Content/EngineMaterials/Substrate/Glints2/dict_0004_0098.uasset" 5766
"../../../Engine/Content/EngineMaterials/Substrate/Glints2/dict_0004_0099.uasset" 5767
"../../../Engine/Content/EngineMaterials/Substrate/Glints2/dict_0004_0100.uasset" 5768
"../../../Engine/Content/EngineMaterials/Substrate/Glints2/dict_0004_0101.uasset" 5769
"../../../Engine/Content/EngineMaterials/Substrate/Glints2/dict_0004_0102.uasset" 5770
"../../../Engine/Content/EngineMaterials/Substrate/Glints2/dict_0004_0103.uasset" 5771
"../../../Engine/Content/EngineMaterials/Substrate/Glints2/dict_0004_0104.uasset" 5772
"../../../Engine/Content/EngineMaterials/Substrate/Glints2/dict_0004_0105.uasset" 5773
"../../../Engine/Content/EngineMaterials/Substrate/Glints2/dict_0004_0106.uasset" 5774
"../../../Engine/Content/EngineMaterials/Substrate/Glints2/dict_0004_0107.uasset" 5775
"../../../Engine/Content/EngineMaterials/Substrate/Glints2/dict_0004_0108.uasset" 5776
"../../../Engine/Content/EngineMaterials/Substrate/Glints2/dict_0004_0109.uasset" 5777
"../../../Engine/Content/EngineMaterials/Substrate/Glints2/dict_0004_0110.uasset" 5778
"../../../Engine/Content/EngineMaterials/Substrate/Glints2/dict_0004_0111.uasset" 5779
"../../../Engine/Content/EngineMaterials/Substrate/Glints2/dict_0004_0112.uasset" 5780
"../../../Engine/Content/EngineMaterials/Substrate/Glints2/dict_0004_0113.uasset" 5781
"../../../Engine/Content/EngineMaterials/Substrate/Glints2/dict_0004_0114.uasset" 5782
"../../../Engine/Content/EngineMaterials/Substrate/Glints2/dict_0004_0115.uasset" 5783
"../../../Engine/Content/EngineMaterials/Substrate/Glints2/dict_0004_0116.uasset" 5784
"../../../Engine/Content/EngineMaterials/Substrate/Glints2/dict_0004_0117.uasset" 5785
"../../../Engine/Content/EngineMaterials/Substrate/Glints2/dict_0004_0118.uasset" 5786
"../../../Engine/Content/EngineMaterials/Substrate/Glints2/dict_0004_0119.uasset" 5787
"../../../Engine/Content/EngineMaterials/Substrate/Glints2/dict_0004_0120.uasset" 5788
"../../../Engine/Content/EngineMaterials/Substrate/Glints2/dict_0004_0121.uasset" 5789
"../../../Engine/Content/EngineMaterials/Substrate/Glints2/dict_0004_0122.uasset" 5790
"../../../Engine/Content/EngineMaterials/Substrate/Glints2/dict_0004_0123.uasset" 5791
"../../../Engine/Content/EngineMaterials/Substrate/Glints2/dict_0004_0124.uasset" 5792
"../../../Engine/Content/EngineMaterials/Substrate/Glints2/dict_0004_0125.uasset" 5793
"../../../Engine/Content/EngineMaterials/Substrate/Glints2/dict_0004_0126.uasset" 5794
"../../../Engine/Content/EngineMaterials/Substrate/Glints2/dict_0004_0127.uasset" 5795
"../../../Engine/Content/EngineMaterials/Substrate/Glints2/dict_0004_0128.uasset" 5796
"../../../Engine/Content/EngineMaterials/Substrate/Glints2/dict_0004_0129.uasset" 5797
"../../../Engine/Content/EngineMaterials/Substrate/Glints2/dict_0004_0130.uasset" 5798
"../../../Engine/Content/EngineMaterials/Substrate/Glints2/dict_0004_0131.uasset" 5799
"../../../Engine/Content/EngineMaterials/Substrate/Glints2/dict_0004_0132.uasset" 5800
"../../../Engine/Content/EngineMaterials/Substrate/Glints2/dict_0004_0133.uasset" 5801
"../../../Engine/Content/EngineMaterials/Substrate/Glints2/dict_0004_0134.uasset" 5802
"../../../Engine/Content/EngineMaterials/Substrate/Glints2/dict_0004_0135.uasset" 5803
"../../../Engine/Content/EngineMaterials/Substrate/Glints2/dict_0004_0136.uasset" 5804
"../../../Engine/Content/EngineMaterials/Substrate/Glints2/dict_0004_0137.uasset" 5805
"../../../Engine/Content/EngineMaterials/Substrate/Glints2/dict_0004_0138.uasset" 5806
"../../../Engine/Content/EngineMaterials/Substrate/Glints2/dict_0004_0139.uasset" 5807
"../../../Engine/Content/EngineMaterials/Substrate/Glints2/dict_0004_0140.uasset" 5808
"../../../Engine/Content/EngineMaterials/Substrate/Glints2/dict_0004_0141.uasset" 5809
"../../../Engine/Content/EngineMaterials/Substrate/Glints2/dict_0004_0142.uasset" 5810
"../../../Engine/Content/EngineMaterials/Substrate/Glints2/dict_0004_0143.uasset" 5811
"../../../Engine/Content/EngineMaterials/Substrate/Glints2/dict_0004_0144.uasset" 5812
"../../../Engine/Content/EngineMaterials/Substrate/Glints2/dict_0004_0145.uasset" 5813
"../../../Engine/Content/EngineMaterials/Substrate/Glints2/dict_0004_0146.uasset" 5814
"../../../Engine/Content/EngineMaterials/Substrate/Glints2/dict_0004_0147.uasset" 5815
"../../../Engine/Content/EngineMaterials/Substrate/Glints2/dict_0004_0148.uasset" 5816
"../../../Engine/Content/EngineMaterials/Substrate/Glints2/dict_0004_0149.uasset" 5817
"../../../Engine/Content/EngineMaterials/Substrate/Glints2/dict_0004_0150.uasset" 5818
"../../../Engine/Content/EngineMaterials/Substrate/Glints2/dict_0004_0151.uasset" 5819
"../../../Engine/Content/EngineMaterials/Substrate/Glints2/dict_0004_0152.uasset" 5820
"../../../Engine/Content/EngineMaterials/Substrate/Glints2/dict_0004_0153.uasset" 5821
"../../../Engine/Content/EngineMaterials/Substrate/Glints2/dict_0004_0154.uasset" 5822
"../../../Engine/Content/EngineMaterials/Substrate/Glints2/dict_0004_0155.uasset" 5823
"../../../Engine/Content/EngineMaterials/Substrate/Glints2/dict_0004_0156.uasset" 5824
"../../../Engine/Content/EngineMaterials/Substrate/Glints2/dict_0004_0157.uasset" 5825
"../../../Engine/Content/EngineMaterials/Substrate/Glints2/dict_0004_0158.uasset" 5826
"../../../Engine/Content/EngineMaterials/Substrate/Glints2/dict_0004_0159.uasset" 5827
"../../../Engine/Content/EngineMaterials/Substrate/Glints2/dict_0004_0160.uasset" 5828
"../../../Engine/Content/EngineMaterials/Substrate/Glints2/dict_0004_0161.uasset" 5829
"../../../Engine/Content/EngineMaterials/Substrate/Glints2/dict_0004_0162.uasset" 5830
"../../../Engine/Content/EngineMaterials/Substrate/Glints2/dict_0004_0163.uasset" 5831
"../../../Engine/Content/EngineMaterials/Substrate/Glints2/dict_0004_0164.uasset" 5832
"../../../Engine/Content/EngineMaterials/Substrate/Glints2/dict_0004_0165.uasset" 5833
"../../../Engine/Content/EngineMaterials/Substrate/Glints2/dict_0004_0166.uasset" 5834
"../../../Engine/Content/EngineMaterials/Substrate/Glints2/dict_0004_0167.uasset" 5835
"../../../Engine/Content/EngineMaterials/Substrate/Glints2/dict_0004_0168.uasset" 5836
"../../../Engine/Content/EngineMaterials/Substrate/Glints2/dict_0004_0169.uasset" 5837
"../../../Engine/Content/EngineMaterials/Substrate/Glints2/dict_0004_0170.uasset" 5838
"../../../Engine/Content/EngineMaterials/Substrate/Glints2/dict_0004_0171.uasset" 5839
"../../../Engine/Content/EngineMaterials/Substrate/Glints2/dict_0004_0172.uasset" 5840
"../../../Engine/Content/EngineMaterials/Substrate/Glints2/dict_0004_0173.uasset" 5841
"../../../Engine/Content/EngineMaterials/Substrate/Glints2/dict_0004_0174.uasset" 5842
"../../../Engine/Content/EngineMaterials/Substrate/Glints2/dict_0004_0175.uasset" 5843
"../../../Engine/Content/EngineMaterials/Substrate/Glints2/dict_0004_0176.uasset" 5844
"../../../Engine/Content/EngineMaterials/Substrate/Glints2/dict_0004_0177.uasset" 5845
"../../../Engine/Content/EngineMaterials/Substrate/Glints2/dict_0004_0178.uasset" 5846
"../../../Engine/Content/EngineMaterials/Substrate/Glints2/dict_0004_0179.uasset" 5847
"../../../Engine/Content/EngineMaterials/Substrate/Glints2/dict_0004_0180.uasset" 5848
"../../../Engine/Content/EngineMaterials/Substrate/Glints2/dict_0004_0181.uasset" 5849
"../../../Engine/Content/EngineMaterials/Substrate/Glints2/dict_0004_0182.uasset" 5850
"../../../Engine/Content/EngineMaterials/Substrate/Glints2/dict_0004_0183.uasset" 5851
"../../../Engine/Content/EngineMaterials/Substrate/Glints2/dict_0004_0184.uasset" 5852
"../../../Engine/Content/EngineMaterials/Substrate/Glints2/dict_0004_0185.uasset" 5853
"../../../Engine/Content/EngineMaterials/Substrate/Glints2/dict_0004_0186.uasset" 5854
"../../../Engine/Content/EngineMaterials/Substrate/Glints2/dict_0004_0187.uasset" 5855
"../../../Engine/Content/EngineMaterials/Substrate/Glints2/dict_0004_0188.uasset" 5856
"../../../Engine/Content/EngineMaterials/Substrate/Glints2/dict_0004_0189.uasset" 5857
"../../../Engine/Content/EngineMaterials/Substrate/Glints2/dict_0004_0190.uasset" 5858
"../../../Engine/Content/EngineMaterials/Substrate/Glints2/dict_0004_0191.uasset" 5859
"../../../Engine/Content/EngineMaterials/Substrate/Glints2/dict_0004_0192.uasset" 5860
"../../../Engine/Content/EngineMaterials/Substrate/Glints2/dict_0004_0193.uasset" 5861
"../../../Engine/Content/EngineMaterials/Substrate/Glints2/dict_0004_0194.uasset" 5862
"../../../Engine/Content/EngineMaterials/Substrate/Glints2/dict_0004_0195.uasset" 5863
"../../../Engine/Content/EngineMaterials/Substrate/Glints2/dict_0004_0196.uasset" 5864
"../../../Engine/Content/EngineMaterials/Substrate/Glints2/dict_0004_0197.uasset" 5865
"../../../Engine/Content/EngineMaterials/Substrate/Glints2/dict_0004_0198.uasset" 5866
"../../../Engine/Content/EngineMaterials/Substrate/Glints2/dict_0004_0199.uasset" 5867
"../../../Engine/Content/EngineMaterials/Substrate/Glints2/dict_0004_0200.uasset" 5868
"../../../Engine/Content/EngineMaterials/Substrate/Glints2/dict_0004_0201.uasset" 5869
"../../../Engine/Content/EngineMaterials/Substrate/Glints2/dict_0004_0202.uasset" 5870
"../../../Engine/Content/EngineMaterials/Substrate/Glints2/dict_0004_0203.uasset" 5871
"../../../Engine/Content/EngineMaterials/Substrate/Glints2/dict_0004_0204.uasset" 5872
"../../../Engine/Content/EngineMaterials/Substrate/Glints2/dict_0004_0205.uasset" 5873
"../../../Engine/Content/EngineMaterials/Substrate/Glints2/dict_0004_0206.uasset" 5874
"../../../Engine/Content/EngineMaterials/Substrate/Glints2/dict_0004_0207.uasset" 5875
"../../../Engine/Content/EngineMaterials/Substrate/Glints2/dict_0004_0208.uasset" 5876
"../../../Engine/Content/EngineMaterials/Substrate/Glints2/dict_0004_0209.uasset" 5877
"../../../Engine/Content/EngineMaterials/Substrate/Glints2/dict_0004_0210.uasset" 5878
"../../../Engine/Content/EngineMaterials/Substrate/Glints2/dict_0004_0211.uasset" 5879
"../../../Engine/Content/EngineMaterials/Substrate/Glints2/dict_0004_0212.uasset" 5880
"../../../Engine/Content/EngineMaterials/Substrate/Glints2/dict_0004_0213.uasset" 5881
"../../../Engine/Content/EngineMaterials/Substrate/Glints2/dict_0004_0214.uasset" 5882
"../../../Engine/Content/EngineMaterials/Substrate/Glints2/dict_0004_0215.uasset" 5883
"../../../Engine/Content/EngineMaterials/Substrate/Glints2/dict_0004_0216.uasset" 5884
"../../../Engine/Content/EngineMaterials/Substrate/Glints2/dict_0004_0217.uasset" 5885
"../../../Engine/Content/EngineMaterials/Substrate/Glints2/dict_0004_0218.uasset" 5886
"../../../Engine/Content/EngineMaterials/Substrate/Glints2/dict_0004_0219.uasset" 5887
"../../../Engine/Content/EngineMaterials/Substrate/Glints2/dict_0004_0220.uasset" 5888
"../../../Engine/Content/EngineMaterials/Substrate/Glints2/dict_0004_0221.uasset" 5889
"../../../Engine/Content/EngineMaterials/Substrate/Glints2/dict_0004_0222.uasset" 5890
"../../../Engine/Content/EngineMaterials/Substrate/Glints2/dict_0004_0223.uasset" 5891
"../../../Engine/Content/EngineMaterials/Substrate/Glints2/dict_0004_0224.uasset" 5892
"../../../Engine/Content/EngineMaterials/Substrate/Glints2/dict_0004_0225.uasset" 5893
"../../../Engine/Content/EngineMaterials/Substrate/Glints2/dict_0004_0226.uasset" 5894
"../../../Engine/Content/EngineMaterials/Substrate/Glints2/dict_0004_0227.uasset" 5895
"../../../Engine/Content/EngineMaterials/Substrate/Glints2/dict_0004_0228.uasset" 5896
"../../../Engine/Content/EngineMaterials/Substrate/Glints2/dict_0004_0229.uasset" 5897
"../../../Engine/Content/EngineMaterials/Substrate/Glints2/dict_0004_0230.uasset" 5898
"../../../Engine/Content/EngineMaterials/Substrate/Glints2/dict_0004_0231.uasset" 5899
"../../../Engine/Content/EngineMaterials/Substrate/Glints2/dict_0004_0232.uasset" 5900
"../../../Engine/Content/EngineMaterials/Substrate/Glints2/dict_0004_0233.uasset" 5901
"../../../Engine/Content/EngineMaterials/Substrate/Glints2/dict_0004_0234.uasset" 5902
"../../../Engine/Content/EngineMaterials/Substrate/Glints2/dict_0004_0235.uasset" 5903
"../../../Engine/Content/EngineMaterials/Substrate/Glints2/dict_0004_0236.uasset" 5904
"../../../Engine/Content/EngineMaterials/Substrate/Glints2/dict_0004_0237.uasset" 5905
"../../../Engine/Content/EngineMaterials/Substrate/Glints2/dict_0004_0238.uasset" 5906
"../../../Engine/Content/EngineMaterials/Substrate/Glints2/dict_0004_0239.uasset" 5907
"../../../Engine/Content/EngineMaterials/Substrate/Glints2/dict_0004_0240.uasset" 5908
"../../../Engine/Content/EngineMaterials/Substrate/Glints2/dict_0004_0241.uasset" 5909
"../../../Engine/Content/EngineMaterials/Substrate/Glints2/dict_0004_0242.uasset" 5910
"../../../Engine/Content/EngineMaterials/Substrate/Glints2/dict_0004_0243.uasset" 5911
"../../../Engine/Content/EngineMaterials/Substrate/Glints2/dict_0004_0244.uasset" 5912
"../../../Engine/Content/EngineMaterials/Substrate/Glints2/dict_0004_0245.uasset" 5913
"../../../Engine/Content/EngineMaterials/Substrate/Glints2/dict_0004_0246.uasset" 5914
"../../../Engine/Content/EngineMaterials/Substrate/Glints2/dict_0004_0247.uasset" 5915
"../../../Engine/Content/EngineMaterials/Substrate/Glints2/dict_0004_0248.uasset" 5916
"../../../Engine/Content/EngineMaterials/Substrate/Glints2/dict_0004_0249.uasset" 5917
"../../../Engine/Content/EngineMaterials/Substrate/Glints2/dict_0004_0250.uasset" 5918
"../../../Engine/Content/EngineMaterials/Substrate/Glints2/dict_0004_0251.uasset" 5919
"../../../Engine/Content/EngineMaterials/Substrate/Glints2/dict_0004_0252.uasset" 5920
"../../../Engine/Content/EngineMaterials/Substrate/Glints2/dict_0004_0253.uasset" 5921
"../../../Engine/Content/EngineMaterials/Substrate/Glints2/dict_0004_0254.uasset" 5922
"../../../Engine/Content/EngineMaterials/Substrate/Glints2/dict_0004_0255.uasset" 5923
"../../../Engine/Content/EngineMaterials/Substrate/Glints2/dict_0005_0000.uasset" 5924
"../../../Engine/Content/EngineMaterials/Substrate/Glints2/dict_0005_0001.uasset" 5925
"../../../Engine/Content/EngineMaterials/Substrate/Glints2/dict_0005_0002.uasset" 5926
"../../../Engine/Content/EngineMaterials/Substrate/Glints2/dict_0005_0003.uasset" 5927
"../../../Engine/Content/EngineMaterials/Substrate/Glints2/dict_0005_0004.uasset" 5928
"../../../Engine/Content/EngineMaterials/Substrate/Glints2/dict_0005_0005.uasset" 5929
"../../../Engine/Content/EngineMaterials/Substrate/Glints2/dict_0005_0006.uasset" 5930
"../../../Engine/Content/EngineMaterials/Substrate/Glints2/dict_0005_0007.uasset" 5931
"../../../Engine/Content/EngineMaterials/Substrate/Glints2/dict_0005_0008.uasset" 5932
"../../../Engine/Content/EngineMaterials/Substrate/Glints2/dict_0005_0009.uasset" 5933
"../../../Engine/Content/EngineMaterials/Substrate/Glints2/dict_0005_0010.uasset" 5934
"../../../Engine/Content/EngineMaterials/Substrate/Glints2/dict_0005_0011.uasset" 5935
"../../../Engine/Content/EngineMaterials/Substrate/Glints2/dict_0005_0012.uasset" 5936
"../../../Engine/Content/EngineMaterials/Substrate/Glints2/dict_0005_0013.uasset" 5937
"../../../Engine/Content/EngineMaterials/Substrate/Glints2/dict_0005_0014.uasset" 5938
"../../../Engine/Content/EngineMaterials/Substrate/Glints2/dict_0005_0015.uasset" 5939
"../../../Engine/Content/EngineMaterials/Substrate/Glints2/dict_0005_0016.uasset" 5940
"../../../Engine/Content/EngineMaterials/Substrate/Glints2/dict_0005_0017.uasset" 5941
"../../../Engine/Content/EngineMaterials/Substrate/Glints2/dict_0005_0018.uasset" 5942
"../../../Engine/Content/EngineMaterials/Substrate/Glints2/dict_0005_0019.uasset" 5943
"../../../Engine/Content/EngineMaterials/Substrate/Glints2/dict_0005_0020.uasset" 5944
"../../../Engine/Content/EngineMaterials/Substrate/Glints2/dict_0005_0021.uasset" 5945
"../../../Engine/Content/EngineMaterials/Substrate/Glints2/dict_0005_0022.uasset" 5946
"../../../Engine/Content/EngineMaterials/Substrate/Glints2/dict_0005_0023.uasset" 5947
"../../../Engine/Content/EngineMaterials/Substrate/Glints2/dict_0005_0024.uasset" 5948
"../../../Engine/Content/EngineMaterials/Substrate/Glints2/dict_0005_0025.uasset" 5949
"../../../Engine/Content/EngineMaterials/Substrate/Glints2/dict_0005_0026.uasset" 5950
"../../../Engine/Content/EngineMaterials/Substrate/Glints2/dict_0005_0027.uasset" 5951
"../../../Engine/Content/EngineMaterials/Substrate/Glints2/dict_0005_0028.uasset" 5952
"../../../Engine/Content/EngineMaterials/Substrate/Glints2/dict_0005_0029.uasset" 5953
"../../../Engine/Content/EngineMaterials/Substrate/Glints2/dict_0005_0030.uasset" 5954
"../../../Engine/Content/EngineMaterials/Substrate/Glints2/dict_0005_0031.uasset" 5955
"../../../Engine/Content/EngineMaterials/Substrate/Glints2/dict_0005_0032.uasset" 5956
"../../../Engine/Content/EngineMaterials/Substrate/Glints2/dict_0005_0033.uasset" 5957
"../../../Engine/Content/EngineMaterials/Substrate/Glints2/dict_0005_0034.uasset" 5958
"../../../Engine/Content/EngineMaterials/Substrate/Glints2/dict_0005_0035.uasset" 5959
"../../../Engine/Content/EngineMaterials/Substrate/Glints2/dict_0005_0036.uasset" 5960
"../../../Engine/Content/EngineMaterials/Substrate/Glints2/dict_0005_0037.uasset" 5961
"../../../Engine/Content/EngineMaterials/Substrate/Glints2/dict_0005_0038.uasset" 5962
"../../../Engine/Content/EngineMaterials/Substrate/Glints2/dict_0005_0039.uasset" 5963
"../../../Engine/Content/EngineMaterials/Substrate/Glints2/dict_0005_0040.uasset" 5964
"../../../Engine/Content/EngineMaterials/Substrate/Glints2/dict_0005_0041.uasset" 5965
"../../../Engine/Content/EngineMaterials/Substrate/Glints2/dict_0005_0042.uasset" 5966
"../../../Engine/Content/EngineMaterials/Substrate/Glints2/dict_0005_0043.uasset" 5967
"../../../Engine/Content/EngineMaterials/Substrate/Glints2/dict_0005_0044.uasset" 5968
"../../../Engine/Content/EngineMaterials/Substrate/Glints2/dict_0005_0045.uasset" 5969
"../../../Engine/Content/EngineMaterials/Substrate/Glints2/dict_0005_0046.uasset" 5970
"../../../Engine/Content/EngineMaterials/Substrate/Glints2/dict_0005_0047.uasset" 5971
"../../../Engine/Content/EngineMaterials/Substrate/Glints2/dict_0005_0048.uasset" 5972
"../../../Engine/Content/EngineMaterials/Substrate/Glints2/dict_0005_0049.uasset" 5973
"../../../Engine/Content/EngineMaterials/Substrate/Glints2/dict_0005_0050.uasset" 5974
"../../../Engine/Content/EngineMaterials/Substrate/Glints2/dict_0005_0051.uasset" 5975
"../../../Engine/Content/EngineMaterials/Substrate/Glints2/dict_0005_0052.uasset" 5976
"../../../Engine/Content/EngineMaterials/Substrate/Glints2/dict_0005_0053.uasset" 5977
"../../../Engine/Content/EngineMaterials/Substrate/Glints2/dict_0005_0054.uasset" 5978
"../../../Engine/Content/EngineMaterials/Substrate/Glints2/dict_0005_0055.uasset" 5979
"../../../Engine/Content/EngineMaterials/Substrate/Glints2/dict_0005_0056.uasset" 5980
"../../../Engine/Content/EngineMaterials/Substrate/Glints2/dict_0005_0057.uasset" 5981
"../../../Engine/Content/EngineMaterials/Substrate/Glints2/dict_0005_0058.uasset" 5982
"../../../Engine/Content/EngineMaterials/Substrate/Glints2/dict_0005_0059.uasset" 5983
"../../../Engine/Content/EngineMaterials/Substrate/Glints2/dict_0005_0060.uasset" 5984
"../../../Engine/Content/EngineMaterials/Substrate/Glints2/dict_0005_0061.uasset" 5985
"../../../Engine/Content/EngineMaterials/Substrate/Glints2/dict_0005_0062.uasset" 5986
"../../../Engine/Content/EngineMaterials/Substrate/Glints2/dict_0005_0063.uasset" 5987
"../../../Engine/Content/EngineMaterials/Substrate/Glints2/dict_0005_0064.uasset" 5988
"../../../Engine/Content/EngineMaterials/Substrate/Glints2/dict_0005_0065.uasset" 5989
"../../../Engine/Content/EngineMaterials/Substrate/Glints2/dict_0005_0066.uasset" 5990
"../../../Engine/Content/EngineMaterials/Substrate/Glints2/dict_0005_0067.uasset" 5991
"../../../Engine/Content/EngineMaterials/Substrate/Glints2/dict_0005_0068.uasset" 5992
"../../../Engine/Content/EngineMaterials/Substrate/Glints2/dict_0005_0069.uasset" 5993
"../../../Engine/Content/EngineMaterials/Substrate/Glints2/dict_0005_0070.uasset" 5994
"../../../Engine/Content/EngineMaterials/Substrate/Glints2/dict_0005_0071.uasset" 5995
"../../../Engine/Content/EngineMaterials/Substrate/Glints2/dict_0005_0072.uasset" 5996
"../../../Engine/Content/EngineMaterials/Substrate/Glints2/dict_0005_0073.uasset" 5997
"../../../Engine/Content/EngineMaterials/Substrate/Glints2/dict_0005_0074.uasset" 5998
"../../../Engine/Content/EngineMaterials/Substrate/Glints2/dict_0005_0075.uasset" 5999
"../../../Engine/Content/EngineMaterials/Substrate/Glints2/dict_0005_0076.uasset" 6000
"../../../Engine/Content/EngineMaterials/Substrate/Glints2/dict_0005_0077.uasset" 6001
"../../../Engine/Content/EngineMaterials/Substrate/Glints2/dict_0005_0078.uasset" 6002
"../../../Engine/Content/EngineMaterials/Substrate/Glints2/dict_0005_0079.uasset" 6003
"../../../Engine/Content/EngineMaterials/Substrate/Glints2/dict_0005_0080.uasset" 6004
"../../../Engine/Content/EngineMaterials/Substrate/Glints2/dict_0005_0081.uasset" 6005
"../../../Engine/Content/EngineMaterials/Substrate/Glints2/dict_0005_0082.uasset" 6006
"../../../Engine/Content/EngineMaterials/Substrate/Glints2/dict_0005_0083.uasset" 6007
"../../../Engine/Content/EngineMaterials/Substrate/Glints2/dict_0005_0084.uasset" 6008
"../../../Engine/Content/EngineMaterials/Substrate/Glints2/dict_0005_0085.uasset" 6009
"../../../Engine/Content/EngineMaterials/Substrate/Glints2/dict_0005_0086.uasset" 6010
"../../../Engine/Content/EngineMaterials/Substrate/Glints2/dict_0005_0087.uasset" 6011
"../../../Engine/Content/EngineMaterials/Substrate/Glints2/dict_0005_0088.uasset" 6012
"../../../Engine/Content/EngineMaterials/Substrate/Glints2/dict_0005_0089.uasset" 6013
"../../../Engine/Content/EngineMaterials/Substrate/Glints2/dict_0005_0090.uasset" 6014
"../../../Engine/Content/EngineMaterials/Substrate/Glints2/dict_0005_0091.uasset" 6015
"../../../Engine/Content/EngineMaterials/Substrate/Glints2/dict_0005_0092.uasset" 6016
"../../../Engine/Content/EngineMaterials/Substrate/Glints2/dict_0005_0093.uasset" 6017
"../../../Engine/Content/EngineMaterials/Substrate/Glints2/dict_0005_0094.uasset" 6018
"../../../Engine/Content/EngineMaterials/Substrate/Glints2/dict_0005_0095.uasset" 6019
"../../../Engine/Content/EngineMaterials/Substrate/Glints2/dict_0005_0096.uasset" 6020
"../../../Engine/Content/EngineMaterials/Substrate/Glints2/dict_0005_0097.uasset" 6021
"../../../Engine/Content/EngineMaterials/Substrate/Glints2/dict_0005_0098.uasset" 6022
"../../../Engine/Content/EngineMaterials/Substrate/Glints2/dict_0005_0099.uasset" 6023
"../../../Engine/Content/EngineMaterials/Substrate/Glints2/dict_0005_0100.uasset" 6024
"../../../Engine/Content/EngineMaterials/Substrate/Glints2/dict_0005_0101.uasset" 6025
"../../../Engine/Content/EngineMaterials/Substrate/Glints2/dict_0005_0102.uasset" 6026
"../../../Engine/Content/EngineMaterials/Substrate/Glints2/dict_0005_0103.uasset" 6027
"../../../Engine/Content/EngineMaterials/Substrate/Glints2/dict_0005_0104.uasset" 6028
"../../../Engine/Content/EngineMaterials/Substrate/Glints2/dict_0005_0105.uasset" 6029
"../../../Engine/Content/EngineMaterials/Substrate/Glints2/dict_0005_0106.uasset" 6030
"../../../Engine/Content/EngineMaterials/Substrate/Glints2/dict_0005_0107.uasset" 6031
"../../../Engine/Content/EngineMaterials/Substrate/Glints2/dict_0005_0108.uasset" 6032
"../../../Engine/Content/EngineMaterials/Substrate/Glints2/dict_0005_0109.uasset" 6033
"../../../Engine/Content/EngineMaterials/Substrate/Glints2/dict_0005_0110.uasset" 6034
"../../../Engine/Content/EngineMaterials/Substrate/Glints2/dict_0005_0111.uasset" 6035
"../../../Engine/Content/EngineMaterials/Substrate/Glints2/dict_0005_0112.uasset" 6036
"../../../Engine/Content/EngineMaterials/Substrate/Glints2/dict_0005_0113.uasset" 6037
"../../../Engine/Content/EngineMaterials/Substrate/Glints2/dict_0005_0114.uasset" 6038
"../../../Engine/Content/EngineMaterials/Substrate/Glints2/dict_0005_0115.uasset" 6039
"../../../Engine/Content/EngineMaterials/Substrate/Glints2/dict_0005_0116.uasset" 6040
"../../../Engine/Content/EngineMaterials/Substrate/Glints2/dict_0005_0117.uasset" 6041
"../../../Engine/Content/EngineMaterials/Substrate/Glints2/dict_0005_0118.uasset" 6042
"../../../Engine/Content/EngineMaterials/Substrate/Glints2/dict_0005_0119.uasset" 6043
"../../../Engine/Content/EngineMaterials/Substrate/Glints2/dict_0005_0120.uasset" 6044
"../../../Engine/Content/EngineMaterials/Substrate/Glints2/dict_0005_0121.uasset" 6045
"../../../Engine/Content/EngineMaterials/Substrate/Glints2/dict_0005_0122.uasset" 6046
"../../../Engine/Content/EngineMaterials/Substrate/Glints2/dict_0005_0123.uasset" 6047
"../../../Engine/Content/EngineMaterials/Substrate/Glints2/dict_0005_0124.uasset" 6048
"../../../Engine/Content/EngineMaterials/Substrate/Glints2/dict_0005_0125.uasset" 6049
"../../../Engine/Content/EngineMaterials/Substrate/Glints2/dict_0005_0126.uasset" 6050
"../../../Engine/Content/EngineMaterials/Substrate/Glints2/dict_0005_0127.uasset" 6051
"../../../Engine/Content/EngineMaterials/Substrate/Glints2/dict_0005_0128.uasset" 6052
"../../../Engine/Content/EngineMaterials/Substrate/Glints2/dict_0005_0129.uasset" 6053
"../../../Engine/Content/EngineMaterials/Substrate/Glints2/dict_0005_0130.uasset" 6054
"../../../Engine/Content/EngineMaterials/Substrate/Glints2/dict_0005_0131.uasset" 6055
"../../../Engine/Content/EngineMaterials/Substrate/Glints2/dict_0005_0132.uasset" 6056
"../../../Engine/Content/EngineMaterials/Substrate/Glints2/dict_0005_0133.uasset" 6057
"../../../Engine/Content/EngineMaterials/Substrate/Glints2/dict_0005_0134.uasset" 6058
"../../../Engine/Content/EngineMaterials/Substrate/Glints2/dict_0005_0135.uasset" 6059
"../../../Engine/Content/EngineMaterials/Substrate/Glints2/dict_0005_0136.uasset" 6060
"../../../Engine/Content/EngineMaterials/Substrate/Glints2/dict_0005_0137.uasset" 6061
"../../../Engine/Content/EngineMaterials/Substrate/Glints2/dict_0005_0138.uasset" 6062
"../../../Engine/Content/EngineMaterials/Substrate/Glints2/dict_0005_0139.uasset" 6063
"../../../Engine/Content/EngineMaterials/Substrate/Glints2/dict_0005_0140.uasset" 6064
"../../../Engine/Content/EngineMaterials/Substrate/Glints2/dict_0005_0141.uasset" 6065
"../../../Engine/Content/EngineMaterials/Substrate/Glints2/dict_0005_0142.uasset" 6066
"../../../Engine/Content/EngineMaterials/Substrate/Glints2/dict_0005_0143.uasset" 6067
"../../../Engine/Content/EngineMaterials/Substrate/Glints2/dict_0005_0144.uasset" 6068
"../../../Engine/Content/EngineMaterials/Substrate/Glints2/dict_0005_0145.uasset" 6069
"../../../Engine/Content/EngineMaterials/Substrate/Glints2/dict_0005_0146.uasset" 6070
"../../../Engine/Content/EngineMaterials/Substrate/Glints2/dict_0005_0147.uasset" 6071
"../../../Engine/Content/EngineMaterials/Substrate/Glints2/dict_0005_0148.uasset" 6072
"../../../Engine/Content/EngineMaterials/Substrate/Glints2/dict_0005_0149.uasset" 6073
"../../../Engine/Content/EngineMaterials/Substrate/Glints2/dict_0005_0150.uasset" 6074
"../../../Engine/Content/EngineMaterials/Substrate/Glints2/dict_0005_0151.uasset" 6075
"../../../Engine/Content/EngineMaterials/Substrate/Glints2/dict_0005_0152.uasset" 6076
"../../../Engine/Content/EngineMaterials/Substrate/Glints2/dict_0005_0153.uasset" 6077
"../../../Engine/Content/EngineMaterials/Substrate/Glints2/dict_0005_0154.uasset" 6078
"../../../Engine/Content/EngineMaterials/Substrate/Glints2/dict_0005_0155.uasset" 6079
"../../../Engine/Content/EngineMaterials/Substrate/Glints2/dict_0005_0156.uasset" 6080
"../../../Engine/Content/EngineMaterials/Substrate/Glints2/dict_0005_0157.uasset" 6081
"../../../Engine/Content/EngineMaterials/Substrate/Glints2/dict_0005_0158.uasset" 6082
"../../../Engine/Content/EngineMaterials/Substrate/Glints2/dict_0005_0159.uasset" 6083
"../../../Engine/Content/EngineMaterials/Substrate/Glints2/dict_0005_0160.uasset" 6084
"../../../Engine/Content/EngineMaterials/Substrate/Glints2/dict_0005_0161.uasset" 6085
"../../../Engine/Content/EngineMaterials/Substrate/Glints2/dict_0005_0162.uasset" 6086
"../../../Engine/Content/EngineMaterials/Substrate/Glints2/dict_0005_0163.uasset" 6087
"../../../Engine/Content/EngineMaterials/Substrate/Glints2/dict_0005_0164.uasset" 6088
"../../../Engine/Content/EngineMaterials/Substrate/Glints2/dict_0005_0165.uasset" 6089
"../../../Engine/Content/EngineMaterials/Substrate/Glints2/dict_0005_0166.uasset" 6090
"../../../Engine/Content/EngineMaterials/Substrate/Glints2/dict_0005_0167.uasset" 6091
"../../../Engine/Content/EngineMaterials/Substrate/Glints2/dict_0005_0168.uasset" 6092
"../../../Engine/Content/EngineMaterials/Substrate/Glints2/dict_0005_0169.uasset" 6093
"../../../Engine/Content/EngineMaterials/Substrate/Glints2/dict_0005_0170.uasset" 6094
"../../../Engine/Content/EngineMaterials/Substrate/Glints2/dict_0005_0171.uasset" 6095
"../../../Engine/Content/EngineMaterials/Substrate/Glints2/dict_0005_0172.uasset" 6096
"../../../Engine/Content/EngineMaterials/Substrate/Glints2/dict_0005_0173.uasset" 6097
"../../../Engine/Content/EngineMaterials/Substrate/Glints2/dict_0005_0174.uasset" 6098
"../../../Engine/Content/EngineMaterials/Substrate/Glints2/dict_0005_0175.uasset" 6099
"../../../Engine/Content/EngineMaterials/Substrate/Glints2/dict_0005_0176.uasset" 6100
"../../../Engine/Content/EngineMaterials/Substrate/Glints2/dict_0005_0177.uasset" 6101
"../../../Engine/Content/EngineMaterials/Substrate/Glints2/dict_0005_0178.uasset" 6102
"../../../Engine/Content/EngineMaterials/Substrate/Glints2/dict_0005_0179.uasset" 6103
"../../../Engine/Content/EngineMaterials/Substrate/Glints2/dict_0005_0180.uasset" 6104
"../../../Engine/Content/EngineMaterials/Substrate/Glints2/dict_0005_0181.uasset" 6105
"../../../Engine/Content/EngineMaterials/Substrate/Glints2/dict_0005_0182.uasset" 6106
"../../../Engine/Content/EngineMaterials/Substrate/Glints2/dict_0005_0183.uasset" 6107
"../../../Engine/Content/EngineMaterials/Substrate/Glints2/dict_0005_0184.uasset" 6108
"../../../Engine/Content/EngineMaterials/Substrate/Glints2/dict_0005_0185.uasset" 6109
"../../../Engine/Content/EngineMaterials/Substrate/Glints2/dict_0005_0186.uasset" 6110
"../../../Engine/Content/EngineMaterials/Substrate/Glints2/dict_0005_0187.uasset" 6111
"../../../Engine/Content/EngineMaterials/Substrate/Glints2/dict_0005_0188.uasset" 6112
"../../../Engine/Content/EngineMaterials/Substrate/Glints2/dict_0005_0189.uasset" 6113
"../../../Engine/Content/EngineMaterials/Substrate/Glints2/dict_0005_0190.uasset" 6114
"../../../Engine/Content/EngineMaterials/Substrate/Glints2/dict_0005_0191.uasset" 6115
"../../../Engine/Content/EngineMaterials/Substrate/Glints2/dict_0005_0192.uasset" 6116
"../../../Engine/Content/EngineMaterials/Substrate/Glints2/dict_0005_0193.uasset" 6117
"../../../Engine/Content/EngineMaterials/Substrate/Glints2/dict_0005_0194.uasset" 6118
"../../../Engine/Content/EngineMaterials/Substrate/Glints2/dict_0005_0195.uasset" 6119
"../../../Engine/Content/EngineMaterials/Substrate/Glints2/dict_0005_0196.uasset" 6120
"../../../Engine/Content/EngineMaterials/Substrate/Glints2/dict_0005_0197.uasset" 6121
"../../../Engine/Content/EngineMaterials/Substrate/Glints2/dict_0005_0198.uasset" 6122
"../../../Engine/Content/EngineMaterials/Substrate/Glints2/dict_0005_0199.uasset" 6123
"../../../Engine/Content/EngineMaterials/Substrate/Glints2/dict_0005_0200.uasset" 6124
"../../../Engine/Content/EngineMaterials/Substrate/Glints2/dict_0005_0201.uasset" 6125
"../../../Engine/Content/EngineMaterials/Substrate/Glints2/dict_0005_0202.uasset" 6126
"../../../Engine/Content/EngineMaterials/Substrate/Glints2/dict_0005_0203.uasset" 6127
"../../../Engine/Content/EngineMaterials/Substrate/Glints2/dict_0005_0204.uasset" 6128
"../../../Engine/Content/EngineMaterials/Substrate/Glints2/dict_0005_0205.uasset" 6129
"../../../Engine/Content/EngineMaterials/Substrate/Glints2/dict_0005_0206.uasset" 6130
"../../../Engine/Content/EngineMaterials/Substrate/Glints2/dict_0005_0207.uasset" 6131
"../../../Engine/Content/EngineMaterials/Substrate/Glints2/dict_0005_0208.uasset" 6132
"../../../Engine/Content/EngineMaterials/Substrate/Glints2/dict_0005_0209.uasset" 6133
"../../../Engine/Content/EngineMaterials/Substrate/Glints2/dict_0005_0210.uasset" 6134
"../../../Engine/Content/EngineMaterials/Substrate/Glints2/dict_0005_0211.uasset" 6135
"../../../Engine/Content/EngineMaterials/Substrate/Glints2/dict_0005_0212.uasset" 6136
"../../../Engine/Content/EngineMaterials/Substrate/Glints2/dict_0005_0213.uasset" 6137
"../../../Engine/Content/EngineMaterials/Substrate/Glints2/dict_0005_0214.uasset" 6138
"../../../Engine/Content/EngineMaterials/Substrate/Glints2/dict_0005_0215.uasset" 6139
"../../../Engine/Content/EngineMaterials/Substrate/Glints2/dict_0005_0216.uasset" 6140
"../../../Engine/Content/EngineMaterials/Substrate/Glints2/dict_0005_0217.uasset" 6141
"../../../Engine/Content/EngineMaterials/Substrate/Glints2/dict_0005_0218.uasset" 6142
"../../../Engine/Content/EngineMaterials/Substrate/Glints2/dict_0005_0219.uasset" 6143
"../../../Engine/Content/EngineMaterials/Substrate/Glints2/dict_0005_0220.uasset" 6144
"../../../Engine/Content/EngineMaterials/Substrate/Glints2/dict_0005_0221.uasset" 6145
"../../../Engine/Content/EngineMaterials/Substrate/Glints2/dict_0005_0222.uasset" 6146
"../../../Engine/Content/EngineMaterials/Substrate/Glints2/dict_0005_0223.uasset" 6147
"../../../Engine/Content/EngineMaterials/Substrate/Glints2/dict_0005_0224.uasset" 6148
"../../../Engine/Content/EngineMaterials/Substrate/Glints2/dict_0005_0225.uasset" 6149
"../../../Engine/Content/EngineMaterials/Substrate/Glints2/dict_0005_0226.uasset" 6150
"../../../Engine/Content/EngineMaterials/Substrate/Glints2/dict_0005_0227.uasset" 6151
"../../../Engine/Content/EngineMaterials/Substrate/Glints2/dict_0005_0228.uasset" 6152
"../../../Engine/Content/EngineMaterials/Substrate/Glints2/dict_0005_0229.uasset" 6153
"../../../Engine/Content/EngineMaterials/Substrate/Glints2/dict_0005_0230.uasset" 6154
"../../../Engine/Content/EngineMaterials/Substrate/Glints2/dict_0005_0231.uasset" 6155
"../../../Engine/Content/EngineMaterials/Substrate/Glints2/dict_0005_0232.uasset" 6156
"../../../Engine/Content/EngineMaterials/Substrate/Glints2/dict_0005_0233.uasset" 6157
"../../../Engine/Content/EngineMaterials/Substrate/Glints2/dict_0005_0234.uasset" 6158
"../../../Engine/Content/EngineMaterials/Substrate/Glints2/dict_0005_0235.uasset" 6159
"../../../Engine/Content/EngineMaterials/Substrate/Glints2/dict_0005_0236.uasset" 6160
"../../../Engine/Content/EngineMaterials/Substrate/Glints2/dict_0005_0237.uasset" 6161
"../../../Engine/Content/EngineMaterials/Substrate/Glints2/dict_0005_0238.uasset" 6162
"../../../Engine/Content/EngineMaterials/Substrate/Glints2/dict_0005_0239.uasset" 6163
"../../../Engine/Content/EngineMaterials/Substrate/Glints2/dict_0005_0240.uasset" 6164
"../../../Engine/Content/EngineMaterials/Substrate/Glints2/dict_0005_0241.uasset" 6165
"../../../Engine/Content/EngineMaterials/Substrate/Glints2/dict_0005_0242.uasset" 6166
"../../../Engine/Content/EngineMaterials/Substrate/Glints2/dict_0005_0243.uasset" 6167
"../../../Engine/Content/EngineMaterials/Substrate/Glints2/dict_0005_0244.uasset" 6168
"../../../Engine/Content/EngineMaterials/Substrate/Glints2/dict_0005_0245.uasset" 6169
"../../../Engine/Content/EngineMaterials/Substrate/Glints2/dict_0005_0246.uasset" 6170
"../../../Engine/Content/EngineMaterials/Substrate/Glints2/dict_0005_0247.uasset" 6171
"../../../Engine/Content/EngineMaterials/Substrate/Glints2/dict_0005_0248.uasset" 6172
"../../../Engine/Content/EngineMaterials/Substrate/Glints2/dict_0005_0249.uasset" 6173
"../../../Engine/Content/EngineMaterials/Substrate/Glints2/dict_0005_0250.uasset" 6174
"../../../Engine/Content/EngineMaterials/Substrate/Glints2/dict_0005_0251.uasset" 6175
"../../../Engine/Content/EngineMaterials/Substrate/Glints2/dict_0005_0252.uasset" 6176
"../../../Engine/Content/EngineMaterials/Substrate/Glints2/dict_0005_0253.uasset" 6177
"../../../Engine/Content/EngineMaterials/Substrate/Glints2/dict_0005_0254.uasset" 6178
"../../../Engine/Content/EngineMaterials/Substrate/Glints2/dict_0005_0255.uasset" 6179
"../../../Engine/Content/EngineMaterials/Substrate/Glints2/dict_0006_0000.uasset" 6180
"../../../Engine/Content/EngineMaterials/Substrate/Glints2/dict_0006_0001.uasset" 6181
"../../../Engine/Content/EngineMaterials/Substrate/Glints2/dict_0006_0002.uasset" 6182
"../../../Engine/Content/EngineMaterials/Substrate/Glints2/dict_0006_0003.uasset" 6183
"../../../Engine/Content/EngineMaterials/Substrate/Glints2/dict_0006_0004.uasset" 6184
"../../../Engine/Content/EngineMaterials/Substrate/Glints2/dict_0006_0005.uasset" 6185
"../../../Engine/Content/EngineMaterials/Substrate/Glints2/dict_0006_0006.uasset" 6186
"../../../Engine/Content/EngineMaterials/Substrate/Glints2/dict_0006_0007.uasset" 6187
"../../../Engine/Content/EngineMaterials/Substrate/Glints2/dict_0006_0008.uasset" 6188
"../../../Engine/Content/EngineMaterials/Substrate/Glints2/dict_0006_0009.uasset" 6189
"../../../Engine/Content/EngineMaterials/Substrate/Glints2/dict_0006_0010.uasset" 6190
"../../../Engine/Content/EngineMaterials/Substrate/Glints2/dict_0006_0011.uasset" 6191
"../../../Engine/Content/EngineMaterials/Substrate/Glints2/dict_0006_0012.uasset" 6192
"../../../Engine/Content/EngineMaterials/Substrate/Glints2/dict_0006_0013.uasset" 6193
"../../../Engine/Content/EngineMaterials/Substrate/Glints2/dict_0006_0014.uasset" 6194
"../../../Engine/Content/EngineMaterials/Substrate/Glints2/dict_0006_0015.uasset" 6195
"../../../Engine/Content/EngineMaterials/Substrate/Glints2/dict_0006_0016.uasset" 6196
"../../../Engine/Content/EngineMaterials/Substrate/Glints2/dict_0006_0017.uasset" 6197
"../../../Engine/Content/EngineMaterials/Substrate/Glints2/dict_0006_0018.uasset" 6198
"../../../Engine/Content/EngineMaterials/Substrate/Glints2/dict_0006_0019.uasset" 6199
"../../../Engine/Content/EngineMaterials/Substrate/Glints2/dict_0006_0020.uasset" 6200
"../../../Engine/Content/EngineMaterials/Substrate/Glints2/dict_0006_0021.uasset" 6201
"../../../Engine/Content/EngineMaterials/Substrate/Glints2/dict_0006_0022.uasset" 6202
"../../../Engine/Content/EngineMaterials/Substrate/Glints2/dict_0006_0023.uasset" 6203
"../../../Engine/Content/EngineMaterials/Substrate/Glints2/dict_0006_0024.uasset" 6204
"../../../Engine/Content/EngineMaterials/Substrate/Glints2/dict_0006_0025.uasset" 6205
"../../../Engine/Content/EngineMaterials/Substrate/Glints2/dict_0006_0026.uasset" 6206
"../../../Engine/Content/EngineMaterials/Substrate/Glints2/dict_0006_0027.uasset" 6207
"../../../Engine/Content/EngineMaterials/Substrate/Glints2/dict_0006_0028.uasset" 6208
"../../../Engine/Content/EngineMaterials/Substrate/Glints2/dict_0006_0029.uasset" 6209
"../../../Engine/Content/EngineMaterials/Substrate/Glints2/dict_0006_0030.uasset" 6210
"../../../Engine/Content/EngineMaterials/Substrate/Glints2/dict_0006_0031.uasset" 6211
"../../../Engine/Content/EngineMaterials/Substrate/Glints2/dict_0006_0032.uasset" 6212
"../../../Engine/Content/EngineMaterials/Substrate/Glints2/dict_0006_0033.uasset" 6213
"../../../Engine/Content/EngineMaterials/Substrate/Glints2/dict_0006_0034.uasset" 6214
"../../../Engine/Content/EngineMaterials/Substrate/Glints2/dict_0006_0035.uasset" 6215
"../../../Engine/Content/EngineMaterials/Substrate/Glints2/dict_0006_0036.uasset" 6216
"../../../Engine/Content/EngineMaterials/Substrate/Glints2/dict_0006_0037.uasset" 6217
"../../../Engine/Content/EngineMaterials/Substrate/Glints2/dict_0006_0038.uasset" 6218
"../../../Engine/Content/EngineMaterials/Substrate/Glints2/dict_0006_0039.uasset" 6219
"../../../Engine/Content/EngineMaterials/Substrate/Glints2/dict_0006_0040.uasset" 6220
"../../../Engine/Content/EngineMaterials/Substrate/Glints2/dict_0006_0041.uasset" 6221
"../../../Engine/Content/EngineMaterials/Substrate/Glints2/dict_0006_0042.uasset" 6222
"../../../Engine/Content/EngineMaterials/Substrate/Glints2/dict_0006_0043.uasset" 6223
"../../../Engine/Content/EngineMaterials/Substrate/Glints2/dict_0006_0044.uasset" 6224
"../../../Engine/Content/EngineMaterials/Substrate/Glints2/dict_0006_0045.uasset" 6225
"../../../Engine/Content/EngineMaterials/Substrate/Glints2/dict_0006_0046.uasset" 6226
"../../../Engine/Content/EngineMaterials/Substrate/Glints2/dict_0006_0047.uasset" 6227
"../../../Engine/Content/EngineMaterials/Substrate/Glints2/dict_0006_0048.uasset" 6228
"../../../Engine/Content/EngineMaterials/Substrate/Glints2/dict_0006_0049.uasset" 6229
"../../../Engine/Content/EngineMaterials/Substrate/Glints2/dict_0006_0050.uasset" 6230
"../../../Engine/Content/EngineMaterials/Substrate/Glints2/dict_0006_0051.uasset" 6231
"../../../Engine/Content/EngineMaterials/Substrate/Glints2/dict_0006_0052.uasset" 6232
"../../../Engine/Content/EngineMaterials/Substrate/Glints2/dict_0006_0053.uasset" 6233
"../../../Engine/Content/EngineMaterials/Substrate/Glints2/dict_0006_0054.uasset" 6234
"../../../Engine/Content/EngineMaterials/Substrate/Glints2/dict_0006_0055.uasset" 6235
"../../../Engine/Content/EngineMaterials/Substrate/Glints2/dict_0006_0056.uasset" 6236
"../../../Engine/Content/EngineMaterials/Substrate/Glints2/dict_0006_0057.uasset" 6237
"../../../Engine/Content/EngineMaterials/Substrate/Glints2/dict_0006_0058.uasset" 6238
"../../../Engine/Content/EngineMaterials/Substrate/Glints2/dict_0006_0059.uasset" 6239
"../../../Engine/Content/EngineMaterials/Substrate/Glints2/dict_0006_0060.uasset" 6240
"../../../Engine/Content/EngineMaterials/Substrate/Glints2/dict_0006_0061.uasset" 6241
"../../../Engine/Content/EngineMaterials/Substrate/Glints2/dict_0006_0062.uasset" 6242
"../../../Engine/Content/EngineMaterials/Substrate/Glints2/dict_0006_0063.uasset" 6243
"../../../Engine/Content/EngineMaterials/Substrate/Glints2/dict_0006_0064.uasset" 6244
"../../../Engine/Content/EngineMaterials/Substrate/Glints2/dict_0006_0065.uasset" 6245
"../../../Engine/Content/EngineMaterials/Substrate/Glints2/dict_0006_0066.uasset" 6246
"../../../Engine/Content/EngineMaterials/Substrate/Glints2/dict_0006_0067.uasset" 6247
"../../../Engine/Content/EngineMaterials/Substrate/Glints2/dict_0006_0068.uasset" 6248
"../../../Engine/Content/EngineMaterials/Substrate/Glints2/dict_0006_0069.uasset" 6249
"../../../Engine/Content/EngineMaterials/Substrate/Glints2/dict_0006_0070.uasset" 6250
"../../../Engine/Content/EngineMaterials/Substrate/Glints2/dict_0006_0071.uasset" 6251
"../../../Engine/Content/EngineMaterials/Substrate/Glints2/dict_0006_0072.uasset" 6252
"../../../Engine/Content/EngineMaterials/Substrate/Glints2/dict_0006_0073.uasset" 6253
"../../../Engine/Content/EngineMaterials/Substrate/Glints2/dict_0006_0074.uasset" 6254
"../../../Engine/Content/EngineMaterials/Substrate/Glints2/dict_0006_0075.uasset" 6255
"../../../Engine/Content/EngineMaterials/Substrate/Glints2/dict_0006_0076.uasset" 6256
"../../../Engine/Content/EngineMaterials/Substrate/Glints2/dict_0006_0077.uasset" 6257
"../../../Engine/Content/EngineMaterials/Substrate/Glints2/dict_0006_0078.uasset" 6258
"../../../Engine/Content/EngineMaterials/Substrate/Glints2/dict_0006_0079.uasset" 6259
"../../../Engine/Content/EngineMaterials/Substrate/Glints2/dict_0006_0080.uasset" 6260
"../../../Engine/Content/EngineMaterials/Substrate/Glints2/dict_0006_0081.uasset" 6261
"../../../Engine/Content/EngineMaterials/Substrate/Glints2/dict_0006_0082.uasset" 6262
"../../../Engine/Content/EngineMaterials/Substrate/Glints2/dict_0006_0083.uasset" 6263
"../../../Engine/Content/EngineMaterials/Substrate/Glints2/dict_0006_0084.uasset" 6264
"../../../Engine/Content/EngineMaterials/Substrate/Glints2/dict_0006_0085.uasset" 6265
"../../../Engine/Content/EngineMaterials/Substrate/Glints2/dict_0006_0086.uasset" 6266
"../../../Engine/Content/EngineMaterials/Substrate/Glints2/dict_0006_0087.uasset" 6267
"../../../Engine/Content/EngineMaterials/Substrate/Glints2/dict_0006_0088.uasset" 6268
"../../../Engine/Content/EngineMaterials/Substrate/Glints2/dict_0006_0089.uasset" 6269
"../../../Engine/Content/EngineMaterials/Substrate/Glints2/dict_0006_0090.uasset" 6270
"../../../Engine/Content/EngineMaterials/Substrate/Glints2/dict_0006_0091.uasset" 6271
"../../../Engine/Content/EngineMaterials/Substrate/Glints2/dict_0006_0092.uasset" 6272
"../../../Engine/Content/EngineMaterials/Substrate/Glints2/dict_0006_0093.uasset" 6273
"../../../Engine/Content/EngineMaterials/Substrate/Glints2/dict_0006_0094.uasset" 6274
"../../../Engine/Content/EngineMaterials/Substrate/Glints2/dict_0006_0095.uasset" 6275
"../../../Engine/Content/EngineMaterials/Substrate/Glints2/dict_0006_0096.uasset" 6276
"../../../Engine/Content/EngineMaterials/Substrate/Glints2/dict_0006_0097.uasset" 6277
"../../../Engine/Content/EngineMaterials/Substrate/Glints2/dict_0006_0098.uasset" 6278
"../../../Engine/Content/EngineMaterials/Substrate/Glints2/dict_0006_0099.uasset" 6279
"../../../Engine/Content/EngineMaterials/Substrate/Glints2/dict_0006_0100.uasset" 6280
"../../../Engine/Content/EngineMaterials/Substrate/Glints2/dict_0006_0101.uasset" 6281
"../../../Engine/Content/EngineMaterials/Substrate/Glints2/dict_0006_0102.uasset" 6282
"../../../Engine/Content/EngineMaterials/Substrate/Glints2/dict_0006_0103.uasset" 6283
"../../../Engine/Content/EngineMaterials/Substrate/Glints2/dict_0006_0104.uasset" 6284
"../../../Engine/Content/EngineMaterials/Substrate/Glints2/dict_0006_0105.uasset" 6285
"../../../Engine/Content/EngineMaterials/Substrate/Glints2/dict_0006_0106.uasset" 6286
"../../../Engine/Content/EngineMaterials/Substrate/Glints2/dict_0006_0107.uasset" 6287
"../../../Engine/Content/EngineMaterials/Substrate/Glints2/dict_0006_0108.uasset" 6288
"../../../Engine/Content/EngineMaterials/Substrate/Glints2/dict_0006_0109.uasset" 6289
"../../../Engine/Content/EngineMaterials/Substrate/Glints2/dict_0006_0110.uasset" 6290
"../../../Engine/Content/EngineMaterials/Substrate/Glints2/dict_0006_0111.uasset" 6291
"../../../Engine/Content/EngineMaterials/Substrate/Glints2/dict_0006_0112.uasset" 6292
"../../../Engine/Content/EngineMaterials/Substrate/Glints2/dict_0006_0113.uasset" 6293
"../../../Engine/Content/EngineMaterials/Substrate/Glints2/dict_0006_0114.uasset" 6294
"../../../Engine/Content/EngineMaterials/Substrate/Glints2/dict_0006_0115.uasset" 6295
"../../../Engine/Content/EngineMaterials/Substrate/Glints2/dict_0006_0116.uasset" 6296
"../../../Engine/Content/EngineMaterials/Substrate/Glints2/dict_0006_0117.uasset" 6297
"../../../Engine/Content/EngineMaterials/Substrate/Glints2/dict_0006_0118.uasset" 6298
"../../../Engine/Content/EngineMaterials/Substrate/Glints2/dict_0006_0119.uasset" 6299
"../../../Engine/Content/EngineMaterials/Substrate/Glints2/dict_0006_0120.uasset" 6300
"../../../Engine/Content/EngineMaterials/Substrate/Glints2/dict_0006_0121.uasset" 6301
"../../../Engine/Content/EngineMaterials/Substrate/Glints2/dict_0006_0122.uasset" 6302
"../../../Engine/Content/EngineMaterials/Substrate/Glints2/dict_0006_0123.uasset" 6303
"../../../Engine/Content/EngineMaterials/Substrate/Glints2/dict_0006_0124.uasset" 6304
"../../../Engine/Content/EngineMaterials/Substrate/Glints2/dict_0006_0125.uasset" 6305
"../../../Engine/Content/EngineMaterials/Substrate/Glints2/dict_0006_0126.uasset" 6306
"../../../Engine/Content/EngineMaterials/Substrate/Glints2/dict_0006_0127.uasset" 6307
"../../../Engine/Content/EngineMaterials/Substrate/Glints2/dict_0006_0128.uasset" 6308
"../../../Engine/Content/EngineMaterials/Substrate/Glints2/dict_0006_0129.uasset" 6309
"../../../Engine/Content/EngineMaterials/Substrate/Glints2/dict_0006_0130.uasset" 6310
"../../../Engine/Content/EngineMaterials/Substrate/Glints2/dict_0006_0131.uasset" 6311
"../../../Engine/Content/EngineMaterials/Substrate/Glints2/dict_0006_0132.uasset" 6312
"../../../Engine/Content/EngineMaterials/Substrate/Glints2/dict_0006_0133.uasset" 6313
"../../../Engine/Content/EngineMaterials/Substrate/Glints2/dict_0006_0134.uasset" 6314
"../../../Engine/Content/EngineMaterials/Substrate/Glints2/dict_0006_0135.uasset" 6315
"../../../Engine/Content/EngineMaterials/Substrate/Glints2/dict_0006_0136.uasset" 6316
"../../../Engine/Content/EngineMaterials/Substrate/Glints2/dict_0006_0137.uasset" 6317
"../../../Engine/Content/EngineMaterials/Substrate/Glints2/dict_0006_0138.uasset" 6318
"../../../Engine/Content/EngineMaterials/Substrate/Glints2/dict_0006_0139.uasset" 6319
"../../../Engine/Content/EngineMaterials/Substrate/Glints2/dict_0006_0140.uasset" 6320
"../../../Engine/Content/EngineMaterials/Substrate/Glints2/dict_0006_0141.uasset" 6321
"../../../Engine/Content/EngineMaterials/Substrate/Glints2/dict_0006_0142.uasset" 6322
"../../../Engine/Content/EngineMaterials/Substrate/Glints2/dict_0006_0143.uasset" 6323
"../../../Engine/Content/EngineMaterials/Substrate/Glints2/dict_0006_0144.uasset" 6324
"../../../Engine/Content/EngineMaterials/Substrate/Glints2/dict_0006_0145.uasset" 6325
"../../../Engine/Content/EngineMaterials/Substrate/Glints2/dict_0006_0146.uasset" 6326
"../../../Engine/Content/EngineMaterials/Substrate/Glints2/dict_0006_0147.uasset" 6327
"../../../Engine/Content/EngineMaterials/Substrate/Glints2/dict_0006_0148.uasset" 6328
"../../../Engine/Content/EngineMaterials/Substrate/Glints2/dict_0006_0149.uasset" 6329
"../../../Engine/Content/EngineMaterials/Substrate/Glints2/dict_0006_0150.uasset" 6330
"../../../Engine/Content/EngineMaterials/Substrate/Glints2/dict_0006_0151.uasset" 6331
"../../../Engine/Content/EngineMaterials/Substrate/Glints2/dict_0006_0152.uasset" 6332
"../../../Engine/Content/EngineMaterials/Substrate/Glints2/dict_0006_0153.uasset" 6333
"../../../Engine/Content/EngineMaterials/Substrate/Glints2/dict_0006_0154.uasset" 6334
"../../../Engine/Content/EngineMaterials/Substrate/Glints2/dict_0006_0155.uasset" 6335
"../../../Engine/Content/EngineMaterials/Substrate/Glints2/dict_0006_0156.uasset" 6336
"../../../Engine/Content/EngineMaterials/Substrate/Glints2/dict_0006_0157.uasset" 6337
"../../../Engine/Content/EngineMaterials/Substrate/Glints2/dict_0006_0158.uasset" 6338
"../../../Engine/Content/EngineMaterials/Substrate/Glints2/dict_0006_0159.uasset" 6339
"../../../Engine/Content/EngineMaterials/Substrate/Glints2/dict_0006_0160.uasset" 6340
"../../../Engine/Content/EngineMaterials/Substrate/Glints2/dict_0006_0161.uasset" 6341
"../../../Engine/Content/EngineMaterials/Substrate/Glints2/dict_0006_0162.uasset" 6342
"../../../Engine/Content/EngineMaterials/Substrate/Glints2/dict_0006_0163.uasset" 6343
"../../../Engine/Content/EngineMaterials/Substrate/Glints2/dict_0006_0164.uasset" 6344
"../../../Engine/Content/EngineMaterials/Substrate/Glints2/dict_0006_0165.uasset" 6345
"../../../Engine/Content/EngineMaterials/Substrate/Glints2/dict_0006_0166.uasset" 6346
"../../../Engine/Content/EngineMaterials/Substrate/Glints2/dict_0006_0167.uasset" 6347
"../../../Engine/Content/EngineMaterials/Substrate/Glints2/dict_0006_0168.uasset" 6348
"../../../Engine/Content/EngineMaterials/Substrate/Glints2/dict_0006_0169.uasset" 6349
"../../../Engine/Content/EngineMaterials/Substrate/Glints2/dict_0006_0170.uasset" 6350
"../../../Engine/Content/EngineMaterials/Substrate/Glints2/dict_0006_0171.uasset" 6351
"../../../Engine/Content/EngineMaterials/Substrate/Glints2/dict_0006_0172.uasset" 6352
"../../../Engine/Content/EngineMaterials/Substrate/Glints2/dict_0006_0173.uasset" 6353
"../../../Engine/Content/EngineMaterials/Substrate/Glints2/dict_0006_0174.uasset" 6354
"../../../Engine/Content/EngineMaterials/Substrate/Glints2/dict_0006_0175.uasset" 6355
"../../../Engine/Content/EngineMaterials/Substrate/Glints2/dict_0006_0176.uasset" 6356
"../../../Engine/Content/EngineMaterials/Substrate/Glints2/dict_0006_0177.uasset" 6357
"../../../Engine/Content/EngineMaterials/Substrate/Glints2/dict_0006_0178.uasset" 6358
"../../../Engine/Content/EngineMaterials/Substrate/Glints2/dict_0006_0179.uasset" 6359
"../../../Engine/Content/EngineMaterials/Substrate/Glints2/dict_0006_0180.uasset" 6360
"../../../Engine/Content/EngineMaterials/Substrate/Glints2/dict_0006_0181.uasset" 6361
"../../../Engine/Content/EngineMaterials/Substrate/Glints2/dict_0006_0182.uasset" 6362
"../../../Engine/Content/EngineMaterials/Substrate/Glints2/dict_0006_0183.uasset" 6363
"../../../Engine/Content/EngineMaterials/Substrate/Glints2/dict_0006_0184.uasset" 6364
"../../../Engine/Content/EngineMaterials/Substrate/Glints2/dict_0006_0185.uasset" 6365
"../../../Engine/Content/EngineMaterials/Substrate/Glints2/dict_0006_0186.uasset" 6366
"../../../Engine/Content/EngineMaterials/Substrate/Glints2/dict_0006_0187.uasset" 6367
"../../../Engine/Content/EngineMaterials/Substrate/Glints2/dict_0006_0188.uasset" 6368
"../../../Engine/Content/EngineMaterials/Substrate/Glints2/dict_0006_0189.uasset" 6369
"../../../Engine/Content/EngineMaterials/Substrate/Glints2/dict_0006_0190.uasset" 6370
"../../../Engine/Content/EngineMaterials/Substrate/Glints2/dict_0006_0191.uasset" 6371
"../../../Engine/Content/EngineMaterials/Substrate/Glints2/dict_0006_0192.uasset" 6372
"../../../Engine/Content/EngineMaterials/Substrate/Glints2/dict_0006_0193.uasset" 6373
"../../../Engine/Content/EngineMaterials/Substrate/Glints2/dict_0006_0194.uasset" 6374
"../../../Engine/Content/EngineMaterials/Substrate/Glints2/dict_0006_0195.uasset" 6375
"../../../Engine/Content/EngineMaterials/Substrate/Glints2/dict_0006_0196.uasset" 6376
"../../../Engine/Content/EngineMaterials/Substrate/Glints2/dict_0006_0197.uasset" 6377
"../../../Engine/Content/EngineMaterials/Substrate/Glints2/dict_0006_0198.uasset" 6378
"../../../Engine/Content/EngineMaterials/Substrate/Glints2/dict_0006_0199.uasset" 6379
"../../../Engine/Content/EngineMaterials/Substrate/Glints2/dict_0006_0200.uasset" 6380
"../../../Engine/Content/EngineMaterials/Substrate/Glints2/dict_0006_0201.uasset" 6381
"../../../Engine/Content/EngineMaterials/Substrate/Glints2/dict_0006_0202.uasset" 6382
"../../../Engine/Content/EngineMaterials/Substrate/Glints2/dict_0006_0203.uasset" 6383
"../../../Engine/Content/EngineMaterials/Substrate/Glints2/dict_0006_0204.uasset" 6384
"../../../Engine/Content/EngineMaterials/Substrate/Glints2/dict_0006_0205.uasset" 6385
"../../../Engine/Content/EngineMaterials/Substrate/Glints2/dict_0006_0206.uasset" 6386
"../../../Engine/Content/EngineMaterials/Substrate/Glints2/dict_0006_0207.uasset" 6387
"../../../Engine/Content/EngineMaterials/Substrate/Glints2/dict_0006_0208.uasset" 6388
"../../../Engine/Content/EngineMaterials/Substrate/Glints2/dict_0006_0209.uasset" 6389
"../../../Engine/Content/EngineMaterials/Substrate/Glints2/dict_0006_0210.uasset" 6390
"../../../Engine/Content/EngineMaterials/Substrate/Glints2/dict_0006_0211.uasset" 6391
"../../../Engine/Content/EngineMaterials/Substrate/Glints2/dict_0006_0212.uasset" 6392
"../../../Engine/Content/EngineMaterials/Substrate/Glints2/dict_0006_0213.uasset" 6393
"../../../Engine/Content/EngineMaterials/Substrate/Glints2/dict_0006_0214.uasset" 6394
"../../../Engine/Content/EngineMaterials/Substrate/Glints2/dict_0006_0215.uasset" 6395
"../../../Engine/Content/EngineMaterials/Substrate/Glints2/dict_0006_0216.uasset" 6396
"../../../Engine/Content/EngineMaterials/Substrate/Glints2/dict_0006_0217.uasset" 6397
"../../../Engine/Content/EngineMaterials/Substrate/Glints2/dict_0006_0218.uasset" 6398
"../../../Engine/Content/EngineMaterials/Substrate/Glints2/dict_0006_0219.uasset" 6399
"../../../Engine/Content/EngineMaterials/Substrate/Glints2/dict_0006_0220.uasset" 6400
"../../../Engine/Content/EngineMaterials/Substrate/Glints2/dict_0006_0221.uasset" 6401
"../../../Engine/Content/EngineMaterials/Substrate/Glints2/dict_0006_0222.uasset" 6402
"../../../Engine/Content/EngineMaterials/Substrate/Glints2/dict_0006_0223.uasset" 6403
"../../../Engine/Content/EngineMaterials/Substrate/Glints2/dict_0006_0224.uasset" 6404
"../../../Engine/Content/EngineMaterials/Substrate/Glints2/dict_0006_0225.uasset" 6405
"../../../Engine/Content/EngineMaterials/Substrate/Glints2/dict_0006_0226.uasset" 6406
"../../../Engine/Content/EngineMaterials/Substrate/Glints2/dict_0006_0227.uasset" 6407
"../../../Engine/Content/EngineMaterials/Substrate/Glints2/dict_0006_0228.uasset" 6408
"../../../Engine/Content/EngineMaterials/Substrate/Glints2/dict_0006_0229.uasset" 6409
"../../../Engine/Content/EngineMaterials/Substrate/Glints2/dict_0006_0230.uasset" 6410
"../../../Engine/Content/EngineMaterials/Substrate/Glints2/dict_0006_0231.uasset" 6411
"../../../Engine/Content/EngineMaterials/Substrate/Glints2/dict_0006_0232.uasset" 6412
"../../../Engine/Content/EngineMaterials/Substrate/Glints2/dict_0006_0233.uasset" 6413
"../../../Engine/Content/EngineMaterials/Substrate/Glints2/dict_0006_0234.uasset" 6414
"../../../Engine/Content/EngineMaterials/Substrate/Glints2/dict_0006_0235.uasset" 6415
"../../../Engine/Content/EngineMaterials/Substrate/Glints2/dict_0006_0236.uasset" 6416
"../../../Engine/Content/EngineMaterials/Substrate/Glints2/dict_0006_0237.uasset" 6417
"../../../Engine/Content/EngineMaterials/Substrate/Glints2/dict_0006_0238.uasset" 6418
"../../../Engine/Content/EngineMaterials/Substrate/Glints2/dict_0006_0239.uasset" 6419
"../../../Engine/Content/EngineMaterials/Substrate/Glints2/dict_0006_0240.uasset" 6420
"../../../Engine/Content/EngineMaterials/Substrate/Glints2/dict_0006_0241.uasset" 6421
"../../../Engine/Content/EngineMaterials/Substrate/Glints2/dict_0006_0242.uasset" 6422
"../../../Engine/Content/EngineMaterials/Substrate/Glints2/dict_0006_0243.uasset" 6423
"../../../Engine/Content/EngineMaterials/Substrate/Glints2/dict_0006_0244.uasset" 6424
"../../../Engine/Content/EngineMaterials/Substrate/Glints2/dict_0006_0245.uasset" 6425
"../../../Engine/Content/EngineMaterials/Substrate/Glints2/dict_0006_0246.uasset" 6426
"../../../Engine/Content/EngineMaterials/Substrate/Glints2/dict_0006_0247.uasset" 6427
"../../../Engine/Content/EngineMaterials/Substrate/Glints2/dict_0006_0248.uasset" 6428
"../../../Engine/Content/EngineMaterials/Substrate/Glints2/dict_0006_0249.uasset" 6429
"../../../Engine/Content/EngineMaterials/Substrate/Glints2/dict_0006_0250.uasset" 6430
"../../../Engine/Content/EngineMaterials/Substrate/Glints2/dict_0006_0251.uasset" 6431
"../../../Engine/Content/EngineMaterials/Substrate/Glints2/dict_0006_0252.uasset" 6432
"../../../Engine/Content/EngineMaterials/Substrate/Glints2/dict_0006_0253.uasset" 6433
"../../../Engine/Content/EngineMaterials/Substrate/Glints2/dict_0006_0254.uasset" 6434
"../../../Engine/Content/EngineMaterials/Substrate/Glints2/dict_0006_0255.uasset" 6435
"../../../Engine/Content/EngineMaterials/Substrate/Glints2/dict_0007_0000.uasset" 6436
"../../../Engine/Content/EngineMaterials/Substrate/Glints2/dict_0007_0001.uasset" 6437
"../../../Engine/Content/EngineMaterials/Substrate/Glints2/dict_0007_0002.uasset" 6438
"../../../Engine/Content/EngineMaterials/Substrate/Glints2/dict_0007_0003.uasset" 6439
"../../../Engine/Content/EngineMaterials/Substrate/Glints2/dict_0007_0004.uasset" 6440
"../../../Engine/Content/EngineMaterials/Substrate/Glints2/dict_0007_0005.uasset" 6441
"../../../Engine/Content/EngineMaterials/Substrate/Glints2/dict_0007_0006.uasset" 6442
"../../../Engine/Content/EngineMaterials/Substrate/Glints2/dict_0007_0007.uasset" 6443
"../../../Engine/Content/EngineMaterials/Substrate/Glints2/dict_0007_0008.uasset" 6444
"../../../Engine/Content/EngineMaterials/Substrate/Glints2/dict_0007_0009.uasset" 6445
"../../../Engine/Content/EngineMaterials/Substrate/Glints2/dict_0007_0010.uasset" 6446
"../../../Engine/Content/EngineMaterials/Substrate/Glints2/dict_0007_0011.uasset" 6447
"../../../Engine/Content/EngineMaterials/Substrate/Glints2/dict_0007_0012.uasset" 6448
"../../../Engine/Content/EngineMaterials/Substrate/Glints2/dict_0007_0013.uasset" 6449
"../../../Engine/Content/EngineMaterials/Substrate/Glints2/dict_0007_0014.uasset" 6450
"../../../Engine/Content/EngineMaterials/Substrate/Glints2/dict_0007_0015.uasset" 6451
"../../../Engine/Content/EngineMaterials/Substrate/Glints2/dict_0007_0016.uasset" 6452
"../../../Engine/Content/EngineMaterials/Substrate/Glints2/dict_0007_0017.uasset" 6453
"../../../Engine/Content/EngineMaterials/Substrate/Glints2/dict_0007_0018.uasset" 6454
"../../../Engine/Content/EngineMaterials/Substrate/Glints2/dict_0007_0019.uasset" 6455
"../../../Engine/Content/EngineMaterials/Substrate/Glints2/dict_0007_0020.uasset" 6456
"../../../Engine/Content/EngineMaterials/Substrate/Glints2/dict_0007_0021.uasset" 6457
"../../../Engine/Content/EngineMaterials/Substrate/Glints2/dict_0007_0022.uasset" 6458
"../../../Engine/Content/EngineMaterials/Substrate/Glints2/dict_0007_0023.uasset" 6459
"../../../Engine/Content/EngineMaterials/Substrate/Glints2/dict_0007_0024.uasset" 6460
"../../../Engine/Content/EngineMaterials/Substrate/Glints2/dict_0007_0025.uasset" 6461
"../../../Engine/Content/EngineMaterials/Substrate/Glints2/dict_0007_0026.uasset" 6462
"../../../Engine/Content/EngineMaterials/Substrate/Glints2/dict_0007_0027.uasset" 6463
"../../../Engine/Content/EngineMaterials/Substrate/Glints2/dict_0007_0028.uasset" 6464
"../../../Engine/Content/EngineMaterials/Substrate/Glints2/dict_0007_0029.uasset" 6465
"../../../Engine/Content/EngineMaterials/Substrate/Glints2/dict_0007_0030.uasset" 6466
"../../../Engine/Content/EngineMaterials/Substrate/Glints2/dict_0007_0031.uasset" 6467
"../../../Engine/Content/EngineMaterials/Substrate/Glints2/dict_0007_0032.uasset" 6468
"../../../Engine/Content/EngineMaterials/Substrate/Glints2/dict_0007_0033.uasset" 6469
"../../../Engine/Content/EngineMaterials/Substrate/Glints2/dict_0007_0034.uasset" 6470
"../../../Engine/Content/EngineMaterials/Substrate/Glints2/dict_0007_0035.uasset" 6471
"../../../Engine/Content/EngineMaterials/Substrate/Glints2/dict_0007_0036.uasset" 6472
"../../../Engine/Content/EngineMaterials/Substrate/Glints2/dict_0007_0037.uasset" 6473
"../../../Engine/Content/EngineMaterials/Substrate/Glints2/dict_0007_0038.uasset" 6474
"../../../Engine/Content/EngineMaterials/Substrate/Glints2/dict_0007_0039.uasset" 6475
"../../../Engine/Content/EngineMaterials/Substrate/Glints2/dict_0007_0040.uasset" 6476
"../../../Engine/Content/EngineMaterials/Substrate/Glints2/dict_0007_0041.uasset" 6477
"../../../Engine/Content/EngineMaterials/Substrate/Glints2/dict_0007_0042.uasset" 6478
"../../../Engine/Content/EngineMaterials/Substrate/Glints2/dict_0007_0043.uasset" 6479
"../../../Engine/Content/EngineMaterials/Substrate/Glints2/dict_0007_0044.uasset" 6480
"../../../Engine/Content/EngineMaterials/Substrate/Glints2/dict_0007_0045.uasset" 6481
"../../../Engine/Content/EngineMaterials/Substrate/Glints2/dict_0007_0046.uasset" 6482
"../../../Engine/Content/EngineMaterials/Substrate/Glints2/dict_0007_0047.uasset" 6483
"../../../Engine/Content/EngineMaterials/Substrate/Glints2/dict_0007_0048.uasset" 6484
"../../../Engine/Content/EngineMaterials/Substrate/Glints2/dict_0007_0049.uasset" 6485
"../../../Engine/Content/EngineMaterials/Substrate/Glints2/dict_0007_0050.uasset" 6486
"../../../Engine/Content/EngineMaterials/Substrate/Glints2/dict_0007_0051.uasset" 6487
"../../../Engine/Content/EngineMaterials/Substrate/Glints2/dict_0007_0052.uasset" 6488
"../../../Engine/Content/EngineMaterials/Substrate/Glints2/dict_0007_0053.uasset" 6489
"../../../Engine/Content/EngineMaterials/Substrate/Glints2/dict_0007_0054.uasset" 6490
"../../../Engine/Content/EngineMaterials/Substrate/Glints2/dict_0007_0055.uasset" 6491
"../../../Engine/Content/EngineMaterials/Substrate/Glints2/dict_0007_0056.uasset" 6492
"../../../Engine/Content/EngineMaterials/Substrate/Glints2/dict_0007_0057.uasset" 6493
"../../../Engine/Content/EngineMaterials/Substrate/Glints2/dict_0007_0058.uasset" 6494
"../../../Engine/Content/EngineMaterials/Substrate/Glints2/dict_0007_0059.uasset" 6495
"../../../Engine/Content/EngineMaterials/Substrate/Glints2/dict_0007_0060.uasset" 6496
"../../../Engine/Content/EngineMaterials/Substrate/Glints2/dict_0007_0061.uasset" 6497
"../../../Engine/Content/EngineMaterials/Substrate/Glints2/dict_0007_0062.uasset" 6498
"../../../Engine/Content/EngineMaterials/Substrate/Glints2/dict_0007_0063.uasset" 6499
"../../../Engine/Content/EngineMaterials/Substrate/Glints2/dict_0007_0064.uasset" 6500
"../../../Engine/Content/EngineMaterials/Substrate/Glints2/dict_0007_0065.uasset" 6501
"../../../Engine/Content/EngineMaterials/Substrate/Glints2/dict_0007_0066.uasset" 6502
"../../../Engine/Content/EngineMaterials/Substrate/Glints2/dict_0007_0067.uasset" 6503
"../../../Engine/Content/EngineMaterials/Substrate/Glints2/dict_0007_0068.uasset" 6504
"../../../Engine/Content/EngineMaterials/Substrate/Glints2/dict_0007_0069.uasset" 6505
"../../../Engine/Content/EngineMaterials/Substrate/Glints2/dict_0007_0070.uasset" 6506
"../../../Engine/Content/EngineMaterials/Substrate/Glints2/dict_0007_0071.uasset" 6507
"../../../Engine/Content/EngineMaterials/Substrate/Glints2/dict_0007_0072.uasset" 6508
"../../../Engine/Content/EngineMaterials/Substrate/Glints2/dict_0007_0073.uasset" 6509
"../../../Engine/Content/EngineMaterials/Substrate/Glints2/dict_0007_0074.uasset" 6510
"../../../Engine/Content/EngineMaterials/Substrate/Glints2/dict_0007_0075.uasset" 6511
"../../../Engine/Content/EngineMaterials/Substrate/Glints2/dict_0007_0076.uasset" 6512
"../../../Engine/Content/EngineMaterials/Substrate/Glints2/dict_0007_0077.uasset" 6513
"../../../Engine/Content/EngineMaterials/Substrate/Glints2/dict_0007_0078.uasset" 6514
"../../../Engine/Content/EngineMaterials/Substrate/Glints2/dict_0007_0079.uasset" 6515
"../../../Engine/Content/EngineMaterials/Substrate/Glints2/dict_0007_0080.uasset" 6516
"../../../Engine/Content/EngineMaterials/Substrate/Glints2/dict_0007_0081.uasset" 6517
"../../../Engine/Content/EngineMaterials/Substrate/Glints2/dict_0007_0082.uasset" 6518
"../../../Engine/Content/EngineMaterials/Substrate/Glints2/dict_0007_0083.uasset" 6519
"../../../Engine/Content/EngineMaterials/Substrate/Glints2/dict_0007_0084.uasset" 6520
"../../../Engine/Content/EngineMaterials/Substrate/Glints2/dict_0007_0085.uasset" 6521
"../../../Engine/Content/EngineMaterials/Substrate/Glints2/dict_0007_0086.uasset" 6522
"../../../Engine/Content/EngineMaterials/Substrate/Glints2/dict_0007_0087.uasset" 6523
"../../../Engine/Content/EngineMaterials/Substrate/Glints2/dict_0007_0088.uasset" 6524
"../../../Engine/Content/EngineMaterials/Substrate/Glints2/dict_0007_0089.uasset" 6525
"../../../Engine/Content/EngineMaterials/Substrate/Glints2/dict_0007_0090.uasset" 6526
"../../../Engine/Content/EngineMaterials/Substrate/Glints2/dict_0007_0091.uasset" 6527
"../../../Engine/Content/EngineMaterials/Substrate/Glints2/dict_0007_0092.uasset" 6528
"../../../Engine/Content/EngineMaterials/Substrate/Glints2/dict_0007_0093.uasset" 6529
"../../../Engine/Content/EngineMaterials/Substrate/Glints2/dict_0007_0094.uasset" 6530
"../../../Engine/Content/EngineMaterials/Substrate/Glints2/dict_0007_0095.uasset" 6531
"../../../Engine/Content/EngineMaterials/Substrate/Glints2/dict_0007_0096.uasset" 6532
"../../../Engine/Content/EngineMaterials/Substrate/Glints2/dict_0007_0097.uasset" 6533
"../../../Engine/Content/EngineMaterials/Substrate/Glints2/dict_0007_0098.uasset" 6534
"../../../Engine/Content/EngineMaterials/Substrate/Glints2/dict_0007_0099.uasset" 6535
"../../../Engine/Content/EngineMaterials/Substrate/Glints2/dict_0007_0100.uasset" 6536
"../../../Engine/Content/EngineMaterials/Substrate/Glints2/dict_0007_0101.uasset" 6537
"../../../Engine/Content/EngineMaterials/Substrate/Glints2/dict_0007_0102.uasset" 6538
"../../../Engine/Content/EngineMaterials/Substrate/Glints2/dict_0007_0103.uasset" 6539
"../../../Engine/Content/EngineMaterials/Substrate/Glints2/dict_0007_0104.uasset" 6540
"../../../Engine/Content/EngineMaterials/Substrate/Glints2/dict_0007_0105.uasset" 6541
"../../../Engine/Content/EngineMaterials/Substrate/Glints2/dict_0007_0106.uasset" 6542
"../../../Engine/Content/EngineMaterials/Substrate/Glints2/dict_0007_0107.uasset" 6543
"../../../Engine/Content/EngineMaterials/Substrate/Glints2/dict_0007_0108.uasset" 6544
"../../../Engine/Content/EngineMaterials/Substrate/Glints2/dict_0007_0109.uasset" 6545
"../../../Engine/Content/EngineMaterials/Substrate/Glints2/dict_0007_0110.uasset" 6546
"../../../Engine/Content/EngineMaterials/Substrate/Glints2/dict_0007_0111.uasset" 6547
"../../../Engine/Content/EngineMaterials/Substrate/Glints2/dict_0007_0112.uasset" 6548
"../../../Engine/Content/EngineMaterials/Substrate/Glints2/dict_0007_0113.uasset" 6549
"../../../Engine/Content/EngineMaterials/Substrate/Glints2/dict_0007_0114.uasset" 6550
"../../../Engine/Content/EngineMaterials/Substrate/Glints2/dict_0007_0115.uasset" 6551
"../../../Engine/Content/EngineMaterials/Substrate/Glints2/dict_0007_0116.uasset" 6552
"../../../Engine/Content/EngineMaterials/Substrate/Glints2/dict_0007_0117.uasset" 6553
"../../../Engine/Content/EngineMaterials/Substrate/Glints2/dict_0007_0118.uasset" 6554
"../../../Engine/Content/EngineMaterials/Substrate/Glints2/dict_0007_0119.uasset" 6555
"../../../Engine/Content/EngineMaterials/Substrate/Glints2/dict_0007_0120.uasset" 6556
"../../../Engine/Content/EngineMaterials/Substrate/Glints2/dict_0007_0121.uasset" 6557
"../../../Engine/Content/EngineMaterials/Substrate/Glints2/dict_0007_0122.uasset" 6558
"../../../Engine/Content/EngineMaterials/Substrate/Glints2/dict_0007_0123.uasset" 6559
"../../../Engine/Content/EngineMaterials/Substrate/Glints2/dict_0007_0124.uasset" 6560
"../../../Engine/Content/EngineMaterials/Substrate/Glints2/dict_0007_0125.uasset" 6561
"../../../Engine/Content/EngineMaterials/Substrate/Glints2/dict_0007_0126.uasset" 6562
"../../../Engine/Content/EngineMaterials/Substrate/Glints2/dict_0007_0127.uasset" 6563
"../../../Engine/Content/EngineMaterials/Substrate/Glints2/dict_0007_0128.uasset" 6564
"../../../Engine/Content/EngineMaterials/Substrate/Glints2/dict_0007_0129.uasset" 6565
"../../../Engine/Content/EngineMaterials/Substrate/Glints2/dict_0007_0130.uasset" 6566
"../../../Engine/Content/EngineMaterials/Substrate/Glints2/dict_0007_0131.uasset" 6567
"../../../Engine/Content/EngineMaterials/Substrate/Glints2/dict_0007_0132.uasset" 6568
"../../../Engine/Content/EngineMaterials/Substrate/Glints2/dict_0007_0133.uasset" 6569
"../../../Engine/Content/EngineMaterials/Substrate/Glints2/dict_0007_0134.uasset" 6570
"../../../Engine/Content/EngineMaterials/Substrate/Glints2/dict_0007_0135.uasset" 6571
"../../../Engine/Content/EngineMaterials/Substrate/Glints2/dict_0007_0136.uasset" 6572
"../../../Engine/Content/EngineMaterials/Substrate/Glints2/dict_0007_0137.uasset" 6573
"../../../Engine/Content/EngineMaterials/Substrate/Glints2/dict_0007_0138.uasset" 6574
"../../../Engine/Content/EngineMaterials/Substrate/Glints2/dict_0007_0139.uasset" 6575
"../../../Engine/Content/EngineMaterials/Substrate/Glints2/dict_0007_0140.uasset" 6576
"../../../Engine/Content/EngineMaterials/Substrate/Glints2/dict_0007_0141.uasset" 6577
"../../../Engine/Content/EngineMaterials/Substrate/Glints2/dict_0007_0142.uasset" 6578
"../../../Engine/Content/EngineMaterials/Substrate/Glints2/dict_0007_0143.uasset" 6579
"../../../Engine/Content/EngineMaterials/Substrate/Glints2/dict_0007_0144.uasset" 6580
"../../../Engine/Content/EngineMaterials/Substrate/Glints2/dict_0007_0145.uasset" 6581
"../../../Engine/Content/EngineMaterials/Substrate/Glints2/dict_0007_0146.uasset" 6582
"../../../Engine/Content/EngineMaterials/Substrate/Glints2/dict_0007_0147.uasset" 6583
"../../../Engine/Content/EngineMaterials/Substrate/Glints2/dict_0007_0148.uasset" 6584
"../../../Engine/Content/EngineMaterials/Substrate/Glints2/dict_0007_0149.uasset" 6585
"../../../Engine/Content/EngineMaterials/Substrate/Glints2/dict_0007_0150.uasset" 6586
"../../../Engine/Content/EngineMaterials/Substrate/Glints2/dict_0007_0151.uasset" 6587
"../../../Engine/Content/EngineMaterials/Substrate/Glints2/dict_0007_0152.uasset" 6588
"../../../Engine/Content/EngineMaterials/Substrate/Glints2/dict_0007_0153.uasset" 6589
"../../../Engine/Content/EngineMaterials/Substrate/Glints2/dict_0007_0154.uasset" 6590
"../../../Engine/Content/EngineMaterials/Substrate/Glints2/dict_0007_0155.uasset" 6591
"../../../Engine/Content/EngineMaterials/Substrate/Glints2/dict_0007_0156.uasset" 6592
"../../../Engine/Content/EngineMaterials/Substrate/Glints2/dict_0007_0157.uasset" 6593
"../../../Engine/Content/EngineMaterials/Substrate/Glints2/dict_0007_0158.uasset" 6594
"../../../Engine/Content/EngineMaterials/Substrate/Glints2/dict_0007_0159.uasset" 6595
"../../../Engine/Content/EngineMaterials/Substrate/Glints2/dict_0007_0160.uasset" 6596
"../../../Engine/Content/EngineMaterials/Substrate/Glints2/dict_0007_0161.uasset" 6597
"../../../Engine/Content/EngineMaterials/Substrate/Glints2/dict_0007_0162.uasset" 6598
"../../../Engine/Content/EngineMaterials/Substrate/Glints2/dict_0007_0163.uasset" 6599
"../../../Engine/Content/EngineMaterials/Substrate/Glints2/dict_0007_0164.uasset" 6600
"../../../Engine/Content/EngineMaterials/Substrate/Glints2/dict_0007_0165.uasset" 6601
"../../../Engine/Content/EngineMaterials/Substrate/Glints2/dict_0007_0166.uasset" 6602
"../../../Engine/Content/EngineMaterials/Substrate/Glints2/dict_0007_0167.uasset" 6603
"../../../Engine/Content/EngineMaterials/Substrate/Glints2/dict_0007_0168.uasset" 6604
"../../../Engine/Content/EngineMaterials/Substrate/Glints2/dict_0007_0169.uasset" 6605
"../../../Engine/Content/EngineMaterials/Substrate/Glints2/dict_0007_0170.uasset" 6606
"../../../Engine/Content/EngineMaterials/Substrate/Glints2/dict_0007_0171.uasset" 6607
"../../../Engine/Content/EngineMaterials/Substrate/Glints2/dict_0007_0172.uasset" 6608
"../../../Engine/Content/EngineMaterials/Substrate/Glints2/dict_0007_0173.uasset" 6609
"../../../Engine/Content/EngineMaterials/Substrate/Glints2/dict_0007_0174.uasset" 6610
"../../../Engine/Content/EngineMaterials/Substrate/Glints2/dict_0007_0175.uasset" 6611
"../../../Engine/Content/EngineMaterials/Substrate/Glints2/dict_0007_0176.uasset" 6612
"../../../Engine/Content/EngineMaterials/Substrate/Glints2/dict_0007_0177.uasset" 6613
"../../../Engine/Content/EngineMaterials/Substrate/Glints2/dict_0007_0178.uasset" 6614
"../../../Engine/Content/EngineMaterials/Substrate/Glints2/dict_0007_0179.uasset" 6615
"../../../Engine/Content/EngineMaterials/Substrate/Glints2/dict_0007_0180.uasset" 6616
"../../../Engine/Content/EngineMaterials/Substrate/Glints2/dict_0007_0181.uasset" 6617
"../../../Engine/Content/EngineMaterials/Substrate/Glints2/dict_0007_0182.uasset" 6618
"../../../Engine/Content/EngineMaterials/Substrate/Glints2/dict_0007_0183.uasset" 6619
"../../../Engine/Content/EngineMaterials/Substrate/Glints2/dict_0007_0184.uasset" 6620
"../../../Engine/Content/EngineMaterials/Substrate/Glints2/dict_0007_0185.uasset" 6621
"../../../Engine/Content/EngineMaterials/Substrate/Glints2/dict_0007_0186.uasset" 6622
"../../../Engine/Content/EngineMaterials/Substrate/Glints2/dict_0007_0187.uasset" 6623
"../../../Engine/Content/EngineMaterials/Substrate/Glints2/dict_0007_0188.uasset" 6624
"../../../Engine/Content/EngineMaterials/Substrate/Glints2/dict_0007_0189.uasset" 6625
"../../../Engine/Content/EngineMaterials/Substrate/Glints2/dict_0007_0190.uasset" 6626
"../../../Engine/Content/EngineMaterials/Substrate/Glints2/dict_0007_0191.uasset" 6627
"../../../Engine/Content/EngineMaterials/Substrate/Glints2/dict_0007_0192.uasset" 6628
"../../../Engine/Content/EngineMaterials/Substrate/Glints2/dict_0007_0193.uasset" 6629
"../../../Engine/Content/EngineMaterials/Substrate/Glints2/dict_0007_0194.uasset" 6630
"../../../Engine/Content/EngineMaterials/Substrate/Glints2/dict_0007_0195.uasset" 6631
"../../../Engine/Content/EngineMaterials/Substrate/Glints2/dict_0007_0196.uasset" 6632
"../../../Engine/Content/EngineMaterials/Substrate/Glints2/dict_0007_0197.uasset" 6633
"../../../Engine/Content/EngineMaterials/Substrate/Glints2/dict_0007_0198.uasset" 6634
"../../../Engine/Content/EngineMaterials/Substrate/Glints2/dict_0007_0199.uasset" 6635
"../../../Engine/Content/EngineMaterials/Substrate/Glints2/dict_0007_0200.uasset" 6636
"../../../Engine/Content/EngineMaterials/Substrate/Glints2/dict_0007_0201.uasset" 6637
"../../../Engine/Content/EngineMaterials/Substrate/Glints2/dict_0007_0202.uasset" 6638
"../../../Engine/Content/EngineMaterials/Substrate/Glints2/dict_0007_0203.uasset" 6639
"../../../Engine/Content/EngineMaterials/Substrate/Glints2/dict_0007_0204.uasset" 6640
"../../../Engine/Content/EngineMaterials/Substrate/Glints2/dict_0007_0205.uasset" 6641
"../../../Engine/Content/EngineMaterials/Substrate/Glints2/dict_0007_0206.uasset" 6642
"../../../Engine/Content/EngineMaterials/Substrate/Glints2/dict_0007_0207.uasset" 6643
"../../../Engine/Content/EngineMaterials/Substrate/Glints2/dict_0007_0208.uasset" 6644
"../../../Engine/Content/EngineMaterials/Substrate/Glints2/dict_0007_0209.uasset" 6645
"../../../Engine/Content/EngineMaterials/Substrate/Glints2/dict_0007_0210.uasset" 6646
"../../../Engine/Content/EngineMaterials/Substrate/Glints2/dict_0007_0211.uasset" 6647
"../../../Engine/Content/EngineMaterials/Substrate/Glints2/dict_0007_0212.uasset" 6648
"../../../Engine/Content/EngineMaterials/Substrate/Glints2/dict_0007_0213.uasset" 6649
"../../../Engine/Content/EngineMaterials/Substrate/Glints2/dict_0007_0214.uasset" 6650
"../../../Engine/Content/EngineMaterials/Substrate/Glints2/dict_0007_0215.uasset" 6651
"../../../Engine/Content/EngineMaterials/Substrate/Glints2/dict_0007_0216.uasset" 6652
"../../../Engine/Content/EngineMaterials/Substrate/Glints2/dict_0007_0217.uasset" 6653
"../../../Engine/Content/EngineMaterials/Substrate/Glints2/dict_0007_0218.uasset" 6654
"../../../Engine/Content/EngineMaterials/Substrate/Glints2/dict_0007_0219.uasset" 6655
"../../../Engine/Content/EngineMaterials/Substrate/Glints2/dict_0007_0220.uasset" 6656
"../../../Engine/Content/EngineMaterials/Substrate/Glints2/dict_0007_0221.uasset" 6657
"../../../Engine/Content/EngineMaterials/Substrate/Glints2/dict_0007_0222.uasset" 6658
"../../../Engine/Content/EngineMaterials/Substrate/Glints2/dict_0007_0223.uasset" 6659
"../../../Engine/Content/EngineMaterials/Substrate/Glints2/dict_0007_0224.uasset" 6660
"../../../Engine/Content/EngineMaterials/Substrate/Glints2/dict_0007_0225.uasset" 6661
"../../../Engine/Content/EngineMaterials/Substrate/Glints2/dict_0007_0226.uasset" 6662
"../../../Engine/Content/EngineMaterials/Substrate/Glints2/dict_0007_0227.uasset" 6663
"../../../Engine/Content/EngineMaterials/Substrate/Glints2/dict_0007_0228.uasset" 6664
"../../../Engine/Content/EngineMaterials/Substrate/Glints2/dict_0007_0229.uasset" 6665
"../../../Engine/Content/EngineMaterials/Substrate/Glints2/dict_0007_0230.uasset" 6666
"../../../Engine/Content/EngineMaterials/Substrate/Glints2/dict_0007_0231.uasset" 6667
"../../../Engine/Content/EngineMaterials/Substrate/Glints2/dict_0007_0232.uasset" 6668
"../../../Engine/Content/EngineMaterials/Substrate/Glints2/dict_0007_0233.uasset" 6669
"../../../Engine/Content/EngineMaterials/Substrate/Glints2/dict_0007_0234.uasset" 6670
"../../../Engine/Content/EngineMaterials/Substrate/Glints2/dict_0007_0235.uasset" 6671
"../../../Engine/Content/EngineMaterials/Substrate/Glints2/dict_0007_0236.uasset" 6672
"../../../Engine/Content/EngineMaterials/Substrate/Glints2/dict_0007_0237.uasset" 6673
"../../../Engine/Content/EngineMaterials/Substrate/Glints2/dict_0007_0238.uasset" 6674
"../../../Engine/Content/EngineMaterials/Substrate/Glints2/dict_0007_0239.uasset" 6675
"../../../Engine/Content/EngineMaterials/Substrate/Glints2/dict_0007_0240.uasset" 6676
"../../../Engine/Content/EngineMaterials/Substrate/Glints2/dict_0007_0241.uasset" 6677
"../../../Engine/Content/EngineMaterials/Substrate/Glints2/dict_0007_0242.uasset" 6678
"../../../Engine/Content/EngineMaterials/Substrate/Glints2/dict_0007_0243.uasset" 6679
"../../../Engine/Content/EngineMaterials/Substrate/Glints2/dict_0007_0244.uasset" 6680
"../../../Engine/Content/EngineMaterials/Substrate/Glints2/dict_0007_0245.uasset" 6681
"../../../Engine/Content/EngineMaterials/Substrate/Glints2/dict_0007_0246.uasset" 6682
"../../../Engine/Content/EngineMaterials/Substrate/Glints2/dict_0007_0247.uasset" 6683
"../../../Engine/Content/EngineMaterials/Substrate/Glints2/dict_0007_0248.uasset" 6684
"../../../Engine/Content/EngineMaterials/Substrate/Glints2/dict_0007_0249.uasset" 6685
"../../../Engine/Content/EngineMaterials/Substrate/Glints2/dict_0007_0250.uasset" 6686
"../../../Engine/Content/EngineMaterials/Substrate/Glints2/dict_0007_0251.uasset" 6687
"../../../Engine/Content/EngineMaterials/Substrate/Glints2/dict_0007_0252.uasset" 6688
"../../../Engine/Content/EngineMaterials/Substrate/Glints2/dict_0007_0253.uasset" 6689
"../../../Engine/Content/EngineMaterials/Substrate/Glints2/dict_0007_0254.uasset" 6690
"../../../Engine/Content/EngineMaterials/Substrate/Glints2/dict_0007_0255.uasset" 6691
"C:/24CI0412MP/Content/Mediterranean_Coast/Materials/Material_Functions/MF_Moss.uasset" 6692
"../../../Engine/Content/EngineMaterials/Substrate/GLints/dict_16_192_64_0p5_0p02_0000_0000.uasset" 6693
"../../../Engine/Content/EngineMaterials/Substrate/GLints/dict_16_192_64_0p5_0p02_0000_0001.uasset" 6694
"../../../Engine/Content/EngineMaterials/Substrate/GLints/dict_16_192_64_0p5_0p02_0000_0002.uasset" 6695
"../../../Engine/Content/EngineMaterials/Substrate/GLints/dict_16_192_64_0p5_0p02_0000_0003.uasset" 6696
"../../../Engine/Content/EngineMaterials/Substrate/GLints/dict_16_192_64_0p5_0p02_0000_0004.uasset" 6697
"../../../Engine/Content/EngineMaterials/Substrate/GLints/dict_16_192_64_0p5_0p02_0000_0005.uasset" 6698
"../../../Engine/Content/EngineMaterials/Substrate/GLints/dict_16_192_64_0p5_0p02_0000_0006.uasset" 6699
"../../../Engine/Content/EngineMaterials/Substrate/GLints/dict_16_192_64_0p5_0p02_0000_0007.uasset" 6700
"../../../Engine/Content/EngineMaterials/Substrate/GLints/dict_16_192_64_0p5_0p02_0000_0008.uasset" 6701
"../../../Engine/Content/EngineMaterials/Substrate/GLints/dict_16_192_64_0p5_0p02_0000_0009.uasset" 6702
"../../../Engine/Content/EngineMaterials/Substrate/GLints/dict_16_192_64_0p5_0p02_0000_0010.uasset" 6703
"../../../Engine/Content/EngineMaterials/Substrate/GLints/dict_16_192_64_0p5_0p02_0000_0011.uasset" 6704
"../../../Engine/Content/EngineMaterials/Substrate/GLints/dict_16_192_64_0p5_0p02_0000_0012.uasset" 6705
"../../../Engine/Content/EngineMaterials/Substrate/GLints/dict_16_192_64_0p5_0p02_0000_0013.uasset" 6706
"../../../Engine/Content/EngineMaterials/Substrate/GLints/dict_16_192_64_0p5_0p02_0000_0014.uasset" 6707
"../../../Engine/Content/EngineMaterials/Substrate/GLints/dict_16_192_64_0p5_0p02_0000_0015.uasset" 6708
"../../../Engine/Content/EngineMaterials/Substrate/GLints/dict_16_192_64_0p5_0p02_0001_0000.uasset" 6709
"../../../Engine/Content/EngineMaterials/Substrate/GLints/dict_16_192_64_0p5_0p02_0001_0001.uasset" 6710
"../../../Engine/Content/EngineMaterials/Substrate/GLints/dict_16_192_64_0p5_0p02_0001_0002.uasset" 6711
"../../../Engine/Content/EngineMaterials/Substrate/GLints/dict_16_192_64_0p5_0p02_0001_0003.uasset" 6712
"../../../Engine/Content/EngineMaterials/Substrate/GLints/dict_16_192_64_0p5_0p02_0001_0004.uasset" 6713
"../../../Engine/Content/EngineMaterials/Substrate/GLints/dict_16_192_64_0p5_0p02_0001_0005.uasset" 6714
"../../../Engine/Content/EngineMaterials/Substrate/GLints/dict_16_192_64_0p5_0p02_0001_0006.uasset" 6715
"../../../Engine/Content/EngineMaterials/Substrate/GLints/dict_16_192_64_0p5_0p02_0001_0007.uasset" 6716
"../../../Engine/Content/EngineMaterials/Substrate/GLints/dict_16_192_64_0p5_0p02_0001_0008.uasset" 6717
"../../../Engine/Content/EngineMaterials/Substrate/GLints/dict_16_192_64_0p5_0p02_0001_0009.uasset" 6718
"../../../Engine/Content/EngineMaterials/Substrate/GLints/dict_16_192_64_0p5_0p02_0001_0010.uasset" 6719
"../../../Engine/Content/EngineMaterials/Substrate/GLints/dict_16_192_64_0p5_0p02_0001_0011.uasset" 6720
"../../../Engine/Content/EngineMaterials/Substrate/GLints/dict_16_192_64_0p5_0p02_0001_0012.uasset" 6721
"../../../Engine/Content/EngineMaterials/Substrate/GLints/dict_16_192_64_0p5_0p02_0001_0013.uasset" 6722
"../../../Engine/Content/EngineMaterials/Substrate/GLints/dict_16_192_64_0p5_0p02_0001_0014.uasset" 6723
"../../../Engine/Content/EngineMaterials/Substrate/GLints/dict_16_192_64_0p5_0p02_0001_0015.uasset" 6724
"../../../Engine/Content/EngineMaterials/Substrate/GLints/dict_16_192_64_0p5_0p02_0002_0000.uasset" 6725
"../../../Engine/Content/EngineMaterials/Substrate/GLints/dict_16_192_64_0p5_0p02_0002_0001.uasset" 6726
"../../../Engine/Content/EngineMaterials/Substrate/GLints/dict_16_192_64_0p5_0p02_0002_0002.uasset" 6727
"../../../Engine/Content/EngineMaterials/Substrate/GLints/dict_16_192_64_0p5_0p02_0002_0003.uasset" 6728
"../../../Engine/Content/EngineMaterials/Substrate/GLints/dict_16_192_64_0p5_0p02_0002_0004.uasset" 6729
"../../../Engine/Content/EngineMaterials/Substrate/GLints/dict_16_192_64_0p5_0p02_0002_0005.uasset" 6730
"../../../Engine/Content/EngineMaterials/Substrate/GLints/dict_16_192_64_0p5_0p02_0002_0006.uasset" 6731
"../../../Engine/Content/EngineMaterials/Substrate/GLints/dict_16_192_64_0p5_0p02_0002_0007.uasset" 6732
"../../../Engine/Content/EngineMaterials/Substrate/GLints/dict_16_192_64_0p5_0p02_0002_0008.uasset" 6733
"../../../Engine/Content/EngineMaterials/Substrate/GLints/dict_16_192_64_0p5_0p02_0002_0009.uasset" 6734
"../../../Engine/Content/EngineMaterials/Substrate/GLints/dict_16_192_64_0p5_0p02_0002_0010.uasset" 6735
"../../../Engine/Content/EngineMaterials/Substrate/GLints/dict_16_192_64_0p5_0p02_0002_0011.uasset" 6736
"../../../Engine/Content/EngineMaterials/Substrate/GLints/dict_16_192_64_0p5_0p02_0002_0012.uasset" 6737
"../../../Engine/Content/EngineMaterials/Substrate/GLints/dict_16_192_64_0p5_0p02_0002_0013.uasset" 6738
"../../../Engine/Content/EngineMaterials/Substrate/GLints/dict_16_192_64_0p5_0p02_0002_0014.uasset" 6739
"../../../Engine/Content/EngineMaterials/Substrate/GLints/dict_16_192_64_0p5_0p02_0002_0015.uasset" 6740
"../../../Engine/Content/EngineMaterials/Substrate/GLints/dict_16_192_64_0p5_0p02_0003_0000.uasset" 6741
"../../../Engine/Content/EngineMaterials/Substrate/GLints/dict_16_192_64_0p5_0p02_0003_0001.uasset" 6742
"../../../Engine/Content/EngineMaterials/Substrate/GLints/dict_16_192_64_0p5_0p02_0003_0002.uasset" 6743
"../../../Engine/Content/EngineMaterials/Substrate/GLints/dict_16_192_64_0p5_0p02_0003_0003.uasset" 6744
"../../../Engine/Content/EngineMaterials/Substrate/GLints/dict_16_192_64_0p5_0p02_0003_0004.uasset" 6745
"../../../Engine/Content/EngineMaterials/Substrate/GLints/dict_16_192_64_0p5_0p02_0003_0005.uasset" 6746
"../../../Engine/Content/EngineMaterials/Substrate/GLints/dict_16_192_64_0p5_0p02_0003_0006.uasset" 6747
"../../../Engine/Content/EngineMaterials/Substrate/GLints/dict_16_192_64_0p5_0p02_0003_0007.uasset" 6748
"../../../Engine/Content/EngineMaterials/Substrate/GLints/dict_16_192_64_0p5_0p02_0003_0008.uasset" 6749
"../../../Engine/Content/EngineMaterials/Substrate/GLints/dict_16_192_64_0p5_0p02_0003_0009.uasset" 6750
"../../../Engine/Content/EngineMaterials/Substrate/GLints/dict_16_192_64_0p5_0p02_0003_0010.uasset" 6751
"../../../Engine/Content/EngineMaterials/Substrate/GLints/dict_16_192_64_0p5_0p02_0003_0011.uasset" 6752
"../../../Engine/Content/EngineMaterials/Substrate/GLints/dict_16_192_64_0p5_0p02_0003_0012.uasset" 6753
"../../../Engine/Content/EngineMaterials/Substrate/GLints/dict_16_192_64_0p5_0p02_0003_0013.uasset" 6754
"../../../Engine/Content/EngineMaterials/Substrate/GLints/dict_16_192_64_0p5_0p02_0003_0014.uasset" 6755
"../../../Engine/Content/EngineMaterials/Substrate/GLints/dict_16_192_64_0p5_0p02_0003_0015.uasset" 6756
"../../../Engine/Content/EngineMaterials/Substrate/GLints/dict_16_192_64_0p5_0p02_0004_0000.uasset" 6757
"../../../Engine/Content/EngineMaterials/Substrate/GLints/dict_16_192_64_0p5_0p02_0004_0001.uasset" 6758
"../../../Engine/Content/EngineMaterials/Substrate/GLints/dict_16_192_64_0p5_0p02_0004_0002.uasset" 6759
"../../../Engine/Content/EngineMaterials/Substrate/GLints/dict_16_192_64_0p5_0p02_0004_0003.uasset" 6760
"../../../Engine/Content/EngineMaterials/Substrate/GLints/dict_16_192_64_0p5_0p02_0004_0004.uasset" 6761
"../../../Engine/Content/EngineMaterials/Substrate/GLints/dict_16_192_64_0p5_0p02_0004_0005.uasset" 6762
"../../../Engine/Content/EngineMaterials/Substrate/GLints/dict_16_192_64_0p5_0p02_0004_0006.uasset" 6763
"../../../Engine/Content/EngineMaterials/Substrate/GLints/dict_16_192_64_0p5_0p02_0004_0007.uasset" 6764
"../../../Engine/Content/EngineMaterials/Substrate/GLints/dict_16_192_64_0p5_0p02_0004_0008.uasset" 6765
"../../../Engine/Content/EngineMaterials/Substrate/GLints/dict_16_192_64_0p5_0p02_0004_0009.uasset" 6766
"../../../Engine/Content/EngineMaterials/Substrate/GLints/dict_16_192_64_0p5_0p02_0004_0010.uasset" 6767
"../../../Engine/Content/EngineMaterials/Substrate/GLints/dict_16_192_64_0p5_0p02_0004_0011.uasset" 6768
"../../../Engine/Content/EngineMaterials/Substrate/GLints/dict_16_192_64_0p5_0p02_0004_0012.uasset" 6769
"../../../Engine/Content/EngineMaterials/Substrate/GLints/dict_16_192_64_0p5_0p02_0004_0013.uasset" 6770
"../../../Engine/Content/EngineMaterials/Substrate/GLints/dict_16_192_64_0p5_0p02_0004_0014.uasset" 6771
"../../../Engine/Content/EngineMaterials/Substrate/GLints/dict_16_192_64_0p5_0p02_0004_0015.uasset" 6772
"../../../Engine/Content/EngineMaterials/Substrate/GLints/dict_16_192_64_0p5_0p02_0005_0000.uasset" 6773
"../../../Engine/Content/EngineMaterials/Substrate/GLints/dict_16_192_64_0p5_0p02_0005_0001.uasset" 6774
"../../../Engine/Content/EngineMaterials/Substrate/GLints/dict_16_192_64_0p5_0p02_0005_0002.uasset" 6775
"../../../Engine/Content/EngineMaterials/Substrate/GLints/dict_16_192_64_0p5_0p02_0005_0003.uasset" 6776
"../../../Engine/Content/EngineMaterials/Substrate/GLints/dict_16_192_64_0p5_0p02_0005_0004.uasset" 6777
"../../../Engine/Content/EngineMaterials/Substrate/GLints/dict_16_192_64_0p5_0p02_0005_0005.uasset" 6778
"../../../Engine/Content/EngineMaterials/Substrate/GLints/dict_16_192_64_0p5_0p02_0005_0006.uasset" 6779
"../../../Engine/Content/EngineMaterials/Substrate/GLints/dict_16_192_64_0p5_0p02_0005_0007.uasset" 6780
"../../../Engine/Content/EngineMaterials/Substrate/GLints/dict_16_192_64_0p5_0p02_0005_0008.uasset" 6781
"../../../Engine/Content/EngineMaterials/Substrate/GLints/dict_16_192_64_0p5_0p02_0005_0009.uasset" 6782
"../../../Engine/Content/EngineMaterials/Substrate/GLints/dict_16_192_64_0p5_0p02_0005_0010.uasset" 6783
"../../../Engine/Content/EngineMaterials/Substrate/GLints/dict_16_192_64_0p5_0p02_0005_0011.uasset" 6784
"../../../Engine/Content/EngineMaterials/Substrate/GLints/dict_16_192_64_0p5_0p02_0005_0012.uasset" 6785
"../../../Engine/Content/EngineMaterials/Substrate/GLints/dict_16_192_64_0p5_0p02_0005_0013.uasset" 6786
"../../../Engine/Content/EngineMaterials/Substrate/GLints/dict_16_192_64_0p5_0p02_0005_0014.uasset" 6787
"../../../Engine/Content/EngineMaterials/Substrate/GLints/dict_16_192_64_0p5_0p02_0005_0015.uasset" 6788
"../../../Engine/Content/EngineMaterials/Substrate/GLints/dict_16_192_64_0p5_0p02_0006_0000.uasset" 6789
"../../../Engine/Content/EngineMaterials/Substrate/GLints/dict_16_192_64_0p5_0p02_0006_0001.uasset" 6790
"../../../Engine/Content/EngineMaterials/Substrate/GLints/dict_16_192_64_0p5_0p02_0006_0002.uasset" 6791
"../../../Engine/Content/EngineMaterials/Substrate/GLints/dict_16_192_64_0p5_0p02_0006_0003.uasset" 6792
"../../../Engine/Content/EngineMaterials/Substrate/GLints/dict_16_192_64_0p5_0p02_0006_0004.uasset" 6793
"../../../Engine/Content/EngineMaterials/Substrate/GLints/dict_16_192_64_0p5_0p02_0006_0005.uasset" 6794
"../../../Engine/Content/EngineMaterials/Substrate/GLints/dict_16_192_64_0p5_0p02_0006_0006.uasset" 6795
"../../../Engine/Content/EngineMaterials/Substrate/GLints/dict_16_192_64_0p5_0p02_0006_0007.uasset" 6796
"../../../Engine/Content/EngineMaterials/Substrate/GLints/dict_16_192_64_0p5_0p02_0006_0008.uasset" 6797
"../../../Engine/Content/EngineMaterials/Substrate/GLints/dict_16_192_64_0p5_0p02_0006_0009.uasset" 6798
"../../../Engine/Content/EngineMaterials/Substrate/GLints/dict_16_192_64_0p5_0p02_0006_0010.uasset" 6799
"../../../Engine/Content/EngineMaterials/Substrate/GLints/dict_16_192_64_0p5_0p02_0006_0011.uasset" 6800
"../../../Engine/Content/EngineMaterials/Substrate/GLints/dict_16_192_64_0p5_0p02_0006_0012.uasset" 6801
"../../../Engine/Content/EngineMaterials/Substrate/GLints/dict_16_192_64_0p5_0p02_0006_0013.uasset" 6802
"../../../Engine/Content/EngineMaterials/Substrate/GLints/dict_16_192_64_0p5_0p02_0006_0014.uasset" 6803
"../../../Engine/Content/EngineMaterials/Substrate/GLints/dict_16_192_64_0p5_0p02_0006_0015.uasset" 6804
"../../../Engine/Content/EngineMaterials/Substrate/GLints/dict_16_192_64_0p5_0p02_0007_0000.uasset" 6805
"../../../Engine/Content/EngineMaterials/Substrate/GLints/dict_16_192_64_0p5_0p02_0007_0001.uasset" 6806
"../../../Engine/Content/EngineMaterials/Substrate/GLints/dict_16_192_64_0p5_0p02_0007_0002.uasset" 6807
"../../../Engine/Content/EngineMaterials/Substrate/GLints/dict_16_192_64_0p5_0p02_0007_0003.uasset" 6808
"../../../Engine/Content/EngineMaterials/Substrate/GLints/dict_16_192_64_0p5_0p02_0007_0004.uasset" 6809
"../../../Engine/Content/EngineMaterials/Substrate/GLints/dict_16_192_64_0p5_0p02_0007_0005.uasset" 6810
"../../../Engine/Content/EngineMaterials/Substrate/GLints/dict_16_192_64_0p5_0p02_0007_0006.uasset" 6811
"../../../Engine/Content/EngineMaterials/Substrate/GLints/dict_16_192_64_0p5_0p02_0007_0007.uasset" 6812
"../../../Engine/Content/EngineMaterials/Substrate/GLints/dict_16_192_64_0p5_0p02_0007_0008.uasset" 6813
"../../../Engine/Content/EngineMaterials/Substrate/GLints/dict_16_192_64_0p5_0p02_0007_0009.uasset" 6814
"../../../Engine/Content/EngineMaterials/Substrate/GLints/dict_16_192_64_0p5_0p02_0007_0010.uasset" 6815
"../../../Engine/Content/EngineMaterials/Substrate/GLints/dict_16_192_64_0p5_0p02_0007_0011.uasset" 6816
"../../../Engine/Content/EngineMaterials/Substrate/GLints/dict_16_192_64_0p5_0p02_0007_0012.uasset" 6817
"../../../Engine/Content/EngineMaterials/Substrate/GLints/dict_16_192_64_0p5_0p02_0007_0013.uasset" 6818
"../../../Engine/Content/EngineMaterials/Substrate/GLints/dict_16_192_64_0p5_0p02_0007_0014.uasset" 6819
"../../../Engine/Content/EngineMaterials/Substrate/GLints/dict_16_192_64_0p5_0p02_0007_0015.uasset" 6820
"../../../Engine/Content/EngineMaterials/Substrate/GLints/dict_16_192_64_0p5_0p02_0008_0000.uasset" 6821
"../../../Engine/Content/EngineMaterials/Substrate/GLints/dict_16_192_64_0p5_0p02_0008_0001.uasset" 6822
"../../../Engine/Content/EngineMaterials/Substrate/GLints/dict_16_192_64_0p5_0p02_0008_0002.uasset" 6823
"../../../Engine/Content/EngineMaterials/Substrate/GLints/dict_16_192_64_0p5_0p02_0008_0003.uasset" 6824
"../../../Engine/Content/EngineMaterials/Substrate/GLints/dict_16_192_64_0p5_0p02_0008_0004.uasset" 6825
"../../../Engine/Content/EngineMaterials/Substrate/GLints/dict_16_192_64_0p5_0p02_0008_0005.uasset" 6826
"../../../Engine/Content/EngineMaterials/Substrate/GLints/dict_16_192_64_0p5_0p02_0008_0006.uasset" 6827
"../../../Engine/Content/EngineMaterials/Substrate/GLints/dict_16_192_64_0p5_0p02_0008_0007.uasset" 6828
"../../../Engine/Content/EngineMaterials/Substrate/GLints/dict_16_192_64_0p5_0p02_0008_0008.uasset" 6829
"../../../Engine/Content/EngineMaterials/Substrate/GLints/dict_16_192_64_0p5_0p02_0008_0009.uasset" 6830
"../../../Engine/Content/EngineMaterials/Substrate/GLints/dict_16_192_64_0p5_0p02_0008_0010.uasset" 6831
"../../../Engine/Content/EngineMaterials/Substrate/GLints/dict_16_192_64_0p5_0p02_0008_0011.uasset" 6832
"../../../Engine/Content/EngineMaterials/Substrate/GLints/dict_16_192_64_0p5_0p02_0008_0012.uasset" 6833
"../../../Engine/Content/EngineMaterials/Substrate/GLints/dict_16_192_64_0p5_0p02_0008_0013.uasset" 6834
"../../../Engine/Content/EngineMaterials/Substrate/GLints/dict_16_192_64_0p5_0p02_0008_0014.uasset" 6835
"../../../Engine/Content/EngineMaterials/Substrate/GLints/dict_16_192_64_0p5_0p02_0008_0015.uasset" 6836
"../../../Engine/Content/EngineMaterials/Substrate/GLints/dict_16_192_64_0p5_0p02_0009_0000.uasset" 6837
"../../../Engine/Content/EngineMaterials/Substrate/GLints/dict_16_192_64_0p5_0p02_0009_0001.uasset" 6838
"../../../Engine/Content/EngineMaterials/Substrate/GLints/dict_16_192_64_0p5_0p02_0009_0002.uasset" 6839
"../../../Engine/Content/EngineMaterials/Substrate/GLints/dict_16_192_64_0p5_0p02_0009_0003.uasset" 6840
"../../../Engine/Content/EngineMaterials/Substrate/GLints/dict_16_192_64_0p5_0p02_0009_0004.uasset" 6841
"../../../Engine/Content/EngineMaterials/Substrate/GLints/dict_16_192_64_0p5_0p02_0009_0005.uasset" 6842
"../../../Engine/Content/EngineMaterials/Substrate/GLints/dict_16_192_64_0p5_0p02_0009_0006.uasset" 6843
"../../../Engine/Content/EngineMaterials/Substrate/GLints/dict_16_192_64_0p5_0p02_0009_0007.uasset" 6844
"../../../Engine/Content/EngineMaterials/Substrate/GLints/dict_16_192_64_0p5_0p02_0009_0008.uasset" 6845
"../../../Engine/Content/EngineMaterials/Substrate/GLints/dict_16_192_64_0p5_0p02_0009_0009.uasset" 6846
"../../../Engine/Content/EngineMaterials/Substrate/GLints/dict_16_192_64_0p5_0p02_0009_0010.uasset" 6847
"../../../Engine/Content/EngineMaterials/Substrate/GLints/dict_16_192_64_0p5_0p02_0009_0011.uasset" 6848
"../../../Engine/Content/EngineMaterials/Substrate/GLints/dict_16_192_64_0p5_0p02_0009_0012.uasset" 6849
"../../../Engine/Content/EngineMaterials/Substrate/GLints/dict_16_192_64_0p5_0p02_0009_0013.uasset" 6850
"../../../Engine/Content/EngineMaterials/Substrate/GLints/dict_16_192_64_0p5_0p02_0009_0014.uasset" 6851
"../../../Engine/Content/EngineMaterials/Substrate/GLints/dict_16_192_64_0p5_0p02_0009_0015.uasset" 6852
"../../../Engine/Content/EngineMaterials/Substrate/GLints/dict_16_192_64_0p5_0p02_0010_0000.uasset" 6853
"../../../Engine/Content/EngineMaterials/Substrate/GLints/dict_16_192_64_0p5_0p02_0010_0001.uasset" 6854
"../../../Engine/Content/EngineMaterials/Substrate/GLints/dict_16_192_64_0p5_0p02_0010_0002.uasset" 6855
"../../../Engine/Content/EngineMaterials/Substrate/GLints/dict_16_192_64_0p5_0p02_0010_0003.uasset" 6856
"../../../Engine/Content/EngineMaterials/Substrate/GLints/dict_16_192_64_0p5_0p02_0010_0004.uasset" 6857
"../../../Engine/Content/EngineMaterials/Substrate/GLints/dict_16_192_64_0p5_0p02_0010_0005.uasset" 6858
"../../../Engine/Content/EngineMaterials/Substrate/GLints/dict_16_192_64_0p5_0p02_0010_0006.uasset" 6859
"../../../Engine/Content/EngineMaterials/Substrate/GLints/dict_16_192_64_0p5_0p02_0010_0007.uasset" 6860
"../../../Engine/Content/EngineMaterials/Substrate/GLints/dict_16_192_64_0p5_0p02_0010_0008.uasset" 6861
"../../../Engine/Content/EngineMaterials/Substrate/GLints/dict_16_192_64_0p5_0p02_0010_0009.uasset" 6862
"../../../Engine/Content/EngineMaterials/Substrate/GLints/dict_16_192_64_0p5_0p02_0010_0010.uasset" 6863
"../../../Engine/Content/EngineMaterials/Substrate/GLints/dict_16_192_64_0p5_0p02_0010_0011.uasset" 6864
"../../../Engine/Content/EngineMaterials/Substrate/GLints/dict_16_192_64_0p5_0p02_0010_0012.uasset" 6865
"../../../Engine/Content/EngineMaterials/Substrate/GLints/dict_16_192_64_0p5_0p02_0010_0013.uasset" 6866
"../../../Engine/Content/EngineMaterials/Substrate/GLints/dict_16_192_64_0p5_0p02_0010_0014.uasset" 6867
"../../../Engine/Content/EngineMaterials/Substrate/GLints/dict_16_192_64_0p5_0p02_0010_0015.uasset" 6868
"../../../Engine/Content/EngineMaterials/Substrate/GLints/dict_16_192_64_0p5_0p02_0011_0000.uasset" 6869
"../../../Engine/Content/EngineMaterials/Substrate/GLints/dict_16_192_64_0p5_0p02_0011_0001.uasset" 6870
"../../../Engine/Content/EngineMaterials/Substrate/GLints/dict_16_192_64_0p5_0p02_0011_0002.uasset" 6871
"../../../Engine/Content/EngineMaterials/Substrate/GLints/dict_16_192_64_0p5_0p02_0011_0003.uasset" 6872
"../../../Engine/Content/EngineMaterials/Substrate/GLints/dict_16_192_64_0p5_0p02_0011_0004.uasset" 6873
"../../../Engine/Content/EngineMaterials/Substrate/GLints/dict_16_192_64_0p5_0p02_0011_0005.uasset" 6874
"../../../Engine/Content/EngineMaterials/Substrate/GLints/dict_16_192_64_0p5_0p02_0011_0006.uasset" 6875
"../../../Engine/Content/EngineMaterials/Substrate/GLints/dict_16_192_64_0p5_0p02_0011_0007.uasset" 6876
"../../../Engine/Content/EngineMaterials/Substrate/GLints/dict_16_192_64_0p5_0p02_0011_0008.uasset" 6877
"../../../Engine/Content/EngineMaterials/Substrate/GLints/dict_16_192_64_0p5_0p02_0011_0009.uasset" 6878
"../../../Engine/Content/EngineMaterials/Substrate/GLints/dict_16_192_64_0p5_0p02_0011_0010.uasset" 6879
"../../../Engine/Content/EngineMaterials/Substrate/GLints/dict_16_192_64_0p5_0p02_0011_0011.uasset" 6880
"../../../Engine/Content/EngineMaterials/Substrate/GLints/dict_16_192_64_0p5_0p02_0011_0012.uasset" 6881
"../../../Engine/Content/EngineMaterials/Substrate/GLints/dict_16_192_64_0p5_0p02_0011_0013.uasset" 6882
"../../../Engine/Content/EngineMaterials/Substrate/GLints/dict_16_192_64_0p5_0p02_0011_0014.uasset" 6883
"../../../Engine/Content/EngineMaterials/Substrate/GLints/dict_16_192_64_0p5_0p02_0011_0015.uasset" 6884
"../../../Engine/Content/EngineMaterials/Substrate/GLints/dict_16_192_64_0p5_0p02_0012_0000.uasset" 6885
"../../../Engine/Content/EngineMaterials/Substrate/GLints/dict_16_192_64_0p5_0p02_0012_0001.uasset" 6886
"../../../Engine/Content/EngineMaterials/Substrate/GLints/dict_16_192_64_0p5_0p02_0012_0002.uasset" 6887
"../../../Engine/Content/EngineMaterials/Substrate/GLints/dict_16_192_64_0p5_0p02_0012_0003.uasset" 6888
"../../../Engine/Content/EngineMaterials/Substrate/GLints/dict_16_192_64_0p5_0p02_0012_0004.uasset" 6889
"../../../Engine/Content/EngineMaterials/Substrate/GLints/dict_16_192_64_0p5_0p02_0012_0005.uasset" 6890
"../../../Engine/Content/EngineMaterials/Substrate/GLints/dict_16_192_64_0p5_0p02_0012_0006.uasset" 6891
"../../../Engine/Content/EngineMaterials/Substrate/GLints/dict_16_192_64_0p5_0p02_0012_0007.uasset" 6892
"../../../Engine/Content/EngineMaterials/Substrate/GLints/dict_16_192_64_0p5_0p02_0012_0008.uasset" 6893
"../../../Engine/Content/EngineMaterials/Substrate/GLints/dict_16_192_64_0p5_0p02_0012_0009.uasset" 6894
"../../../Engine/Content/EngineMaterials/Substrate/GLints/dict_16_192_64_0p5_0p02_0012_0010.uasset" 6895
"../../../Engine/Content/EngineMaterials/Substrate/GLints/dict_16_192_64_0p5_0p02_0012_0011.uasset" 6896
"../../../Engine/Content/EngineMaterials/Substrate/GLints/dict_16_192_64_0p5_0p02_0012_0012.uasset" 6897
"../../../Engine/Content/EngineMaterials/Substrate/GLints/dict_16_192_64_0p5_0p02_0012_0013.uasset" 6898
"../../../Engine/Content/EngineMaterials/Substrate/GLints/dict_16_192_64_0p5_0p02_0012_0014.uasset" 6899
"../../../Engine/Content/EngineMaterials/Substrate/GLints/dict_16_192_64_0p5_0p02_0012_0015.uasset" 6900
"../../../Engine/Content/EngineMaterials/Substrate/GLints/dict_16_192_64_0p5_0p02_0013_0000.uasset" 6901
"../../../Engine/Content/EngineMaterials/Substrate/GLints/dict_16_192_64_0p5_0p02_0013_0001.uasset" 6902
"../../../Engine/Content/EngineMaterials/Substrate/GLints/dict_16_192_64_0p5_0p02_0013_0002.uasset" 6903
"../../../Engine/Content/EngineMaterials/Substrate/GLints/dict_16_192_64_0p5_0p02_0013_0003.uasset" 6904
"../../../Engine/Content/EngineMaterials/Substrate/GLints/dict_16_192_64_0p5_0p02_0013_0004.uasset" 6905
"../../../Engine/Content/EngineMaterials/Substrate/GLints/dict_16_192_64_0p5_0p02_0013_0005.uasset" 6906
"../../../Engine/Content/EngineMaterials/Substrate/GLints/dict_16_192_64_0p5_0p02_0013_0006.uasset" 6907
"../../../Engine/Content/EngineMaterials/Substrate/GLints/dict_16_192_64_0p5_0p02_0013_0007.uasset" 6908
"../../../Engine/Content/EngineMaterials/Substrate/GLints/dict_16_192_64_0p5_0p02_0013_0008.uasset" 6909
"../../../Engine/Content/EngineMaterials/Substrate/GLints/dict_16_192_64_0p5_0p02_0013_0009.uasset" 6910
"../../../Engine/Content/EngineMaterials/Substrate/GLints/dict_16_192_64_0p5_0p02_0013_0010.uasset" 6911
"../../../Engine/Content/EngineMaterials/Substrate/GLints/dict_16_192_64_0p5_0p02_0013_0011.uasset" 6912
"../../../Engine/Content/EngineMaterials/Substrate/GLints/dict_16_192_64_0p5_0p02_0013_0012.uasset" 6913
"../../../Engine/Content/EngineMaterials/Substrate/GLints/dict_16_192_64_0p5_0p02_0013_0013.uasset" 6914
"../../../Engine/Content/EngineMaterials/Substrate/GLints/dict_16_192_64_0p5_0p02_0013_0014.uasset" 6915
"../../../Engine/Content/EngineMaterials/Substrate/GLints/dict_16_192_64_0p5_0p02_0013_0015.uasset" 6916
"../../../Engine/Content/EngineMaterials/Substrate/GLints/dict_16_192_64_0p5_0p02_0014_0000.uasset" 6917
"../../../Engine/Content/EngineMaterials/Substrate/GLints/dict_16_192_64_0p5_0p02_0014_0001.uasset" 6918
"../../../Engine/Content/EngineMaterials/Substrate/GLints/dict_16_192_64_0p5_0p02_0014_0002.uasset" 6919
"../../../Engine/Content/EngineMaterials/Substrate/GLints/dict_16_192_64_0p5_0p02_0014_0003.uasset" 6920
"../../../Engine/Content/EngineMaterials/Substrate/GLints/dict_16_192_64_0p5_0p02_0014_0004.uasset" 6921
"../../../Engine/Content/EngineMaterials/Substrate/GLints/dict_16_192_64_0p5_0p02_0014_0005.uasset" 6922
"../../../Engine/Content/EngineMaterials/Substrate/GLints/dict_16_192_64_0p5_0p02_0014_0006.uasset" 6923
"../../../Engine/Content/EngineMaterials/Substrate/GLints/dict_16_192_64_0p5_0p02_0014_0007.uasset" 6924
"../../../Engine/Content/EngineMaterials/Substrate/GLints/dict_16_192_64_0p5_0p02_0014_0008.uasset" 6925
"../../../Engine/Content/EngineMaterials/Substrate/GLints/dict_16_192_64_0p5_0p02_0014_0009.uasset" 6926
"../../../Engine/Content/EngineMaterials/Substrate/GLints/dict_16_192_64_0p5_0p02_0014_0010.uasset" 6927
"../../../Engine/Content/EngineMaterials/Substrate/GLints/dict_16_192_64_0p5_0p02_0014_0011.uasset" 6928
"../../../Engine/Content/EngineMaterials/Substrate/GLints/dict_16_192_64_0p5_0p02_0014_0012.uasset" 6929
"../../../Engine/Content/EngineMaterials/Substrate/GLints/dict_16_192_64_0p5_0p02_0014_0013.uasset" 6930
"../../../Engine/Content/EngineMaterials/Substrate/GLints/dict_16_192_64_0p5_0p02_0014_0014.uasset" 6931
"../../../Engine/Content/EngineMaterials/Substrate/GLints/dict_16_192_64_0p5_0p02_0014_0015.uasset" 6932
"../../../Engine/Content/EngineMaterials/Substrate/GLints/dict_16_192_64_0p5_0p02_0015_0000.uasset" 6933
"../../../Engine/Content/EngineMaterials/Substrate/GLints/dict_16_192_64_0p5_0p02_0015_0001.uasset" 6934
"../../../Engine/Content/EngineMaterials/Substrate/GLints/dict_16_192_64_0p5_0p02_0015_0002.uasset" 6935
"../../../Engine/Content/EngineMaterials/Substrate/GLints/dict_16_192_64_0p5_0p02_0015_0003.uasset" 6936
"../../../Engine/Content/EngineMaterials/Substrate/GLints/dict_16_192_64_0p5_0p02_0015_0004.uasset" 6937
"../../../Engine/Content/EngineMaterials/Substrate/GLints/dict_16_192_64_0p5_0p02_0015_0005.uasset" 6938
"../../../Engine/Content/EngineMaterials/Substrate/GLints/dict_16_192_64_0p5_0p02_0015_0006.uasset" 6939
"../../../Engine/Content/EngineMaterials/Substrate/GLints/dict_16_192_64_0p5_0p02_0015_0007.uasset" 6940
"../../../Engine/Content/EngineMaterials/Substrate/GLints/dict_16_192_64_0p5_0p02_0015_0008.uasset" 6941
"../../../Engine/Content/EngineMaterials/Substrate/GLints/dict_16_192_64_0p5_0p02_0015_0009.uasset" 6942
"../../../Engine/Content/EngineMaterials/Substrate/GLints/dict_16_192_64_0p5_0p02_0015_0010.uasset" 6943
"../../../Engine/Content/EngineMaterials/Substrate/GLints/dict_16_192_64_0p5_0p02_0015_0011.uasset" 6944
"../../../Engine/Content/EngineMaterials/Substrate/GLints/dict_16_192_64_0p5_0p02_0015_0012.uasset" 6945
"../../../Engine/Content/EngineMaterials/Substrate/GLints/dict_16_192_64_0p5_0p02_0015_0013.uasset" 6946
"../../../Engine/Content/EngineMaterials/Substrate/GLints/dict_16_192_64_0p5_0p02_0015_0014.uasset" 6947
"../../../Engine/Content/EngineMaterials/Substrate/GLints/dict_16_192_64_0p5_0p02_0015_0015.uasset" 6948
"../../../Engine/Content/EngineMaterials/Substrate/GLints/dict_16_192_64_0p5_0p02_0016_0000.uasset" 6949
"../../../Engine/Content/EngineMaterials/Substrate/GLints/dict_16_192_64_0p5_0p02_0016_0001.uasset" 6950
"../../../Engine/Content/EngineMaterials/Substrate/GLints/dict_16_192_64_0p5_0p02_0016_0002.uasset" 6951
"../../../Engine/Content/EngineMaterials/Substrate/GLints/dict_16_192_64_0p5_0p02_0016_0003.uasset" 6952
"../../../Engine/Content/EngineMaterials/Substrate/GLints/dict_16_192_64_0p5_0p02_0016_0004.uasset" 6953
"../../../Engine/Content/EngineMaterials/Substrate/GLints/dict_16_192_64_0p5_0p02_0016_0005.uasset" 6954
"../../../Engine/Content/EngineMaterials/Substrate/GLints/dict_16_192_64_0p5_0p02_0016_0006.uasset" 6955
"../../../Engine/Content/EngineMaterials/Substrate/GLints/dict_16_192_64_0p5_0p02_0016_0007.uasset" 6956
"../../../Engine/Content/EngineMaterials/Substrate/GLints/dict_16_192_64_0p5_0p02_0016_0008.uasset" 6957
"../../../Engine/Content/EngineMaterials/Substrate/GLints/dict_16_192_64_0p5_0p02_0016_0009.uasset" 6958
"../../../Engine/Content/EngineMaterials/Substrate/GLints/dict_16_192_64_0p5_0p02_0016_0010.uasset" 6959
"../../../Engine/Content/EngineMaterials/Substrate/GLints/dict_16_192_64_0p5_0p02_0016_0011.uasset" 6960
"../../../Engine/Content/EngineMaterials/Substrate/GLints/dict_16_192_64_0p5_0p02_0016_0012.uasset" 6961
"../../../Engine/Content/EngineMaterials/Substrate/GLints/dict_16_192_64_0p5_0p02_0016_0013.uasset" 6962
"../../../Engine/Content/EngineMaterials/Substrate/GLints/dict_16_192_64_0p5_0p02_0016_0014.uasset" 6963
"../../../Engine/Content/EngineMaterials/Substrate/GLints/dict_16_192_64_0p5_0p02_0016_0015.uasset" 6964
"../../../Engine/Content/EngineMaterials/Substrate/GLints/dict_16_192_64_0p5_0p02_0017_0000.uasset" 6965
"../../../Engine/Content/EngineMaterials/Substrate/GLints/dict_16_192_64_0p5_0p02_0017_0001.uasset" 6966
"../../../Engine/Content/EngineMaterials/Substrate/GLints/dict_16_192_64_0p5_0p02_0017_0002.uasset" 6967
"../../../Engine/Content/EngineMaterials/Substrate/GLints/dict_16_192_64_0p5_0p02_0017_0003.uasset" 6968
"../../../Engine/Content/EngineMaterials/Substrate/GLints/dict_16_192_64_0p5_0p02_0017_0004.uasset" 6969
"../../../Engine/Content/EngineMaterials/Substrate/GLints/dict_16_192_64_0p5_0p02_0017_0005.uasset" 6970
"../../../Engine/Content/EngineMaterials/Substrate/GLints/dict_16_192_64_0p5_0p02_0017_0006.uasset" 6971
"../../../Engine/Content/EngineMaterials/Substrate/GLints/dict_16_192_64_0p5_0p02_0017_0007.uasset" 6972
"../../../Engine/Content/EngineMaterials/Substrate/GLints/dict_16_192_64_0p5_0p02_0017_0008.uasset" 6973
"../../../Engine/Content/EngineMaterials/Substrate/GLints/dict_16_192_64_0p5_0p02_0017_0009.uasset" 6974
"../../../Engine/Content/EngineMaterials/Substrate/GLints/dict_16_192_64_0p5_0p02_0017_0010.uasset" 6975
"../../../Engine/Content/EngineMaterials/Substrate/GLints/dict_16_192_64_0p5_0p02_0017_0011.uasset" 6976
"../../../Engine/Content/EngineMaterials/Substrate/GLints/dict_16_192_64_0p5_0p02_0017_0012.uasset" 6977
"../../../Engine/Content/EngineMaterials/Substrate/GLints/dict_16_192_64_0p5_0p02_0017_0013.uasset" 6978
"../../../Engine/Content/EngineMaterials/Substrate/GLints/dict_16_192_64_0p5_0p02_0017_0014.uasset" 6979
"../../../Engine/Content/EngineMaterials/Substrate/GLints/dict_16_192_64_0p5_0p02_0017_0015.uasset" 6980
"../../../Engine/Content/EngineMaterials/Substrate/GLints/dict_16_192_64_0p5_0p02_0018_0000.uasset" 6981
"../../../Engine/Content/EngineMaterials/Substrate/GLints/dict_16_192_64_0p5_0p02_0018_0001.uasset" 6982
"../../../Engine/Content/EngineMaterials/Substrate/GLints/dict_16_192_64_0p5_0p02_0018_0002.uasset" 6983
"../../../Engine/Content/EngineMaterials/Substrate/GLints/dict_16_192_64_0p5_0p02_0018_0003.uasset" 6984
"../../../Engine/Content/EngineMaterials/Substrate/GLints/dict_16_192_64_0p5_0p02_0018_0004.uasset" 6985
"../../../Engine/Content/EngineMaterials/Substrate/GLints/dict_16_192_64_0p5_0p02_0018_0005.uasset" 6986
"../../../Engine/Content/EngineMaterials/Substrate/GLints/dict_16_192_64_0p5_0p02_0018_0006.uasset" 6987
"../../../Engine/Content/EngineMaterials/Substrate/GLints/dict_16_192_64_0p5_0p02_0018_0007.uasset" 6988
"../../../Engine/Content/EngineMaterials/Substrate/GLints/dict_16_192_64_0p5_0p02_0018_0008.uasset" 6989
"../../../Engine/Content/EngineMaterials/Substrate/GLints/dict_16_192_64_0p5_0p02_0018_0009.uasset" 6990
"../../../Engine/Content/EngineMaterials/Substrate/GLints/dict_16_192_64_0p5_0p02_0018_0010.uasset" 6991
"../../../Engine/Content/EngineMaterials/Substrate/GLints/dict_16_192_64_0p5_0p02_0018_0011.uasset" 6992
"../../../Engine/Content/EngineMaterials/Substrate/GLints/dict_16_192_64_0p5_0p02_0018_0012.uasset" 6993
"../../../Engine/Content/EngineMaterials/Substrate/GLints/dict_16_192_64_0p5_0p02_0018_0013.uasset" 6994
"../../../Engine/Content/EngineMaterials/Substrate/GLints/dict_16_192_64_0p5_0p02_0018_0014.uasset" 6995
"../../../Engine/Content/EngineMaterials/Substrate/GLints/dict_16_192_64_0p5_0p02_0018_0015.uasset" 6996
"../../../Engine/Content/EngineMaterials/Substrate/GLints/dict_16_192_64_0p5_0p02_0019_0000.uasset" 6997
"../../../Engine/Content/EngineMaterials/Substrate/GLints/dict_16_192_64_0p5_0p02_0019_0001.uasset" 6998
"../../../Engine/Content/EngineMaterials/Substrate/GLints/dict_16_192_64_0p5_0p02_0019_0002.uasset" 6999
"../../../Engine/Content/EngineMaterials/Substrate/GLints/dict_16_192_64_0p5_0p02_0019_0003.uasset" 7000
"../../../Engine/Content/EngineMaterials/Substrate/GLints/dict_16_192_64_0p5_0p02_0019_0004.uasset" 7001
"../../../Engine/Content/EngineMaterials/Substrate/GLints/dict_16_192_64_0p5_0p02_0019_0005.uasset" 7002
"../../../Engine/Content/EngineMaterials/Substrate/GLints/dict_16_192_64_0p5_0p02_0019_0006.uasset" 7003
"../../../Engine/Content/EngineMaterials/Substrate/GLints/dict_16_192_64_0p5_0p02_0019_0007.uasset" 7004
"../../../Engine/Content/EngineMaterials/Substrate/GLints/dict_16_192_64_0p5_0p02_0019_0008.uasset" 7005
"../../../Engine/Content/EngineMaterials/Substrate/GLints/dict_16_192_64_0p5_0p02_0019_0009.uasset" 7006
"../../../Engine/Content/EngineMaterials/Substrate/GLints/dict_16_192_64_0p5_0p02_0019_0010.uasset" 7007
"../../../Engine/Content/EngineMaterials/Substrate/GLints/dict_16_192_64_0p5_0p02_0019_0011.uasset" 7008
"../../../Engine/Content/EngineMaterials/Substrate/GLints/dict_16_192_64_0p5_0p02_0019_0012.uasset" 7009
"../../../Engine/Content/EngineMaterials/Substrate/GLints/dict_16_192_64_0p5_0p02_0019_0013.uasset" 7010
"../../../Engine/Content/EngineMaterials/Substrate/GLints/dict_16_192_64_0p5_0p02_0019_0014.uasset" 7011
"../../../Engine/Content/EngineMaterials/Substrate/GLints/dict_16_192_64_0p5_0p02_0019_0015.uasset" 7012
"../../../Engine/Content/EngineMaterials/Substrate/GLints/dict_16_192_64_0p5_0p02_0020_0000.uasset" 7013
"../../../Engine/Content/EngineMaterials/Substrate/GLints/dict_16_192_64_0p5_0p02_0020_0001.uasset" 7014
"../../../Engine/Content/EngineMaterials/Substrate/GLints/dict_16_192_64_0p5_0p02_0020_0002.uasset" 7015
"../../../Engine/Content/EngineMaterials/Substrate/GLints/dict_16_192_64_0p5_0p02_0020_0003.uasset" 7016
"../../../Engine/Content/EngineMaterials/Substrate/GLints/dict_16_192_64_0p5_0p02_0020_0004.uasset" 7017
"../../../Engine/Content/EngineMaterials/Substrate/GLints/dict_16_192_64_0p5_0p02_0020_0005.uasset" 7018
"../../../Engine/Content/EngineMaterials/Substrate/GLints/dict_16_192_64_0p5_0p02_0020_0006.uasset" 7019
"../../../Engine/Content/EngineMaterials/Substrate/GLints/dict_16_192_64_0p5_0p02_0020_0007.uasset" 7020
"../../../Engine/Content/EngineMaterials/Substrate/GLints/dict_16_192_64_0p5_0p02_0020_0008.uasset" 7021
"../../../Engine/Content/EngineMaterials/Substrate/GLints/dict_16_192_64_0p5_0p02_0020_0009.uasset" 7022
"../../../Engine/Content/EngineMaterials/Substrate/GLints/dict_16_192_64_0p5_0p02_0020_0010.uasset" 7023
"../../../Engine/Content/EngineMaterials/Substrate/GLints/dict_16_192_64_0p5_0p02_0020_0011.uasset" 7024
"../../../Engine/Content/EngineMaterials/Substrate/GLints/dict_16_192_64_0p5_0p02_0020_0012.uasset" 7025
"../../../Engine/Content/EngineMaterials/Substrate/GLints/dict_16_192_64_0p5_0p02_0020_0013.uasset" 7026
"../../../Engine/Content/EngineMaterials/Substrate/GLints/dict_16_192_64_0p5_0p02_0020_0014.uasset" 7027
"../../../Engine/Content/EngineMaterials/Substrate/GLints/dict_16_192_64_0p5_0p02_0020_0015.uasset" 7028
"../../../Engine/Content/EngineMaterials/Substrate/GLints/dict_16_192_64_0p5_0p02_0021_0000.uasset" 7029
"../../../Engine/Content/EngineMaterials/Substrate/GLints/dict_16_192_64_0p5_0p02_0021_0001.uasset" 7030
"../../../Engine/Content/EngineMaterials/Substrate/GLints/dict_16_192_64_0p5_0p02_0021_0002.uasset" 7031
"../../../Engine/Content/EngineMaterials/Substrate/GLints/dict_16_192_64_0p5_0p02_0021_0003.uasset" 7032
"../../../Engine/Content/EngineMaterials/Substrate/GLints/dict_16_192_64_0p5_0p02_0021_0004.uasset" 7033
"../../../Engine/Content/EngineMaterials/Substrate/GLints/dict_16_192_64_0p5_0p02_0021_0005.uasset" 7034
"../../../Engine/Content/EngineMaterials/Substrate/GLints/dict_16_192_64_0p5_0p02_0021_0006.uasset" 7035
"../../../Engine/Content/EngineMaterials/Substrate/GLints/dict_16_192_64_0p5_0p02_0021_0007.uasset" 7036
"../../../Engine/Content/EngineMaterials/Substrate/GLints/dict_16_192_64_0p5_0p02_0021_0008.uasset" 7037
"../../../Engine/Content/EngineMaterials/Substrate/GLints/dict_16_192_64_0p5_0p02_0021_0009.uasset" 7038
"../../../Engine/Content/EngineMaterials/Substrate/GLints/dict_16_192_64_0p5_0p02_0021_0010.uasset" 7039
"../../../Engine/Content/EngineMaterials/Substrate/GLints/dict_16_192_64_0p5_0p02_0021_0011.uasset" 7040
"../../../Engine/Content/EngineMaterials/Substrate/GLints/dict_16_192_64_0p5_0p02_0021_0012.uasset" 7041
"../../../Engine/Content/EngineMaterials/Substrate/GLints/dict_16_192_64_0p5_0p02_0021_0013.uasset" 7042
"../../../Engine/Content/EngineMaterials/Substrate/GLints/dict_16_192_64_0p5_0p02_0021_0014.uasset" 7043
"../../../Engine/Content/EngineMaterials/Substrate/GLints/dict_16_192_64_0p5_0p02_0021_0015.uasset" 7044
"../../../Engine/Content/EngineMaterials/Substrate/GLints/dict_16_192_64_0p5_0p02_0022_0000.uasset" 7045
"../../../Engine/Content/EngineMaterials/Substrate/GLints/dict_16_192_64_0p5_0p02_0022_0001.uasset" 7046
"../../../Engine/Content/EngineMaterials/Substrate/GLints/dict_16_192_64_0p5_0p02_0022_0002.uasset" 7047
"../../../Engine/Content/EngineMaterials/Substrate/GLints/dict_16_192_64_0p5_0p02_0022_0003.uasset" 7048
"../../../Engine/Content/EngineMaterials/Substrate/GLints/dict_16_192_64_0p5_0p02_0022_0004.uasset" 7049
"../../../Engine/Content/EngineMaterials/Substrate/GLints/dict_16_192_64_0p5_0p02_0022_0005.uasset" 7050
"../../../Engine/Content/EngineMaterials/Substrate/GLints/dict_16_192_64_0p5_0p02_0022_0006.uasset" 7051
"C:/Users/Owner/AppData/Local/Temp/UnrealShaderWorkingDir/7C260C3D473CC778378D2A81B4A11F1F/3/WorkerOutputOnly.out" 7052
"../../../Engine/Content/EngineMaterials/Substrate/GLints/dict_16_192_64_0p5_0p02_0022_0007.uasset" 7053
"../../../Engine/Content/EngineMaterials/Substrate/GLints/dict_16_192_64_0p5_0p02_0022_0008.uasset" 7054
"../../../Engine/Content/EngineMaterials/Substrate/GLints/dict_16_192_64_0p5_0p02_0022_0009.uasset" 7055
"../../../Engine/Content/EngineMaterials/Substrate/GLints/dict_16_192_64_0p5_0p02_0022_0010.uasset" 7056
"../../../Engine/Content/EngineMaterials/Substrate/GLints/dict_16_192_64_0p5_0p02_0022_0011.uasset" 7057
"../../../Engine/Content/EngineMaterials/Substrate/GLints/dict_16_192_64_0p5_0p02_0022_0012.uasset" 7058
"../../../Engine/Content/EngineMaterials/Substrate/GLints/dict_16_192_64_0p5_0p02_0022_0013.uasset" 7059
"../../../Engine/Content/EngineMaterials/Substrate/GLints/dict_16_192_64_0p5_0p02_0022_0014.uasset" 7060
"../../../Engine/Content/EngineMaterials/Substrate/GLints/dict_16_192_64_0p5_0p02_0022_0015.uasset" 7061
"../../../Engine/Content/EngineMaterials/Substrate/GLints/dict_16_192_64_0p5_0p02_0023_0000.uasset" 7062
"../../../Engine/Content/EngineMaterials/Substrate/GLints/dict_16_192_64_0p5_0p02_0023_0001.uasset" 7063
"../../../Engine/Content/EngineMaterials/Substrate/GLints/dict_16_192_64_0p5_0p02_0023_0002.uasset" 7064
"../../../Engine/Content/EngineMaterials/Substrate/GLints/dict_16_192_64_0p5_0p02_0023_0003.uasset" 7065
"../../../Engine/Content/EngineMaterials/Substrate/GLints/dict_16_192_64_0p5_0p02_0023_0004.uasset" 7066
"../../../Engine/Content/EngineMaterials/Substrate/GLints/dict_16_192_64_0p5_0p02_0023_0005.uasset" 7067
"../../../Engine/Content/EngineMaterials/Substrate/GLints/dict_16_192_64_0p5_0p02_0023_0006.uasset" 7068
"../../../Engine/Content/EngineMaterials/Substrate/GLints/dict_16_192_64_0p5_0p02_0023_0007.uasset" 7069
"../../../Engine/Content/EngineMaterials/Substrate/GLints/dict_16_192_64_0p5_0p02_0023_0008.uasset" 7070
"../../../Engine/Content/EngineMaterials/Substrate/GLints/dict_16_192_64_0p5_0p02_0023_0009.uasset" 7071
"../../../Engine/Content/EngineMaterials/Substrate/GLints/dict_16_192_64_0p5_0p02_0023_0010.uasset" 7072
"../../../Engine/Content/EngineMaterials/Substrate/GLints/dict_16_192_64_0p5_0p02_0023_0011.uasset" 7073
"../../../Engine/Content/EngineMaterials/Substrate/GLints/dict_16_192_64_0p5_0p02_0023_0012.uasset" 7074
"../../../Engine/Content/EngineMaterials/Substrate/GLints/dict_16_192_64_0p5_0p02_0023_0013.uasset" 7075
"../../../Engine/Content/EngineMaterials/Substrate/GLints/dict_16_192_64_0p5_0p02_0023_0014.uasset" 7076
"../../../Engine/Content/EngineMaterials/Substrate/GLints/dict_16_192_64_0p5_0p02_0023_0015.uasset" 7077
"../../../Engine/Content/EngineMaterials/Substrate/GLints/dict_16_192_64_0p5_0p02_0024_0000.uasset" 7078
"../../../Engine/Content/EngineMaterials/Substrate/GLints/dict_16_192_64_0p5_0p02_0024_0001.uasset" 7079
"../../../Engine/Content/EngineMaterials/Substrate/GLints/dict_16_192_64_0p5_0p02_0024_0002.uasset" 7080
"../../../Engine/Content/EngineMaterials/Substrate/GLints/dict_16_192_64_0p5_0p02_0024_0003.uasset" 7081
"../../../Engine/Content/EngineMaterials/Substrate/GLints/dict_16_192_64_0p5_0p02_0024_0004.uasset" 7082
"../../../Engine/Content/EngineMaterials/Substrate/GLints/dict_16_192_64_0p5_0p02_0024_0005.uasset" 7083
"../../../Engine/Content/EngineMaterials/Substrate/GLints/dict_16_192_64_0p5_0p02_0024_0006.uasset" 7084
"../../../Engine/Content/EngineMaterials/Substrate/GLints/dict_16_192_64_0p5_0p02_0024_0007.uasset" 7085
"../../../Engine/Content/EngineMaterials/Substrate/GLints/dict_16_192_64_0p5_0p02_0024_0008.uasset" 7086
"../../../Engine/Content/EngineMaterials/Substrate/GLints/dict_16_192_64_0p5_0p02_0024_0009.uasset" 7087
"../../../Engine/Content/EngineMaterials/Substrate/GLints/dict_16_192_64_0p5_0p02_0024_0010.uasset" 7088
"../../../Engine/Content/EngineMaterials/Substrate/GLints/dict_16_192_64_0p5_0p02_0024_0011.uasset" 7089
"../../../Engine/Content/EngineMaterials/Substrate/GLints/dict_16_192_64_0p5_0p02_0024_0012.uasset" 7090
"../../../Engine/Content/EngineMaterials/Substrate/GLints/dict_16_192_64_0p5_0p02_0024_0013.uasset" 7091
"../../../Engine/Content/EngineMaterials/Substrate/GLints/dict_16_192_64_0p5_0p02_0024_0014.uasset" 7092
"../../../Engine/Content/EngineMaterials/Substrate/GLints/dict_16_192_64_0p5_0p02_0024_0015.uasset" 7093
"../../../Engine/Content/EngineMaterials/Substrate/GLints/dict_16_192_64_0p5_0p02_0025_0000.uasset" 7094
"../../../Engine/Content/EngineMaterials/Substrate/GLints/dict_16_192_64_0p5_0p02_0025_0001.uasset" 7095
"../../../Engine/Content/EngineMaterials/Substrate/GLints/dict_16_192_64_0p5_0p02_0025_0002.uasset" 7096
"../../../Engine/Content/EngineMaterials/Substrate/GLints/dict_16_192_64_0p5_0p02_0025_0003.uasset" 7097
"../../../Engine/Content/EngineMaterials/Substrate/GLints/dict_16_192_64_0p5_0p02_0025_0004.uasset" 7098
"../../../Engine/Content/EngineMaterials/Substrate/GLints/dict_16_192_64_0p5_0p02_0025_0005.uasset" 7099
"../../../Engine/Content/EngineMaterials/Substrate/GLints/dict_16_192_64_0p5_0p02_0025_0006.uasset" 7100
"../../../Engine/Content/EngineMaterials/Substrate/GLints/dict_16_192_64_0p5_0p02_0025_0007.uasset" 7101
"../../../Engine/Content/EngineMaterials/Substrate/GLints/dict_16_192_64_0p5_0p02_0025_0008.uasset" 7102
"../../../Engine/Content/EngineMaterials/Substrate/GLints/dict_16_192_64_0p5_0p02_0025_0009.uasset" 7103
"../../../Engine/Content/EngineMaterials/Substrate/GLints/dict_16_192_64_0p5_0p02_0025_0010.uasset" 7104
"../../../Engine/Content/EngineMaterials/Substrate/GLints/dict_16_192_64_0p5_0p02_0025_0011.uasset" 7105
"../../../Engine/Content/EngineMaterials/Substrate/GLints/dict_16_192_64_0p5_0p02_0025_0012.uasset" 7106
"../../../Engine/Content/EngineMaterials/Substrate/GLints/dict_16_192_64_0p5_0p02_0025_0013.uasset" 7107
"../../../Engine/Content/EngineMaterials/Substrate/GLints/dict_16_192_64_0p5_0p02_0025_0014.uasset" 7108
"../../../Engine/Content/EngineMaterials/Substrate/GLints/dict_16_192_64_0p5_0p02_0025_0015.uasset" 7109
"../../../Engine/Content/EngineMaterials/Substrate/GLints/dict_16_192_64_0p5_0p02_0026_0000.uasset" 7110
"../../../Engine/Content/EngineMaterials/Substrate/GLints/dict_16_192_64_0p5_0p02_0026_0001.uasset" 7111
"../../../Engine/Content/EngineMaterials/Substrate/GLints/dict_16_192_64_0p5_0p02_0026_0002.uasset" 7112
"../../../Engine/Content/EngineMaterials/Substrate/GLints/dict_16_192_64_0p5_0p02_0026_0003.uasset" 7113
"../../../Engine/Content/EngineMaterials/Substrate/GLints/dict_16_192_64_0p5_0p02_0026_0004.uasset" 7114
"../../../Engine/Content/EngineMaterials/Substrate/GLints/dict_16_192_64_0p5_0p02_0026_0005.uasset" 7115
"../../../Engine/Content/EngineMaterials/Substrate/GLints/dict_16_192_64_0p5_0p02_0026_0006.uasset" 7116
"../../../Engine/Content/EngineMaterials/Substrate/GLints/dict_16_192_64_0p5_0p02_0026_0007.uasset" 7117
"../../../Engine/Content/EngineMaterials/Substrate/GLints/dict_16_192_64_0p5_0p02_0026_0008.uasset" 7118
"../../../Engine/Content/EngineMaterials/Substrate/GLints/dict_16_192_64_0p5_0p02_0026_0009.uasset" 7119
"../../../Engine/Content/EngineMaterials/Substrate/GLints/dict_16_192_64_0p5_0p02_0026_0010.uasset" 7120
"../../../Engine/Content/EngineMaterials/Substrate/GLints/dict_16_192_64_0p5_0p02_0026_0011.uasset" 7121
"../../../Engine/Content/EngineMaterials/Substrate/GLints/dict_16_192_64_0p5_0p02_0026_0012.uasset" 7122
"../../../Engine/Content/EngineMaterials/Substrate/GLints/dict_16_192_64_0p5_0p02_0026_0013.uasset" 7123
"../../../Engine/Content/EngineMaterials/Substrate/GLints/dict_16_192_64_0p5_0p02_0026_0014.uasset" 7124
"../../../Engine/Content/EngineMaterials/Substrate/GLints/dict_16_192_64_0p5_0p02_0026_0015.uasset" 7125
"../../../Engine/Content/EngineMaterials/Substrate/GLints/dict_16_192_64_0p5_0p02_0027_0000.uasset" 7126
"../../../Engine/Content/EngineMaterials/Substrate/GLints/dict_16_192_64_0p5_0p02_0027_0001.uasset" 7127
"../../../Engine/Content/EngineMaterials/Substrate/GLints/dict_16_192_64_0p5_0p02_0027_0002.uasset" 7128
"../../../Engine/Content/EngineMaterials/Substrate/GLints/dict_16_192_64_0p5_0p02_0027_0003.uasset" 7129
"../../../Engine/Content/EngineMaterials/Substrate/GLints/dict_16_192_64_0p5_0p02_0027_0004.uasset" 7130
"../../../Engine/Content/EngineMaterials/Substrate/GLints/dict_16_192_64_0p5_0p02_0027_0005.uasset" 7131
"C:/Users/Owner/AppData/Local/Temp/UnrealShaderWorkingDir/7C260C3D473CC778378D2A81B4A11F1F/2/WorkerOutputOnly.out" 7132
"../../../Engine/Content/EngineMaterials/Substrate/GLints/dict_16_192_64_0p5_0p02_0027_0006.uasset" 7133
"../../../Engine/Content/EngineMaterials/Substrate/GLints/dict_16_192_64_0p5_0p02_0027_0007.uasset" 7134
"../../../Engine/Content/EngineMaterials/Substrate/GLints/dict_16_192_64_0p5_0p02_0027_0008.uasset" 7135
"../../../Engine/Content/EngineMaterials/Substrate/GLints/dict_16_192_64_0p5_0p02_0027_0009.uasset" 7136
"../../../Engine/Content/EngineMaterials/Substrate/GLints/dict_16_192_64_0p5_0p02_0027_0010.uasset" 7137
"../../../Engine/Content/EngineMaterials/Substrate/GLints/dict_16_192_64_0p5_0p02_0027_0011.uasset" 7138
"../../../Engine/Content/EngineMaterials/Substrate/GLints/dict_16_192_64_0p5_0p02_0027_0012.uasset" 7139
"../../../Engine/Content/EngineMaterials/Substrate/GLints/dict_16_192_64_0p5_0p02_0027_0013.uasset" 7140
"../../../Engine/Content/EngineMaterials/Substrate/GLints/dict_16_192_64_0p5_0p02_0027_0014.uasset" 7141
"../../../Engine/Content/EngineMaterials/Substrate/GLints/dict_16_192_64_0p5_0p02_0027_0015.uasset" 7142
"../../../Engine/Content/EngineMaterials/Substrate/GLints/dict_16_192_64_0p5_0p02_0028_0000.uasset" 7143
"../../../Engine/Content/EngineMaterials/Substrate/GLints/dict_16_192_64_0p5_0p02_0028_0001.uasset" 7144
"../../../Engine/Content/EngineMaterials/Substrate/GLints/dict_16_192_64_0p5_0p02_0028_0002.uasset" 7145
"../../../Engine/Content/EngineMaterials/Substrate/GLints/dict_16_192_64_0p5_0p02_0028_0003.uasset" 7146
"../../../Engine/Content/EngineMaterials/Substrate/GLints/dict_16_192_64_0p5_0p02_0028_0004.uasset" 7147
"../../../Engine/Content/EngineMaterials/Substrate/GLints/dict_16_192_64_0p5_0p02_0028_0005.uasset" 7148
"../../../Engine/Content/EngineMaterials/Substrate/GLints/dict_16_192_64_0p5_0p02_0028_0006.uasset" 7149
"../../../Engine/Content/EngineMaterials/Substrate/GLints/dict_16_192_64_0p5_0p02_0028_0007.uasset" 7150
"../../../Engine/Content/EngineMaterials/Substrate/GLints/dict_16_192_64_0p5_0p02_0028_0008.uasset" 7151
"../../../Engine/Content/EngineMaterials/Substrate/GLints/dict_16_192_64_0p5_0p02_0028_0009.uasset" 7152
"../../../Engine/Content/EngineMaterials/Substrate/GLints/dict_16_192_64_0p5_0p02_0028_0010.uasset" 7153
"../../../Engine/Content/EngineMaterials/Substrate/GLints/dict_16_192_64_0p5_0p02_0028_0011.uasset" 7154
"../../../Engine/Content/EngineMaterials/Substrate/GLints/dict_16_192_64_0p5_0p02_0028_0012.uasset" 7155
"../../../Engine/Content/EngineMaterials/Substrate/GLints/dict_16_192_64_0p5_0p02_0028_0013.uasset" 7156
"../../../Engine/Content/EngineMaterials/Substrate/GLints/dict_16_192_64_0p5_0p02_0028_0014.uasset" 7157
"../../../Engine/Content/EngineMaterials/Substrate/GLints/dict_16_192_64_0p5_0p02_0028_0015.uasset" 7158
"../../../Engine/Content/EngineMaterials/Substrate/GLints/dict_16_192_64_0p5_0p02_0029_0000.uasset" 7159
"../../../Engine/Content/EngineMaterials/Substrate/GLints/dict_16_192_64_0p5_0p02_0029_0001.uasset" 7160
"../../../Engine/Content/EngineMaterials/Substrate/GLints/dict_16_192_64_0p5_0p02_0029_0002.uasset" 7161
"../../../Engine/Content/EngineMaterials/Substrate/GLints/dict_16_192_64_0p5_0p02_0029_0003.uasset" 7162
"../../../Engine/Content/EngineMaterials/Substrate/GLints/dict_16_192_64_0p5_0p02_0029_0004.uasset" 7163
"../../../Engine/Content/EngineMaterials/Substrate/GLints/dict_16_192_64_0p5_0p02_0029_0005.uasset" 7164
"../../../Engine/Content/EngineMaterials/Substrate/GLints/dict_16_192_64_0p5_0p02_0029_0006.uasset" 7165
"../../../Engine/Content/EngineMaterials/Substrate/GLints/dict_16_192_64_0p5_0p02_0029_0007.uasset" 7166
"../../../Engine/Content/EngineMaterials/Substrate/GLints/dict_16_192_64_0p5_0p02_0029_0008.uasset" 7167
"../../../Engine/Content/EngineMaterials/Substrate/GLints/dict_16_192_64_0p5_0p02_0029_0009.uasset" 7168
"../../../Engine/Content/EngineMaterials/Substrate/GLints/dict_16_192_64_0p5_0p02_0029_0010.uasset" 7169
"../../../Engine/Content/EngineMaterials/Substrate/GLints/dict_16_192_64_0p5_0p02_0029_0011.uasset" 7170
"../../../Engine/Content/EngineMaterials/Substrate/GLints/dict_16_192_64_0p5_0p02_0029_0012.uasset" 7171
"../../../Engine/Content/EngineMaterials/Substrate/GLints/dict_16_192_64_0p5_0p02_0029_0013.uasset" 7172
"../../../Engine/Content/EngineMaterials/Substrate/GLints/dict_16_192_64_0p5_0p02_0029_0014.uasset" 7173
"../../../Engine/Content/EngineMaterials/Substrate/GLints/dict_16_192_64_0p5_0p02_0029_0015.uasset" 7174
"../../../Engine/Content/EngineMaterials/Substrate/GLints/dict_16_192_64_0p5_0p02_0030_0000.uasset" 7175
"../../../Engine/Content/EngineMaterials/Substrate/GLints/dict_16_192_64_0p5_0p02_0030_0001.uasset" 7176
"../../../Engine/Content/EngineMaterials/Substrate/GLints/dict_16_192_64_0p5_0p02_0030_0002.uasset" 7177
"../../../Engine/Content/EngineMaterials/Substrate/GLints/dict_16_192_64_0p5_0p02_0030_0003.uasset" 7178
"../../../Engine/Content/EngineMaterials/Substrate/GLints/dict_16_192_64_0p5_0p02_0030_0004.uasset" 7179
"../../../Engine/Content/EngineMaterials/Substrate/GLints/dict_16_192_64_0p5_0p02_0030_0005.uasset" 7180
"../../../Engine/Content/EngineMaterials/Substrate/GLints/dict_16_192_64_0p5_0p02_0030_0006.uasset" 7181
"../../../Engine/Content/EngineMaterials/Substrate/GLints/dict_16_192_64_0p5_0p02_0030_0007.uasset" 7182
"../../../Engine/Content/EngineMaterials/Substrate/GLints/dict_16_192_64_0p5_0p02_0030_0008.uasset" 7183
"../../../Engine/Content/EngineMaterials/Substrate/GLints/dict_16_192_64_0p5_0p02_0030_0009.uasset" 7184
"../../../Engine/Content/EngineMaterials/Substrate/GLints/dict_16_192_64_0p5_0p02_0030_0010.uasset" 7185
"../../../Engine/Content/EngineMaterials/Substrate/GLints/dict_16_192_64_0p5_0p02_0030_0011.uasset" 7186
"../../../Engine/Content/EngineMaterials/Substrate/GLints/dict_16_192_64_0p5_0p02_0030_0012.uasset" 7187
"../../../Engine/Content/EngineMaterials/Substrate/GLints/dict_16_192_64_0p5_0p02_0030_0013.uasset" 7188
"../../../Engine/Content/EngineMaterials/Substrate/GLints/dict_16_192_64_0p5_0p02_0030_0014.uasset" 7189
"../../../Engine/Content/EngineMaterials/Substrate/GLints/dict_16_192_64_0p5_0p02_0030_0015.uasset" 7190
"../../../Engine/Content/EngineMaterials/Substrate/GLints/dict_16_192_64_0p5_0p02_0031_0000.uasset" 7191
"../../../Engine/Content/EngineMaterials/Substrate/GLints/dict_16_192_64_0p5_0p02_0031_0001.uasset" 7192
"../../../Engine/Content/EngineMaterials/Substrate/GLints/dict_16_192_64_0p5_0p02_0031_0002.uasset" 7193
"../../../Engine/Content/EngineMaterials/Substrate/GLints/dict_16_192_64_0p5_0p02_0031_0003.uasset" 7194
"../../../Engine/Content/EngineMaterials/Substrate/GLints/dict_16_192_64_0p5_0p02_0031_0004.uasset" 7195
"../../../Engine/Content/EngineMaterials/Substrate/GLints/dict_16_192_64_0p5_0p02_0031_0005.uasset" 7196
"../../../Engine/Content/EngineMaterials/Substrate/GLints/dict_16_192_64_0p5_0p02_0031_0006.uasset" 7197
"../../../Engine/Content/EngineMaterials/Substrate/GLints/dict_16_192_64_0p5_0p02_0031_0007.uasset" 7198
"../../../Engine/Content/EngineMaterials/Substrate/GLints/dict_16_192_64_0p5_0p02_0031_0008.uasset" 7199
"../../../Engine/Content/EngineMaterials/Substrate/GLints/dict_16_192_64_0p5_0p02_0031_0009.uasset" 7200
"../../../Engine/Content/EngineMaterials/Substrate/GLints/dict_16_192_64_0p5_0p02_0031_0010.uasset" 7201
"../../../Engine/Content/EngineMaterials/Substrate/GLints/dict_16_192_64_0p5_0p02_0031_0011.uasset" 7202
"../../../Engine/Content/EngineMaterials/Substrate/GLints/dict_16_192_64_0p5_0p02_0031_0012.uasset" 7203
"../../../Engine/Content/EngineMaterials/Substrate/GLints/dict_16_192_64_0p5_0p02_0031_0013.uasset" 7204
"../../../Engine/Content/EngineMaterials/Substrate/GLints/dict_16_192_64_0p5_0p02_0031_0014.uasset" 7205
"../../../Engine/Content/EngineMaterials/Substrate/GLints/dict_16_192_64_0p5_0p02_0031_0015.uasset" 7206
"../../../Engine/Content/EngineMaterials/Substrate/GLints/dict_16_192_64_0p5_0p02_0032_0000.uasset" 7207
"../../../Engine/Content/EngineMaterials/Substrate/GLints/dict_16_192_64_0p5_0p02_0032_0001.uasset" 7208
"../../../Engine/Content/EngineMaterials/Substrate/GLints/dict_16_192_64_0p5_0p02_0032_0002.uasset" 7209
"../../../Engine/Content/EngineMaterials/Substrate/GLints/dict_16_192_64_0p5_0p02_0032_0003.uasset" 7210
"../../../Engine/Content/EngineMaterials/Substrate/GLints/dict_16_192_64_0p5_0p02_0032_0004.uasset" 7211
"../../../Engine/Content/EngineMaterials/Substrate/GLints/dict_16_192_64_0p5_0p02_0032_0005.uasset" 7212
"../../../Engine/Content/EngineMaterials/Substrate/GLints/dict_16_192_64_0p5_0p02_0032_0006.uasset" 7213
"../../../Engine/Content/EngineMaterials/Substrate/GLints/dict_16_192_64_0p5_0p02_0032_0007.uasset" 7214
"../../../Engine/Content/EngineMaterials/Substrate/GLints/dict_16_192_64_0p5_0p02_0032_0008.uasset" 7215
"../../../Engine/Content/EngineMaterials/Substrate/GLints/dict_16_192_64_0p5_0p02_0032_0009.uasset" 7216
"../../../Engine/Content/EngineMaterials/Substrate/GLints/dict_16_192_64_0p5_0p02_0032_0010.uasset" 7217
"../../../Engine/Content/EngineMaterials/Substrate/GLints/dict_16_192_64_0p5_0p02_0032_0011.uasset" 7218
"../../../Engine/Content/EngineMaterials/Substrate/GLints/dict_16_192_64_0p5_0p02_0032_0012.uasset" 7219
"../../../Engine/Content/EngineMaterials/Substrate/GLints/dict_16_192_64_0p5_0p02_0032_0013.uasset" 7220
"../../../Engine/Content/EngineMaterials/Substrate/GLints/dict_16_192_64_0p5_0p02_0032_0014.uasset" 7221
"../../../Engine/Content/EngineMaterials/Substrate/GLints/dict_16_192_64_0p5_0p02_0032_0015.uasset" 7222
"../../../Engine/Content/EngineMaterials/Substrate/GLints/dict_16_192_64_0p5_0p02_0033_0000.uasset" 7223
"../../../Engine/Content/EngineMaterials/Substrate/GLints/dict_16_192_64_0p5_0p02_0033_0001.uasset" 7224
"../../../Engine/Content/EngineMaterials/Substrate/GLints/dict_16_192_64_0p5_0p02_0033_0002.uasset" 7225
"../../../Engine/Content/EngineMaterials/Substrate/GLints/dict_16_192_64_0p5_0p02_0033_0003.uasset" 7226
"../../../Engine/Content/EngineMaterials/Substrate/GLints/dict_16_192_64_0p5_0p02_0033_0004.uasset" 7227
"../../../Engine/Content/EngineMaterials/Substrate/GLints/dict_16_192_64_0p5_0p02_0033_0005.uasset" 7228
"../../../Engine/Content/EngineMaterials/Substrate/GLints/dict_16_192_64_0p5_0p02_0033_0006.uasset" 7229
"../../../Engine/Content/EngineMaterials/Substrate/GLints/dict_16_192_64_0p5_0p02_0033_0007.uasset" 7230
"../../../Engine/Content/EngineMaterials/Substrate/GLints/dict_16_192_64_0p5_0p02_0033_0008.uasset" 7231
"../../../Engine/Content/EngineMaterials/Substrate/GLints/dict_16_192_64_0p5_0p02_0033_0009.uasset" 7232
"../../../Engine/Content/EngineMaterials/Substrate/GLints/dict_16_192_64_0p5_0p02_0033_0010.uasset" 7233
"../../../Engine/Content/EngineMaterials/Substrate/GLints/dict_16_192_64_0p5_0p02_0033_0011.uasset" 7234
"../../../Engine/Content/EngineMaterials/Substrate/GLints/dict_16_192_64_0p5_0p02_0033_0012.uasset" 7235
"../../../Engine/Content/EngineMaterials/Substrate/GLints/dict_16_192_64_0p5_0p02_0033_0013.uasset" 7236
"../../../Engine/Content/EngineMaterials/Substrate/GLints/dict_16_192_64_0p5_0p02_0033_0014.uasset" 7237
"../../../Engine/Content/EngineMaterials/Substrate/GLints/dict_16_192_64_0p5_0p02_0033_0015.uasset" 7238
"../../../Engine/Content/EngineMaterials/Substrate/GLints/dict_16_192_64_0p5_0p02_0034_0000.uasset" 7239
"../../../Engine/Content/EngineMaterials/Substrate/GLints/dict_16_192_64_0p5_0p02_0034_0001.uasset" 7240
"../../../Engine/Content/EngineMaterials/Substrate/GLints/dict_16_192_64_0p5_0p02_0034_0002.uasset" 7241
"../../../Engine/Content/EngineMaterials/Substrate/GLints/dict_16_192_64_0p5_0p02_0034_0003.uasset" 7242
"../../../Engine/Content/EngineMaterials/Substrate/GLints/dict_16_192_64_0p5_0p02_0034_0004.uasset" 7243
"../../../Engine/Content/EngineMaterials/Substrate/GLints/dict_16_192_64_0p5_0p02_0034_0005.uasset" 7244
"../../../Engine/Content/EngineMaterials/Substrate/GLints/dict_16_192_64_0p5_0p02_0034_0006.uasset" 7245
"../../../Engine/Content/EngineMaterials/Substrate/GLints/dict_16_192_64_0p5_0p02_0034_0007.uasset" 7246
"../../../Engine/Content/EngineMaterials/Substrate/GLints/dict_16_192_64_0p5_0p02_0034_0008.uasset" 7247
"../../../Engine/Content/EngineMaterials/Substrate/GLints/dict_16_192_64_0p5_0p02_0034_0009.uasset" 7248
"../../../Engine/Content/EngineMaterials/Substrate/GLints/dict_16_192_64_0p5_0p02_0034_0010.uasset" 7249
"../../../Engine/Content/EngineMaterials/Substrate/GLints/dict_16_192_64_0p5_0p02_0034_0011.uasset" 7250
"../../../Engine/Content/EngineMaterials/Substrate/GLints/dict_16_192_64_0p5_0p02_0034_0012.uasset" 7251
"../../../Engine/Content/EngineMaterials/Substrate/GLints/dict_16_192_64_0p5_0p02_0034_0013.uasset" 7252
"../../../Engine/Content/EngineMaterials/Substrate/GLints/dict_16_192_64_0p5_0p02_0034_0014.uasset" 7253
"../../../Engine/Content/EngineMaterials/Substrate/GLints/dict_16_192_64_0p5_0p02_0034_0015.uasset" 7254
"../../../Engine/Content/EngineMaterials/Substrate/GLints/dict_16_192_64_0p5_0p02_0035_0000.uasset" 7255
"../../../Engine/Content/EngineMaterials/Substrate/GLints/dict_16_192_64_0p5_0p02_0035_0001.uasset" 7256
"../../../Engine/Content/EngineMaterials/Substrate/GLints/dict_16_192_64_0p5_0p02_0035_0002.uasset" 7257
"../../../Engine/Content/EngineMaterials/Substrate/GLints/dict_16_192_64_0p5_0p02_0035_0003.uasset" 7258
"../../../Engine/Content/EngineMaterials/Substrate/GLints/dict_16_192_64_0p5_0p02_0035_0004.uasset" 7259
"../../../Engine/Content/EngineMaterials/Substrate/GLints/dict_16_192_64_0p5_0p02_0035_0005.uasset" 7260
"../../../Engine/Content/EngineMaterials/Substrate/GLints/dict_16_192_64_0p5_0p02_0035_0006.uasset" 7261
"../../../Engine/Content/EngineMaterials/Substrate/GLints/dict_16_192_64_0p5_0p02_0035_0007.uasset" 7262
"../../../Engine/Content/EngineMaterials/Substrate/GLints/dict_16_192_64_0p5_0p02_0035_0008.uasset" 7263
"../../../Engine/Content/EngineMaterials/Substrate/GLints/dict_16_192_64_0p5_0p02_0035_0009.uasset" 7264
"../../../Engine/Content/EngineMaterials/Substrate/GLints/dict_16_192_64_0p5_0p02_0035_0010.uasset" 7265
"../../../Engine/Content/EngineMaterials/Substrate/GLints/dict_16_192_64_0p5_0p02_0035_0011.uasset" 7266
"../../../Engine/Content/EngineMaterials/Substrate/GLints/dict_16_192_64_0p5_0p02_0035_0012.uasset" 7267
"../../../Engine/Content/EngineMaterials/Substrate/GLints/dict_16_192_64_0p5_0p02_0035_0013.uasset" 7268
"../../../Engine/Content/EngineMaterials/Substrate/GLints/dict_16_192_64_0p5_0p02_0035_0014.uasset" 7269
"../../../Engine/Content/EngineMaterials/Substrate/GLints/dict_16_192_64_0p5_0p02_0035_0015.uasset" 7270
"../../../Engine/Content/EngineMaterials/Substrate/GLints/dict_16_192_64_0p5_0p02_0036_0000.uasset" 7271
"../../../Engine/Content/EngineMaterials/Substrate/GLints/dict_16_192_64_0p5_0p02_0036_0001.uasset" 7272
"../../../Engine/Content/EngineMaterials/Substrate/GLints/dict_16_192_64_0p5_0p02_0036_0002.uasset" 7273
"../../../Engine/Content/EngineMaterials/Substrate/GLints/dict_16_192_64_0p5_0p02_0036_0003.uasset" 7274
"../../../Engine/Content/EngineMaterials/Substrate/GLints/dict_16_192_64_0p5_0p02_0036_0004.uasset" 7275
"../../../Engine/Content/EngineMaterials/Substrate/GLints/dict_16_192_64_0p5_0p02_0036_0005.uasset" 7276
"../../../Engine/Content/EngineMaterials/Substrate/GLints/dict_16_192_64_0p5_0p02_0036_0006.uasset" 7277
"../../../Engine/Content/EngineMaterials/Substrate/GLints/dict_16_192_64_0p5_0p02_0036_0007.uasset" 7278
"../../../Engine/Content/EngineMaterials/Substrate/GLints/dict_16_192_64_0p5_0p02_0036_0008.uasset" 7279
"../../../Engine/Content/EngineMaterials/Substrate/GLints/dict_16_192_64_0p5_0p02_0036_0009.uasset" 7280
"../../../Engine/Content/EngineMaterials/Substrate/GLints/dict_16_192_64_0p5_0p02_0036_0010.uasset" 7281
"../../../Engine/Content/EngineMaterials/Substrate/GLints/dict_16_192_64_0p5_0p02_0036_0011.uasset" 7282
"../../../Engine/Content/EngineMaterials/Substrate/GLints/dict_16_192_64_0p5_0p02_0036_0012.uasset" 7283
"../../../Engine/Content/EngineMaterials/Substrate/GLints/dict_16_192_64_0p5_0p02_0036_0013.uasset" 7284
"../../../Engine/Content/EngineMaterials/Substrate/GLints/dict_16_192_64_0p5_0p02_0036_0014.uasset" 7285
"../../../Engine/Content/EngineMaterials/Substrate/GLints/dict_16_192_64_0p5_0p02_0036_0015.uasset" 7286
"../../../Engine/Content/EngineMaterials/Substrate/GLints/dict_16_192_64_0p5_0p02_0037_0000.uasset" 7287
"../../../Engine/Content/EngineMaterials/Substrate/GLints/dict_16_192_64_0p5_0p02_0037_0001.uasset" 7288
"../../../Engine/Content/EngineMaterials/Substrate/GLints/dict_16_192_64_0p5_0p02_0037_0002.uasset" 7289
"../../../Engine/Content/EngineMaterials/Substrate/GLints/dict_16_192_64_0p5_0p02_0037_0003.uasset" 7290
"../../../Engine/Content/EngineMaterials/Substrate/GLints/dict_16_192_64_0p5_0p02_0037_0004.uasset" 7291
"../../../Engine/Content/EngineMaterials/Substrate/GLints/dict_16_192_64_0p5_0p02_0037_0005.uasset" 7292
"../../../Engine/Content/EngineMaterials/Substrate/GLints/dict_16_192_64_0p5_0p02_0037_0006.uasset" 7293
"../../../Engine/Content/EngineMaterials/Substrate/GLints/dict_16_192_64_0p5_0p02_0037_0007.uasset" 7294
"../../../Engine/Content/EngineMaterials/Substrate/GLints/dict_16_192_64_0p5_0p02_0037_0008.uasset" 7295
"../../../Engine/Content/EngineMaterials/Substrate/GLints/dict_16_192_64_0p5_0p02_0037_0009.uasset" 7296
"../../../Engine/Content/EngineMaterials/Substrate/GLints/dict_16_192_64_0p5_0p02_0037_0010.uasset" 7297
"../../../Engine/Content/EngineMaterials/Substrate/GLints/dict_16_192_64_0p5_0p02_0037_0011.uasset" 7298
"../../../Engine/Content/EngineMaterials/Substrate/GLints/dict_16_192_64_0p5_0p02_0037_0012.uasset" 7299
"../../../Engine/Content/EngineMaterials/Substrate/GLints/dict_16_192_64_0p5_0p02_0037_0013.uasset" 7300
"../../../Engine/Content/EngineMaterials/Substrate/GLints/dict_16_192_64_0p5_0p02_0037_0014.uasset" 7301
"../../../Engine/Content/EngineMaterials/Substrate/GLints/dict_16_192_64_0p5_0p02_0037_0015.uasset" 7302
"../../../Engine/Content/EngineMaterials/Substrate/GLints/dict_16_192_64_0p5_0p02_0038_0000.uasset" 7303
"../../../Engine/Content/EngineMaterials/Substrate/GLints/dict_16_192_64_0p5_0p02_0038_0001.uasset" 7304
"../../../Engine/Content/EngineMaterials/Substrate/GLints/dict_16_192_64_0p5_0p02_0038_0002.uasset" 7305
"../../../Engine/Content/EngineMaterials/Substrate/GLints/dict_16_192_64_0p5_0p02_0038_0003.uasset" 7306
"../../../Engine/Content/EngineMaterials/Substrate/GLints/dict_16_192_64_0p5_0p02_0038_0004.uasset" 7307
"../../../Engine/Content/EngineMaterials/Substrate/GLints/dict_16_192_64_0p5_0p02_0038_0005.uasset" 7308
"../../../Engine/Content/EngineMaterials/Substrate/GLints/dict_16_192_64_0p5_0p02_0038_0006.uasset" 7309
"../../../Engine/Content/EngineMaterials/Substrate/GLints/dict_16_192_64_0p5_0p02_0038_0007.uasset" 7310
"../../../Engine/Content/EngineMaterials/Substrate/GLints/dict_16_192_64_0p5_0p02_0038_0008.uasset" 7311
"../../../Engine/Content/EngineMaterials/Substrate/GLints/dict_16_192_64_0p5_0p02_0038_0009.uasset" 7312
"../../../Engine/Content/EngineMaterials/Substrate/GLints/dict_16_192_64_0p5_0p02_0038_0010.uasset" 7313
"../../../Engine/Content/EngineMaterials/Substrate/GLints/dict_16_192_64_0p5_0p02_0038_0011.uasset" 7314
"../../../Engine/Content/EngineMaterials/Substrate/GLints/dict_16_192_64_0p5_0p02_0038_0012.uasset" 7315
"../../../Engine/Content/EngineMaterials/Substrate/GLints/dict_16_192_64_0p5_0p02_0038_0013.uasset" 7316
"../../../Engine/Content/EngineMaterials/Substrate/GLints/dict_16_192_64_0p5_0p02_0038_0014.uasset" 7317
"../../../Engine/Content/EngineMaterials/Substrate/GLints/dict_16_192_64_0p5_0p02_0038_0015.uasset" 7318
"../../../Engine/Content/EngineMaterials/Substrate/GLints/dict_16_192_64_0p5_0p02_0039_0000.uasset" 7319
"../../../Engine/Content/EngineMaterials/Substrate/GLints/dict_16_192_64_0p5_0p02_0039_0001.uasset" 7320
"../../../Engine/Content/EngineMaterials/Substrate/GLints/dict_16_192_64_0p5_0p02_0039_0002.uasset" 7321
"../../../Engine/Content/EngineMaterials/Substrate/GLints/dict_16_192_64_0p5_0p02_0039_0003.uasset" 7322
"../../../Engine/Content/EngineMaterials/Substrate/GLints/dict_16_192_64_0p5_0p02_0039_0004.uasset" 7323
"../../../Engine/Content/EngineMaterials/Substrate/GLints/dict_16_192_64_0p5_0p02_0039_0005.uasset" 7324
"../../../Engine/Content/EngineMaterials/Substrate/GLints/dict_16_192_64_0p5_0p02_0039_0006.uasset" 7325
"../../../Engine/Content/EngineMaterials/Substrate/GLints/dict_16_192_64_0p5_0p02_0039_0007.uasset" 7326
"../../../Engine/Content/EngineMaterials/Substrate/GLints/dict_16_192_64_0p5_0p02_0039_0008.uasset" 7327
"../../../Engine/Content/EngineMaterials/Substrate/GLints/dict_16_192_64_0p5_0p02_0039_0009.uasset" 7328
"../../../Engine/Content/EngineMaterials/Substrate/GLints/dict_16_192_64_0p5_0p02_0039_0010.uasset" 7329
"../../../Engine/Content/EngineMaterials/Substrate/GLints/dict_16_192_64_0p5_0p02_0039_0011.uasset" 7330
"../../../Engine/Content/EngineMaterials/Substrate/GLints/dict_16_192_64_0p5_0p02_0039_0012.uasset" 7331
"../../../Engine/Content/EngineMaterials/Substrate/GLints/dict_16_192_64_0p5_0p02_0039_0013.uasset" 7332
"../../../Engine/Content/EngineMaterials/Substrate/GLints/dict_16_192_64_0p5_0p02_0039_0014.uasset" 7333
"../../../Engine/Content/EngineMaterials/Substrate/GLints/dict_16_192_64_0p5_0p02_0039_0015.uasset" 7334
"../../../Engine/Content/EngineMaterials/Substrate/GLints/dict_16_192_64_0p5_0p02_0040_0000.uasset" 7335
"../../../Engine/Content/EngineMaterials/Substrate/GLints/dict_16_192_64_0p5_0p02_0040_0001.uasset" 7336
"../../../Engine/Content/EngineMaterials/Substrate/GLints/dict_16_192_64_0p5_0p02_0040_0002.uasset" 7337
"../../../Engine/Content/EngineMaterials/Substrate/GLints/dict_16_192_64_0p5_0p02_0040_0003.uasset" 7338
"../../../Engine/Content/EngineMaterials/Substrate/GLints/dict_16_192_64_0p5_0p02_0040_0004.uasset" 7339
"../../../Engine/Content/EngineMaterials/Substrate/GLints/dict_16_192_64_0p5_0p02_0040_0005.uasset" 7340
"../../../Engine/Content/EngineMaterials/Substrate/GLints/dict_16_192_64_0p5_0p02_0040_0006.uasset" 7341
"../../../Engine/Content/EngineMaterials/Substrate/GLints/dict_16_192_64_0p5_0p02_0040_0007.uasset" 7342
"../../../Engine/Content/EngineMaterials/Substrate/GLints/dict_16_192_64_0p5_0p02_0040_0008.uasset" 7343
"../../../Engine/Content/EngineMaterials/Substrate/GLints/dict_16_192_64_0p5_0p02_0040_0009.uasset" 7344
"../../../Engine/Content/EngineMaterials/Substrate/GLints/dict_16_192_64_0p5_0p02_0040_0010.uasset" 7345
"../../../Engine/Content/EngineMaterials/Substrate/GLints/dict_16_192_64_0p5_0p02_0040_0011.uasset" 7346
"../../../Engine/Content/EngineMaterials/Substrate/GLints/dict_16_192_64_0p5_0p02_0040_0012.uasset" 7347
"../../../Engine/Content/EngineMaterials/Substrate/GLints/dict_16_192_64_0p5_0p02_0040_0013.uasset" 7348
"../../../Engine/Content/EngineMaterials/Substrate/GLints/dict_16_192_64_0p5_0p02_0040_0014.uasset" 7349
"../../../Engine/Content/EngineMaterials/Substrate/GLints/dict_16_192_64_0p5_0p02_0040_0015.uasset" 7350
"../../../Engine/Content/EngineMaterials/Substrate/GLints/dict_16_192_64_0p5_0p02_0041_0000.uasset" 7351
"../../../Engine/Content/EngineMaterials/Substrate/GLints/dict_16_192_64_0p5_0p02_0041_0001.uasset" 7352
"../../../Engine/Content/EngineMaterials/Substrate/GLints/dict_16_192_64_0p5_0p02_0041_0002.uasset" 7353
"../../../Engine/Content/EngineMaterials/Substrate/GLints/dict_16_192_64_0p5_0p02_0041_0003.uasset" 7354
"../../../Engine/Content/EngineMaterials/Substrate/GLints/dict_16_192_64_0p5_0p02_0041_0004.uasset" 7355
"../../../Engine/Content/EngineMaterials/Substrate/GLints/dict_16_192_64_0p5_0p02_0041_0005.uasset" 7356
"../../../Engine/Content/EngineMaterials/Substrate/GLints/dict_16_192_64_0p5_0p02_0041_0006.uasset" 7357
"../../../Engine/Content/EngineMaterials/Substrate/GLints/dict_16_192_64_0p5_0p02_0041_0007.uasset" 7358
"../../../Engine/Content/EngineMaterials/Substrate/GLints/dict_16_192_64_0p5_0p02_0041_0008.uasset" 7359
"../../../Engine/Content/EngineMaterials/Substrate/GLints/dict_16_192_64_0p5_0p02_0041_0009.uasset" 7360
"../../../Engine/Content/EngineMaterials/Substrate/GLints/dict_16_192_64_0p5_0p02_0041_0010.uasset" 7361
"../../../Engine/Content/EngineMaterials/Substrate/GLints/dict_16_192_64_0p5_0p02_0041_0011.uasset" 7362
"../../../Engine/Content/EngineMaterials/Substrate/GLints/dict_16_192_64_0p5_0p02_0041_0012.uasset" 7363
"../../../Engine/Content/EngineMaterials/Substrate/GLints/dict_16_192_64_0p5_0p02_0041_0013.uasset" 7364
"../../../Engine/Content/EngineMaterials/Substrate/GLints/dict_16_192_64_0p5_0p02_0041_0014.uasset" 7365
"../../../Engine/Content/EngineMaterials/Substrate/GLints/dict_16_192_64_0p5_0p02_0041_0015.uasset" 7366
"../../../Engine/Content/EngineMaterials/Substrate/GLints/dict_16_192_64_0p5_0p02_0042_0000.uasset" 7367
"../../../Engine/Content/EngineMaterials/Substrate/GLints/dict_16_192_64_0p5_0p02_0042_0001.uasset" 7368
"../../../Engine/Content/EngineMaterials/Substrate/GLints/dict_16_192_64_0p5_0p02_0042_0002.uasset" 7369
"../../../Engine/Content/EngineMaterials/Substrate/GLints/dict_16_192_64_0p5_0p02_0042_0003.uasset" 7370
"../../../Engine/Content/EngineMaterials/Substrate/GLints/dict_16_192_64_0p5_0p02_0042_0004.uasset" 7371
"../../../Engine/Content/EngineMaterials/Substrate/GLints/dict_16_192_64_0p5_0p02_0042_0005.uasset" 7372
"../../../Engine/Content/EngineMaterials/Substrate/GLints/dict_16_192_64_0p5_0p02_0042_0006.uasset" 7373
"../../../Engine/Content/EngineMaterials/Substrate/GLints/dict_16_192_64_0p5_0p02_0042_0007.uasset" 7374
"../../../Engine/Content/EngineMaterials/Substrate/GLints/dict_16_192_64_0p5_0p02_0042_0008.uasset" 7375
"../../../Engine/Content/EngineMaterials/Substrate/GLints/dict_16_192_64_0p5_0p02_0042_0009.uasset" 7376
"../../../Engine/Content/EngineMaterials/Substrate/GLints/dict_16_192_64_0p5_0p02_0042_0010.uasset" 7377
"../../../Engine/Content/EngineMaterials/Substrate/GLints/dict_16_192_64_0p5_0p02_0042_0011.uasset" 7378
"../../../Engine/Content/EngineMaterials/Substrate/GLints/dict_16_192_64_0p5_0p02_0042_0012.uasset" 7379
"../../../Engine/Content/EngineMaterials/Substrate/GLints/dict_16_192_64_0p5_0p02_0042_0013.uasset" 7380
"../../../Engine/Content/EngineMaterials/Substrate/GLints/dict_16_192_64_0p5_0p02_0042_0014.uasset" 7381
"../../../Engine/Content/EngineMaterials/Substrate/GLints/dict_16_192_64_0p5_0p02_0042_0015.uasset" 7382
"../../../Engine/Content/EngineMaterials/Substrate/GLints/dict_16_192_64_0p5_0p02_0043_0000.uasset" 7383
"../../../Engine/Content/EngineMaterials/Substrate/GLints/dict_16_192_64_0p5_0p02_0043_0001.uasset" 7384
"../../../Engine/Content/EngineMaterials/Substrate/GLints/dict_16_192_64_0p5_0p02_0043_0002.uasset" 7385
"../../../Engine/Content/EngineMaterials/Substrate/GLints/dict_16_192_64_0p5_0p02_0043_0003.uasset" 7386
"../../../Engine/Content/EngineMaterials/Substrate/GLints/dict_16_192_64_0p5_0p02_0043_0004.uasset" 7387
"../../../Engine/Content/EngineMaterials/Substrate/GLints/dict_16_192_64_0p5_0p02_0043_0005.uasset" 7388
"../../../Engine/Content/EngineMaterials/Substrate/GLints/dict_16_192_64_0p5_0p02_0043_0006.uasset" 7389
"../../../Engine/Content/EngineMaterials/Substrate/GLints/dict_16_192_64_0p5_0p02_0043_0007.uasset" 7390
"../../../Engine/Content/EngineMaterials/Substrate/GLints/dict_16_192_64_0p5_0p02_0043_0008.uasset" 7391
"../../../Engine/Content/EngineMaterials/Substrate/GLints/dict_16_192_64_0p5_0p02_0043_0009.uasset" 7392
"../../../Engine/Content/EngineMaterials/Substrate/GLints/dict_16_192_64_0p5_0p02_0043_0010.uasset" 7393
"../../../Engine/Content/EngineMaterials/Substrate/GLints/dict_16_192_64_0p5_0p02_0043_0011.uasset" 7394
"../../../Engine/Content/EngineMaterials/Substrate/GLints/dict_16_192_64_0p5_0p02_0043_0012.uasset" 7395
"../../../Engine/Content/EngineMaterials/Substrate/GLints/dict_16_192_64_0p5_0p02_0043_0013.uasset" 7396
"../../../Engine/Content/EngineMaterials/Substrate/GLints/dict_16_192_64_0p5_0p02_0043_0014.uasset" 7397
"../../../Engine/Content/EngineMaterials/Substrate/GLints/dict_16_192_64_0p5_0p02_0043_0015.uasset" 7398
"../../../Engine/Content/EngineMaterials/Substrate/GLints/dict_16_192_64_0p5_0p02_0044_0000.uasset" 7399
"../../../Engine/Content/EngineMaterials/Substrate/GLints/dict_16_192_64_0p5_0p02_0044_0001.uasset" 7400
"../../../Engine/Content/EngineMaterials/Substrate/GLints/dict_16_192_64_0p5_0p02_0044_0002.uasset" 7401
"../../../Engine/Content/EngineMaterials/Substrate/GLints/dict_16_192_64_0p5_0p02_0044_0003.uasset" 7402
"../../../Engine/Content/EngineMaterials/Substrate/GLints/dict_16_192_64_0p5_0p02_0044_0004.uasset" 7403
"../../../Engine/Content/EngineMaterials/Substrate/GLints/dict_16_192_64_0p5_0p02_0044_0005.uasset" 7404
"../../../Engine/Content/EngineMaterials/Substrate/GLints/dict_16_192_64_0p5_0p02_0044_0006.uasset" 7405
"../../../Engine/Content/EngineMaterials/Substrate/GLints/dict_16_192_64_0p5_0p02_0044_0007.uasset" 7406
"../../../Engine/Content/EngineMaterials/Substrate/GLints/dict_16_192_64_0p5_0p02_0044_0008.uasset" 7407
"../../../Engine/Content/EngineMaterials/Substrate/GLints/dict_16_192_64_0p5_0p02_0044_0009.uasset" 7408
"../../../Engine/Content/EngineMaterials/Substrate/GLints/dict_16_192_64_0p5_0p02_0044_0010.uasset" 7409
"../../../Engine/Content/EngineMaterials/Substrate/GLints/dict_16_192_64_0p5_0p02_0044_0011.uasset" 7410
"../../../Engine/Content/EngineMaterials/Substrate/GLints/dict_16_192_64_0p5_0p02_0044_0012.uasset" 7411
"../../../Engine/Content/EngineMaterials/Substrate/GLints/dict_16_192_64_0p5_0p02_0044_0013.uasset" 7412
"../../../Engine/Content/EngineMaterials/Substrate/GLints/dict_16_192_64_0p5_0p02_0044_0014.uasset" 7413
"../../../Engine/Content/EngineMaterials/Substrate/GLints/dict_16_192_64_0p5_0p02_0044_0015.uasset" 7414
"../../../Engine/Content/EngineMaterials/Substrate/GLints/dict_16_192_64_0p5_0p02_0045_0000.uasset" 7415
"../../../Engine/Content/EngineMaterials/Substrate/GLints/dict_16_192_64_0p5_0p02_0045_0001.uasset" 7416
"../../../Engine/Content/EngineMaterials/Substrate/GLints/dict_16_192_64_0p5_0p02_0045_0002.uasset" 7417
"../../../Engine/Content/EngineMaterials/Substrate/GLints/dict_16_192_64_0p5_0p02_0045_0003.uasset" 7418
"../../../Engine/Content/EngineMaterials/Substrate/GLints/dict_16_192_64_0p5_0p02_0045_0004.uasset" 7419
"../../../Engine/Content/EngineMaterials/Substrate/GLints/dict_16_192_64_0p5_0p02_0045_0005.uasset" 7420
"../../../Engine/Content/EngineMaterials/Substrate/GLints/dict_16_192_64_0p5_0p02_0045_0006.uasset" 7421
"../../../Engine/Content/EngineMaterials/Substrate/GLints/dict_16_192_64_0p5_0p02_0045_0007.uasset" 7422
"../../../Engine/Content/EngineMaterials/Substrate/GLints/dict_16_192_64_0p5_0p02_0045_0008.uasset" 7423
"../../../Engine/Content/EngineMaterials/Substrate/GLints/dict_16_192_64_0p5_0p02_0045_0009.uasset" 7424
"../../../Engine/Content/EngineMaterials/Substrate/GLints/dict_16_192_64_0p5_0p02_0045_0010.uasset" 7425
"../../../Engine/Content/EngineMaterials/Substrate/GLints/dict_16_192_64_0p5_0p02_0045_0011.uasset" 7426
"../../../Engine/Content/EngineMaterials/Substrate/GLints/dict_16_192_64_0p5_0p02_0045_0012.uasset" 7427
"../../../Engine/Content/EngineMaterials/Substrate/GLints/dict_16_192_64_0p5_0p02_0045_0013.uasset" 7428
"../../../Engine/Content/EngineMaterials/Substrate/GLints/dict_16_192_64_0p5_0p02_0045_0014.uasset" 7429
"../../../Engine/Content/EngineMaterials/Substrate/GLints/dict_16_192_64_0p5_0p02_0045_0015.uasset" 7430
"../../../Engine/Content/EngineMaterials/Substrate/GLints/dict_16_192_64_0p5_0p02_0046_0000.uasset" 7431
"../../../Engine/Content/EngineMaterials/Substrate/GLints/dict_16_192_64_0p5_0p02_0046_0001.uasset" 7432
"../../../Engine/Content/EngineMaterials/Substrate/GLints/dict_16_192_64_0p5_0p02_0046_0002.uasset" 7433
"../../../Engine/Content/EngineMaterials/Substrate/GLints/dict_16_192_64_0p5_0p02_0046_0003.uasset" 7434
"../../../Engine/Content/EngineMaterials/Substrate/GLints/dict_16_192_64_0p5_0p02_0046_0004.uasset" 7435
"../../../Engine/Content/EngineMaterials/Substrate/GLints/dict_16_192_64_0p5_0p02_0046_0005.uasset" 7436
"../../../Engine/Content/EngineMaterials/Substrate/GLints/dict_16_192_64_0p5_0p02_0046_0006.uasset" 7437
"../../../Engine/Content/EngineMaterials/Substrate/GLints/dict_16_192_64_0p5_0p02_0046_0007.uasset" 7438
"../../../Engine/Content/EngineMaterials/Substrate/GLints/dict_16_192_64_0p5_0p02_0046_0008.uasset" 7439
"../../../Engine/Content/EngineMaterials/Substrate/GLints/dict_16_192_64_0p5_0p02_0046_0009.uasset" 7440
"../../../Engine/Content/EngineMaterials/Substrate/GLints/dict_16_192_64_0p5_0p02_0046_0010.uasset" 7441
"../../../Engine/Content/EngineMaterials/Substrate/GLints/dict_16_192_64_0p5_0p02_0046_0011.uasset" 7442
"../../../Engine/Content/EngineMaterials/Substrate/GLints/dict_16_192_64_0p5_0p02_0046_0012.uasset" 7443
"../../../Engine/Content/EngineMaterials/Substrate/GLints/dict_16_192_64_0p5_0p02_0046_0013.uasset" 7444
"../../../Engine/Content/EngineMaterials/Substrate/GLints/dict_16_192_64_0p5_0p02_0046_0014.uasset" 7445
"../../../Engine/Content/EngineMaterials/Substrate/GLints/dict_16_192_64_0p5_0p02_0046_0015.uasset" 7446
"../../../Engine/Content/EngineMaterials/Substrate/GLints/dict_16_192_64_0p5_0p02_0047_0000.uasset" 7447
"../../../Engine/Content/EngineMaterials/Substrate/GLints/dict_16_192_64_0p5_0p02_0047_0001.uasset" 7448
"../../../Engine/Content/EngineMaterials/Substrate/GLints/dict_16_192_64_0p5_0p02_0047_0002.uasset" 7449
"../../../Engine/Content/EngineMaterials/Substrate/GLints/dict_16_192_64_0p5_0p02_0047_0003.uasset" 7450
"../../../Engine/Content/EngineMaterials/Substrate/GLints/dict_16_192_64_0p5_0p02_0047_0004.uasset" 7451
"../../../Engine/Content/EngineMaterials/Substrate/GLints/dict_16_192_64_0p5_0p02_0047_0005.uasset" 7452
"../../../Engine/Content/EngineMaterials/Substrate/GLints/dict_16_192_64_0p5_0p02_0047_0006.uasset" 7453
"../../../Engine/Content/EngineMaterials/Substrate/GLints/dict_16_192_64_0p5_0p02_0047_0007.uasset" 7454
"../../../Engine/Content/EngineMaterials/Substrate/GLints/dict_16_192_64_0p5_0p02_0047_0008.uasset" 7455
"../../../Engine/Content/EngineMaterials/Substrate/GLints/dict_16_192_64_0p5_0p02_0047_0009.uasset" 7456
"../../../Engine/Content/EngineMaterials/Substrate/GLints/dict_16_192_64_0p5_0p02_0047_0010.uasset" 7457
"../../../Engine/Content/EngineMaterials/Substrate/GLints/dict_16_192_64_0p5_0p02_0047_0011.uasset" 7458
"../../../Engine/Content/EngineMaterials/Substrate/GLints/dict_16_192_64_0p5_0p02_0047_0012.uasset" 7459
"../../../Engine/Content/EngineMaterials/Substrate/GLints/dict_16_192_64_0p5_0p02_0047_0013.uasset" 7460
"../../../Engine/Content/EngineMaterials/Substrate/GLints/dict_16_192_64_0p5_0p02_0047_0014.uasset" 7461
"../../../Engine/Content/EngineMaterials/Substrate/GLints/dict_16_192_64_0p5_0p02_0047_0015.uasset" 7462
"../../../Engine/Content/EngineMaterials/Substrate/GLints/dict_16_192_64_0p5_0p02_0048_0000.uasset" 7463
"../../../Engine/Content/EngineMaterials/Substrate/GLints/dict_16_192_64_0p5_0p02_0048_0001.uasset" 7464
"../../../Engine/Content/EngineMaterials/Substrate/GLints/dict_16_192_64_0p5_0p02_0048_0002.uasset" 7465
"../../../Engine/Content/EngineMaterials/Substrate/GLints/dict_16_192_64_0p5_0p02_0048_0003.uasset" 7466
"../../../Engine/Content/EngineMaterials/Substrate/GLints/dict_16_192_64_0p5_0p02_0048_0004.uasset" 7467
"../../../Engine/Content/EngineMaterials/Substrate/GLints/dict_16_192_64_0p5_0p02_0048_0005.uasset" 7468
"../../../Engine/Content/EngineMaterials/Substrate/GLints/dict_16_192_64_0p5_0p02_0048_0006.uasset" 7469
"../../../Engine/Content/EngineMaterials/Substrate/GLints/dict_16_192_64_0p5_0p02_0048_0007.uasset" 7470
"../../../Engine/Content/EngineMaterials/Substrate/GLints/dict_16_192_64_0p5_0p02_0048_0008.uasset" 7471
"../../../Engine/Content/EngineMaterials/Substrate/GLints/dict_16_192_64_0p5_0p02_0048_0009.uasset" 7472
"../../../Engine/Content/EngineMaterials/Substrate/GLints/dict_16_192_64_0p5_0p02_0048_0010.uasset" 7473
"../../../Engine/Content/EngineMaterials/Substrate/GLints/dict_16_192_64_0p5_0p02_0048_0011.uasset" 7474
"../../../Engine/Content/EngineMaterials/Substrate/GLints/dict_16_192_64_0p5_0p02_0048_0012.uasset" 7475
"../../../Engine/Content/EngineMaterials/Substrate/GLints/dict_16_192_64_0p5_0p02_0048_0013.uasset" 7476
"../../../Engine/Content/EngineMaterials/Substrate/GLints/dict_16_192_64_0p5_0p02_0048_0014.uasset" 7477
"../../../Engine/Content/EngineMaterials/Substrate/GLints/dict_16_192_64_0p5_0p02_0048_0015.uasset" 7478
"../../../Engine/Content/EngineMaterials/Substrate/GLints/dict_16_192_64_0p5_0p02_0049_0000.uasset" 7479
"../../../Engine/Content/EngineMaterials/Substrate/GLints/dict_16_192_64_0p5_0p02_0049_0001.uasset" 7480
"../../../Engine/Content/EngineMaterials/Substrate/GLints/dict_16_192_64_0p5_0p02_0049_0002.uasset" 7481
"../../../Engine/Content/EngineMaterials/Substrate/GLints/dict_16_192_64_0p5_0p02_0049_0003.uasset" 7482
"../../../Engine/Content/EngineMaterials/Substrate/GLints/dict_16_192_64_0p5_0p02_0049_0004.uasset" 7483
"../../../Engine/Content/EngineMaterials/Substrate/GLints/dict_16_192_64_0p5_0p02_0049_0005.uasset" 7484
"../../../Engine/Content/EngineMaterials/Substrate/GLints/dict_16_192_64_0p5_0p02_0049_0006.uasset" 7485
"../../../Engine/Content/EngineMaterials/Substrate/GLints/dict_16_192_64_0p5_0p02_0049_0007.uasset" 7486
"../../../Engine/Content/EngineMaterials/Substrate/GLints/dict_16_192_64_0p5_0p02_0049_0008.uasset" 7487
"../../../Engine/Content/EngineMaterials/Substrate/GLints/dict_16_192_64_0p5_0p02_0049_0009.uasset" 7488
"../../../Engine/Content/EngineMaterials/Substrate/GLints/dict_16_192_64_0p5_0p02_0049_0010.uasset" 7489
"../../../Engine/Content/EngineMaterials/Substrate/GLints/dict_16_192_64_0p5_0p02_0049_0011.uasset" 7490
"../../../Engine/Content/EngineMaterials/Substrate/GLints/dict_16_192_64_0p5_0p02_0049_0012.uasset" 7491
"../../../Engine/Content/EngineMaterials/Substrate/GLints/dict_16_192_64_0p5_0p02_0049_0013.uasset" 7492
"../../../Engine/Content/EngineMaterials/Substrate/GLints/dict_16_192_64_0p5_0p02_0049_0014.uasset" 7493
"../../../Engine/Content/EngineMaterials/Substrate/GLints/dict_16_192_64_0p5_0p02_0049_0015.uasset" 7494
"../../../Engine/Content/EngineMaterials/Substrate/GLints/dict_16_192_64_0p5_0p02_0050_0000.uasset" 7495
"../../../Engine/Content/EngineMaterials/Substrate/GLints/dict_16_192_64_0p5_0p02_0050_0001.uasset" 7496
"../../../Engine/Content/EngineMaterials/Substrate/GLints/dict_16_192_64_0p5_0p02_0050_0002.uasset" 7497
"../../../Engine/Content/EngineMaterials/Substrate/GLints/dict_16_192_64_0p5_0p02_0050_0003.uasset" 7498
"../../../Engine/Content/EngineMaterials/Substrate/GLints/dict_16_192_64_0p5_0p02_0050_0004.uasset" 7499
"../../../Engine/Content/EngineMaterials/Substrate/GLints/dict_16_192_64_0p5_0p02_0050_0005.uasset" 7500
"../../../Engine/Content/EngineMaterials/Substrate/GLints/dict_16_192_64_0p5_0p02_0050_0006.uasset" 7501
"../../../Engine/Content/EngineMaterials/Substrate/GLints/dict_16_192_64_0p5_0p02_0050_0007.uasset" 7502
"../../../Engine/Content/EngineMaterials/Substrate/GLints/dict_16_192_64_0p5_0p02_0050_0008.uasset" 7503
"../../../Engine/Content/EngineMaterials/Substrate/GLints/dict_16_192_64_0p5_0p02_0050_0009.uasset" 7504
"../../../Engine/Content/EngineMaterials/Substrate/GLints/dict_16_192_64_0p5_0p02_0050_0010.uasset" 7505
"../../../Engine/Content/EngineMaterials/Substrate/GLints/dict_16_192_64_0p5_0p02_0050_0011.uasset" 7506
"../../../Engine/Content/EngineMaterials/Substrate/GLints/dict_16_192_64_0p5_0p02_0050_0012.uasset" 7507
"../../../Engine/Content/EngineMaterials/Substrate/GLints/dict_16_192_64_0p5_0p02_0050_0013.uasset" 7508
"../../../Engine/Content/EngineMaterials/Substrate/GLints/dict_16_192_64_0p5_0p02_0050_0014.uasset" 7509
"../../../Engine/Content/EngineMaterials/Substrate/GLints/dict_16_192_64_0p5_0p02_0050_0015.uasset" 7510
"../../../Engine/Content/EngineMaterials/Substrate/GLints/dict_16_192_64_0p5_0p02_0051_0000.uasset" 7511
"../../../Engine/Content/EngineMaterials/Substrate/GLints/dict_16_192_64_0p5_0p02_0051_0001.uasset" 7512
"../../../Engine/Content/EngineMaterials/Substrate/GLints/dict_16_192_64_0p5_0p02_0051_0002.uasset" 7513
"../../../Engine/Content/EngineMaterials/Substrate/GLints/dict_16_192_64_0p5_0p02_0051_0003.uasset" 7514
"../../../Engine/Content/EngineMaterials/Substrate/GLints/dict_16_192_64_0p5_0p02_0051_0004.uasset" 7515
"../../../Engine/Content/EngineMaterials/Substrate/GLints/dict_16_192_64_0p5_0p02_0051_0005.uasset" 7516
"../../../Engine/Content/EngineMaterials/Substrate/GLints/dict_16_192_64_0p5_0p02_0051_0006.uasset" 7517
"../../../Engine/Content/EngineMaterials/Substrate/GLints/dict_16_192_64_0p5_0p02_0051_0007.uasset" 7518
"../../../Engine/Content/EngineMaterials/Substrate/GLints/dict_16_192_64_0p5_0p02_0051_0008.uasset" 7519
"../../../Engine/Content/EngineMaterials/Substrate/GLints/dict_16_192_64_0p5_0p02_0051_0009.uasset" 7520
"../../../Engine/Content/EngineMaterials/Substrate/GLints/dict_16_192_64_0p5_0p02_0051_0010.uasset" 7521
"../../../Engine/Content/EngineMaterials/Substrate/GLints/dict_16_192_64_0p5_0p02_0051_0011.uasset" 7522
"../../../Engine/Content/EngineMaterials/Substrate/GLints/dict_16_192_64_0p5_0p02_0051_0012.uasset" 7523
"../../../Engine/Content/EngineMaterials/Substrate/GLints/dict_16_192_64_0p5_0p02_0051_0013.uasset" 7524
"../../../Engine/Content/EngineMaterials/Substrate/GLints/dict_16_192_64_0p5_0p02_0051_0014.uasset" 7525
"../../../Engine/Content/EngineMaterials/Substrate/GLints/dict_16_192_64_0p5_0p02_0051_0015.uasset" 7526
"../../../Engine/Content/EngineMaterials/Substrate/GLints/dict_16_192_64_0p5_0p02_0052_0000.uasset" 7527
"../../../Engine/Content/EngineMaterials/Substrate/GLints/dict_16_192_64_0p5_0p02_0052_0001.uasset" 7528
"../../../Engine/Content/EngineMaterials/Substrate/GLints/dict_16_192_64_0p5_0p02_0052_0002.uasset" 7529
"../../../Engine/Content/EngineMaterials/Substrate/GLints/dict_16_192_64_0p5_0p02_0052_0003.uasset" 7530
"../../../Engine/Content/EngineMaterials/Substrate/GLints/dict_16_192_64_0p5_0p02_0052_0004.uasset" 7531
"../../../Engine/Content/EngineMaterials/Substrate/GLints/dict_16_192_64_0p5_0p02_0052_0005.uasset" 7532
"../../../Engine/Content/EngineMaterials/Substrate/GLints/dict_16_192_64_0p5_0p02_0052_0006.uasset" 7533
"../../../Engine/Content/EngineMaterials/Substrate/GLints/dict_16_192_64_0p5_0p02_0052_0007.uasset" 7534
"../../../Engine/Content/EngineMaterials/Substrate/GLints/dict_16_192_64_0p5_0p02_0052_0008.uasset" 7535
"../../../Engine/Content/EngineMaterials/Substrate/GLints/dict_16_192_64_0p5_0p02_0052_0009.uasset" 7536
"../../../Engine/Content/EngineMaterials/Substrate/GLints/dict_16_192_64_0p5_0p02_0052_0010.uasset" 7537
"../../../Engine/Content/EngineMaterials/Substrate/GLints/dict_16_192_64_0p5_0p02_0052_0011.uasset" 7538
"../../../Engine/Content/EngineMaterials/Substrate/GLints/dict_16_192_64_0p5_0p02_0052_0012.uasset" 7539
"../../../Engine/Content/EngineMaterials/Substrate/GLints/dict_16_192_64_0p5_0p02_0052_0013.uasset" 7540
"../../../Engine/Content/EngineMaterials/Substrate/GLints/dict_16_192_64_0p5_0p02_0052_0014.uasset" 7541
"../../../Engine/Content/EngineMaterials/Substrate/GLints/dict_16_192_64_0p5_0p02_0052_0015.uasset" 7542
"../../../Engine/Content/EngineMaterials/Substrate/GLints/dict_16_192_64_0p5_0p02_0053_0000.uasset" 7543
"../../../Engine/Content/EngineMaterials/Substrate/GLints/dict_16_192_64_0p5_0p02_0053_0001.uasset" 7544
"../../../Engine/Content/EngineMaterials/Substrate/GLints/dict_16_192_64_0p5_0p02_0053_0002.uasset" 7545
"../../../Engine/Content/EngineMaterials/Substrate/GLints/dict_16_192_64_0p5_0p02_0053_0003.uasset" 7546
"../../../Engine/Content/EngineMaterials/Substrate/GLints/dict_16_192_64_0p5_0p02_0053_0004.uasset" 7547
"../../../Engine/Content/EngineMaterials/Substrate/GLints/dict_16_192_64_0p5_0p02_0053_0005.uasset" 7548
"../../../Engine/Content/EngineMaterials/Substrate/GLints/dict_16_192_64_0p5_0p02_0053_0006.uasset" 7549
"../../../Engine/Content/EngineMaterials/Substrate/GLints/dict_16_192_64_0p5_0p02_0053_0007.uasset" 7550
"../../../Engine/Content/EngineMaterials/Substrate/GLints/dict_16_192_64_0p5_0p02_0053_0008.uasset" 7551
"../../../Engine/Content/EngineMaterials/Substrate/GLints/dict_16_192_64_0p5_0p02_0053_0009.uasset" 7552
"../../../Engine/Content/EngineMaterials/Substrate/GLints/dict_16_192_64_0p5_0p02_0053_0010.uasset" 7553
"../../../Engine/Content/EngineMaterials/Substrate/GLints/dict_16_192_64_0p5_0p02_0053_0011.uasset" 7554
"../../../Engine/Content/EngineMaterials/Substrate/GLints/dict_16_192_64_0p5_0p02_0053_0012.uasset" 7555
"../../../Engine/Content/EngineMaterials/Substrate/GLints/dict_16_192_64_0p5_0p02_0053_0013.uasset" 7556
"../../../Engine/Content/EngineMaterials/Substrate/GLints/dict_16_192_64_0p5_0p02_0053_0014.uasset" 7557
"../../../Engine/Content/EngineMaterials/Substrate/GLints/dict_16_192_64_0p5_0p02_0053_0015.uasset" 7558
"../../../Engine/Content/EngineMaterials/Substrate/GLints/dict_16_192_64_0p5_0p02_0054_0000.uasset" 7559
"../../../Engine/Content/EngineMaterials/Substrate/GLints/dict_16_192_64_0p5_0p02_0054_0001.uasset" 7560
"../../../Engine/Content/EngineMaterials/Substrate/GLints/dict_16_192_64_0p5_0p02_0054_0002.uasset" 7561
"../../../Engine/Content/EngineMaterials/Substrate/GLints/dict_16_192_64_0p5_0p02_0054_0003.uasset" 7562
"../../../Engine/Content/EngineMaterials/Substrate/GLints/dict_16_192_64_0p5_0p02_0054_0004.uasset" 7563
"../../../Engine/Content/EngineMaterials/Substrate/GLints/dict_16_192_64_0p5_0p02_0054_0005.uasset" 7564
"../../../Engine/Content/EngineMaterials/Substrate/GLints/dict_16_192_64_0p5_0p02_0054_0006.uasset" 7565
"../../../Engine/Content/EngineMaterials/Substrate/GLints/dict_16_192_64_0p5_0p02_0054_0007.uasset" 7566
"../../../Engine/Content/EngineMaterials/Substrate/GLints/dict_16_192_64_0p5_0p02_0054_0008.uasset" 7567
"../../../Engine/Content/EngineMaterials/Substrate/GLints/dict_16_192_64_0p5_0p02_0054_0009.uasset" 7568
"../../../Engine/Content/EngineMaterials/Substrate/GLints/dict_16_192_64_0p5_0p02_0054_0010.uasset" 7569
"../../../Engine/Content/EngineMaterials/Substrate/GLints/dict_16_192_64_0p5_0p02_0054_0011.uasset" 7570
"../../../Engine/Content/EngineMaterials/Substrate/GLints/dict_16_192_64_0p5_0p02_0054_0012.uasset" 7571
"../../../Engine/Content/EngineMaterials/Substrate/GLints/dict_16_192_64_0p5_0p02_0054_0013.uasset" 7572
"../../../Engine/Content/EngineMaterials/Substrate/GLints/dict_16_192_64_0p5_0p02_0054_0014.uasset" 7573
"../../../Engine/Content/EngineMaterials/Substrate/GLints/dict_16_192_64_0p5_0p02_0054_0015.uasset" 7574
"../../../Engine/Content/EngineMaterials/Substrate/GLints/dict_16_192_64_0p5_0p02_0055_0000.uasset" 7575
"../../../Engine/Content/EngineMaterials/Substrate/GLints/dict_16_192_64_0p5_0p02_0055_0001.uasset" 7576
"../../../Engine/Content/EngineMaterials/Substrate/GLints/dict_16_192_64_0p5_0p02_0055_0002.uasset" 7577
"../../../Engine/Content/EngineMaterials/Substrate/GLints/dict_16_192_64_0p5_0p02_0055_0003.uasset" 7578
"../../../Engine/Content/EngineMaterials/Substrate/GLints/dict_16_192_64_0p5_0p02_0055_0004.uasset" 7579
"../../../Engine/Content/EngineMaterials/Substrate/GLints/dict_16_192_64_0p5_0p02_0055_0005.uasset" 7580
"../../../Engine/Content/EngineMaterials/Substrate/GLints/dict_16_192_64_0p5_0p02_0055_0006.uasset" 7581
"../../../Engine/Content/EngineMaterials/Substrate/GLints/dict_16_192_64_0p5_0p02_0055_0007.uasset" 7582
"../../../Engine/Content/EngineMaterials/Substrate/GLints/dict_16_192_64_0p5_0p02_0055_0008.uasset" 7583
"../../../Engine/Content/EngineMaterials/Substrate/GLints/dict_16_192_64_0p5_0p02_0055_0009.uasset" 7584
"../../../Engine/Content/EngineMaterials/Substrate/GLints/dict_16_192_64_0p5_0p02_0055_0010.uasset" 7585
"../../../Engine/Content/EngineMaterials/Substrate/GLints/dict_16_192_64_0p5_0p02_0055_0011.uasset" 7586
"../../../Engine/Content/EngineMaterials/Substrate/GLints/dict_16_192_64_0p5_0p02_0055_0012.uasset" 7587
"../../../Engine/Content/EngineMaterials/Substrate/GLints/dict_16_192_64_0p5_0p02_0055_0013.uasset" 7588
"../../../Engine/Content/EngineMaterials/Substrate/GLints/dict_16_192_64_0p5_0p02_0055_0014.uasset" 7589
"../../../Engine/Content/EngineMaterials/Substrate/GLints/dict_16_192_64_0p5_0p02_0055_0015.uasset" 7590
"../../../Engine/Content/EngineMaterials/Substrate/GLints/dict_16_192_64_0p5_0p02_0056_0000.uasset" 7591
"../../../Engine/Content/EngineMaterials/Substrate/GLints/dict_16_192_64_0p5_0p02_0056_0001.uasset" 7592
"../../../Engine/Content/EngineMaterials/Substrate/GLints/dict_16_192_64_0p5_0p02_0056_0002.uasset" 7593
"../../../Engine/Content/EngineMaterials/Substrate/GLints/dict_16_192_64_0p5_0p02_0056_0003.uasset" 7594
"../../../Engine/Content/EngineMaterials/Substrate/GLints/dict_16_192_64_0p5_0p02_0056_0004.uasset" 7595
"../../../Engine/Content/EngineMaterials/Substrate/GLints/dict_16_192_64_0p5_0p02_0056_0005.uasset" 7596
"../../../Engine/Content/EngineMaterials/Substrate/GLints/dict_16_192_64_0p5_0p02_0056_0006.uasset" 7597
"../../../Engine/Content/EngineMaterials/Substrate/GLints/dict_16_192_64_0p5_0p02_0056_0007.uasset" 7598
"../../../Engine/Content/EngineMaterials/Substrate/GLints/dict_16_192_64_0p5_0p02_0056_0008.uasset" 7599
"../../../Engine/Content/EngineMaterials/Substrate/GLints/dict_16_192_64_0p5_0p02_0056_0009.uasset" 7600
"../../../Engine/Content/EngineMaterials/Substrate/GLints/dict_16_192_64_0p5_0p02_0056_0010.uasset" 7601
"../../../Engine/Content/EngineMaterials/Substrate/GLints/dict_16_192_64_0p5_0p02_0056_0011.uasset" 7602
"../../../Engine/Content/EngineMaterials/Substrate/GLints/dict_16_192_64_0p5_0p02_0056_0012.uasset" 7603
"../../../Engine/Content/EngineMaterials/Substrate/GLints/dict_16_192_64_0p5_0p02_0056_0013.uasset" 7604
"../../../Engine/Content/EngineMaterials/Substrate/GLints/dict_16_192_64_0p5_0p02_0056_0014.uasset" 7605
"../../../Engine/Content/EngineMaterials/Substrate/GLints/dict_16_192_64_0p5_0p02_0056_0015.uasset" 7606
"../../../Engine/Content/EngineMaterials/Substrate/GLints/dict_16_192_64_0p5_0p02_0057_0000.uasset" 7607
"../../../Engine/Content/EngineMaterials/Substrate/GLints/dict_16_192_64_0p5_0p02_0057_0001.uasset" 7608
"../../../Engine/Content/EngineMaterials/Substrate/GLints/dict_16_192_64_0p5_0p02_0057_0002.uasset" 7609
"../../../Engine/Content/EngineMaterials/Substrate/GLints/dict_16_192_64_0p5_0p02_0057_0003.uasset" 7610
"../../../Engine/Content/EngineMaterials/Substrate/GLints/dict_16_192_64_0p5_0p02_0057_0004.uasset" 7611
"../../../Engine/Content/EngineMaterials/Substrate/GLints/dict_16_192_64_0p5_0p02_0057_0005.uasset" 7612
"../../../Engine/Content/EngineMaterials/Substrate/GLints/dict_16_192_64_0p5_0p02_0057_0006.uasset" 7613
"../../../Engine/Content/EngineMaterials/Substrate/GLints/dict_16_192_64_0p5_0p02_0057_0007.uasset" 7614
"../../../Engine/Content/EngineMaterials/Substrate/GLints/dict_16_192_64_0p5_0p02_0057_0008.uasset" 7615
"../../../Engine/Content/EngineMaterials/Substrate/GLints/dict_16_192_64_0p5_0p02_0057_0009.uasset" 7616
"../../../Engine/Content/EngineMaterials/Substrate/GLints/dict_16_192_64_0p5_0p02_0057_0010.uasset" 7617
"../../../Engine/Content/EngineMaterials/Substrate/GLints/dict_16_192_64_0p5_0p02_0057_0011.uasset" 7618
"../../../Engine/Content/EngineMaterials/Substrate/GLints/dict_16_192_64_0p5_0p02_0057_0012.uasset" 7619
"../../../Engine/Content/EngineMaterials/Substrate/GLints/dict_16_192_64_0p5_0p02_0057_0013.uasset" 7620
"../../../Engine/Content/EngineMaterials/Substrate/GLints/dict_16_192_64_0p5_0p02_0057_0014.uasset" 7621
"../../../Engine/Content/EngineMaterials/Substrate/GLints/dict_16_192_64_0p5_0p02_0057_0015.uasset" 7622
"../../../Engine/Content/EngineMaterials/Substrate/GLints/dict_16_192_64_0p5_0p02_0058_0000.uasset" 7623
"../../../Engine/Content/EngineMaterials/Substrate/GLints/dict_16_192_64_0p5_0p02_0058_0001.uasset" 7624
"../../../Engine/Content/EngineMaterials/Substrate/GLints/dict_16_192_64_0p5_0p02_0058_0002.uasset" 7625
"../../../Engine/Content/EngineMaterials/Substrate/GLints/dict_16_192_64_0p5_0p02_0058_0003.uasset" 7626
"../../../Engine/Content/EngineMaterials/Substrate/GLints/dict_16_192_64_0p5_0p02_0058_0004.uasset" 7627
"../../../Engine/Content/EngineMaterials/Substrate/GLints/dict_16_192_64_0p5_0p02_0058_0005.uasset" 7628
"../../../Engine/Content/EngineMaterials/Substrate/GLints/dict_16_192_64_0p5_0p02_0058_0006.uasset" 7629
"../../../Engine/Content/EngineMaterials/Substrate/GLints/dict_16_192_64_0p5_0p02_0058_0007.uasset" 7630
"../../../Engine/Content/EngineMaterials/Substrate/GLints/dict_16_192_64_0p5_0p02_0058_0008.uasset" 7631
"../../../Engine/Content/EngineMaterials/Substrate/GLints/dict_16_192_64_0p5_0p02_0058_0009.uasset" 7632
"../../../Engine/Content/EngineMaterials/Substrate/GLints/dict_16_192_64_0p5_0p02_0058_0010.uasset" 7633
"../../../Engine/Content/EngineMaterials/Substrate/GLints/dict_16_192_64_0p5_0p02_0058_0011.uasset" 7634
"../../../Engine/Content/EngineMaterials/Substrate/GLints/dict_16_192_64_0p5_0p02_0058_0012.uasset" 7635
"../../../Engine/Content/EngineMaterials/Substrate/GLints/dict_16_192_64_0p5_0p02_0058_0013.uasset" 7636
"../../../Engine/Content/EngineMaterials/Substrate/GLints/dict_16_192_64_0p5_0p02_0058_0014.uasset" 7637
"../../../Engine/Content/EngineMaterials/Substrate/GLints/dict_16_192_64_0p5_0p02_0058_0015.uasset" 7638
"../../../Engine/Content/EngineMaterials/Substrate/GLints/dict_16_192_64_0p5_0p02_0059_0000.uasset" 7639
"../../../Engine/Content/EngineMaterials/Substrate/GLints/dict_16_192_64_0p5_0p02_0059_0001.uasset" 7640
"../../../Engine/Content/EngineMaterials/Substrate/GLints/dict_16_192_64_0p5_0p02_0059_0002.uasset" 7641
"../../../Engine/Content/EngineMaterials/Substrate/GLints/dict_16_192_64_0p5_0p02_0059_0003.uasset" 7642
"../../../Engine/Content/EngineMaterials/Substrate/GLints/dict_16_192_64_0p5_0p02_0059_0004.uasset" 7643
"../../../Engine/Content/EngineMaterials/Substrate/GLints/dict_16_192_64_0p5_0p02_0059_0005.uasset" 7644
"../../../Engine/Content/EngineMaterials/Substrate/GLints/dict_16_192_64_0p5_0p02_0059_0006.uasset" 7645
"../../../Engine/Content/EngineMaterials/Substrate/GLints/dict_16_192_64_0p5_0p02_0059_0007.uasset" 7646
"../../../Engine/Content/EngineMaterials/Substrate/GLints/dict_16_192_64_0p5_0p02_0059_0008.uasset" 7647
"../../../Engine/Content/EngineMaterials/Substrate/GLints/dict_16_192_64_0p5_0p02_0059_0009.uasset" 7648
"../../../Engine/Content/EngineMaterials/Substrate/GLints/dict_16_192_64_0p5_0p02_0059_0010.uasset" 7649
"../../../Engine/Content/EngineMaterials/Substrate/GLints/dict_16_192_64_0p5_0p02_0059_0011.uasset" 7650
"../../../Engine/Content/EngineMaterials/Substrate/GLints/dict_16_192_64_0p5_0p02_0059_0012.uasset" 7651
"../../../Engine/Content/EngineMaterials/Substrate/GLints/dict_16_192_64_0p5_0p02_0059_0013.uasset" 7652
"../../../Engine/Content/EngineMaterials/Substrate/GLints/dict_16_192_64_0p5_0p02_0059_0014.uasset" 7653
"../../../Engine/Content/EngineMaterials/Substrate/GLints/dict_16_192_64_0p5_0p02_0059_0015.uasset" 7654
"../../../Engine/Content/EngineMaterials/Substrate/GLints/dict_16_192_64_0p5_0p02_0060_0000.uasset" 7655
"../../../Engine/Content/EngineMaterials/Substrate/GLints/dict_16_192_64_0p5_0p02_0060_0001.uasset" 7656
"../../../Engine/Content/EngineMaterials/Substrate/GLints/dict_16_192_64_0p5_0p02_0060_0002.uasset" 7657
"../../../Engine/Content/EngineMaterials/Substrate/GLints/dict_16_192_64_0p5_0p02_0060_0003.uasset" 7658
"../../../Engine/Content/EngineMaterials/Substrate/GLints/dict_16_192_64_0p5_0p02_0060_0004.uasset" 7659
"../../../Engine/Content/EngineMaterials/Substrate/GLints/dict_16_192_64_0p5_0p02_0060_0005.uasset" 7660
"../../../Engine/Content/EngineMaterials/Substrate/GLints/dict_16_192_64_0p5_0p02_0060_0006.uasset" 7661
"../../../Engine/Content/EngineMaterials/Substrate/GLints/dict_16_192_64_0p5_0p02_0060_0007.uasset" 7662
"../../../Engine/Content/EngineMaterials/Substrate/GLints/dict_16_192_64_0p5_0p02_0060_0008.uasset" 7663
"../../../Engine/Content/EngineMaterials/Substrate/GLints/dict_16_192_64_0p5_0p02_0060_0009.uasset" 7664
"../../../Engine/Content/EngineMaterials/Substrate/GLints/dict_16_192_64_0p5_0p02_0060_0010.uasset" 7665
"../../../Engine/Content/EngineMaterials/Substrate/GLints/dict_16_192_64_0p5_0p02_0060_0011.uasset" 7666
"../../../Engine/Content/EngineMaterials/Substrate/GLints/dict_16_192_64_0p5_0p02_0060_0012.uasset" 7667
"../../../Engine/Content/EngineMaterials/Substrate/GLints/dict_16_192_64_0p5_0p02_0060_0013.uasset" 7668
"../../../Engine/Content/EngineMaterials/Substrate/GLints/dict_16_192_64_0p5_0p02_0060_0014.uasset" 7669
"../../../Engine/Content/EngineMaterials/Substrate/GLints/dict_16_192_64_0p5_0p02_0060_0015.uasset" 7670
"../../../Engine/Content/EngineMaterials/Substrate/GLints/dict_16_192_64_0p5_0p02_0061_0000.uasset" 7671
"../../../Engine/Content/EngineMaterials/Substrate/GLints/dict_16_192_64_0p5_0p02_0061_0001.uasset" 7672
"../../../Engine/Content/EngineMaterials/Substrate/GLints/dict_16_192_64_0p5_0p02_0061_0002.uasset" 7673
"../../../Engine/Content/EngineMaterials/Substrate/GLints/dict_16_192_64_0p5_0p02_0061_0003.uasset" 7674
"../../../Engine/Content/EngineMaterials/Substrate/GLints/dict_16_192_64_0p5_0p02_0061_0004.uasset" 7675
"../../../Engine/Content/EngineMaterials/Substrate/GLints/dict_16_192_64_0p5_0p02_0061_0005.uasset" 7676
"../../../Engine/Content/EngineMaterials/Substrate/GLints/dict_16_192_64_0p5_0p02_0061_0006.uasset" 7677
"../../../Engine/Content/EngineMaterials/Substrate/GLints/dict_16_192_64_0p5_0p02_0061_0007.uasset" 7678
"../../../Engine/Content/EngineMaterials/Substrate/GLints/dict_16_192_64_0p5_0p02_0061_0008.uasset" 7679
"../../../Engine/Content/EngineMaterials/Substrate/GLints/dict_16_192_64_0p5_0p02_0061_0009.uasset" 7680
"../../../Engine/Content/EngineMaterials/Substrate/GLints/dict_16_192_64_0p5_0p02_0061_0010.uasset" 7681
"../../../Engine/Content/EngineMaterials/Substrate/GLints/dict_16_192_64_0p5_0p02_0061_0011.uasset" 7682
"../../../Engine/Content/EngineMaterials/Substrate/GLints/dict_16_192_64_0p5_0p02_0061_0012.uasset" 7683
"../../../Engine/Content/EngineMaterials/Substrate/GLints/dict_16_192_64_0p5_0p02_0061_0013.uasset" 7684
"../../../Engine/Content/EngineMaterials/Substrate/GLints/dict_16_192_64_0p5_0p02_0061_0014.uasset" 7685
"../../../Engine/Content/EngineMaterials/Substrate/GLints/dict_16_192_64_0p5_0p02_0061_0015.uasset" 7686
"../../../Engine/Content/EngineMaterials/Substrate/GLints/dict_16_192_64_0p5_0p02_0062_0000.uasset" 7687
"../../../Engine/Content/EngineMaterials/Substrate/GLints/dict_16_192_64_0p5_0p02_0062_0001.uasset" 7688
"../../../Engine/Content/EngineMaterials/Substrate/GLints/dict_16_192_64_0p5_0p02_0062_0002.uasset" 7689
"../../../Engine/Content/EngineMaterials/Substrate/GLints/dict_16_192_64_0p5_0p02_0062_0003.uasset" 7690
"../../../Engine/Content/EngineMaterials/Substrate/GLints/dict_16_192_64_0p5_0p02_0062_0004.uasset" 7691
"../../../Engine/Content/EngineMaterials/Substrate/GLints/dict_16_192_64_0p5_0p02_0062_0005.uasset" 7692
"../../../Engine/Content/EngineMaterials/Substrate/GLints/dict_16_192_64_0p5_0p02_0062_0006.uasset" 7693
"../../../Engine/Content/EngineMaterials/Substrate/GLints/dict_16_192_64_0p5_0p02_0062_0007.uasset" 7694
"../../../Engine/Content/EngineMaterials/Substrate/GLints/dict_16_192_64_0p5_0p02_0062_0008.uasset" 7695
"../../../Engine/Content/EngineMaterials/Substrate/GLints/dict_16_192_64_0p5_0p02_0062_0009.uasset" 7696
"../../../Engine/Content/EngineMaterials/Substrate/GLints/dict_16_192_64_0p5_0p02_0062_0010.uasset" 7697
"../../../Engine/Content/EngineMaterials/Substrate/GLints/dict_16_192_64_0p5_0p02_0062_0011.uasset" 7698
"../../../Engine/Content/EngineMaterials/Substrate/GLints/dict_16_192_64_0p5_0p02_0062_0012.uasset" 7699
"../../../Engine/Content/EngineMaterials/Substrate/GLints/dict_16_192_64_0p5_0p02_0062_0013.uasset" 7700
"../../../Engine/Content/EngineMaterials/Substrate/GLints/dict_16_192_64_0p5_0p02_0062_0014.uasset" 7701
"../../../Engine/Content/EngineMaterials/Substrate/GLints/dict_16_192_64_0p5_0p02_0062_0015.uasset" 7702
"../../../Engine/Content/EngineMaterials/Substrate/GLints/dict_16_192_64_0p5_0p02_0063_0000.uasset" 7703
"../../../Engine/Content/EngineMaterials/Substrate/GLints/dict_16_192_64_0p5_0p02_0063_0001.uasset" 7704
"../../../Engine/Content/EngineMaterials/Substrate/GLints/dict_16_192_64_0p5_0p02_0063_0002.uasset" 7705
"../../../Engine/Content/EngineMaterials/Substrate/GLints/dict_16_192_64_0p5_0p02_0063_0003.uasset" 7706
"../../../Engine/Content/EngineMaterials/Substrate/GLints/dict_16_192_64_0p5_0p02_0063_0004.uasset" 7707
"../../../Engine/Content/EngineMaterials/Substrate/GLints/dict_16_192_64_0p5_0p02_0063_0005.uasset" 7708
"../../../Engine/Content/EngineMaterials/Substrate/GLints/dict_16_192_64_0p5_0p02_0063_0006.uasset" 7709
"../../../Engine/Content/EngineMaterials/Substrate/GLints/dict_16_192_64_0p5_0p02_0063_0007.uasset" 7710
"../../../Engine/Content/EngineMaterials/Substrate/GLints/dict_16_192_64_0p5_0p02_0063_0008.uasset" 7711
"../../../Engine/Content/EngineMaterials/Substrate/GLints/dict_16_192_64_0p5_0p02_0063_0009.uasset" 7712
"../../../Engine/Content/EngineMaterials/Substrate/GLints/dict_16_192_64_0p5_0p02_0063_0010.uasset" 7713
"../../../Engine/Content/EngineMaterials/Substrate/GLints/dict_16_192_64_0p5_0p02_0063_0011.uasset" 7714
"../../../Engine/Content/EngineMaterials/Substrate/GLints/dict_16_192_64_0p5_0p02_0063_0012.uasset" 7715
"../../../Engine/Content/EngineMaterials/Substrate/GLints/dict_16_192_64_0p5_0p02_0063_0013.uasset" 7716
"../../../Engine/Content/EngineMaterials/Substrate/GLints/dict_16_192_64_0p5_0p02_0063_0014.uasset" 7717
"../../../Engine/Content/EngineMaterials/Substrate/GLints/dict_16_192_64_0p5_0p02_0063_0015.uasset" 7718
"../../../Engine/Content/Functions/Engine_MaterialFunctions02/Math/TransformToZVector.uasset" 7719
"C:/24CI0412MP/Content/Mediterranean_Coast/Materials/Material_Functions/MF_Billboard.uasset" 7720
"C:/24CI0412MP/Content/Satou/KTP_Effect/Materials/PublicMaterials/M_ring.uasset" 7721
"C:/24CI0412MP/Content/Satou/KTP_Effect/Materials/PublicMaterials/M_hit_fly.uasset" 7722
"C:/24CI0412MP/Content/Satou/KTP_Effect/Materials/PublicMaterials/M_FX_wwin_13.uasset" 7723
"C:/24CI0412MP/Content/Satou/KTP_Effect/Materials/PublicMaterials/M_FX_Aura_botton03_3.uasset" 7724
"C:/24CI0412MP/Content/Satou/KTP_Effect/Materials/PublicMaterials/M_FX_Aura_21.uasset" 7725
"C:/24CI0412MP/Content/Satou/KTP_Effect/Materials/PublicMaterials/M_FX_Aura_07_en.uasset" 7726
"C:/24CI0412MP/Content/Satou/KTP_Effect/Materials/PublicMaterials/M_fire01_bt20.uasset" 7727
"C:/24CI0412MP/Content/Satou/KTP_Effect/Materials/PublicMaterials/M_fire01_bt15.uasset" 7728
"C:/24CI0412MP/Content/Satou/KTP_Effect/Materials/PublicMaterials/M_fire01_bt11.uasset" 7729
"C:/24CI0412MP/Content/Satou/KTP_Effect/Materials/PublicMaterials/M_fire01_BT10.uasset" 7730
"C:/24CI0412MP/Content/Satou/KTP_Effect/Materials/PublicMaterials/M_fire01_24.uasset" 7731
"C:/24CI0412MP/Content/Satou/KTP_Effect/Materials/PublicMaterials/M_fire01_17.uasset" 7732
"C:/24CI0412MP/Content/Satou/KTP_Effect/Materials/PublicMaterials/M_Bullet_01.uasset" 7733
"C:/24CI0412MP/Content/Satou/KTP_Effect/Materials/M_fly10_9.uasset" 7734
"C:/24CI0412MP/Content/Satou/KTP_Effect/Materials/M_fly10_8.uasset" 7735
"C:/24CI0412MP/Content/Satou/KTP_Effect/Materials/M_fly10_7.uasset" 7736
"C:/24CI0412MP/Content/Satou/KTP_Effect/Materials/M_fly10_6.uasset" 7737
"C:/24CI0412MP/Content/Satou/KTP_Effect/Materials/M_fly10_5.uasset" 7738
"C:/24CI0412MP/Content/Satou/KTP_Effect/Materials/M_fly10_4.uasset" 7739
"C:/24CI0412MP/Content/Satou/KTP_Effect/Materials/M_fly10_3.uasset" 7740
"C:/24CI0412MP/Content/Satou/KTP_Effect/Materials/M_fly10_2.uasset" 7741
"C:/24CI0412MP/Content/Satou/KTP_Effect/Materials/M_fly10_1.uasset" 7742
"C:/24CI0412MP/Content/Satou/KTP_Effect/Materials/M_fly09_9.uasset" 7743
"C:/24CI0412MP/Content/Satou/KTP_Effect/Materials/M_fly09_8.uasset" 7744
"C:/24CI0412MP/Content/Satou/KTP_Effect/Materials/M_fly09_7.uasset" 7745
"C:/24CI0412MP/Content/Satou/KTP_Effect/Materials/M_fly09_6.uasset" 7746
"C:/24CI0412MP/Content/Satou/KTP_Effect/Materials/M_fly09_5.uasset" 7747
"C:/24CI0412MP/Content/Satou/KTP_Effect/Materials/M_fly09_3.uasset" 7748
"C:/24CI0412MP/Content/Satou/KTP_Effect/Materials/M_fly09_4.uasset" 7749
"C:/24CI0412MP/Content/Satou/KTP_Effect/Materials/M_fly09_1.uasset" 7750
"C:/24CI0412MP/Content/Satou/KTP_Effect/Materials/M_fly08_9.uasset" 7751
"C:/24CI0412MP/Content/Satou/KTP_Effect/Materials/M_fly09_2.uasset" 7752
"C:/24CI0412MP/Content/Satou/KTP_Effect/Materials/M_fly08_8.uasset" 7753
"C:/24CI0412MP/Content/Satou/KTP_Effect/Materials/M_fly08_7.uasset" 7754
"C:/24CI0412MP/Content/Satou/KTP_Effect/Materials/M_fly08_6.uasset" 7755
"C:/24CI0412MP/Content/Satou/KTP_Effect/Materials/M_fly08_5.uasset" 7756
"C:/24CI0412MP/Content/Satou/KTP_Effect/Materials/M_fly08_4.uasset" 7757
"C:/24CI0412MP/Content/Satou/KTP_Effect/Materials/M_fly08_3.uasset" 7758
"C:/24CI0412MP/Content/Satou/KTP_Effect/Materials/M_fly08_2.uasset" 7759
"C:/24CI0412MP/Content/Satou/KTP_Effect/Materials/M_fly08_1.uasset" 7760
"C:/24CI0412MP/Content/Satou/KTP_Effect/Materials/M_fly07_9.uasset" 7761
"C:/24CI0412MP/Content/Satou/KTP_Effect/Materials/M_fly07_8.uasset" 7762
"C:/24CI0412MP/Content/Satou/KTP_Effect/Materials/M_fly07_6.uasset" 7763
"C:/24CI0412MP/Content/Satou/KTP_Effect/Materials/M_fly07_5.uasset" 7764
"C:/24CI0412MP/Content/Satou/KTP_Effect/Materials/M_fly07_7.uasset" 7765
"C:/24CI0412MP/Content/Satou/KTP_Effect/Materials/M_fly07_3.uasset" 7766
"C:/24CI0412MP/Content/Satou/KTP_Effect/Materials/M_fly07_2.uasset" 7767
"C:/24CI0412MP/Content/Satou/KTP_Effect/Materials/M_fly07_1.uasset" 7768
"C:/24CI0412MP/Content/Satou/KTP_Effect/Materials/M_fly06_9.uasset" 7769
"C:/24CI0412MP/Content/Satou/KTP_Effect/Materials/M_fly06_7.uasset" 7770
"C:/24CI0412MP/Content/Satou/KTP_Effect/Materials/M_fly06_8.uasset" 7771
"C:/24CI0412MP/Content/Satou/KTP_Effect/Materials/M_fly06_6.uasset" 7772
"C:/24CI0412MP/Content/Satou/KTP_Effect/Materials/M_fly07_4.uasset" 7773
"C:/24CI0412MP/Content/Satou/KTP_Effect/Materials/M_fly06_5.uasset" 7774
"C:/24CI0412MP/Content/Satou/KTP_Effect/Materials/M_fly06_4.uasset" 7775
"C:/24CI0412MP/Content/Satou/KTP_Effect/Materials/M_fly06_2.uasset" 7776
"C:/24CI0412MP/Content/Satou/KTP_Effect/Materials/M_fly06_1.uasset" 7777
"C:/24CI0412MP/Content/Satou/KTP_Effect/Materials/M_fly05_8.uasset" 7778
"C:/24CI0412MP/Content/Satou/KTP_Effect/Materials/M_fly05_7.uasset" 7779
"C:/24CI0412MP/Content/Satou/KTP_Effect/Materials/M_fly05_6.uasset" 7780
"C:/24CI0412MP/Content/Satou/KTP_Effect/Materials/M_fly05_5.uasset" 7781
"C:/24CI0412MP/Content/Satou/KTP_Effect/Materials/M_fly06_3.uasset" 7782
"C:/24CI0412MP/Content/Satou/KTP_Effect/Materials/M_fly05_9.uasset" 7783
"C:/24CI0412MP/Content/Satou/KTP_Effect/Materials/M_fly05_4.uasset" 7784
"C:/24CI0412MP/Content/Satou/KTP_Effect/Materials/M_fly05_3.uasset" 7785
"C:/24CI0412MP/Content/Satou/KTP_Effect/Materials/M_fly05_2.uasset" 7786
"C:/24CI0412MP/Content/Satou/KTP_Effect/Materials/M_fly05_1.uasset" 7787
"C:/24CI0412MP/Content/Satou/KTP_Effect/Materials/M_fly04_9.uasset" 7788
"C:/24CI0412MP/Content/Satou/KTP_Effect/Materials/M_fly04_7.uasset" 7789
"C:/24CI0412MP/Content/Satou/KTP_Effect/Materials/M_fly04_8.uasset" 7790
"C:/24CI0412MP/Content/Satou/KTP_Effect/Materials/M_fly04_5.uasset" 7791
"C:/24CI0412MP/Content/Satou/KTP_Effect/Materials/M_fly04_6.uasset" 7792
"C:/24CI0412MP/Content/Satou/KTP_Effect/Materials/M_fly04_4.uasset" 7793
"C:/24CI0412MP/Content/Satou/KTP_Effect/Materials/M_fly04_3.uasset" 7794
"C:/24CI0412MP/Content/Satou/KTP_Effect/Materials/M_fly04_2.uasset" 7795
"C:/24CI0412MP/Content/Satou/KTP_Effect/Materials/M_fly04_1.uasset" 7796
"C:/24CI0412MP/Content/Satou/KTP_Effect/Materials/M_fly03_9.uasset" 7797
"C:/24CI0412MP/Content/Satou/KTP_Effect/Materials/M_fly03_7.uasset" 7798
"C:/24CI0412MP/Content/Satou/KTP_Effect/Materials/M_fly03_8.uasset" 7799
"C:/24CI0412MP/Content/Satou/KTP_Effect/Materials/M_fly03_6.uasset" 7800
"C:/24CI0412MP/Content/Satou/KTP_Effect/Materials/M_fly03_5.uasset" 7801
"C:/24CI0412MP/Content/Satou/KTP_Effect/Materials/M_fly03_4.uasset" 7802
"C:/24CI0412MP/Content/Satou/KTP_Effect/Materials/M_fly03_3.uasset" 7803
"C:/24CI0412MP/Content/Satou/KTP_Effect/Materials/M_fly03_2.uasset" 7804
"C:/24CI0412MP/Content/Satou/KTP_Effect/Materials/M_fly03_1.uasset" 7805
"C:/24CI0412MP/Content/Satou/KTP_Effect/Materials/M_fly02_9.uasset" 7806
"C:/24CI0412MP/Content/Satou/KTP_Effect/Materials/M_fly02_8.uasset" 7807
"C:/24CI0412MP/Content/Satou/KTP_Effect/Materials/M_fly02_7.uasset" 7808
"C:/24CI0412MP/Content/Satou/KTP_Effect/Materials/M_fly02_6.uasset" 7809
"C:/24CI0412MP/Content/Satou/KTP_Effect/Materials/M_fly02_5.uasset" 7810
"C:/24CI0412MP/Content/Satou/KTP_Effect/Materials/M_fly02_4.uasset" 7811
"C:/24CI0412MP/Content/Satou/KTP_Effect/Materials/M_fly02_3.uasset" 7812
"C:/24CI0412MP/Content/Satou/KTP_Effect/Materials/M_fly02_1.uasset" 7813
"C:/24CI0412MP/Content/Satou/KTP_Effect/Materials/M_fly02_2.uasset" 7814
"C:/24CI0412MP/Content/Satou/KTP_Effect/Materials/M_fire01_9.uasset" 7815
"C:/24CI0412MP/Content/Satou/KTP_Effect/Materials/M_fire01_8.uasset" 7816
"C:/24CI0412MP/Content/Satou/KTP_Effect/Materials/M_fire01_7.uasset" 7817
"C:/24CI0412MP/Content/Satou/KTP_Effect/Materials/M_fire01_6.uasset" 7818
"C:/24CI0412MP/Content/Satou/KTP_Effect/Materials/M_fire01_5.uasset" 7819
"C:/24CI0412MP/Content/Satou/KTP_Effect/Materials/M_fire01_4.uasset" 7820
"C:/24CI0412MP/Content/Satou/KTP_Effect/Materials/M_fire01_1.uasset" 7821
"C:/24CI0412MP/Content/Satou/KTP_Effect/Materials/M_fire01_2.uasset" 7822
"C:/24CI0412MP/Content/Satou/KTP_Effect/Materials/M_fire01_3.uasset" 7823
"C:/24CI0412MP/Content/Satou/KTP_Effect/Materials/M_botton20_8.uasset" 7824
"C:/24CI0412MP/Content/Satou/KTP_Effect/Materials/M_botton20_6.uasset" 7825
"C:/24CI0412MP/Content/Satou/KTP_Effect/Materials/M_botton20_5.uasset" 7826
"C:/24CI0412MP/Content/Satou/KTP_Effect/Materials/M_botton20_7.uasset" 7827
"C:/24CI0412MP/Content/Satou/KTP_Effect/Materials/M_botton20_4.uasset" 7828
"C:/24CI0412MP/Content/Satou/KTP_Effect/Materials/M_botton20_3.uasset" 7829
"C:/24CI0412MP/Content/Satou/KTP_Effect/Materials/M_botton20_1.uasset" 7830
"C:/24CI0412MP/Content/Satou/KTP_Effect/Materials/M_botton20_2.uasset" 7831
"C:/24CI0412MP/Content/Satou/KTP_Effect/Materials/M_botton19_7.uasset" 7832
"C:/24CI0412MP/Content/Satou/KTP_Effect/Materials/M_botton19_8.uasset" 7833
"C:/24CI0412MP/Content/Satou/KTP_Effect/Materials/M_botton19_6.uasset" 7834
"C:/24CI0412MP/Content/Satou/KTP_Effect/Materials/M_botton19_5.uasset" 7835
"C:/24CI0412MP/Content/Satou/KTP_Effect/Materials/M_botton19_3.uasset" 7836
"C:/24CI0412MP/Content/Satou/KTP_Effect/Materials/M_botton19_4.uasset" 7837
"C:/24CI0412MP/Content/Satou/KTP_Effect/Materials/M_botton19_2.uasset" 7838
"C:/24CI0412MP/Content/Satou/KTP_Effect/Materials/M_botton19_1.uasset" 7839
"C:/24CI0412MP/Content/Satou/KTP_Effect/Materials/M_botton18_7.uasset" 7840
"C:/24CI0412MP/Content/Satou/KTP_Effect/Materials/M_botton18_8.uasset" 7841
"C:/24CI0412MP/Content/Satou/KTP_Effect/Materials/M_botton18_6.uasset" 7842
"C:/24CI0412MP/Content/Satou/KTP_Effect/Materials/M_botton18_5.uasset" 7843
"C:/24CI0412MP/Content/Satou/KTP_Effect/Materials/M_botton18_4.uasset" 7844
"C:/24CI0412MP/Content/Satou/KTP_Effect/Materials/M_botton18_3.uasset" 7845
"C:/24CI0412MP/Content/Satou/KTP_Effect/Materials/M_botton18_2.uasset" 7846
"C:/24CI0412MP/Content/Satou/KTP_Effect/Materials/M_botton18_1.uasset" 7847
"C:/24CI0412MP/Content/Satou/KTP_Effect/Materials/M_botton17_8.uasset" 7848
"C:/24CI0412MP/Content/Satou/KTP_Effect/Materials/M_botton17_6.uasset" 7849
"C:/24CI0412MP/Content/Satou/KTP_Effect/Materials/M_botton17_7.uasset" 7850
"C:/24CI0412MP/Content/Satou/KTP_Effect/Materials/M_botton17_5.uasset" 7851
"C:/24CI0412MP/Content/Satou/KTP_Effect/Materials/M_botton17_3.uasset" 7852
"C:/24CI0412MP/Content/Satou/KTP_Effect/Materials/M_botton17_4.uasset" 7853
"C:/24CI0412MP/Content/Satou/KTP_Effect/Materials/M_botton17_2.uasset" 7854
"C:/24CI0412MP/Content/Satou/KTP_Effect/Materials/M_botton16_7.uasset" 7855
"C:/24CI0412MP/Content/Satou/KTP_Effect/Materials/M_botton16_8.uasset" 7856
"C:/24CI0412MP/Content/Satou/KTP_Effect/Materials/M_botton17_1.uasset" 7857
"C:/24CI0412MP/Content/Satou/KTP_Effect/Materials/M_botton16_6.uasset" 7858
"C:/24CI0412MP/Content/Satou/KTP_Effect/Materials/M_botton16_3.uasset" 7859
"C:/24CI0412MP/Content/Satou/KTP_Effect/Materials/M_botton16_4.uasset" 7860
"C:/24CI0412MP/Content/Satou/KTP_Effect/Materials/M_botton16_5.uasset" 7861
"C:/24CI0412MP/Content/Satou/KTP_Effect/Materials/M_botton16_1.uasset" 7862
"C:/24CI0412MP/Content/Satou/KTP_Effect/Materials/M_botton15_8.uasset" 7863
"C:/24CI0412MP/Content/Satou/KTP_Effect/Materials/M_botton15_7.uasset" 7864
"C:/24CI0412MP/Content/Satou/KTP_Effect/Materials/M_botton15_6.uasset" 7865
"C:/24CI0412MP/Content/Satou/KTP_Effect/Materials/M_botton16_2.uasset" 7866
"C:/24CI0412MP/Content/Satou/KTP_Effect/Materials/M_botton15_5.uasset" 7867
"C:/24CI0412MP/Content/Satou/KTP_Effect/Materials/M_botton15_3.uasset" 7868
"C:/24CI0412MP/Content/Satou/KTP_Effect/Materials/M_botton15_4.uasset" 7869
"C:/24CI0412MP/Content/Satou/KTP_Effect/Materials/M_botton15_2.uasset" 7870
"C:/24CI0412MP/Content/Satou/KTP_Effect/Materials/M_botton14_8.uasset" 7871
"C:/24CI0412MP/Content/Satou/KTP_Effect/Materials/M_botton14_6.uasset" 7872
"C:/24CI0412MP/Content/Satou/KTP_Effect/Materials/M_botton14_7.uasset" 7873
"C:/24CI0412MP/Content/Satou/KTP_Effect/Materials/M_botton14_5.uasset" 7874
"C:/24CI0412MP/Content/Satou/KTP_Effect/Materials/M_botton14_4.uasset" 7875
"C:/24CI0412MP/Content/Satou/KTP_Effect/Materials/M_botton14_3.uasset" 7876
"C:/24CI0412MP/Content/Satou/KTP_Effect/Materials/M_botton14_1.uasset" 7877
"C:/24CI0412MP/Content/Satou/KTP_Effect/Materials/M_botton15_1.uasset" 7878
"C:/24CI0412MP/Content/Satou/KTP_Effect/Materials/M_botton13_8.uasset" 7879
"C:/24CI0412MP/Content/Satou/KTP_Effect/Materials/M_botton14_2.uasset" 7880
"C:/24CI0412MP/Content/Satou/KTP_Effect/Materials/M_botton13_5.uasset" 7881
"C:/24CI0412MP/Content/Satou/KTP_Effect/Materials/M_botton13_7.uasset" 7882
"C:/24CI0412MP/Content/Satou/KTP_Effect/Materials/M_botton13_6.uasset" 7883
"C:/24CI0412MP/Content/Satou/KTP_Effect/Materials/M_botton13_4.uasset" 7884
"C:/24CI0412MP/Content/Satou/KTP_Effect/Materials/M_botton13_2.uasset" 7885
"C:/24CI0412MP/Content/Satou/KTP_Effect/Materials/M_botton13_3.uasset" 7886
"C:/24CI0412MP/Content/Satou/KTP_Effect/Materials/M_botton12_8.uasset" 7887
"C:/24CI0412MP/Content/Satou/KTP_Effect/Materials/M_botton13_1.uasset" 7888
"C:/24CI0412MP/Content/Satou/KTP_Effect/Materials/M_botton12_6.uasset" 7889
"C:/24CI0412MP/Content/Satou/KTP_Effect/Materials/M_botton12_7.uasset" 7890
"C:/24CI0412MP/Content/Satou/KTP_Effect/Materials/M_botton12_5.uasset" 7891
"C:/24CI0412MP/Content/Satou/KTP_Effect/Materials/M_botton12_4.uasset" 7892
"C:/24CI0412MP/Content/Satou/KTP_Effect/Materials/M_botton12_3.uasset" 7893
"C:/24CI0412MP/Content/Satou/KTP_Effect/Materials/M_botton12_2.uasset" 7894
"C:/24CI0412MP/Content/Satou/KTP_Effect/Materials/M_botton12_1.uasset" 7895
"C:/24CI0412MP/Content/Satou/KTP_Effect/Materials/M_botton11_7.uasset" 7896
"C:/24CI0412MP/Content/Satou/KTP_Effect/Materials/M_botton11_8.uasset" 7897
"C:/24CI0412MP/Content/Satou/KTP_Effect/Materials/M_botton11_6.uasset" 7898
"C:/24CI0412MP/Content/Satou/KTP_Effect/Materials/M_botton11_5.uasset" 7899
"C:/24CI0412MP/Content/Satou/KTP_Effect/Materials/M_botton11_4.uasset" 7900
"C:/24CI0412MP/Content/Satou/KTP_Effect/Materials/M_botton11_2.uasset" 7901
"C:/24CI0412MP/Content/Satou/KTP_Effect/Materials/M_botton11_3.uasset" 7902
"C:/24CI0412MP/Content/Satou/KTP_Effect/Materials/M_botton11_1.uasset" 7903
"C:/24CI0412MP/Content/Satou/KTP_Effect/Materials/M_botton10-6.uasset" 7904
"C:/24CI0412MP/Content/Satou/KTP_Effect/Materials/M_botton10-8.uasset" 7905
"C:/24CI0412MP/Content/Satou/KTP_Effect/Materials/M_botton10-7.uasset" 7906
"C:/24CI0412MP/Content/Satou/KTP_Effect/Materials/M_botton10-5.uasset" 7907
"C:/24CI0412MP/Content/Satou/KTP_Effect/Materials/M_botton10-4.uasset" 7908
"C:/24CI0412MP/Content/Satou/KTP_Effect/Materials/M_botton10-2.uasset" 7909
"C:/24CI0412MP/Content/Satou/KTP_Effect/Materials/M_botton10-3.uasset" 7910
"C:/24CI0412MP/Content/Satou/KTP_Effect/Materials/M_botton10-1.uasset" 7911
"C:/24CI0412MP/Content/Satou/KTP_Effect/Materials/M_botton09-8.uasset" 7912
"C:/24CI0412MP/Content/Satou/KTP_Effect/Materials/M_botton09-7.uasset" 7913
"C:/24CI0412MP/Content/Satou/KTP_Effect/Materials/M_botton09-6.uasset" 7914
"C:/24CI0412MP/Content/Satou/KTP_Effect/Materials/M_botton09-5.uasset" 7915
"C:/24CI0412MP/Content/Satou/KTP_Effect/Materials/M_botton09-3.uasset" 7916
"C:/24CI0412MP/Content/Satou/KTP_Effect/Materials/M_botton09-4.uasset" 7917
"C:/24CI0412MP/Content/Satou/KTP_Effect/Materials/M_botton09-2.uasset" 7918
"C:/24CI0412MP/Content/Satou/KTP_Effect/Materials/M_botton08_8.uasset" 7919
"C:/24CI0412MP/Content/Satou/KTP_Effect/Materials/M_botton09-1.uasset" 7920
"C:/24CI0412MP/Content/Satou/KTP_Effect/Materials/M_botton08_7.uasset" 7921
"C:/24CI0412MP/Content/Satou/KTP_Effect/Materials/M_botton08_5.uasset" 7922
"C:/24CI0412MP/Content/Satou/KTP_Effect/Materials/M_botton08_6.uasset" 7923
"C:/24CI0412MP/Content/Satou/KTP_Effect/Materials/M_botton08_4.uasset" 7924
"C:/24CI0412MP/Content/Satou/KTP_Effect/Materials/M_botton08_3.uasset" 7925
"C:/24CI0412MP/Content/Satou/KTP_Effect/Materials/M_botton08_2.uasset" 7926
"C:/24CI0412MP/Content/Satou/KTP_Effect/Materials/M_botton08_1.uasset" 7927
"C:/24CI0412MP/Content/Satou/KTP_Effect/Materials/M_botton07_8.uasset" 7928
"C:/24CI0412MP/Content/Satou/KTP_Effect/Materials/M_botton07_7.uasset" 7929
"C:/24CI0412MP/Content/Satou/KTP_Effect/Materials/M_botton07_6.uasset" 7930
"C:/24CI0412MP/Content/Satou/KTP_Effect/Materials/M_botton07_5.uasset" 7931
"C:/24CI0412MP/Content/Satou/KTP_Effect/Materials/M_botton07_4.uasset" 7932
"C:/24CI0412MP/Content/Satou/KTP_Effect/Materials/M_botton07_3.uasset" 7933
"C:/24CI0412MP/Content/Satou/KTP_Effect/Materials/M_botton07_2.uasset" 7934
"C:/24CI0412MP/Content/Satou/KTP_Effect/Materials/M_botton07_1.uasset" 7935
"C:/24CI0412MP/Content/Satou/KTP_Effect/Materials/M_botton06_8.uasset" 7936
"C:/24CI0412MP/Content/Satou/KTP_Effect/Materials/M_botton06_7.uasset" 7937
"C:/24CI0412MP/Content/Satou/KTP_Effect/Materials/M_botton06_6.uasset" 7938
"C:/24CI0412MP/Content/Satou/KTP_Effect/Materials/M_botton06_5.uasset" 7939
"C:/24CI0412MP/Content/Satou/KTP_Effect/Materials/M_botton06_4.uasset" 7940
"C:/24CI0412MP/Content/Satou/KTP_Effect/Materials/M_botton06_3.uasset" 7941
"C:/24CI0412MP/Content/Satou/KTP_Effect/Materials/M_botton06_2.uasset" 7942
"C:/24CI0412MP/Content/Satou/KTP_Effect/Materials/M_botton06_1.uasset" 7943
"C:/24CI0412MP/Content/Satou/KTP_Effect/Materials/M_botton05_8.uasset" 7944
"C:/24CI0412MP/Content/Satou/KTP_Effect/Materials/M_botton05_7.uasset" 7945
"C:/24CI0412MP/Content/Satou/KTP_Effect/Materials/M_botton05_6.uasset" 7946
"C:/24CI0412MP/Content/Satou/KTP_Effect/Materials/M_botton05_4.uasset" 7947
"C:/24CI0412MP/Content/Satou/KTP_Effect/Materials/M_botton05_3.uasset" 7948
"C:/24CI0412MP/Content/Satou/KTP_Effect/Materials/M_botton05_5.uasset" 7949
"C:/24CI0412MP/Content/Satou/KTP_Effect/Materials/M_botton05_2.uasset" 7950
"C:/24CI0412MP/Content/Satou/KTP_Effect/Materials/M_botton05_1.uasset" 7951
"C:/24CI0412MP/Content/Satou/KTP_Effect/Materials/M_botton04_8.uasset" 7952
"C:/24CI0412MP/Content/Satou/KTP_Effect/Materials/M_botton04_7.uasset" 7953
"C:/24CI0412MP/Content/Satou/KTP_Effect/Materials/M_botton04_6.uasset" 7954
"C:/24CI0412MP/Content/Satou/KTP_Effect/Materials/M_botton04_3.uasset" 7955
"C:/24CI0412MP/Content/Satou/KTP_Effect/Materials/M_botton04_4.uasset" 7956
"C:/24CI0412MP/Content/Satou/KTP_Effect/Materials/M_botton04_5.uasset" 7957
"C:/24CI0412MP/Content/Satou/KTP_Effect/Materials/M_botton03_8.uasset" 7958
"C:/24CI0412MP/Content/Satou/KTP_Effect/Materials/M_botton04_1.uasset" 7959
"C:/24CI0412MP/Content/Satou/KTP_Effect/Materials/M_botton03_7.uasset" 7960
"C:/24CI0412MP/Content/Satou/KTP_Effect/Materials/M_botton03_6.uasset" 7961
"C:/24CI0412MP/Content/Satou/KTP_Effect/Materials/M_botton03_4.uasset" 7962
"C:/24CI0412MP/Content/Satou/KTP_Effect/Materials/M_botton03_5.uasset" 7963
"C:/24CI0412MP/Content/Satou/KTP_Effect/Materials/M_botton03_3.uasset" 7964
"C:/24CI0412MP/Content/Satou/KTP_Effect/Materials/M_botton03_1.uasset" 7965
"C:/24CI0412MP/Content/Satou/KTP_Effect/Materials/M_botton03_2.uasset" 7966
"C:/24CI0412MP/Content/Satou/KTP_Effect/Materials/M_botton02_6.uasset" 7967
"C:/24CI0412MP/Content/Satou/KTP_Effect/Materials/M_botton02_8.uasset" 7968
"C:/24CI0412MP/Content/Satou/KTP_Effect/Materials/M_botton02_4.uasset" 7969
"C:/24CI0412MP/Content/Satou/KTP_Effect/Materials/M_botton02_5.uasset" 7970
"C:/24CI0412MP/Content/Satou/KTP_Effect/Materials/M_botton02_2.uasset" 7971
"C:/24CI0412MP/Content/Satou/KTP_Effect/Materials/M_botton02_1.uasset" 7972
"C:/24CI0412MP/Content/Satou/KTP_Effect/Materials/M_botton01_8.uasset" 7973
"C:/24CI0412MP/Content/Satou/KTP_Effect/Materials/M_botton02_3.uasset" 7974
"C:/24CI0412MP/Content/Satou/KTP_Effect/Materials/M_botton01_7.uasset" 7975
"C:/24CI0412MP/Content/Satou/KTP_Effect/Materials/M_botton01_6.uasset" 7976
"C:/24CI0412MP/Content/Satou/KTP_Effect/Materials/M_botton01_5.uasset" 7977
"C:/24CI0412MP/Content/Satou/KTP_Effect/Materials/M_botton01_4.uasset" 7978
"C:/24CI0412MP/Content/Satou/KTP_Effect/Materials/M_botton04_2.uasset" 7979
"C:/24CI0412MP/Content/Satou/KTP_Effect/Materials/M_botton01_3.uasset" 7980
"C:/24CI0412MP/Content/Satou/KTP_Effect/Materials/M_botton01_2.uasset" 7981
"C:/24CI0412MP/Content/Satou/KTP_Effect/Materials/M_botton01_1.uasset" 7982
"C:/24CI0412MP/Content/KTP_Effect/Materials/PublicMaterials/M_ring.uasset" 7983
"C:/24CI0412MP/Content/KTP_Effect/Materials/PublicMaterials/M_hit_fly.uasset" 7984
"C:/24CI0412MP/Content/KTP_Effect/Materials/PublicMaterials/M_FX_wwin_13.uasset" 7985
"C:/24CI0412MP/Content/KTP_Effect/Materials/PublicMaterials/M_FX_Aura_botton03_3.uasset" 7986
"C:/24CI0412MP/Content/KTP_Effect/Materials/PublicMaterials/M_FX_Aura_21.uasset" 7987
"C:/24CI0412MP/Content/KTP_Effect/Materials/PublicMaterials/M_FX_Aura_07_en.uasset" 7988
"C:/24CI0412MP/Content/KTP_Effect/Materials/PublicMaterials/M_fire01_bt20.uasset" 7989
"C:/24CI0412MP/Content/KTP_Effect/Materials/PublicMaterials/M_fire01_bt15.uasset" 7990
"C:/24CI0412MP/Content/KTP_Effect/Materials/PublicMaterials/M_fire01_bt11.uasset" 7991
"C:/24CI0412MP/Content/KTP_Effect/Materials/PublicMaterials/M_fire01_BT10.uasset" 7992
"C:/24CI0412MP/Content/KTP_Effect/Materials/PublicMaterials/M_fire01_bt02.uasset" 7993
"C:/24CI0412MP/Content/KTP_Effect/Materials/PublicMaterials/M_fire01_24.uasset" 7994
"C:/24CI0412MP/Content/KTP_Effect/Materials/PublicMaterials/M_fire01_17.uasset" 7995
"C:/24CI0412MP/Content/KTP_Effect/Materials/PublicMaterials/M_Bullet_01.uasset" 7996
"C:/24CI0412MP/Content/KTP_Effect/Materials/M_fly10_9.uasset" 7997
"C:/24CI0412MP/Content/KTP_Effect/Materials/M_fly10_8.uasset" 7998
"C:/24CI0412MP/Content/KTP_Effect/Materials/M_fly10_7.uasset" 7999
"C:/24CI0412MP/Content/KTP_Effect/Materials/M_fly10_6.uasset" 8000
"C:/24CI0412MP/Content/KTP_Effect/Materials/M_fly10_5.uasset" 8001
"C:/24CI0412MP/Content/KTP_Effect/Materials/M_fly10_4.uasset" 8002
"C:/24CI0412MP/Content/KTP_Effect/Materials/M_fly10_2.uasset" 8003
"C:/24CI0412MP/Content/KTP_Effect/Materials/M_fly10_3.uasset" 8004
"C:/24CI0412MP/Content/KTP_Effect/Materials/M_fly10_1.uasset" 8005
"C:/24CI0412MP/Content/KTP_Effect/Materials/M_fly09_9.uasset" 8006
"C:/24CI0412MP/Content/KTP_Effect/Materials/M_fly09_7.uasset" 8007
"C:/24CI0412MP/Content/KTP_Effect/Materials/M_fly09_6.uasset" 8008
"C:/24CI0412MP/Content/KTP_Effect/Materials/M_fly09_4.uasset" 8009
"C:/24CI0412MP/Content/KTP_Effect/Materials/M_fly09_5.uasset" 8010
"C:/24CI0412MP/Content/KTP_Effect/Materials/M_fly09_8.uasset" 8011
"C:/24CI0412MP/Content/KTP_Effect/Materials/M_fly09_3.uasset" 8012
"C:/24CI0412MP/Content/KTP_Effect/Materials/M_fly08_9.uasset" 8013
"C:/24CI0412MP/Content/KTP_Effect/Materials/M_fly09_2.uasset" 8014
"C:/24CI0412MP/Content/KTP_Effect/Materials/M_fly08_8.uasset" 8015
"C:/24CI0412MP/Content/KTP_Effect/Materials/M_fly08_7.uasset" 8016
"C:/24CI0412MP/Content/KTP_Effect/Materials/M_fly09_1.uasset" 8017
"C:/24CI0412MP/Content/KTP_Effect/Materials/M_fly08_5.uasset" 8018
"C:/24CI0412MP/Content/KTP_Effect/Materials/M_fly08_3.uasset" 8019
"C:/24CI0412MP/Content/KTP_Effect/Materials/M_fly08_2.uasset" 8020
"C:/24CI0412MP/Content/KTP_Effect/Materials/M_fly08_1.uasset" 8021
"C:/24CI0412MP/Content/KTP_Effect/Materials/M_fly08_6.uasset" 8022
"C:/24CI0412MP/Content/KTP_Effect/Materials/M_fly08_4.uasset" 8023
"C:/24CI0412MP/Content/KTP_Effect/Materials/M_fly07_9.uasset" 8024
"C:/24CI0412MP/Content/KTP_Effect/Materials/M_fly07_6.uasset" 8025
"C:/24CI0412MP/Content/KTP_Effect/Materials/M_fly07_7.uasset" 8026
"C:/24CI0412MP/Content/KTP_Effect/Materials/M_fly07_4.uasset" 8027
"C:/24CI0412MP/Content/KTP_Effect/Materials/M_fly07_5.uasset" 8028
"C:/24CI0412MP/Content/KTP_Effect/Materials/M_fly07_8.uasset" 8029
"C:/24CI0412MP/Content/KTP_Effect/Materials/M_fly07_2.uasset" 8030
"C:/24CI0412MP/Content/KTP_Effect/Materials/M_fly07_3.uasset" 8031
"C:/24CI0412MP/Content/KTP_Effect/Materials/M_fly06_9.uasset" 8032
"C:/24CI0412MP/Content/KTP_Effect/Materials/M_fly06_8.uasset" 8033
"C:/24CI0412MP/Content/KTP_Effect/Materials/M_fly06_7.uasset" 8034
"C:/24CI0412MP/Content/KTP_Effect/Materials/M_fly06_6.uasset" 8035
"C:/24CI0412MP/Content/KTP_Effect/Materials/M_fly06_3.uasset" 8036
"C:/24CI0412MP/Content/KTP_Effect/Materials/M_fly06_2.uasset" 8037
"C:/24CI0412MP/Content/KTP_Effect/Materials/M_fly06_5.uasset" 8038
"C:/24CI0412MP/Content/KTP_Effect/Materials/M_fly06_4.uasset" 8039
"C:/24CI0412MP/Content/KTP_Effect/Materials/M_fly05_9.uasset" 8040
"C:/24CI0412MP/Content/KTP_Effect/Materials/M_fly06_1.uasset" 8041
"C:/24CI0412MP/Content/KTP_Effect/Materials/M_fly05_8.uasset" 8042
"C:/24CI0412MP/Content/KTP_Effect/Materials/M_fly05_7.uasset" 8043
"C:/24CI0412MP/Content/KTP_Effect/Materials/M_fly05_5.uasset" 8044
"C:/24CI0412MP/Content/KTP_Effect/Materials/M_fly05_4.uasset" 8045
"C:/24CI0412MP/Content/KTP_Effect/Materials/M_fly05_3.uasset" 8046
"C:/24CI0412MP/Content/KTP_Effect/Materials/M_fly05_2.uasset" 8047
"C:/24CI0412MP/Content/KTP_Effect/Materials/M_fly05_6.uasset" 8048
"C:/24CI0412MP/Content/KTP_Effect/Materials/M_fly05_1.uasset" 8049
"C:/24CI0412MP/Content/KTP_Effect/Materials/M_fly04_9.uasset" 8050
"C:/24CI0412MP/Content/KTP_Effect/Materials/M_fly04_8.uasset" 8051
"C:/24CI0412MP/Content/KTP_Effect/Materials/M_fly04_7.uasset" 8052
"C:/24CI0412MP/Content/KTP_Effect/Materials/M_fly07_1.uasset" 8053
"C:/24CI0412MP/Content/KTP_Effect/Materials/M_fly04_6.uasset" 8054
"C:/24CI0412MP/Content/KTP_Effect/Materials/M_fly04_5.uasset" 8055
"C:/24CI0412MP/Content/KTP_Effect/Materials/M_fly04_4.uasset" 8056
"C:/24CI0412MP/Content/KTP_Effect/Materials/M_fly04_3.uasset" 8057
"C:/24CI0412MP/Content/KTP_Effect/Materials/M_fly04_2.uasset" 8058
"C:/24CI0412MP/Content/KTP_Effect/Materials/M_fly03_9.uasset" 8059
"C:/24CI0412MP/Content/KTP_Effect/Materials/M_fly03_7.uasset" 8060
"C:/24CI0412MP/Content/KTP_Effect/Materials/M_fly03_5.uasset" 8061
"C:/24CI0412MP/Content/KTP_Effect/Materials/M_fly03_6.uasset" 8062
"C:/24CI0412MP/Content/KTP_Effect/Materials/M_fly03_4.uasset" 8063
"C:/24CI0412MP/Content/KTP_Effect/Materials/M_fly03_3.uasset" 8064
"C:/24CI0412MP/Content/KTP_Effect/Materials/M_fly03_1.uasset" 8065
"C:/24CI0412MP/Content/KTP_Effect/Materials/M_fly03_2.uasset" 8066
"C:/24CI0412MP/Content/KTP_Effect/Materials/M_fly02_9.uasset" 8067
"C:/24CI0412MP/Content/KTP_Effect/Materials/M_fly02_7.uasset" 8068
"C:/24CI0412MP/Content/KTP_Effect/Materials/M_fly02_8.uasset" 8069
"C:/24CI0412MP/Content/KTP_Effect/Materials/M_fly02_6.uasset" 8070
"C:/24CI0412MP/Content/KTP_Effect/Materials/M_fly04_1.uasset" 8071
"C:/24CI0412MP/Content/KTP_Effect/Materials/M_fly02_5.uasset" 8072
"C:/24CI0412MP/Content/KTP_Effect/Materials/M_fly02_4.uasset" 8073
"C:/24CI0412MP/Content/KTP_Effect/Materials/M_fly02_3.uasset" 8074
"C:/24CI0412MP/Content/KTP_Effect/Materials/M_fly02_1.uasset" 8075
"C:/24CI0412MP/Content/KTP_Effect/Materials/M_fire01_9.uasset" 8076
"C:/24CI0412MP/Content/KTP_Effect/Materials/M_fly02_2.uasset" 8077
"C:/24CI0412MP/Content/KTP_Effect/Materials/M_fire01_8.uasset" 8078
"C:/24CI0412MP/Content/KTP_Effect/Materials/M_fire01_6.uasset" 8079
"C:/24CI0412MP/Content/KTP_Effect/Materials/M_fire01_5.uasset" 8080
"C:/24CI0412MP/Content/KTP_Effect/Materials/M_fire01_7.uasset" 8081
"C:/24CI0412MP/Content/KTP_Effect/Materials/M_fire01_4.uasset" 8082
"C:/24CI0412MP/Content/KTP_Effect/Materials/M_fire01_1.uasset" 8083
"C:/24CI0412MP/Content/KTP_Effect/Materials/M_fire01_2.uasset" 8084
"C:/24CI0412MP/Content/KTP_Effect/Materials/M_botton20_8.uasset" 8085
"C:/24CI0412MP/Content/KTP_Effect/Materials/M_botton20_5.uasset" 8086
"C:/24CI0412MP/Content/KTP_Effect/Materials/M_botton20_7.uasset" 8087
"C:/24CI0412MP/Content/KTP_Effect/Materials/M_botton20_6.uasset" 8088
"C:/24CI0412MP/Content/KTP_Effect/Materials/M_botton20_3.uasset" 8089
"C:/24CI0412MP/Content/KTP_Effect/Materials/M_botton20_1.uasset" 8090
"C:/24CI0412MP/Content/KTP_Effect/Materials/M_botton20_4.uasset" 8091
"C:/24CI0412MP/Content/KTP_Effect/Materials/M_botton20_2.uasset" 8092
"C:/24CI0412MP/Content/KTP_Effect/Materials/M_botton19_7.uasset" 8093
"C:/24CI0412MP/Content/KTP_Effect/Materials/M_botton19_6.uasset" 8094
"C:/24CI0412MP/Content/KTP_Effect/Materials/M_botton19_5.uasset" 8095
"C:/24CI0412MP/Content/KTP_Effect/Materials/M_botton19_3.uasset" 8096
"C:/24CI0412MP/Content/KTP_Effect/Materials/M_botton19_8.uasset" 8097
"C:/24CI0412MP/Content/KTP_Effect/Materials/M_botton19_2.uasset" 8098
"C:/24CI0412MP/Content/KTP_Effect/Materials/M_botton19_4.uasset" 8099
"C:/24CI0412MP/Content/KTP_Effect/Materials/M_botton19_1.uasset" 8100
"C:/24CI0412MP/Content/KTP_Effect/Materials/M_botton18_8.uasset" 8101
"C:/24CI0412MP/Content/KTP_Effect/Materials/M_botton18_7.uasset" 8102
"C:/24CI0412MP/Content/KTP_Effect/Materials/M_botton18_6.uasset" 8103
"C:/24CI0412MP/Content/KTP_Effect/Materials/M_botton18_5.uasset" 8104
"C:/24CI0412MP/Content/KTP_Effect/Materials/M_botton18_3.uasset" 8105
"C:/24CI0412MP/Content/KTP_Effect/Materials/M_botton18_4.uasset" 8106
"C:/24CI0412MP/Content/KTP_Effect/Materials/M_botton18_2.uasset" 8107
"C:/24CI0412MP/Content/KTP_Effect/Materials/M_botton18_1.uasset" 8108
"C:/24CI0412MP/Content/KTP_Effect/Materials/M_botton17_7.uasset" 8109
"C:/24CI0412MP/Content/KTP_Effect/Materials/M_botton17_8.uasset" 8110
"C:/24CI0412MP/Content/KTP_Effect/Materials/M_botton17_6.uasset" 8111
"C:/24CI0412MP/Content/KTP_Effect/Materials/M_fire01_3.uasset" 8112
"C:/24CI0412MP/Content/KTP_Effect/Materials/M_botton17_5.uasset" 8113
"C:/24CI0412MP/Content/KTP_Effect/Materials/M_botton17_4.uasset" 8114
"C:/24CI0412MP/Content/KTP_Effect/Materials/M_botton17_3.uasset" 8115
"C:/24CI0412MP/Content/KTP_Effect/Materials/M_botton17_2.uasset" 8116
"C:/24CI0412MP/Content/KTP_Effect/Materials/M_botton16_8.uasset" 8117
"C:/24CI0412MP/Content/KTP_Effect/Materials/M_botton17_1.uasset" 8118
"C:/24CI0412MP/Content/KTP_Effect/Materials/M_botton16_5.uasset" 8119
"C:/24CI0412MP/Content/KTP_Effect/Materials/M_botton16_6.uasset" 8120
"C:/24CI0412MP/Content/KTP_Effect/Materials/M_botton16_7.uasset" 8121
"C:/24CI0412MP/Content/KTP_Effect/Materials/M_botton16_4.uasset" 8122
"C:/24CI0412MP/Content/KTP_Effect/Materials/M_botton16_2.uasset" 8123
"C:/24CI0412MP/Content/KTP_Effect/Materials/M_botton16_3.uasset" 8124
"C:/24CI0412MP/Content/KTP_Effect/Materials/M_botton16_1.uasset" 8125
"C:/24CI0412MP/Content/KTP_Effect/Materials/M_botton15_8.uasset" 8126
"C:/24CI0412MP/Content/KTP_Effect/Materials/M_botton15_6.uasset" 8127
"C:/24CI0412MP/Content/KTP_Effect/Materials/M_botton15_5.uasset" 8128
"C:/24CI0412MP/Content/KTP_Effect/Materials/M_botton15_7.uasset" 8129
"C:/24CI0412MP/Content/KTP_Effect/Materials/M_botton15_4.uasset" 8130
"C:/24CI0412MP/Content/KTP_Effect/Materials/M_botton15_3.uasset" 8131
"C:/24CI0412MP/Content/KTP_Effect/Materials/M_botton14_8.uasset" 8132
"C:/24CI0412MP/Content/KTP_Effect/Materials/M_botton14_5.uasset" 8133
"C:/24CI0412MP/Content/KTP_Effect/Materials/M_botton14_6.uasset" 8134
"C:/24CI0412MP/Content/KTP_Effect/Materials/M_botton14_7.uasset" 8135
"C:/24CI0412MP/Content/KTP_Effect/Materials/M_botton15_1.uasset" 8136
"C:/24CI0412MP/Content/KTP_Effect/Materials/M_botton14_4.uasset" 8137
"C:/24CI0412MP/Content/KTP_Effect/Materials/M_botton14_2.uasset" 8138
"C:/24CI0412MP/Content/KTP_Effect/Materials/M_botton14_3.uasset" 8139
"C:/24CI0412MP/Content/KTP_Effect/Materials/M_botton15_2.uasset" 8140
"C:/24CI0412MP/Content/KTP_Effect/Materials/M_botton13_8.uasset" 8141
"C:/24CI0412MP/Content/KTP_Effect/Materials/M_botton14_1.uasset" 8142
"C:/24CI0412MP/Content/KTP_Effect/Materials/M_botton13_7.uasset" 8143
"C:/24CI0412MP/Content/KTP_Effect/Materials/M_botton13_6.uasset" 8144
"C:/24CI0412MP/Content/KTP_Effect/Materials/M_botton13_5.uasset" 8145
"C:/24CI0412MP/Content/KTP_Effect/Materials/M_botton13_4.uasset" 8146
"C:/24CI0412MP/Content/KTP_Effect/Materials/M_botton13_3.uasset" 8147
"C:/24CI0412MP/Content/KTP_Effect/Materials/M_botton13_1.uasset" 8148
"C:/24CI0412MP/Content/KTP_Effect/Materials/M_botton12_8.uasset" 8149
"C:/24CI0412MP/Content/KTP_Effect/Materials/M_botton13_2.uasset" 8150
"C:/24CI0412MP/Content/KTP_Effect/Materials/M_botton12_4.uasset" 8151
"C:/24CI0412MP/Content/KTP_Effect/Materials/M_botton12_5.uasset" 8152
"C:/24CI0412MP/Content/KTP_Effect/Materials/M_botton12_6.uasset" 8153
"C:/24CI0412MP/Content/KTP_Effect/Materials/M_botton12_7.uasset" 8154
"C:/24CI0412MP/Content/KTP_Effect/Materials/M_botton12_3.uasset" 8155
"C:/24CI0412MP/Content/KTP_Effect/Materials/M_botton12_2.uasset" 8156
"C:/24CI0412MP/Content/KTP_Effect/Materials/M_botton12_1.uasset" 8157
"C:/24CI0412MP/Content/KTP_Effect/Materials/M_botton11_8.uasset" 8158
"C:/24CI0412MP/Content/KTP_Effect/Materials/M_botton11_7.uasset" 8159
"C:/24CI0412MP/Content/KTP_Effect/Materials/M_botton11_6.uasset" 8160
"C:/24CI0412MP/Content/KTP_Effect/Materials/M_botton11_5.uasset" 8161
"C:/24CI0412MP/Content/KTP_Effect/Materials/M_botton11_4.uasset" 8162
"C:/24CI0412MP/Content/KTP_Effect/Materials/M_botton11_3.uasset" 8163
"C:/24CI0412MP/Content/KTP_Effect/Materials/M_botton11_2.uasset" 8164
"C:/24CI0412MP/Content/KTP_Effect/Materials/M_botton11_1.uasset" 8165
"C:/24CI0412MP/Content/KTP_Effect/Materials/M_botton10-8.uasset" 8166
"C:/24CI0412MP/Content/KTP_Effect/Materials/M_botton10-7.uasset" 8167
"C:/24CI0412MP/Content/KTP_Effect/Materials/M_botton10-6.uasset" 8168
"C:/24CI0412MP/Content/KTP_Effect/Materials/M_botton10-5.uasset" 8169
"C:/24CI0412MP/Content/KTP_Effect/Materials/M_botton10-4.uasset" 8170
"C:/24CI0412MP/Content/KTP_Effect/Materials/M_botton10-3.uasset" 8171
"C:/24CI0412MP/Content/KTP_Effect/Materials/M_botton10-2.uasset" 8172
"C:/24CI0412MP/Content/KTP_Effect/Materials/M_botton10-1.uasset" 8173
"C:/24CI0412MP/Content/KTP_Effect/Materials/M_botton09-8.uasset" 8174
"C:/24CI0412MP/Content/KTP_Effect/Materials/M_botton09-7.uasset" 8175
"C:/24CI0412MP/Content/KTP_Effect/Materials/M_botton09-6.uasset" 8176
"C:/24CI0412MP/Content/KTP_Effect/Materials/M_botton09-5.uasset" 8177
"C:/24CI0412MP/Content/KTP_Effect/Materials/M_botton09-4.uasset" 8178
"C:/24CI0412MP/Content/KTP_Effect/Materials/M_botton09-2.uasset" 8179
"C:/24CI0412MP/Content/KTP_Effect/Materials/M_botton09-3.uasset" 8180
"C:/24CI0412MP/Content/KTP_Effect/Materials/M_botton08_7.uasset" 8181
"C:/24CI0412MP/Content/KTP_Effect/Materials/M_botton09-1.uasset" 8182
"C:/24CI0412MP/Content/KTP_Effect/Materials/M_botton08_6.uasset" 8183
"C:/24CI0412MP/Content/KTP_Effect/Materials/M_botton08_8.uasset" 8184
"C:/24CI0412MP/Content/KTP_Effect/Materials/M_botton08_4.uasset" 8185
"C:/24CI0412MP/Content/KTP_Effect/Materials/M_botton08_5.uasset" 8186
"C:/24CI0412MP/Content/KTP_Effect/Materials/M_botton08_2.uasset" 8187
"C:/24CI0412MP/Content/KTP_Effect/Materials/M_botton07_7.uasset" 8188
"C:/24CI0412MP/Content/KTP_Effect/Materials/M_botton08_1.uasset" 8189
"C:/24CI0412MP/Content/KTP_Effect/Materials/M_botton07_8.uasset" 8190
"C:/24CI0412MP/Content/KTP_Effect/Materials/M_botton07_5.uasset" 8191
"C:/24CI0412MP/Content/KTP_Effect/Materials/M_botton07_6.uasset" 8192
"C:/24CI0412MP/Content/KTP_Effect/Materials/M_botton07_3.uasset" 8193
"C:/24CI0412MP/Content/KTP_Effect/Materials/M_botton07_1.uasset" 8194
"C:/24CI0412MP/Content/KTP_Effect/Materials/M_botton07_2.uasset" 8195
"C:/24CI0412MP/Content/KTP_Effect/Materials/M_botton08_3.uasset" 8196
"C:/24CI0412MP/Content/KTP_Effect/Materials/M_botton07_4.uasset" 8197
"C:/24CI0412MP/Content/KTP_Effect/Materials/M_botton06_7.uasset" 8198
"C:/24CI0412MP/Content/KTP_Effect/Materials/M_botton06_8.uasset" 8199
"C:/24CI0412MP/Content/KTP_Effect/Materials/M_botton06_5.uasset" 8200
"C:/24CI0412MP/Content/KTP_Effect/Materials/M_botton06_6.uasset" 8201
"C:/24CI0412MP/Content/KTP_Effect/Materials/M_botton06_4.uasset" 8202
"C:/24CI0412MP/Content/KTP_Effect/Materials/M_botton06_3.uasset" 8203
"C:/24CI0412MP/Content/KTP_Effect/Materials/M_botton06_2.uasset" 8204
"C:/24CI0412MP/Content/KTP_Effect/Materials/M_botton06_1.uasset" 8205
"C:/24CI0412MP/Content/KTP_Effect/Materials/M_botton05_8.uasset" 8206
"C:/24CI0412MP/Content/KTP_Effect/Materials/M_botton05_6.uasset" 8207
"C:/24CI0412MP/Content/KTP_Effect/Materials/M_botton05_7.uasset" 8208
"C:/24CI0412MP/Content/KTP_Effect/Materials/M_botton05_4.uasset" 8209
"C:/24CI0412MP/Content/KTP_Effect/Materials/M_botton05_5.uasset" 8210
"C:/24CI0412MP/Content/KTP_Effect/Materials/M_botton05_2.uasset" 8211
"C:/24CI0412MP/Content/KTP_Effect/Materials/M_botton05_3.uasset" 8212
"C:/24CI0412MP/Content/KTP_Effect/Materials/M_botton05_1.uasset" 8213
"C:/24CI0412MP/Content/KTP_Effect/Materials/M_botton04_8.uasset" 8214
"C:/24CI0412MP/Content/KTP_Effect/Materials/M_botton04_6.uasset" 8215
"C:/24CI0412MP/Content/KTP_Effect/Materials/M_botton04_7.uasset" 8216
"C:/24CI0412MP/Content/KTP_Effect/Materials/M_botton04_5.uasset" 8217
"C:/24CI0412MP/Content/KTP_Effect/Materials/M_botton04_4.uasset" 8218
"C:/24CI0412MP/Content/KTP_Effect/Materials/M_botton04_3.uasset" 8219
"C:/24CI0412MP/Content/KTP_Effect/Materials/M_botton04_1.uasset" 8220
"C:/24CI0412MP/Content/KTP_Effect/Materials/M_botton03_8.uasset" 8221
"C:/24CI0412MP/Content/KTP_Effect/Materials/M_botton03_7.uasset" 8222
"C:/24CI0412MP/Content/KTP_Effect/Materials/M_botton03_5.uasset" 8223
"C:/24CI0412MP/Content/KTP_Effect/Materials/M_botton03_4.uasset" 8224
"C:/24CI0412MP/Content/KTP_Effect/Materials/M_botton03_6.uasset" 8225
"C:/24CI0412MP/Content/KTP_Effect/Materials/M_botton04_2.uasset" 8226
"C:/24CI0412MP/Content/KTP_Effect/Materials/M_botton02_8.uasset" 8227
"C:/24CI0412MP/Content/KTP_Effect/Materials/M_botton03_2.uasset" 8228
"C:/24CI0412MP/Content/KTP_Effect/Materials/M_botton03_1.uasset" 8229
"C:/24CI0412MP/Content/KTP_Effect/Materials/M_botton03_3.uasset" 8230
"C:/24CI0412MP/Content/KTP_Effect/Materials/M_botton02_6.uasset" 8231
"C:/24CI0412MP/Content/KTP_Effect/Materials/M_botton02_4.uasset" 8232
"C:/24CI0412MP/Content/KTP_Effect/Materials/M_botton02_5.uasset" 8233
"C:/24CI0412MP/Content/KTP_Effect/Materials/M_botton02_1.uasset" 8234
"C:/24CI0412MP/Content/KTP_Effect/Materials/M_botton02_3.uasset" 8235
"C:/24CI0412MP/Content/KTP_Effect/Materials/M_botton01_8.uasset" 8236
"C:/24CI0412MP/Content/KTP_Effect/Materials/M_botton02_2.uasset" 8237
"C:/24CI0412MP/Content/KTP_Effect/Materials/M_botton01_7.uasset" 8238
"C:/24CI0412MP/Content/KTP_Effect/Materials/M_botton02_7.uasset" 8239
"C:/24CI0412MP/Content/KTP_Effect/Materials/M_botton01_6.uasset" 8240
"C:/24CI0412MP/Content/KTP_Effect/Materials/M_botton01_5.uasset" 8241
"C:/24CI0412MP/Content/KTP_Effect/Materials/M_botton01_4.uasset" 8242
"C:/24CI0412MP/Content/KTP_Effect/Materials/M_botton01_3.uasset" 8243
"C:/24CI0412MP/Content/KTP_Effect/Materials/M_botton01_2.uasset" 8244
"C:/24CI0412MP/Content/KTP_Effect/Materials/M_botton01_1.uasset" 8245
"C:/24CI0412MP/Content/VRTemplate/Materials/Functions/MF_OccludedPixels.uasset" 8246
"C:/24CI0412MP/Content/Characters/MannequinsXR/Materials/Functions/MF_logo3layers.uasset" 8247
"../../../Engine/Content/Functions/Engine_MaterialFunctions02/Texturing/ScreenAlignedUVs.uasset" 8248
"../../../Engine/Content/Maps/Entry.umap" 8249
"../../../Engine/Plugins/Interchange/Runtime/Content/Functions/MX_StandardSurface.uasset" 8250
"../../../Engine/Plugins/Interchange/Runtime/Content/Functions/MX_Transmission.uasset" 8251
"../../../Engine/Content/MapTemplates/SM_Template_Map_Floor.uasset" 8252
"../../../Engine/Plugins/Animation/ControlRig/Content/Controls/ControlRig_Wedge_solid.uasset" 8253
"../../../Engine/Plugins/Animation/ControlRig/Content/Controls/ControlRig_Wedge_3mm.uasset" 8254
"../../../Engine/Plugins/Animation/ControlRig/Content/Controls/ControlRig_Wedge_1mm.uasset" 8255
"../../../Engine/Plugins/Animation/ControlRig/Content/Controls/ControlRig_Triangle_solid.uasset" 8256
"../../../Engine/Plugins/Animation/ControlRig/Content/Controls/ControlRig_Triangle_3mm.uasset" 8257
"../../../Engine/Plugins/Animation/ControlRig/Content/Controls/ControlRig_Triangle_1mm.uasset" 8258
"../../../Engine/Plugins/Animation/ControlRig/Content/Controls/ControlRig_Star4_solid.uasset" 8259
"../../../Engine/Plugins/Animation/ControlRig/Content/Controls/ControlRig_Star4_3mm.uasset" 8260
"../../../Engine/Plugins/Animation/ControlRig/Content/Controls/ControlRig_Star4_1mm.uasset" 8261
"../../../Engine/Plugins/Animation/ControlRig/Content/Controls/ControlRig_Square_solid.uasset" 8262
"../../../Engine/Plugins/Animation/ControlRig/Content/Controls/ControlRig_Square_1mm.uasset" 8263
"../../../Engine/Plugins/Animation/ControlRig/Content/Controls/ControlRig_Square_3mm.uasset" 8264
"../../../Engine/Plugins/Animation/ControlRig/Content/Controls/ControlRig_Sphere_3mm.uasset" 8265
"../../../Engine/Plugins/Animation/ControlRig/Content/Controls/ControlRig_Sphere_1mm.uasset" 8266
"../../../Engine/Plugins/Animation/ControlRig/Content/Controls/ControlRig_RoundedTriangle_solid.uasset" 8267
"../../../Engine/Plugins/Animation/ControlRig/Content/Controls/ControlRig_RoundedTriangle_1mm.uasset" 8268
"../../../Engine/Plugins/Animation/ControlRig/Content/Controls/ControlRig_RoundedSquare_solid.uasset" 8269
"../../../Engine/Plugins/Animation/ControlRig/Content/Controls/ControlRig_RoundedTriangle_3mm.uasset" 8270
"../../../Engine/Plugins/Animation/ControlRig/Content/Controls/ControlRig_RoundedSquare_1mm.uasset" 8271
"../../../Engine/Plugins/Animation/ControlRig/Content/Controls/ControlRig_QuarterCircle_solid.uasset" 8272
"../../../Engine/Plugins/Animation/ControlRig/Content/Controls/ControlRig_QuarterCircle_3mm.uasset" 8273
"../../../Engine/Plugins/Animation/ControlRig/Content/Controls/ControlRig_RoundedSquare_3mm.uasset" 8274
"../../../Engine/Plugins/Animation/ControlRig/Content/Controls/ControlRig_QuarterCircle_1mm.uasset" 8275
"../../../Engine/Plugins/Animation/ControlRig/Content/Controls/ControlRig_Pyramid_3mm.uasset" 8276
"../../../Engine/Plugins/Animation/ControlRig/Content/Controls/ControlRig_Pyramid_solid.uasset" 8277
"../../../Engine/Plugins/Animation/ControlRig/Content/Controls/ControlRig_Pyramid_1mm.uasset" 8278
"../../../Engine/Plugins/Animation/ControlRig/Content/Controls/ControlRig_Octagon_solid.uasset" 8279
"../../../Engine/Plugins/Animation/ControlRig/Content/Controls/ControlRig_Octagon_3mm.uasset" 8280
"../../../Engine/Plugins/Animation/ControlRig/Content/Controls/ControlRig_Octagon_1mm.uasset" 8281
"../../../Engine/Plugins/Animation/ControlRig/Content/Controls/ControlRig_Hexagon_solid.uasset" 8282
"../../../Engine/Plugins/Animation/ControlRig/Content/Controls/ControlRig_Hexagon_3mm.uasset" 8283
"../../../Engine/Plugins/Animation/ControlRig/Content/Controls/ControlRig_Hexagon_1mm.uasset" 8284
"../../../Engine/Plugins/Animation/ControlRig/Content/Controls/ControlRig_HalfCircle_3mm.uasset" 8285
"../../../Engine/Plugins/Animation/ControlRig/Content/Controls/ControlRig_HalfCircle_solid.uasset" 8286
"../../../Engine/Plugins/Animation/ControlRig/Content/Controls/ControlRig_HalfCircle_1mm.uasset" 8287
"../../../Engine/Plugins/Animation/ControlRig/Content/Controls/ControlRig_Diamond_solid.uasset" 8288
"../../../Engine/Plugins/Animation/ControlRig/Content/Controls/ControlRig_Diamond_3mm.uasset" 8289
"../../../Engine/Plugins/Animation/ControlRig/Content/Controls/ControlRig_Diamond_1mm.uasset" 8290
"../../../Engine/Plugins/Animation/ControlRig/Content/Controls/ControlRig_Circle_solid.uasset" 8291
"../../../Engine/Plugins/Animation/ControlRig/Content/Controls/ControlRig_Circle_3mm.uasset" 8292
"../../../Engine/Plugins/Animation/ControlRig/Content/Controls/ControlRig_Circle_1mm.uasset" 8293
"../../../Engine/Plugins/Animation/ControlRig/Content/Controls/ControlRig_Box_solid.uasset" 8294
"../../../Engine/Plugins/Animation/ControlRig/Content/Controls/ControlRig_Box_3mm.uasset" 8295
"../../../Engine/Plugins/Animation/ControlRig/Content/Controls/ControlRig_Box_1mm.uasset" 8296
"../../../Engine/Plugins/Animation/ControlRig/Content/Controls/ControlRig_Arrow_solid.uasset" 8297
"../../../Engine/Plugins/Animation/ControlRig/Content/Controls/ControlRig_Arrow_3mm.uasset" 8298
"../../../Engine/Plugins/Animation/ControlRig/Content/Controls/ControlRig_Arrow_1mm.uasset" 8299
"../../../Engine/Plugins/Animation/ControlRig/Content/Controls/ControlRig_Arrow4_solid.uasset" 8300
"../../../Engine/Plugins/Animation/ControlRig/Content/Controls/ControlRig_Arrow4_3mm.uasset" 8301
"../../../Engine/Plugins/Animation/ControlRig/Content/Controls/ControlRig_Arrow4_1mm.uasset" 8302
"../../../Engine/Plugins/Animation/ControlRig/Content/Controls/ControlRig_Arrow2_3mm.uasset" 8303
"../../../Engine/Plugins/Animation/ControlRig/Content/Controls/ControlRig_Arrow2_1mm.uasset" 8304
"../../../Engine/Plugins/Animation/ControlRig/Content/Controls/ControlRig_Arrow2_solid.uasset" 8305
"C:/24CI0412MP/Content/StarterContent/Blueprints/Assets/SM_Arrows.uasset" 8306
"../../../Engine/Plugins/Animation/ControlRig/Content/Controls/ControlRig_Sphere_solid.uasset" 8307
"C:/24CI0412MP/Content/Satou/KTP_Effect/Mesh/line.uasset" 8308
"C:/24CI0412MP/Content/Satou/KTP_Effect/Mesh/SM_FX_burst_fly03.uasset" 8309
"C:/24CI0412MP/Content/KTP_Effect/Mesh/Ringtrail.uasset" 8310
"C:/24CI0412MP/Content/KTP_Effect/Mesh/line.uasset" 8311
"C:/24CI0412MP/Content/Satou/KTP_Effect/Mesh/Ringtrail.uasset" 8312
"C:/24CI0412MP/Content/Satou/KTP_Effect/Mesh/Aura.uasset" 8313
"C:/24CI0412MP/Content/StarterContent/Props/MaterialSphere.uasset" 8314
"C:/24CI0412MP/Content/VRTemplate/Input/IMC_Default.uasset" 8315
"../../../Engine/Content/VREditor/LaserPointer/CursorPointer.uasset" 8316
"C:/24CI0412MP/Content/KTP_Effect/Mesh/Aura.uasset" 8317
"C:/24CI0412MP/Content/StarterContent/Props/SM_TableRound.uasset" 8318
"C:/24CI0412MP/Content/StarterContent/Props/SM_Shelf.uasset" 8319
"C:/24CI0412MP/Content/StarterContent/Particles/P_Smoke.uasset" 8320
"C:/24CI0412MP/Content/StarterContent/Props/SM_Statue.uasset" 8321
"C:/24CI0412MP/Content/StarterContent/Props/SM_Lamp_Wall.uasset" 8322
"C:/24CI0412MP/Content/StarterContent/Props/SM_Lamp_Ceiling.uasset" 8323
"C:/24CI0412MP/Content/StarterContent/Props/SM_WindowFrame.uasset" 8324
"C:/24CI0412MP/Content/StarterContent/Particles/P_Steam_Lit.uasset" 8325
"C:/24CI0412MP/Content/StarterContent/Props/SM_PillarFrame.uasset" 8326
"C:/24CI0412MP/Content/StarterContent/Props/SM_DoorFrame.uasset" 8327
"C:/24CI0412MP/Content/StarterContent/Props/SM_CornerFrame.uasset" 8328
"C:/24CI0412MP/Content/StarterContent/Props/SM_PillarFrame300.uasset" 8329
"C:/24CI0412MP/Content/StarterContent/Props/SM_Chair.uasset" 8330
"C:/24CI0412MP/Content/StarterContent/Props/SM_Door.uasset" 8331
"C:/24CI0412MP/Content/Satou/Stylized_PBR_Nature/Foliage/Materials/MI_Pine_Trunk.uasset" 8332
"C:/24CI0412MP/Content/StarterContent/Props/SM_Couch.uasset" 8333
"C:/24CI0412MP/Content/Satou/Stylized_PBR_Nature/Foliage/Materials/MI_Common_Tree_10.uasset" 8334
"C:/24CI0412MP/Content/Satou/Stylized_PBR_Nature/Foliage/Materials/MI_Common_Tree_11.uasset" 8335
"C:/24CI0412MP/Content/Satou/Stylized_PBR_Nature/Rocks/Materials/MI_S_Rock_7-11.uasset" 8336
"C:/24CI0412MP/Content/Satou/Stylized_PBR_Nature/Foliage/Materials/MI_Common_Tree_08.uasset" 8337
"C:/24CI0412MP/Content/StarterContent/Props/SM_Bush.uasset" 8338
"C:/24CI0412MP/Content/Satou/Stylized_PBR_Nature/Rocks/Materials/MI_R_Rock_1-5.uasset" 8339
"C:/24CI0412MP/Content/Satou/Stylized_PBR_Nature/Foliage/Materials/MI_Common_Tree_07.uasset" 8340
"C:/24CI0412MP/Content/StarterContent/Particles/P_Ambient_Dust.uasset" 8341
"C:/24CI0412MP/Content/Satou/Stylized_PBR_Nature/Foliage/Materials/MI_Common_Tree_03.uasset" 8342
"C:/24CI0412MP/Content/Satou/Stylized_PBR_Nature/Foliage/Materials/MI_Common_Tree_09.uasset" 8343
"C:/24CI0412MP/Content/Satou/Stylized_PBR_Nature/Foliage/Materials/MI_Common_Tree_02.uasset" 8344
"C:/24CI0412MP/Content/Satou/Stylized_PBR_Nature/Foliage/Materials/MI_Common_Tree_06.uasset" 8345
"C:/24CI0412MP/Content/Satou/Stylized_PBR_Nature/Foliage/Materials/MI_Common_Tree_04.uasset" 8346
"C:/24CI0412MP/Content/Satou/Stylized_PBR_Nature/Foliage/Materials/MI_Common_Tree_05.uasset" 8347
"C:/24CI0412MP/Content/Morimoto/Pomeranian-Regular_Font.uasset" 8348
"C:/24CI0412MP/Content/Mediterranean_Coast/Materials/MI_Mediterranean_lake.uasset" 8349
"C:/24CI0412MP/Content/Mediterranean_Coast/Materials/MI_Mediterranean_River.uasset" 8350
"C:/24CI0412MP/Content/Mediterranean_Coast/Materials/MI_Mediterranean_Sea.uasset" 8351
"C:/24CI0412MP/Content/Satou/Stylized_PBR_Nature/Foliage/Materials/MI_Common_Tree_01.uasset" 8352
"C:/24CI0412MP/Content/Mediterranean_Coast/Materials/MI_GroundDebris.uasset" 8353
"C:/24CI0412MP/Content/Satou/Stylized_PBR_Nature/Rocks/Materials/MI_S_Rock_1-6.uasset" 8354
"C:/24CI0412MP/Content/Mediterranean_Coast/Materials/Material_Functions/Landscape_Layers/MF_RocksLayer.uasset" 8355
"C:/24CI0412MP/Content/Mediterranean_Coast/Materials/Material_Functions/Landscape_Layers/MF_SandLayer.uasset" 8356
"C:/24CI0412MP/Content/Mediterranean_Coast/Materials/Material_Functions/Landscape_Layers/MF_GrassLayer.uasset" 8357
"C:/24CI0412MP/Content/Mediterranean_Coast/Materials/Material_Functions/Landscape_Layers/MF_GroundLayer.uasset" 8358
"C:/24CI0412MP/Content/Mediterranean_Coast/Materials/MI_PineBark.uasset" 8359
"C:/24CI0412MP/Content/Mediterranean_Coast/Materials/Material_Functions/Landscape_Layers/MF_CliffLayer.uasset" 8360
"C:/24CI0412MP/Content/Mediterranean_Coast/Materials/MI_OliveBark_02.uasset" 8361
"C:/24CI0412MP/Content/Mediterranean_Coast/Materials/MI_PineBark_Props.uasset" 8362
"C:/24CI0412MP/Content/LevelPrototyping/Meshes/SM_ChamferCube.uasset" 8363
"C:/24CI0412MP/Content/Mediterranean_Coast/Materials/Material_Functions/Landscape_Layers/MF_ForestLayer.uasset" 8364
"C:/24CI0412MP/Content/Characters/MannequinsXR/Materials/Functions/MF_Diffraction.uasset" 8365
"C:/24CI0412MP/Content/Mediterranean_Coast/Materials/MI_Background_B.uasset" 8366
"C:/24CI0412MP/Content/FPWeapon/Mesh/FirstPersonProjectileMesh.uasset" 8367
"C:/24CI0412MP/Content/Mediterranean_Coast/Materials/MI_OliveBark_01.uasset" 8368
"C:/24CI0412MP/Content/Mediterranean_Coast/Materials/MI_Background_A.uasset" 8369
"C:/24CI0412MP/Content/Mediterranean_Coast/Materials/MI_Background_A1.uasset" 8370
"C:/24CI0412MP/Content/Mediterranean_Coast/Materials/Material_Functions/MF_LightFoliage.uasset" 8371
"C:/24CI0412MP/Content/LevelPrototyping/Materials/MF_ProcGrid.uasset" 8372
"../../../Engine/Content/Functions/Engine_MaterialFunctions01/Texturing/WorldAlignedTexture.uasset" 8373
"C:/24CI0412MP/Content/Mediterranean_Coast/Materials/Master_Materials/M_Bridge.uasset" 8374
"C:/24CI0412MP/Content/Mediterranean_Coast/Materials/MI_PineCap.uasset" 8375
"../../../Engine/Content/OpenWorldTemplate/LandscapeMaterial/MF_ProcGrid.uasset" 8376
"../../../Engine/Content/Functions/Engine_MaterialFunctions02/Texturing/HeightLerp.uasset" 8377
"C:/24CI0412MP/Content/FPWeapon/Materials/M_FPGun.uasset" 8378
"C:/24CI0412MP/Content/StarterContent/Props/SM_Rock.uasset" 8379
"C:/24CI0412MP/Content/StarterContent/Particles/P_Explosion.uasset" 8380
"C:/24CI0412MP/Content/StarterContent/Particles/P_Sparks.uasset" 8381
"C:/24CI0412MP/Content/Satou/Stylized_PBR_Nature/Foliage/Materials/MI_Pine_Tree_Leaves.uasset" 8382
"C:/24CI0412MP/Content/StarterContent/Blueprints/Assets/M_LightStage_Skybox_HDRI.uasset" 8383
"C:/24CI0412MP/Content/Mediterranean_Coast/Materials/Material_Functions/MF_WindGust.uasset" 8384
"C:/24CI0412MP/Content/StarterContent/Particles/P_Fire.uasset" 8385
"C:/24CI0412MP/Content/Satou/Stylized_PBR_Nature/Foliage/Materials/MI_Common_Tree_Leaves.uasset" 8386
"C:/24CI0412MP/Content/StarterContent/Blueprints/Assets/M_LightStage_Skybox_Black.uasset" 8387
"C:/24CI0412MP/Content/Satou/Stylized_PBR_Nature/Foliage/Materials/MI_Fern.uasset" 8388
"C:/24CI0412MP/Content/Satou/Stylized_PBR_Nature/Foliage/Materials/MI_Grass.uasset" 8389
"../../../Engine/Content/EngineSky/SM_SkySphere.uasset" 8390
"C:/24CI0412MP/Content/Satou/Stylized_PBR_Nature/Foliage/Materials/MI_Bush.uasset" 8391
"../../../Engine/Content/EditorMeshes/MatineeCam_SM.uasset" 8392
"../../../Engine/Content/VREditor/BasicMeshes/MI_Ball_01.uasset" 8393
"../../../Engine/Content/VREditor/BasicMeshes/MI_Cube_01.uasset" 8394
"C:/24CI0412MP/Content/Satou/Stylized_PBR_Nature/Foliage/Materials/MI_Clover.uasset" 8395
"../../../Engine/Content/EditorMeshes/ColorCalibrator/SM_ColorCalibrator.uasset" 8396
"C:/24CI0412MP/Content/Han/BP_Character.uasset" 8397
"C:/24CI0412MP/Content/Mediterranean_Coast/Materials/Master_Materials/M_Debris.uasset" 8398
"C:/24CI0412MP/Content/Mediterranean_Coast/Materials/Master_Materials/M_Cliffs.uasset" 8399
"C:/24CI0412MP/Content/Mediterranean_Coast/Materials/Material_Functions/MF_POM_Billboards.uasset" 8400
"../../../Engine/Plugins/Interchange/Runtime/Content/gltf/M_Unlit.uasset" 8401
"../../../Engine/Plugins/Interchange/Runtime/Content/Functions/MX_OpenPBR_Opaque.uasset" 8402
"../../../Engine/Plugins/Interchange/Runtime/Content/Functions/MX_TransmissionSurface.uasset" 8403
"C:/24CI0412MP/Content/VRTemplate/Materials/M_TeleportNoise.uasset" 8404
"C:/24CI0412MP/Content/VRTemplate/Materials/M_TeleportCylinder.uasset" 8405
"../../../Engine/Content/EditorMaterials/Thumbnails/SkySphereMaterial.uasset" 8406
"C:/24CI0412MP/Content/VRTemplate/Blueprints/Projectile.uasset" 8407
"C:/24CI0412MP/Content/Satou/Blueprints/BP_kariPawn.uasset" 8408
"C:/24CI0412MP/Content/VRTemplate/Input/PMI_VRTemplate.uasset" 8409
"C:/24CI0412MP/Content/StarterContent/Blueprints/Blueprint_Effect_Steam.uasset" 8410
"C:/24CI0412MP/Content/StarterContent/Blueprints/Blueprint_Effect_Smoke.uasset" 8411
"C:/24CI0412MP/Content/StarterContent/Blueprints/Blueprint_WallSconce.uasset" 8412
"C:/24CI0412MP/Content/StarterContent/Blueprints/Blueprint_CeilingLight.uasset" 8413
"C:/24CI0412MP/Content/Satou/Stylized_PBR_Nature/Rocks/Assets/SM_S_Rock_11.uasset" 8414
"C:/24CI0412MP/Content/Satou/Stylized_PBR_Nature/Rocks/Assets/SM_S_Rock_10.uasset" 8415
"C:/24CI0412MP/Content/Satou/Stylized_PBR_Nature/Rocks/Assets/SM_S_Rock_09.uasset" 8416
"C:/24CI0412MP/Content/Satou/Stylized_PBR_Nature/Rocks/Assets/SM_S_Rock_08.uasset" 8417
"C:/24CI0412MP/Content/Satou/Stylized_PBR_Nature/Rocks/Assets/SM_S_Rock_07.uasset" 8418
"C:/24CI0412MP/Content/Satou/Stylized_PBR_Nature/Rocks/Assets/SM_S_Rock_06.uasset" 8419
"C:/24CI0412MP/Content/Satou/Stylized_PBR_Nature/Rocks/Assets/SM_S_Rock_04.uasset" 8420
"C:/24CI0412MP/Content/Satou/Stylized_PBR_Nature/Rocks/Assets/SM_S_Rock_05.uasset" 8421
"C:/24CI0412MP/Content/Satou/Stylized_PBR_Nature/Rocks/Assets/SM_S_Rock_02.uasset" 8422
"C:/24CI0412MP/Content/Satou/Stylized_PBR_Nature/Rocks/Assets/SM_S_Rock_03.uasset" 8423
"C:/24CI0412MP/Content/Satou/Stylized_PBR_Nature/Rocks/Assets/SM_S_Rock_01.uasset" 8424
"C:/24CI0412MP/Content/Satou/Stylized_PBR_Nature/Rocks/Assets/SM_R_Rock_05.uasset" 8425
"C:/24CI0412MP/Content/Satou/Stylized_PBR_Nature/Rocks/Assets/SM_R_Rock_03.uasset" 8426
"C:/24CI0412MP/Content/Satou/Stylized_PBR_Nature/Rocks/Assets/SM_R_Rock_02.uasset" 8427
"C:/24CI0412MP/Content/Satou/Stylized_PBR_Nature/Rocks/Assets/SM_R_Rock_01.uasset" 8428
"C:/24CI0412MP/Content/Satou/Stylized_PBR_Nature/Rocks/Assets/SM_R_Rock_04.uasset" 8429
"C:/24CI0412MP/Content/Mediterranean_Coast/Meshes/SM_River.uasset" 8430
"C:/24CI0412MP/Content/Mediterranean_Coast/Meshes/SM_WoodDebris_04.uasset" 8431
"C:/24CI0412MP/Content/Mediterranean_Coast/Meshes/SM_GroundDebris.uasset" 8432
"C:/24CI0412MP/Content/Mediterranean_Coast/Meshes/SM_WoodDebris_03.uasset" 8433
"C:/24CI0412MP/Content/Mediterranean_Coast/Meshes/SM_WoodDebris_01.uasset" 8434
"C:/24CI0412MP/Content/Mediterranean_Coast/Meshes/SM_WoodDebris_02.uasset" 8435
"C:/24CI0412MP/Content/Mediterranean_Coast/Meshes/SM_Background_B.uasset" 8436
"C:/24CI0412MP/Content/Mediterranean_Coast/Meshes/SM_Background_A.uasset" 8437
"C:/24CI0412MP/Content/Characters/MannequinsXR/Materials/M_Mannequin.uasset" 8438
"C:/24CI0412MP/Content/LevelPrototyping/Materials/M_PrototypeGrid.uasset" 8439
"C:/24CI0412MP/Content/VRTemplate/Materials/M_GridRotation.uasset" 8440
"C:/24CI0412MP/Content/Mediterranean_Coast/Materials/MI_Bridge.uasset" 8441
"../../../Engine/Content/OpenWorldTemplate/LandscapeMaterial/M_ProcGrid.uasset" 8442
"C:/24CI0412MP/Content/Mediterranean_Coast/Materials/Material_Functions/MF_GlobalWind.uasset" 8443
"C:/24CI0412MP/Content/FPWeapon/Mesh/SK_FPGun.uasset" 8444
"C:/24CI0412MP/Content/StarterContent/Blueprints/Blueprint_Effect_Explosion.uasset" 8445
"C:/24CI0412MP/Content/StarterContent/Blueprints/Blueprint_Effect_Sparks.uasset" 8446
"C:/24CI0412MP/Content/Satou/Stylized_PBR_Nature/Foliage/Assets/SM_Pine_Tree_3.uasset" 8447
"C:/24CI0412MP/Content/Satou/Stylized_PBR_Nature/Foliage/Assets/SM_Pine_Tree_2.uasset" 8448
"C:/24CI0412MP/Content/Satou/Stylized_PBR_Nature/Foliage/Assets/SM_Pine_Tree_1.uasset" 8449
"C:/24CI0412MP/Content/StarterContent/Blueprints/Blueprint_Effect_Fire.uasset" 8450
"C:/24CI0412MP/Content/Satou/Stylized_PBR_Nature/Foliage/Assets/SM_Pine_Tree_4.uasset" 8451
"C:/24CI0412MP/Content/Satou/Stylized_PBR_Nature/Foliage/Assets/SM_Grass.uasset" 8452
"C:/24CI0412MP/Content/Satou/Stylized_PBR_Nature/Foliage/Assets/SM_Fern.uasset" 8453
"C:/24CI0412MP/Content/Satou/Stylized_PBR_Nature/Foliage/Assets/SM_Common_Tree_10.uasset" 8454
"C:/24CI0412MP/Content/Satou/Stylized_PBR_Nature/Foliage/Assets/SM_Common_Tree_11.uasset" 8455
"C:/24CI0412MP/Content/Satou/Stylized_PBR_Nature/Foliage/Assets/SM_Common_Tree_08.uasset" 8456
"C:/24CI0412MP/Content/Satou/Stylized_PBR_Nature/Foliage/Assets/SM_Common_Tree_07.uasset" 8457
"C:/24CI0412MP/Content/Satou/Stylized_PBR_Nature/Foliage/Assets/SM_Common_Tree_09.uasset" 8458
"C:/24CI0412MP/Content/Satou/Stylized_PBR_Nature/Foliage/Assets/SM_Common_Tree_06.uasset" 8459
"C:/24CI0412MP/Content/Satou/Stylized_PBR_Nature/Foliage/Assets/SM_Common_Tree_05.uasset" 8460
"C:/24CI0412MP/Content/Satou/Stylized_PBR_Nature/Foliage/Assets/SM_Common_Tree_03.uasset" 8461
"C:/24CI0412MP/Content/Satou/Stylized_PBR_Nature/Foliage/Assets/SM_Common_Tree_04.uasset" 8462
"C:/24CI0412MP/Content/Satou/Stylized_PBR_Nature/Foliage/Assets/SM_Common_Tree_02.uasset" 8463
"C:/24CI0412MP/Content/Satou/Stylized_PBR_Nature/Foliage/Assets/SM_Common_Tree_01.uasset" 8464
"C:/24CI0412MP/Content/Satou/Stylized_PBR_Nature/Foliage/Assets/SM_Clover.uasset" 8465
"C:/24CI0412MP/Content/Satou/Stylized_PBR_Nature/Foliage/Assets/SM_Bush.uasset" 8466
"../../../Engine/Content/EngineSky/BP_Sky_Sphere.uasset" 8467
"C:/24CI0412MP/Content/VRSpectator/VRSpectator.uasset" 8468
"../../../Engine/Content/VREditor/BasicMeshes/SM_Ball_01.uasset" 8469
"../../../Engine/Content/VREditor/BasicMeshes/SM_Cube_01.uasset" 8470
"C:/24CI0412MP/Content/StarterContent/Maps/Minimal_Default.umap" 8471
"C:/24CI0412MP/Content/Mediterranean_Coast/Materials/MI_Rock_E.uasset" 8472
"C:/24CI0412MP/Content/Mediterranean_Coast/Materials/MI_Rock_D.uasset" 8473
"../../../../../../24CI0412MP/Content/FPWeapon/Mesh/SK_FPGun.uasset" 8474
"C:/24CI0412MP/Content/Mediterranean_Coast/Materials/MI_Rock_C.uasset" 8475
"C:/24CI0412MP/Content/Mediterranean_Coast/Materials/MI_Rock_B.uasset" 8476
"C:/24CI0412MP/Content/Mediterranean_Coast/Materials/MI_Rock_A_Mossy.uasset" 8477
"C:/24CI0412MP/Content/Mediterranean_Coast/Materials/MI_Rock_A.uasset" 8478
"C:/24CI0412MP/Content/Mediterranean_Coast/Materials/MI_RockDebris_D.uasset" 8479
"C:/24CI0412MP/Content/Mediterranean_Coast/Materials/MI_RockDebris_C.uasset" 8480
"C:/24CI0412MP/Content/Mediterranean_Coast/Materials/MI_RockDebris_B.uasset" 8481
"C:/24CI0412MP/Content/Mediterranean_Coast/Materials/MI_RockDebris_A.uasset" 8482
"C:/24CI0412MP/Content/Mediterranean_Coast/Materials/MI_Road.uasset" 8483
"C:/24CI0412MP/Content/Mediterranean_Coast/Materials/MI_Cliff_D.uasset" 8484
"C:/24CI0412MP/Content/Mediterranean_Coast/Materials/MI_Cliff_C.uasset" 8485
"C:/24CI0412MP/Content/Mediterranean_Coast/Materials/MI_Cliff_B.uasset" 8486
"C:/24CI0412MP/Content/Mediterranean_Coast/Materials/MI_Cliff_A.uasset" 8487
"C:/24CI0412MP/Content/Mediterranean_Coast/Materials/MI_BigCliff_D.uasset" 8488
"C:/24CI0412MP/Content/Mediterranean_Coast/Materials/MI_BigCliff_B.uasset" 8489
"C:/24CI0412MP/Content/VRTemplate/VFX/NS_MenuLaser.uasset" 8490
"C:/24CI0412MP/Content/Mediterranean_Coast/Materials/Master_Materials/M_Billboard.uasset" 8491
"C:/24CI0412MP/Content/Mediterranean_Coast/Materials/MI_BigCliff_A.uasset" 8492
"../../../Engine/Plugins/Interchange/Runtime/Content/gltf/MaterialInstances/MI_Unlit_Blend_DS.uasset" 8493
"../../../Engine/Plugins/Interchange/Runtime/Content/gltf/MaterialInstances/MI_Unlit_Opaque_DS.uasset" 8494
"../../../Engine/Plugins/Interchange/Runtime/Content/gltf/MaterialInstances/MI_Unlit_Mask_DS.uasset" 8495
"../../../../../../24CI0412MP/Content/StarterContent/Maps/Minimal_Default.umap" 8496
"C:/24CI0412MP/Content/VRTemplate/VFX/NS_PlayAreaBounds.uasset" 8497
"../../../Engine/Plugins/Interchange/Runtime/Content/gltf/MaterialInstances/MI_Unlit_Blend.uasset" 8498
"../../../Engine/Plugins/Interchange/Runtime/Content/gltf/MaterialInstances/MI_Unlit_Mask.uasset" 8499
"../../../Engine/Plugins/Interchange/Runtime/Content/Functions/MX_OpenPBR_Translucent.uasset" 8500
"../../../Engine/Plugins/Interchange/Runtime/Content/gltf/MaterialInstances/MI_Unlit_Opaque.uasset" 8501
"C:/24CI0412MP/Content/VRTemplate/VFX/NS_TeleportRing.uasset" 8502
"C:/24CI0412MP/Content/Mediterranean_Coast/World_Settings/StaticMeshFoliages/SMF_GroundDebris.uasset" 8503
"C:/24CI0412MP/Content/StarterContent/Blueprints/Assets/Skybox.uasset" 8504
"C:/24CI0412MP/Content/Characters/MannequinsXR/Materials/Instances/Manny/MI_Manny_01.uasset" 8505
"C:/24CI0412MP/Content/Characters/MannequinsXR/Materials/Instances/Quinn/MI_Quinn_01.uasset" 8506
"C:/24CI0412MP/Content/LevelPrototyping/Materials/MI_PrototypeGrid_Gray.uasset" 8507
"C:/24CI0412MP/Content/LevelPrototyping/Materials/MI_PrototypeGrid_TopDark.uasset" 8508
"C:/24CI0412MP/Content/Mediterranean_Coast/Meshes/SM_Bridge.uasset" 8509
"C:/24CI0412MP/Content/VRTemplate/Materials/MI_Grid_Default.uasset" 8510
"C:/24CI0412MP/Content/VRTemplate/Materials/MI_Grid_Accent.uasset" 8511
"C:/24CI0412MP/Content/LevelPrototyping/Materials/MI_PrototypeGrid_Gray_02.uasset" 8512
"C:/24CI0412MP/Content/VRTemplate/Blueprints/Pistol.uasset" 8513
"C:/24CI0412MP/Content/Satou/Stylized_PBR_Nature/Foliage/FoliageTypes/SM_Pine_Tree_3_FoliageType.uasset" 8514
"C:/24CI0412MP/Content/Satou/Stylized_PBR_Nature/Foliage/FoliageTypes/SM_Pine_Tree_2_FoliageType.uasset" 8515
"C:/24CI0412MP/Content/Satou/Stylized_PBR_Nature/Foliage/FoliageTypes/SM_Pine_Tree_1_FoliageType.uasset" 8516
"C:/24CI0412MP/Content/Mediterranean_Coast/Materials/Master_Materials/M_Foliage.uasset" 8517
"../../../Engine/Content/OpenWorldTemplate/LandscapeMaterial/MI_ProcGrid.uasset" 8518
"C:/24CI0412MP/Content/Satou/Stylized_PBR_Nature/Foliage/FoliageTypes/SM_Pine_Tree_4_FoliageType.uasset" 8519
"C:/24CI0412MP/Content/StarterContent/Maps/StarterMap.umap" 8520
"C:/24CI0412MP/Content/Satou/Stylized_PBR_Nature/Foliage/FoliageTypes/SM_Grass_FoliageType.uasset" 8521
"C:/24CI0412MP/Content/Satou/Stylized_PBR_Nature/Foliage/FoliageTypes/SM_Fern_FoliageType.uasset" 8522
"C:/24CI0412MP/Content/Satou/Stylized_PBR_Nature/Foliage/FoliageTypes/SM_Common_Tree_10_FoliageType.uasset" 8523
"../../Plugins/FX/Niagara/Content/DynamicInputs/Helpers/SimulationPosition.uasset" 8524
"../../Plugins/FX/Niagara/Content/DynamicInputs/Multiply/Multiply_VectorByFloat.uasset" 8525
"../../Plugins/FX/Niagara/Content/Modules/Beams/BeamEmitterSetup.uasset" 8526
"C:/24CI0412MP/Content/Satou/Stylized_PBR_Nature/Foliage/FoliageTypes/SM_Common_Tree_11_FoliageType.uasset" 8527
"../../Plugins/FX/Niagara/Content/Modules/Beams/BeamWidth.uasset" 8528
"../../Plugins/FX/Niagara/Content/Modules/Beams/SpawnBeam.uasset" 8529
"../../Plugins/FX/Niagara/Content/Functions/NormalizedExecutionIndex.uasset" 8530
"../../Plugins/FX/Niagara/Content/Functions/Spline/FindPositionOnBezierSpline.uasset" 8531
"C:/24CI0412MP/Content/Satou/Blueprints/tree1.uasset" 8532
"C:/24CI0412MP/Content/Satou/Stylized_PBR_Nature/Foliage/FoliageTypes/SM_Common_Tree_07_FoliageType.uasset" 8533
"C:/24CI0412MP/Content/Satou/Stylized_PBR_Nature/Foliage/FoliageTypes/SM_Common_Tree_03_FoliageType.uasset" 8534
"C:/24CI0412MP/Content/Satou/Stylized_PBR_Nature/Foliage/FoliageTypes/SM_Common_Tree_08_FoliageType.uasset" 8535
"../../Plugins/FX/Niagara/Content/DynamicInputs/Arrays/SelectVectorFromArray.uasset" 8536
"C:/24CI0412MP/Content/Satou/Stylized_PBR_Nature/Foliage/FoliageTypes/SM_Common_Tree_01_FoliageType.uasset" 8537
"../../Plugins/FX/Niagara/Content/Enums/ENiagara_WrapClamp.uasset" 8538
"../../Plugins/FX/Niagara/Content/Enums/ENiagaraArraySamplingMode.uasset" 8539
"../../Plugins/FX/Niagara/Content/DynamicInputs/Execution/ReturnExecIndex.uasset" 8540
"../../Plugins/FX/Niagara/Content/DynamicInputs/Execution/ReturnNormalizedExecIndex.uasset" 8541
"../../Plugins/FX/Niagara/Content/DynamicInputs/Multiply/Multiply_Vector.uasset" 8542
"../../Plugins/FX/Niagara/Content/Modules/Spawn/Initialization/InitializeRibbon.uasset" 8543
"C:/24CI0412MP/Content/Satou/Stylized_PBR_Nature/Foliage/FoliageTypes/SM_Clover_FoliageType.uasset" 8544
"C:/24CI0412MP/Content/Satou/Stylized_PBR_Nature/Maps/Asset_Scene.umap" 8545
"C:/24CI0412MP/Content/Satou/Stylized_PBR_Nature/Foliage/FoliageTypes/SM_Bush_FoliageType.uasset" 8546
"C:/24CI0412MP/Content/VRTemplate/Blueprints/Grabbable_SmallCube.uasset" 8547
"../../Plugins/FX/Niagara/Content/Modules/Spawn/Location/TorusLocation.uasset" 8548
"../../Plugins/FX/Niagara/Content/Functions/ParametricTorus.uasset" 8549
"../../Plugins/FX/Niagara/Content/Functions/ParametricTorusKnot.uasset" 8550
"../../Plugins/FX/Niagara/Content/Functions/PolarToCartesianCoordinates.uasset" 8551
"../../Plugins/FX/Niagara/Content/Functions/RandomRange.uasset" 8552
"../../Plugins/FX/Niagara/Content/Enums/ENiagaraTorusDistributionMode.uasset" 8553
"../../Plugins/FX/Niagara/Content/Enums/ENiagaraTorusMode.uasset" 8554
"C:/24CI0412MP/Content/Mediterranean_Coast/Meshes/SM_Rock_C.uasset" 8555
"C:/24CI0412MP/Content/Mediterranean_Coast/Meshes/SM_Rock_B.uasset" 8556
"C:/24CI0412MP/Content/Mediterranean_Coast/Meshes/SM_Rock_A.uasset" 8557
"C:/24CI0412MP/Content/Mediterranean_Coast/Meshes/SM_RockDebris_04.uasset" 8558
"C:/24CI0412MP/Content/Mediterranean_Coast/Meshes/SM_RockDebris_03.uasset" 8559
"C:/24CI0412MP/Content/Mediterranean_Coast/Meshes/SM_RockDebris_02.uasset" 8560
"C:/24CI0412MP/Content/Mediterranean_Coast/Meshes/SM_RockDebris_01.uasset" 8561
"C:/24CI0412MP/Content/Mediterranean_Coast/Meshes/SM_Road.uasset" 8562
"C:/24CI0412MP/Content/Mediterranean_Coast/Meshes/SM_Cliff_D.uasset" 8563
"C:/24CI0412MP/Content/Mediterranean_Coast/Meshes/SM_Cliff_C.uasset" 8564
"C:/24CI0412MP/Content/Mediterranean_Coast/Meshes/SM_Cliff_B.uasset" 8565
"C:/24CI0412MP/Content/Mediterranean_Coast/Meshes/SM_Cliff_A.uasset" 8566
"C:/24CI0412MP/Content/Mediterranean_Coast/Meshes/SM_BigCliff_D.uasset" 8567
"C:/24CI0412MP/Content/Mediterranean_Coast/Meshes/SM_BigCliff_B.uasset" 8568
"../../../../../../24CI0412MP/Content/StarterContent/Maps/StarterMap.umap" 8569
"C:/24CI0412MP/Content/Mediterranean_Coast/Meshes/SM_BigCliff_A.uasset" 8570
"C:/24CI0412MP/Content/Mediterranean_Coast/Materials/MI_PinusBrutiaBill.uasset" 8571
"C:/24CI0412MP/Content/Satou/KTP_Effect/Particles/Fly/Others/energy_02_01.uasset" 8572
"C:/24CI0412MP/Content/Satou/KTP_Effect/Particles/Bottom/Bottom13-07.uasset" 8573
"C:/24CI0412MP/Content/Satou/KTP_Effect/Particles/Bottom/Bottom13-08.uasset" 8574
"C:/24CI0412MP/Content/Satou/KTP_Effect/Particles/Bottom/Bottom13-04.uasset" 8575
"C:/24CI0412MP/Content/Satou/KTP_Effect/Particles/Bottom/Bottom13-06.uasset" 8576
"C:/24CI0412MP/Content/Satou/KTP_Effect/Particles/Bottom/Bottom13-05.uasset" 8577
"C:/24CI0412MP/Content/Satou/KTP_Effect/Particles/Bottom/Bottom13-03.uasset" 8578
"C:/24CI0412MP/Content/Satou/KTP_Effect/Particles/Bottom/Bottom13-02.uasset" 8579
"C:/24CI0412MP/Content/Satou/KTP_Effect/Particles/Bottom/Bottom13-01.uasset" 8580
"C:/24CI0412MP/Content/Oonishi/Effect/NE_FireFlower.uasset" 8581
"C:/24CI0412MP/Content/KTP_Effect/Particles/Fly/Others/energy_02_01.uasset" 8582
"C:/24CI0412MP/Content/Oonishi/Effect/NE_Explosion.uasset" 8583
"../../../../../../24CI0412MP/Content/Satou/Stylized_PBR_Nature/Maps/Asset_Scene.umap" 8584
"C:/24CI0412MP/Content/KTP_Effect/Particles/Bottom/Bottom13-08.uasset" 8585
"C:/24CI0412MP/Content/KTP_Effect/Particles/Bottom/Bottom13-07.uasset" 8586
"C:/24CI0412MP/Content/KTP_Effect/Particles/Bottom/Bottom13-06.uasset" 8587
"C:/24CI0412MP/Content/KTP_Effect/Particles/Bottom/Bottom13-04.uasset" 8588
"C:/24CI0412MP/Content/KTP_Effect/Particles/Bottom/Bottom13-05.uasset" 8589
"C:/24CI0412MP/Content/Satou/KTP_Effect/Particles/Fly/Others/Trail_10_09.uasset" 8590
"C:/24CI0412MP/Content/KTP_Effect/Particles/Bottom/Bottom13-01.uasset" 8591
"C:/24CI0412MP/Content/KTP_Effect/Particles/Bottom/Bottom13-03.uasset" 8592
"C:/24CI0412MP/Content/Satou/KTP_Effect/Particles/Fly/Others/Trail_10_07.uasset" 8593
"C:/24CI0412MP/Content/Satou/KTP_Effect/Particles/Fly/Others/Trail_10_06.uasset" 8594
"C:/24CI0412MP/Content/KTP_Effect/Particles/Bottom/Bottom13-02.uasset" 8595
"C:/24CI0412MP/Content/Satou/KTP_Effect/Particles/Fly/Others/Trail_10_05.uasset" 8596
"C:/24CI0412MP/Content/Satou/KTP_Effect/Particles/Fly/Others/Trail_10_02.uasset" 8597
"C:/24CI0412MP/Content/Satou/KTP_Effect/Particles/Fly/Others/Trail_09_07.uasset" 8598
"C:/24CI0412MP/Content/Satou/KTP_Effect/Particles/Fly/Others/Trail_08_09.uasset" 8599
"C:/24CI0412MP/Content/Satou/KTP_Effect/Particles/Fly/Others/Trail_09_06.uasset" 8600
"C:/24CI0412MP/Content/Satou/KTP_Effect/Particles/Fly/Others/Trail_09_05.uasset" 8601
"../../Plugins/FX/Niagara/Content/DynamicInputs/UniformRange/V3/RandomRangeLinearColor.uasset" 8602
"C:/24CI0412MP/Content/Satou/KTP_Effect/Particles/Fly/Others/Trail_09_02.uasset" 8603
"../../Plugins/FX/Niagara/Content/Modules/Events/GenerateLocationEvent.uasset" 8604
"../../Plugins/FX/Niagara/Content/Functions/Helpers/AdvancePositionWithAcceleration.uasset" 8605
"../../Plugins/FX/Niagara/Content/DefaultAssets/Structs/LocationEvent_V2.uasset" 8606
"C:/24CI0412MP/Content/Satou/KTP_Effect/Particles/Fly/Others/Trail_08_07.uasset" 8607
"../../Plugins/FX/Niagara/Content/Enums/Events/ENiagara_LocEventType.uasset" 8608
"C:/24CI0412MP/Content/Satou/KTP_Effect/Particles/Fly/Others/Trail_08_06.uasset" 8609
"../../Plugins/FX/Niagara/Content/Modules/Events/ReceiveLocationEvent.uasset" 8610
"../../Plugins/FX/Niagara/Content/Enums/ENiagara_AttributeSamplingApplyOutput.uasset" 8611
"../../Plugins/FX/Niagara/Content/Modules/Update/Forces/V2/PointAttractionForce.uasset" 8612
"C:/24CI0412MP/Content/Satou/KTP_Effect/Particles/Fly/Others/Trail_08_05.uasset" 8613
"../../Plugins/FX/Niagara/Content/Modules/Solvers/SolveRotationalForcesAndVelocity.uasset" 8614
"../../Plugins/FX/Niagara/Content/Modules/Update/Orientation/V3/UpdateMeshOrientation.uasset" 8615
"../../Plugins/FX/Niagara/Content/Functions/CalculateMeshRadius.uasset" 8616
"../../Plugins/FX/Niagara/Content/Enums/ENiagaraCalculateRadiusOptions.uasset" 8617
"../../Plugins/FX/Niagara/Content/Functions/DeriveThirdOrthogonalVector.uasset" 8618
"../../Plugins/FX/Niagara/Content/Functions/Helpers/DoOnce_fn.uasset" 8619
"../../Plugins/FX/Niagara/Content/Functions/Helpers/FN_FirstFrame_Numeric.uasset" 8620
"../../Plugins/FX/Niagara/Content/Functions/MakeVectorsOrthogonal.uasset" 8621
"../../Plugins/FX/Niagara/Content/Functions/Math/InterpolateOverTime_V3_.uasset" 8622
"../../Plugins/FX/Niagara/Content/Functions/Math/V2/SmoothLerpOverTime.uasset" 8623
"../../Plugins/FX/Niagara/Content/Functions/ProjectVectorOnPlane.uasset" 8624
"../../Plugins/FX/Niagara/Content/Functions/Rotation/LerpQuaternion.uasset" 8625
"../../Plugins/FX/Niagara/Content/Functions/Rotation/MakeQuaternionFromXAndYVectors.uasset" 8626
"../../Plugins/FX/Niagara/Content/Functions/Rotation/MakeQuaternionFromXAndZVectors.uasset" 8627
"../../Plugins/FX/Niagara/Content/Functions/Rotation/TwoVectorsToQuaternion.uasset" 8628
"../../Plugins/FX/Niagara/Content/Enums/Utility/ENiagara_OrientVectorCount.uasset" 8629
"../../Plugins/FX/Niagara/Content/Enums/Utility/ENiagara_UpdateMeshOrientationMode.uasset" 8630
"C:/24CI0412MP/Content/Satou/KTP_Effect/Particles/Fly/Others/Trail_08_02.uasset" 8631
"C:/24CI0412MP/Content/Satou/KTP_Effect/Particles/Fly/Others/Trail_08_01.uasset" 8632
"C:/24CI0412MP/Content/Satou/KTP_Effect/Particles/Fly/Others/Trail_07_06.uasset" 8633
"C:/24CI0412MP/Content/Satou/KTP_Effect/Particles/Fly/Others/Trail_07_02.uasset" 8634
"C:/24CI0412MP/Content/Satou/KTP_Effect/Particles/Fly/Others/Trail_07_01.uasset" 8635
"C:/24CI0412MP/Content/Satou/KTP_Effect/Particles/Fly/Others/Trail_06_09.uasset" 8636
"C:/24CI0412MP/Content/Satou/KTP_Effect/Particles/Fly/Others/Trail_06_08.uasset" 8637
"C:/24CI0412MP/Content/Satou/KTP_Effect/Particles/Fly/Others/Trail_06_07.uasset" 8638
"C:/24CI0412MP/Content/Satou/KTP_Effect/Particles/Fly/Others/Trail_06_06.uasset" 8639
"C:/24CI0412MP/Content/Satou/KTP_Effect/Particles/Fly/Others/Trail_06_05.uasset" 8640
"C:/24CI0412MP/Content/Satou/KTP_Effect/Particles/Fly/Others/Trail_06_03.uasset" 8641
"C:/24CI0412MP/Content/Satou/KTP_Effect/Particles/Fly/Others/Trail_06_02.uasset" 8642
"C:/24CI0412MP/Content/Satou/KTP_Effect/Particles/Fly/Others/Trail_06_01.uasset" 8643
"C:/24CI0412MP/Content/Satou/KTP_Effect/Particles/Fly/Others/Trail_05_09.uasset" 8644
"C:/24CI0412MP/Content/Satou/KTP_Effect/Particles/Fly/Others/Trail_05_07.uasset" 8645
"C:/24CI0412MP/Content/Satou/KTP_Effect/Particles/Fly/Others/Trail_05_06.uasset" 8646
"C:/24CI0412MP/Content/Satou/KTP_Effect/Particles/Fly/Others/Trail_05_02.uasset" 8647
"C:/24CI0412MP/Content/Satou/KTP_Effect/Particles/Fly/Others/Trail_05_01.uasset" 8648
"../../Plugins/FX/Niagara/Content/Modules/Ribbons/ScaleRibbonWidth.uasset" 8649
"C:/24CI0412MP/Content/Satou/KTP_Effect/Particles/Fly/Others/Trail_04_09.uasset" 8650
"C:/24CI0412MP/Content/Satou/KTP_Effect/Particles/Fly/Others/Trail_04_07.uasset" 8651
"../../../../../../24CI0412MP/Content/Mediterranean_Coast/Meshes/SM_Cliff_D.uasset" 8652
"../../../../../../24CI0412MP/Content/VRTemplate/VFX/NS_TeleportRing.uasset" 8653
"../../../../../../24CI0412MP/Content/VRTemplate/VFX/NS_PlayAreaBounds.uasset" 8654
"../../../Engine/Content/EditorResources/EmptyActor.uasset" 8655
"../../../Engine/Content/EditorResources/AudioIcons/S_AudioComponent_AutoActivate.uasset" 8656
"../../../Engine/Content/EditorResources/AudioIcons/S_AudioComponent.uasset" 8657
"C:/24CI0412MP/Content/Satou/KTP_Effect/Particles/Fly/Others/Trail_04_06.uasset" 8658
"../../Plugins/FX/Niagara/Content/DynamicInputs/Multiply/Multiply_Float.uasset" 8659
"C:/24CI0412MP/Content/Satou/KTP_Effect/Particles/Fly/Others/Trail_04_01.uasset" 8660
"C:/24CI0412MP/Content/Satou/KTP_Effect/Particles/Fly/Others/Trail_03_09.uasset" 8661
"C:/24CI0412MP/Content/Satou/KTP_Effect/Particles/Fly/Others/Trail_03_06.uasset" 8662
"../../Plugins/FX/Niagara/Content/Modules/Update/SubUV/V2/SubUVAnimation.uasset" 8663
"../../Plugins/FX/Niagara/Content/Functions/Helpers/SetBoolByTimer.uasset" 8664
"../../Plugins/FX/Niagara/Content/Functions/RandomRangeInteger.uasset" 8665
"../../Plugins/FX/Niagara/Content/Enums/ENiagara_SubUVLookupMode.uasset" 8666
"../../Plugins/FX/Niagara/Content/Enums/ENiagara_SubUVLookupModeV2.uasset" 8667
"../../Plugins/FX/Niagara/Content/Enums/ENiagaraMeshOrSprite.uasset" 8668
"../../Plugins/FX/Niagara/Content/Enums/SpriteRenderer/ENiagara_AutomaticManual.uasset" 8669
"../../Plugins/FX/Niagara/Content/Enums/SpriteRenderer/ENiagara_FPSPlayrate.uasset" 8670
"C:/24CI0412MP/Content/Satou/KTP_Effect/Particles/Fly/Others/Trail_03_02.uasset" 8671
"C:/24CI0412MP/Content/Satou/KTP_Effect/Particles/Fly/Others/Trail_03_01.uasset" 8672
"C:/24CI0412MP/Content/Satou/KTP_Effect/Particles/Fly/Others/Trail_02_08.uasset" 8673
"C:/24CI0412MP/Content/Satou/KTP_Effect/Particles/Fly/Others/Trail_02_04.uasset" 8674
"C:/24CI0412MP/Content/Satou/KTP_Effect/Particles/Fly/Others/Trail_02_02.uasset" 8675
"C:/24CI0412MP/Content/Satou/KTP_Effect/Particles/Fly/Others/Trail_02_01.uasset" 8676
"C:/24CI0412MP/Content/Satou/KTP_Effect/Particles/Fly/Others/Trail_01_06.uasset" 8677
"C:/24CI0412MP/Content/Satou/KTP_Effect/Particles/Fly/Others/Trail_01_01.uasset" 8678
"C:/24CI0412MP/Content/Satou/KTP_Effect/Particles/Bottom/Bottom18-08.uasset" 8679
"C:/24CI0412MP/Content/Satou/KTP_Effect/Particles/Bottom/Bottom18-07.uasset" 8680
"C:/24CI0412MP/Content/Satou/KTP_Effect/Particles/Bottom/Bottom18-06.uasset" 8681
"C:/24CI0412MP/Content/Satou/KTP_Effect/Particles/Bottom/Bottom18-05.uasset" 8682
"C:/24CI0412MP/Content/Satou/KTP_Effect/Particles/Bottom/Bottom18-04.uasset" 8683
"C:/24CI0412MP/Content/Satou/KTP_Effect/Particles/Bottom/Bottom18-03.uasset" 8684
"C:/24CI0412MP/Content/Satou/KTP_Effect/Particles/Bottom/Bottom18-02.uasset" 8685
"C:/24CI0412MP/Content/Satou/KTP_Effect/Particles/Bottom/Bottom18-01.uasset" 8686
"C:/24CI0412MP/Content/Satou/KTP_Effect/Particles/Bottom/Bottom16-08.uasset" 8687
"C:/24CI0412MP/Content/Satou/KTP_Effect/Particles/Bottom/Bottom16-07.uasset" 8688
"C:/24CI0412MP/Content/Satou/KTP_Effect/Particles/Bottom/Bottom16-06.uasset" 8689
"C:/24CI0412MP/Content/Satou/KTP_Effect/Particles/Bottom/Bottom16-05.uasset" 8690
"C:/24CI0412MP/Content/Satou/KTP_Effect/Particles/Bottom/Bottom16-04.uasset" 8691
"C:/24CI0412MP/Content/Satou/KTP_Effect/Particles/Bottom/Bottom16-03.uasset" 8692
"C:/24CI0412MP/Content/Satou/KTP_Effect/Particles/Bottom/Bottom16-02.uasset" 8693
"C:/24CI0412MP/Content/Satou/KTP_Effect/Particles/Bottom/Bottom16-01.uasset" 8694
"C:/24CI0412MP/Content/Satou/KTP_Effect/Particles/Bottom/Bottom14-08.uasset" 8695
"C:/24CI0412MP/Content/Satou/KTP_Effect/Particles/Bottom/Bottom14-07.uasset" 8696
"C:/24CI0412MP/Content/Satou/KTP_Effect/Particles/Bottom/Bottom14-06.uasset" 8697
"C:/24CI0412MP/Content/Satou/KTP_Effect/Particles/Bottom/Bottom14-05.uasset" 8698
"C:/24CI0412MP/Content/Satou/KTP_Effect/Particles/Bottom/Bottom14-04.uasset" 8699
"C:/24CI0412MP/Content/Satou/KTP_Effect/Particles/Bottom/Bottom14-03.uasset" 8700
"C:/24CI0412MP/Content/Satou/KTP_Effect/Particles/Bottom/Bottom14-02.uasset" 8701
"C:/24CI0412MP/Content/Satou/KTP_Effect/Particles/Bottom/Bottom14-01.uasset" 8702
"C:/24CI0412MP/Content/Satou/KTP_Effect/Particles/Bottom/Bottom12-08.uasset" 8703
"C:/24CI0412MP/Content/Satou/KTP_Effect/Particles/Bottom/Bottom12-07.uasset" 8704
"C:/24CI0412MP/Content/Satou/KTP_Effect/Particles/Bottom/Bottom12-06.uasset" 8705
"../../Plugins/FX/Niagara/Content/Modules/Solvers/ApplyInitialForces.uasset" 8706
"C:/24CI0412MP/Content/Satou/KTP_Effect/Particles/Bottom/Bottom12-05.uasset" 8707
"C:/24CI0412MP/Content/Satou/KTP_Effect/Particles/Bottom/Bottom12-04.uasset" 8708
"C:/24CI0412MP/Content/Satou/KTP_Effect/Particles/Bottom/Bottom12-03.uasset" 8709
"C:/24CI0412MP/Content/Satou/KTP_Effect/Particles/Bottom/Bottom12-02.uasset" 8710
"C:/24CI0412MP/Content/Satou/KTP_Effect/Particles/Bottom/Bottom12-01.uasset" 8711
"C:/24CI0412MP/Content/Satou/KTP_Effect/Particles/Bottom/Bottom11-08.uasset" 8712
"C:/24CI0412MP/Content/Satou/KTP_Effect/Particles/Bottom/Bottom11-07.uasset" 8713
"C:/24CI0412MP/Content/Satou/KTP_Effect/Particles/Bottom/Bottom11-06.uasset" 8714
"C:/24CI0412MP/Content/Satou/KTP_Effect/Particles/Bottom/Bottom11-05.uasset" 8715
"C:/24CI0412MP/Content/Satou/KTP_Effect/Particles/Bottom/Bottom11-04.uasset" 8716
"C:/24CI0412MP/Content/Satou/KTP_Effect/Particles/Bottom/Bottom11-03.uasset" 8717
"C:/24CI0412MP/Content/Satou/KTP_Effect/Particles/Bottom/Bottom11-02.uasset" 8718
"C:/24CI0412MP/Content/Satou/KTP_Effect/Particles/Bottom/Bottom11-01.uasset" 8719
"C:/24CI0412MP/Content/Satou/KTP_Effect/Particles/Bottom/Bottom02-08.uasset" 8720
"C:/24CI0412MP/Content/Satou/KTP_Effect/Particles/Bottom/Bottom02-06.uasset" 8721
"C:/24CI0412MP/Content/Satou/KTP_Effect/Particles/Bottom/Bottom02-04.uasset" 8722
"C:/24CI0412MP/Content/Satou/KTP_Effect/Particles/Bottom/Bottom02-03.uasset" 8723
"C:/24CI0412MP/Content/Satou/KTP_Effect/Particles/Bottom/Bottom02-02.uasset" 8724
"C:/24CI0412MP/Content/KTP_Effect/Particles/Fly/Others/Trail_10_09.uasset" 8725
"C:/24CI0412MP/Content/KTP_Effect/Particles/Fly/Others/Trail_10_07.uasset" 8726
"C:/24CI0412MP/Content/KTP_Effect/Particles/Fly/Others/Trail_10_06.uasset" 8727
"C:/24CI0412MP/Content/KTP_Effect/Particles/Fly/Others/Trail_10_05.uasset" 8728
"C:/24CI0412MP/Content/KTP_Effect/Particles/Fly/Others/Trail_10_02.uasset" 8729
"C:/24CI0412MP/Content/KTP_Effect/Particles/Fly/Others/Trail_09_07.uasset" 8730
"C:/24CI0412MP/Content/KTP_Effect/Particles/Fly/Others/Trail_09_06.uasset" 8731
"C:/24CI0412MP/Content/KTP_Effect/Particles/Fly/Others/Trail_09_05.uasset" 8732
"C:/24CI0412MP/Content/KTP_Effect/Particles/Fly/Others/Trail_09_02.uasset" 8733
"C:/24CI0412MP/Content/KTP_Effect/Particles/Fly/Others/Trail_08_09.uasset" 8734
"C:/24CI0412MP/Content/KTP_Effect/Particles/Fly/Others/Trail_08_07.uasset" 8735
"C:/24CI0412MP/Content/KTP_Effect/Particles/Fly/Others/Trail_08_06.uasset" 8736
"C:/24CI0412MP/Content/KTP_Effect/Particles/Fly/Others/Trail_08_05.uasset" 8737
"C:/24CI0412MP/Content/KTP_Effect/Particles/Fly/Others/Trail_08_02.uasset" 8738
"C:/24CI0412MP/Content/KTP_Effect/Particles/Fly/Others/Trail_08_01.uasset" 8739
"C:/24CI0412MP/Content/KTP_Effect/Particles/Fly/Others/Trail_07_06.uasset" 8740
"C:/24CI0412MP/Content/KTP_Effect/Particles/Fly/Others/Trail_07_02.uasset" 8741
"C:/24CI0412MP/Content/KTP_Effect/Particles/Fly/Others/Trail_07_01.uasset" 8742
"C:/24CI0412MP/Content/KTP_Effect/Particles/Fly/Others/Trail_06_09.uasset" 8743
"C:/24CI0412MP/Content/KTP_Effect/Particles/Fly/Others/Trail_06_08.uasset" 8744
"C:/24CI0412MP/Content/KTP_Effect/Particles/Fly/Others/Trail_06_07.uasset" 8745
"C:/24CI0412MP/Content/KTP_Effect/Particles/Fly/Others/Trail_06_06.uasset" 8746
"C:/24CI0412MP/Content/KTP_Effect/Particles/Fly/Others/Trail_06_05.uasset" 8747
"C:/24CI0412MP/Content/KTP_Effect/Particles/Fly/Others/Trail_06_03.uasset" 8748
"C:/24CI0412MP/Content/KTP_Effect/Particles/Fly/Others/Trail_06_02.uasset" 8749
"C:/24CI0412MP/Content/KTP_Effect/Particles/Fly/Others/Trail_06_01.uasset" 8750
"C:/24CI0412MP/Content/KTP_Effect/Particles/Fly/Others/Trail_05_09.uasset" 8751
"C:/24CI0412MP/Content/KTP_Effect/Particles/Fly/Others/Trail_05_07.uasset" 8752
"C:/24CI0412MP/Content/KTP_Effect/Particles/Fly/Others/Trail_05_06.uasset" 8753
"C:/24CI0412MP/Content/KTP_Effect/Particles/Fly/Others/Trail_05_02.uasset" 8754
"C:/24CI0412MP/Content/KTP_Effect/Particles/Fly/Others/Trail_05_01.uasset" 8755
"C:/24CI0412MP/Content/KTP_Effect/Particles/Fly/Others/Trail_04_09.uasset" 8756
"C:/24CI0412MP/Content/KTP_Effect/Particles/Fly/Others/Trail_04_07.uasset" 8757
"C:/24CI0412MP/Content/KTP_Effect/Particles/Fly/Others/Trail_04_06.uasset" 8758
"C:/24CI0412MP/Content/KTP_Effect/Particles/Fly/Others/Trail_04_01.uasset" 8759
"C:/24CI0412MP/Content/KTP_Effect/Particles/Fly/Others/Trail_03_09.uasset" 8760
"C:/24CI0412MP/Content/KTP_Effect/Particles/Fly/Others/Trail_03_06.uasset" 8761
"C:/24CI0412MP/Content/KTP_Effect/Particles/Fly/Others/Trail_03_02.uasset" 8762
"C:/24CI0412MP/Content/KTP_Effect/Particles/Fly/Others/Trail_03_01.uasset" 8763
"C:/24CI0412MP/Content/KTP_Effect/Particles/Fly/Others/Trail_02_08.uasset" 8764
"C:/24CI0412MP/Content/KTP_Effect/Particles/Fly/Others/Trail_02_04.uasset" 8765
"C:/24CI0412MP/Content/KTP_Effect/Particles/Fly/Others/Trail_02_02.uasset" 8766
"C:/24CI0412MP/Content/KTP_Effect/Particles/Fly/Others/Trail_02_01.uasset" 8767
"C:/24CI0412MP/Content/KTP_Effect/Particles/Fly/Others/Trail_01_06.uasset" 8768
"C:/24CI0412MP/Content/KTP_Effect/Particles/Fly/Others/Trail_01_01.uasset" 8769
"C:/24CI0412MP/Content/KTP_Effect/Particles/Bottom/Bottom18-08.uasset" 8770
"C:/24CI0412MP/Content/KTP_Effect/Particles/Bottom/Bottom18-07.uasset" 8771
"C:/24CI0412MP/Content/KTP_Effect/Particles/Bottom/Bottom18-06.uasset" 8772
"C:/24CI0412MP/Content/KTP_Effect/Particles/Bottom/Bottom18-05.uasset" 8773
"C:/24CI0412MP/Content/KTP_Effect/Particles/Bottom/Bottom18-04.uasset" 8774
"C:/24CI0412MP/Content/KTP_Effect/Particles/Bottom/Bottom18-03.uasset" 8775
"C:/24CI0412MP/Content/KTP_Effect/Particles/Bottom/Bottom18-02.uasset" 8776
"C:/24CI0412MP/Content/KTP_Effect/Particles/Bottom/Bottom18-01.uasset" 8777
"C:/24CI0412MP/Content/KTP_Effect/Particles/Bottom/Bottom16-08.uasset" 8778
"C:/24CI0412MP/Content/KTP_Effect/Particles/Bottom/Bottom16-07.uasset" 8779
"C:/24CI0412MP/Content/KTP_Effect/Particles/Bottom/Bottom16-06.uasset" 8780
"C:/24CI0412MP/Content/KTP_Effect/Particles/Bottom/Bottom16-05.uasset" 8781
"C:/24CI0412MP/Content/KTP_Effect/Particles/Bottom/Bottom16-04.uasset" 8782
"C:/24CI0412MP/Content/KTP_Effect/Particles/Bottom/Bottom16-03.uasset" 8783
"C:/24CI0412MP/Content/KTP_Effect/Particles/Bottom/Bottom16-02.uasset" 8784
"C:/24CI0412MP/Content/KTP_Effect/Particles/Bottom/Bottom16-01.uasset" 8785
"C:/24CI0412MP/Content/KTP_Effect/Particles/Bottom/Bottom14-08.uasset" 8786
"C:/24CI0412MP/Content/KTP_Effect/Particles/Bottom/Bottom14-07.uasset" 8787
"C:/24CI0412MP/Content/KTP_Effect/Particles/Bottom/Bottom14-06.uasset" 8788
"C:/24CI0412MP/Content/KTP_Effect/Particles/Bottom/Bottom14-05.uasset" 8789
"C:/24CI0412MP/Content/KTP_Effect/Particles/Bottom/Bottom14-04.uasset" 8790
"C:/24CI0412MP/Content/KTP_Effect/Particles/Bottom/Bottom14-03.uasset" 8791
"C:/24CI0412MP/Content/KTP_Effect/Particles/Bottom/Bottom14-02.uasset" 8792
"C:/24CI0412MP/Content/KTP_Effect/Particles/Bottom/Bottom14-01.uasset" 8793
"C:/24CI0412MP/Content/KTP_Effect/Particles/Bottom/Bottom12-08.uasset" 8794
"C:/24CI0412MP/Content/KTP_Effect/Particles/Bottom/Bottom12-07.uasset" 8795
"C:/24CI0412MP/Content/KTP_Effect/Particles/Bottom/Bottom12-06.uasset" 8796
"C:/24CI0412MP/Content/KTP_Effect/Particles/Bottom/Bottom12-05.uasset" 8797
"C:/24CI0412MP/Content/KTP_Effect/Particles/Bottom/Bottom12-04.uasset" 8798
"C:/24CI0412MP/Content/KTP_Effect/Particles/Bottom/Bottom12-03.uasset" 8799
"C:/24CI0412MP/Content/KTP_Effect/Particles/Bottom/Bottom12-02.uasset" 8800
"C:/24CI0412MP/Content/KTP_Effect/Particles/Bottom/Bottom12-01.uasset" 8801
"C:/24CI0412MP/Content/KTP_Effect/Particles/Bottom/Bottom11-08.uasset" 8802
"C:/24CI0412MP/Content/KTP_Effect/Particles/Bottom/Bottom11-07.uasset" 8803
"C:/24CI0412MP/Content/KTP_Effect/Particles/Bottom/Bottom11-06.uasset" 8804
"C:/24CI0412MP/Content/KTP_Effect/Particles/Bottom/Bottom11-05.uasset" 8805
"C:/24CI0412MP/Content/KTP_Effect/Particles/Bottom/Bottom11-04.uasset" 8806
"C:/24CI0412MP/Content/KTP_Effect/Particles/Bottom/Bottom11-03.uasset" 8807
"C:/24CI0412MP/Content/KTP_Effect/Particles/Bottom/Bottom11-02.uasset" 8808
"C:/24CI0412MP/Content/KTP_Effect/Particles/Bottom/Bottom11-01.uasset" 8809
"C:/24CI0412MP/Content/KTP_Effect/Particles/Bottom/Bottom02-08.uasset" 8810
"C:/24CI0412MP/Content/KTP_Effect/Particles/Bottom/Bottom02-07.uasset" 8811
"C:/24CI0412MP/Content/KTP_Effect/Particles/Bottom/Bottom02-06.uasset" 8812
"C:/24CI0412MP/Content/KTP_Effect/Particles/Bottom/Bottom02-04.uasset" 8813
"C:/24CI0412MP/Content/KTP_Effect/Particles/Bottom/Bottom02-03.uasset" 8814
"C:/24CI0412MP/Content/KTP_Effect/Particles/Bottom/Bottom02-02.uasset" 8815
"C:/24CI0412MP/Content/Oonishi/Effect/TestEffect.uasset" 8816
"C:/24CI0412MP/Content/Oonishi/Effect/NF_FlowerPetal.uasset" 8817
"C:/24CI0412MP/Content/VRTemplate/Blueprints/Menu.uasset" 8818
"C:/24CI0412MP/Content/VRTemplate/VFX/NS_TeleportTrace.uasset" 8819
"C:/24CI0412MP/Content/VRTemplate/Blueprints/VRTeleportVisualizer.uasset" 8820
"../../../Engine/Plugins/Interchange/Runtime/Content/gltf/M_SpecularGlossiness.uasset" 8821
"../../../Engine/Plugins/Interchange/Runtime/Content/gltf/M_Transmission.uasset" 8822
"../../../Engine/Plugins/Interchange/Runtime/Content/gltf/M_Sheen.uasset" 8823
"../../../Engine/Plugins/Interchange/Runtime/Content/gltf/M_ClearCoat.uasset" 8824
"../../../Engine/Plugins/Interchange/Runtime/Content/gltf/M_Default.uasset" 8825
"C:/24CI0412MP/Content/StarterContent/Blueprints/BP_LightStudio.uasset" 8826
"C:/24CI0412MP/Content/Characters/MannequinsXR/Materials/Instances/Quinn/MI_Quinn_02.uasset" 8827
"C:/24CI0412MP/Content/Characters/MannequinsXR/Materials/Instances/Manny/MI_Manny_02.uasset" 8828
"C:/24CI0412MP/Content/LevelPrototyping/Meshes/SM_Ramp.uasset" 8829
"C:/24CI0412MP/Content/LevelPrototyping/Meshes/SM_QuarterCylinder.uasset" 8830
"C:/24CI0412MP/Content/LevelPrototyping/Meshes/SM_Cylinder.uasset" 8831
"C:/24CI0412MP/Content/LevelPrototyping/Meshes/SM_Cube.uasset" 8832
"C:/24CI0412MP/Content/Yoshizawa/Yoshizawa.umap" 8833
"C:/24CI0412MP/Content/Satou/SceneTemp/result.umap" 8834
"C:/24CI0412MP/Content/Morimoto/Morimoto.umap" 8835
"C:/24CI0412MP/Content/Li/Li.umap" 8836
"C:/24CI0412MP/Content/Mediterranean_Coast/Materials/MI_Vines_Leaf.uasset" 8837
"C:/24CI0412MP/Content/Mediterranean_Coast/Materials/MI_Veg_D.uasset" 8838
"C:/24CI0412MP/Content/Mediterranean_Coast/Materials/MI_Veg_C.uasset" 8839
"C:/24CI0412MP/Content/Mediterranean_Coast/Materials/MI_Veg_B.uasset" 8840
"C:/24CI0412MP/Content/Mediterranean_Coast/Materials/MI_Veg_A.uasset" 8841
"C:/24CI0412MP/Content/Mediterranean_Coast/Materials/MI_PineLeafs_LOD.uasset" 8842
"C:/24CI0412MP/Content/Mediterranean_Coast/Materials/MI_PineLeafs_B.uasset" 8843
"C:/24CI0412MP/Content/Mediterranean_Coast/Materials/MI_PineLeafs.uasset" 8844
"C:/24CI0412MP/Content/Mediterranean_Coast/Materials/MI_PineBranches.uasset" 8845
"C:/24CI0412MP/Content/Mediterranean_Coast/Materials/MI_Olive_Leaf_02.uasset" 8846
"../../Plugins/FX/Niagara/Content/DynamicInputs/TypeConversions/Vector2DFromFloat.uasset" 8847
"C:/24CI0412MP/Content/Mediterranean_Coast/Materials/MI_Olive_Leaf_01.uasset" 8848
"../../Plugins/FX/Niagara/Content/Modules/Spawn/Location/V2/ShapeLocation.uasset" 8849
"../../Plugins/FX/Niagara/Content/Functions/Rotation/RotateVector2D.uasset" 8850
"../../Plugins/FX/Niagara/Content/Enums/ENiagaraShapeTorusMode.uasset" 8851
"../../Plugins/FX/Niagara/Content/Enums/Location/ENiagara_BoxPlaneMode.uasset" 8852
"../../Plugins/FX/Niagara/Content/Enums/Location/ENiagara_ConeMode.uasset" 8853
"../../Plugins/FX/Niagara/Content/Enums/Location/ENiagara_CylinderMode.uasset" 8854
"../../Plugins/FX/Niagara/Content/Enums/Location/ENiagara_LocationShapes.uasset" 8855
"../../Plugins/FX/Niagara/Content/Enums/Location/ENiagaraRingDiscMode.uasset" 8856
"../../Plugins/FX/Niagara/Content/Enums/Transforms/ENiagara_OffsetMode.uasset" 8857
"../../Plugins/FX/Niagara/Content/Enums/Transforms/ENiagara_ScaleMode.uasset" 8858
"../../Plugins/FX/Niagara/Content/Enums/Transforms/ENiagara_TransformOrder.uasset" 8859
"../../Plugins/FX/Niagara/Content/Enums/Transforms/ENiagara_TransformType.uasset" 8860
"../../Plugins/FX/Niagara/Content/Modules/Update/Forces/WindForce.uasset" 8861
"../../Plugins/FX/Niagara/Content/Functions/DirectionAndLength.uasset" 8862
"../../Plugins/FX/Niagara/Content/Enums/Wind/ENiagaraWindCombingMode.uasset" 8863
"../../Plugins/FX/Niagara/Content/Enums/Wind/ENiagaraWindFrictionDistanceMode.uasset" 8864
"../../Plugins/FX/Niagara/Content/Enums/Wind/ENiagaraWindFrictionMode.uasset" 8865
"../../Plugins/FX/Niagara/Content/Enums/Wind/ENiagaraWindGroundMaskMode.uasset" 8866
"../../Plugins/FX/Niagara/Content/Enums/Wind/ENiagaraWindOffsetMode.uasset" 8867
"../../Plugins/FX/Niagara/Content/Enums/Wind/ENiagaraWindTurbulenceContributionMode.uasset" 8868
"../../Plugins/FX/Niagara/Content/Enums/Wind/ENiagaraWindTurbulenceFrequencyMode.uasset" 8869
"../../Plugins/FX/Niagara/Content/Enums/Wind/ENiagaraWindTurbulenceMode.uasset" 8870
"../../../Engine/Plugins/Experimental/ChaosNiagara/Shaders/NiagaraDataInterfacePhysicsField.ush" 8871
"C:/24CI0412MP/Content/Mediterranean_Coast/Materials/MI_GroundVeg_C.uasset" 8872
"../../Plugins/FX/Niagara/Content/Modules/Collision/AddRotationalVelocity.uasset" 8873
"C:/24CI0412MP/Content/Mediterranean_Coast/Materials/MI_GroundVeg_B.uasset" 8874
"../../Plugins/FX/Niagara/Content/DynamicInputs/ValueFromCurve/ColorFromCurve.uasset" 8875
"../../Plugins/FX/Niagara/Content/Modules/Spawn/Initialization/InitializeParticle.uasset" 8876
"../../Plugins/FX/Niagara/Content/Modules/Update/Color/Color.uasset" 8877
"C:/24CI0412MP/Content/Mediterranean_Coast/Materials/MI_GroundVeg_A.uasset" 8878
"C:/24CI0412MP/Content/Mediterranean_Coast/Materials/MI_Grass_G.uasset" 8879
"C:/24CI0412MP/Content/Mediterranean_Coast/Materials/MI_Grass_F_LOD01.uasset" 8880
"C:/24CI0412MP/Content/Mediterranean_Coast/Materials/MI_Grass_F.uasset" 8881
"C:/24CI0412MP/Content/Mediterranean_Coast/Materials/MI_Grass_E_LOD01.uasset" 8882
"C:/24CI0412MP/Content/Mediterranean_Coast/Materials/MI_Grass_E.uasset" 8883
"C:/24CI0412MP/Content/Mediterranean_Coast/Materials/MI_Grass_D_LOD01.uasset" 8884
"C:/24CI0412MP/Content/Mediterranean_Coast/Materials/MI_Grass_D.uasset" 8885
"C:/24CI0412MP/Content/Mediterranean_Coast/Materials/MI_Grass_C.uasset" 8886
"C:/24CI0412MP/Content/Mediterranean_Coast/Materials/MI_Grass_B_LOD01.uasset" 8887
"C:/24CI0412MP/Content/Mediterranean_Coast/Materials/MI_Grass_B.uasset" 8888
"C:/24CI0412MP/Content/Mediterranean_Coast/Materials/MI_Grass_A_LOD01.uasset" 8889
"../../../../../../24CI0412MP/Content/Yoshizawa/Yoshizawa.umap" 8890
"C:/24CI0412MP/Content/Mediterranean_Coast/Materials/MI_Grass_A.uasset" 8891
"../../../../../../24CI0412MP/Content/Satou/SceneTemp/result.umap" 8892
"C:/24CI0412MP/Content/Mediterranean_Coast/Materials/MI_Flower_D.uasset" 8893
"C:/24CI0412MP/Content/Mediterranean_Coast/Materials/MI_Flower_C.uasset" 8894
"../../../../../../24CI0412MP/Content/Morimoto/Morimoto.umap" 8895
"C:/24CI0412MP/Content/Mediterranean_Coast/Materials/MI_Flower_B.uasset" 8896
"../../../../../../24CI0412MP/Content/Li/Li.umap" 8897
"C:/24CI0412MP/Content/Mediterranean_Coast/Materials/MI_Flower_A.uasset" 8898
"C:/24CI0412MP/Content/Mediterranean_Coast/World_Settings/StaticMeshFoliages/SMF_Rock_D.uasset" 8899
"C:/24CI0412MP/Content/Mediterranean_Coast/World_Settings/StaticMeshFoliages/SMF_Rock_C.uasset" 8900
"C:/24CI0412MP/Content/Mediterranean_Coast/World_Settings/StaticMeshFoliages/SMF_Rock_E.uasset" 8901
"C:/24CI0412MP/Content/Mediterranean_Coast/World_Settings/StaticMeshFoliages/SMF_Rock_F.uasset" 8902
"C:/24CI0412MP/Content/Mediterranean_Coast/World_Settings/StaticMeshFoliages/SMF_Rock_B.uasset" 8903
"C:/24CI0412MP/Content/Mediterranean_Coast/World_Settings/StaticMeshFoliages/SMF_Rock_A.uasset" 8904
"C:/24CI0412MP/Content/Mediterranean_Coast/World_Settings/GrassTypes/GroundLayer/LGT_Ground_A.uasset" 8905
"C:/24CI0412MP/Content/Mediterranean_Coast/World_Settings/StaticMeshFoliages/SMF_Cliff_C.uasset" 8906
"C:/24CI0412MP/Content/Mediterranean_Coast/World_Settings/StaticMeshFoliages/SMF_Cliff_B.uasset" 8907
"C:/24CI0412MP/Content/Mediterranean_Coast/World_Settings/StaticMeshFoliages/SMF_Cliff_A.uasset" 8908
"C:/24CI0412MP/Content/Mediterranean_Coast/Materials/MI_PinusBrutiaBill_07.uasset" 8909
"C:/24CI0412MP/Content/Mediterranean_Coast/Materials/MI_PinusBrutiaBill_05.uasset" 8910
"C:/24CI0412MP/Content/Mediterranean_Coast/Materials/MI_PinusBrutiaBill_04.uasset" 8911
"C:/24CI0412MP/Content/Mediterranean_Coast/Materials/MI_PinusBrutiaBill_06.uasset" 8912
"C:/24CI0412MP/Content/Mediterranean_Coast/Materials/MI_PinusBrutiaBill_00.uasset" 8913
"C:/24CI0412MP/Content/Mediterranean_Coast/Materials/MI_PinusBrutiaBill_02.uasset" 8914
"C:/24CI0412MP/Content/Mediterranean_Coast/Materials/MI_PinusBrutiaBill_01.uasset" 8915
"C:/24CI0412MP/Content/Mediterranean_Coast/Materials/MI_PinusBrutiaBill_03.uasset" 8916
"C:/24CI0412MP/Content/Satou/KTP_Effect/Particles/Fly/Others/energy_10_01.uasset" 8917
"C:/24CI0412MP/Content/Satou/KTP_Effect/Particles/Fly/Others/energy_09_01.uasset" 8918
"C:/24CI0412MP/Content/Mediterranean_Coast/Materials/MI_OliveBill.uasset" 8919
"C:/24CI0412MP/Content/Satou/KTP_Effect/Particles/Fly/Others/energy_05_01.uasset" 8920
"C:/24CI0412MP/Content/Satou/KTP_Effect/Particles/Fly/Others/energy_06_01.uasset" 8921
"C:/24CI0412MP/Content/Satou/KTP_Effect/Particles/Fly/Others/energy_07_01.uasset" 8922
"C:/24CI0412MP/Content/Satou/KTP_Effect/Particles/Fly/Others/energy_08_01.uasset" 8923
"C:/24CI0412MP/Content/Satou/KTP_Effect/Particles/Fly/Others/energy_03_01.uasset" 8924
"C:/24CI0412MP/Content/Satou/KTP_Effect/Particles/Fly/Others/energy_01_01.uasset" 8925
"C:/24CI0412MP/Content/Satou/KTP_Effect/Particles/Fly/Others/energy_04_01.uasset" 8926
"C:/24CI0412MP/Content/Satou/KTP_Effect/Particles/Fly/Expolison_10_09.uasset" 8927
"C:/24CI0412MP/Content/Satou/KTP_Effect/Particles/Fly/Expolison_10_08.uasset" 8928
"C:/24CI0412MP/Content/Satou/KTP_Effect/Particles/Fly/Expolison_10_05.uasset" 8929
"C:/24CI0412MP/Content/Satou/KTP_Effect/Particles/Fly/Expolison_10_07.uasset" 8930
"C:/24CI0412MP/Content/Satou/KTP_Effect/Particles/Fly/Expolison_10_04.uasset" 8931
"C:/24CI0412MP/Content/Satou/KTP_Effect/Particles/Fly/Expolison_10_06.uasset" 8932
"C:/24CI0412MP/Content/Satou/KTP_Effect/Particles/Fly/Expolison_09_08.uasset" 8933
"C:/24CI0412MP/Content/Satou/KTP_Effect/Particles/Fly/Expolison_10_02.uasset" 8934
"C:/24CI0412MP/Content/Satou/KTP_Effect/Particles/Fly/Expolison_10_01.uasset" 8935
"C:/24CI0412MP/Content/Satou/KTP_Effect/Particles/Fly/Expolison_10_03.uasset" 8936
"C:/24CI0412MP/Content/Satou/KTP_Effect/Particles/Fly/Expolison_09_09.uasset" 8937
"C:/24CI0412MP/Content/Satou/KTP_Effect/Particles/Fly/Expolison_09_07.uasset" 8938
"C:/24CI0412MP/Content/Satou/KTP_Effect/Particles/Fly/Expolison_09_06.uasset" 8939
"C:/24CI0412MP/Content/Satou/KTP_Effect/Particles/Fly/Expolison_09_05.uasset" 8940
"C:/24CI0412MP/Content/Satou/KTP_Effect/Particles/Fly/Expolison_09_04.uasset" 8941
"C:/24CI0412MP/Content/Satou/KTP_Effect/Particles/Fly/Expolison_09_03.uasset" 8942
"C:/24CI0412MP/Content/Satou/KTP_Effect/Particles/Fly/Expolison_09_02.uasset" 8943
"C:/24CI0412MP/Content/Satou/KTP_Effect/Particles/Fly/Expolison_09_01.uasset" 8944
"C:/24CI0412MP/Content/Satou/KTP_Effect/Particles/Fly/Expolison_08_09.uasset" 8945
"C:/24CI0412MP/Content/Satou/KTP_Effect/Particles/Fly/Expolison_08_08.uasset" 8946
"C:/24CI0412MP/Content/Satou/KTP_Effect/Particles/Fly/Expolison_08_06.uasset" 8947
"C:/24CI0412MP/Content/Satou/KTP_Effect/Particles/Fly/Expolison_08_07.uasset" 8948
"C:/24CI0412MP/Content/Satou/KTP_Effect/Particles/Fly/Expolison_08_05.uasset" 8949
"C:/24CI0412MP/Content/Satou/KTP_Effect/Particles/Fly/Expolison_08_04.uasset" 8950
"C:/24CI0412MP/Content/Satou/KTP_Effect/Particles/Fly/Expolison_08_03.uasset" 8951
"C:/24CI0412MP/Content/Satou/KTP_Effect/Particles/Fly/Expolison_08_02.uasset" 8952
"C:/24CI0412MP/Content/Satou/KTP_Effect/Particles/Fly/Expolison_08_01.uasset" 8953
"C:/24CI0412MP/Content/Satou/KTP_Effect/Particles/Fly/Expolison_07_09.uasset" 8954
"C:/24CI0412MP/Content/Satou/KTP_Effect/Particles/Fly/Expolison_07_08.uasset" 8955
"../../Plugins/FX/Niagara/Content/Modules/Update/Velocity/VortexVelocity.uasset" 8956
"../../Plugins/FX/Niagara/Content/Modules/Update/Forces/VortexForce.uasset" 8957
"C:/24CI0412MP/Content/Satou/KTP_Effect/Particles/Fly/Expolison_07_07.uasset" 8958
"C:/24CI0412MP/Content/Satou/KTP_Effect/Particles/Fly/Expolison_07_06.uasset" 8959
"C:/24CI0412MP/Content/Satou/KTP_Effect/Particles/Fly/Expolison_07_05.uasset" 8960
"C:/24CI0412MP/Content/Satou/KTP_Effect/Particles/Fly/Expolison_07_04.uasset" 8961
"C:/24CI0412MP/Content/Satou/KTP_Effect/Particles/Fly/Expolison_07_03.uasset" 8962
"C:/24CI0412MP/Content/Satou/KTP_Effect/Particles/Fly/Expolison_07_02.uasset" 8963
"C:/24CI0412MP/Content/Satou/KTP_Effect/Particles/Fly/Expolison_07_01.uasset" 8964
"C:/24CI0412MP/Content/Satou/KTP_Effect/Particles/Fly/Expolison_06_09.uasset" 8965
"C:/24CI0412MP/Content/Satou/KTP_Effect/Particles/Fly/Expolison_06_08.uasset" 8966
"C:/24CI0412MP/Content/Satou/KTP_Effect/Particles/Fly/Expolison_06_07.uasset" 8967
"C:/24CI0412MP/Content/Satou/KTP_Effect/Particles/Fly/Expolison_06_06.uasset" 8968
"C:/24CI0412MP/Content/Satou/KTP_Effect/Particles/Fly/Expolison_06_05.uasset" 8969
"C:/24CI0412MP/Content/Satou/KTP_Effect/Particles/Fly/Expolison_06_04.uasset" 8970
"C:/24CI0412MP/Content/Satou/KTP_Effect/Particles/Fly/Expolison_06_03.uasset" 8971
"C:/24CI0412MP/Content/Satou/KTP_Effect/Particles/Fly/Expolison_06_02.uasset" 8972
"C:/24CI0412MP/Content/Satou/KTP_Effect/Particles/Fly/Expolison_06_01.uasset" 8973
"C:/24CI0412MP/Content/Satou/KTP_Effect/Particles/Fly/Expolison_05_09.uasset" 8974
"C:/24CI0412MP/Content/Satou/KTP_Effect/Particles/Fly/Expolison_05_08.uasset" 8975
"C:/24CI0412MP/Content/Satou/KTP_Effect/Particles/Fly/Expolison_05_07.uasset" 8976
"C:/24CI0412MP/Content/Satou/KTP_Effect/Particles/Fly/Expolison_05_06.uasset" 8977
"C:/24CI0412MP/Content/Satou/KTP_Effect/Particles/Fly/Expolison_05_05.uasset" 8978
"C:/24CI0412MP/Content/Satou/KTP_Effect/Particles/Fly/Expolison_05_04.uasset" 8979
"C:/24CI0412MP/Content/Satou/KTP_Effect/Particles/Fly/Expolison_05_03.uasset" 8980
"C:/24CI0412MP/Content/Satou/KTP_Effect/Particles/Fly/Expolison_05_02.uasset" 8981
"C:/24CI0412MP/Content/Satou/KTP_Effect/Particles/Fly/Expolison_05_01.uasset" 8982
"C:/24CI0412MP/Content/Satou/KTP_Effect/Particles/Fly/Expolison_04_09.uasset" 8983
"C:/24CI0412MP/Content/Satou/KTP_Effect/Particles/Fly/Expolison_04_08.uasset" 8984
"C:/24CI0412MP/Content/Satou/KTP_Effect/Particles/Fly/Expolison_04_07.uasset" 8985
"C:/24CI0412MP/Content/Satou/KTP_Effect/Particles/Fly/Expolison_04_06.uasset" 8986
"C:/24CI0412MP/Content/Satou/KTP_Effect/Particles/Fly/Expolison_04_05.uasset" 8987
"C:/24CI0412MP/Content/Satou/KTP_Effect/Particles/Fly/Expolison_04_04.uasset" 8988
"C:/24CI0412MP/Content/Satou/KTP_Effect/Particles/Fly/Expolison_04_03.uasset" 8989
"C:/24CI0412MP/Content/Satou/KTP_Effect/Particles/Fly/Expolison_04_02.uasset" 8990
"C:/24CI0412MP/Content/Satou/KTP_Effect/Particles/Fly/Expolison_04_01.uasset" 8991
"C:/24CI0412MP/Content/Satou/KTP_Effect/Particles/Fly/Expolison_03_09.uasset" 8992
"C:/24CI0412MP/Content/Satou/KTP_Effect/Particles/Fly/Expolison_03_08.uasset" 8993
"C:/24CI0412MP/Content/Satou/KTP_Effect/Particles/Fly/Expolison_03_07.uasset" 8994
"C:/24CI0412MP/Content/Satou/KTP_Effect/Particles/Fly/Expolison_03_06.uasset" 8995
"C:/24CI0412MP/Content/Satou/KTP_Effect/Particles/Fly/Expolison_03_05.uasset" 8996
"C:/24CI0412MP/Content/Satou/KTP_Effect/Particles/Fly/Expolison_03_04.uasset" 8997
"C:/24CI0412MP/Content/Satou/KTP_Effect/Particles/Fly/Expolison_03_03.uasset" 8998
"C:/24CI0412MP/Content/Satou/KTP_Effect/Particles/Fly/Expolison_03_02.uasset" 8999
"C:/24CI0412MP/Content/Satou/KTP_Effect/Particles/Fly/Expolison_03_01.uasset" 9000
"C:/24CI0412MP/Content/Satou/KTP_Effect/Particles/Fly/Expolison_02_09.uasset" 9001
"C:/24CI0412MP/Content/Satou/KTP_Effect/Particles/Fly/Expolison_02_08.uasset" 9002
"C:/24CI0412MP/Content/Satou/KTP_Effect/Particles/Fly/Expolison_02_07.uasset" 9003
"C:/24CI0412MP/Content/Satou/KTP_Effect/Particles/Fly/Expolison_02_06.uasset" 9004
"C:/24CI0412MP/Content/Satou/KTP_Effect/Particles/Fly/Expolison_02_05.uasset" 9005
"C:/24CI0412MP/Content/Satou/KTP_Effect/Particles/Fly/Expolison_02_04.uasset" 9006
"C:/24CI0412MP/Content/Satou/KTP_Effect/Particles/Fly/Expolison_02_03.uasset" 9007
"C:/24CI0412MP/Content/Satou/KTP_Effect/Particles/Fly/Expolison_02_02.uasset" 9008
"C:/24CI0412MP/Content/Satou/KTP_Effect/Particles/Fly/Expolison_02_01.uasset" 9009
"C:/24CI0412MP/Content/Satou/KTP_Effect/Particles/Fly/Explosion_01_09.uasset" 9010
"C:/24CI0412MP/Content/Satou/KTP_Effect/Particles/Fly/Explosion_01_08.uasset" 9011
"C:/24CI0412MP/Content/Satou/KTP_Effect/Particles/Fly/Explosion_01_07.uasset" 9012
"C:/24CI0412MP/Content/Satou/KTP_Effect/Particles/Fly/Explosion_01_06.uasset" 9013
"C:/24CI0412MP/Content/Satou/KTP_Effect/Particles/Fly/Explosion_01_05.uasset" 9014
"C:/24CI0412MP/Content/Satou/KTP_Effect/Particles/Fly/Explosion_01_04.uasset" 9015
"C:/24CI0412MP/Content/Satou/KTP_Effect/Particles/Fly/Explosion_01_03.uasset" 9016
"C:/24CI0412MP/Content/Satou/KTP_Effect/Particles/Fly/Explosion_01_02.uasset" 9017
"C:/24CI0412MP/Content/Satou/KTP_Effect/Particles/Fly/Explosion_01_01.uasset" 9018
"C:/24CI0412MP/Content/KTP_Effect/Particles/Fly/Others/energy_10_01.uasset" 9019
"C:/24CI0412MP/Content/KTP_Effect/Particles/Fly/Others/energy_09_01.uasset" 9020
"C:/24CI0412MP/Content/KTP_Effect/Particles/Fly/Others/energy_08_01.uasset" 9021
"C:/24CI0412MP/Content/KTP_Effect/Particles/Fly/Others/energy_07_01.uasset" 9022
"C:/24CI0412MP/Content/KTP_Effect/Particles/Fly/Others/energy_06_01.uasset" 9023
"C:/24CI0412MP/Content/KTP_Effect/Particles/Fly/Others/energy_05_01.uasset" 9024
"C:/24CI0412MP/Content/KTP_Effect/Particles/Fly/Others/energy_04_01.uasset" 9025
"C:/24CI0412MP/Content/KTP_Effect/Particles/Fly/Others/energy_03_01.uasset" 9026
"C:/24CI0412MP/Content/KTP_Effect/Particles/Fly/Others/energy_01_01.uasset" 9027
"C:/24CI0412MP/Content/KTP_Effect/Particles/Fly/Expolison_10_09.uasset" 9028
"C:/24CI0412MP/Content/KTP_Effect/Particles/Fly/Expolison_10_08.uasset" 9029
"C:/24CI0412MP/Content/KTP_Effect/Particles/Fly/Expolison_10_07.uasset" 9030
"C:/24CI0412MP/Content/KTP_Effect/Particles/Fly/Expolison_10_06.uasset" 9031
"C:/24CI0412MP/Content/KTP_Effect/Particles/Fly/Expolison_10_05.uasset" 9032
"C:/24CI0412MP/Content/KTP_Effect/Particles/Fly/Expolison_10_04.uasset" 9033
"C:/24CI0412MP/Content/KTP_Effect/Particles/Fly/Expolison_10_03.uasset" 9034
"C:/24CI0412MP/Content/KTP_Effect/Particles/Fly/Expolison_10_02.uasset" 9035
"C:/24CI0412MP/Content/KTP_Effect/Particles/Fly/Expolison_10_01.uasset" 9036
"C:/24CI0412MP/Content/KTP_Effect/Particles/Fly/Expolison_09_09.uasset" 9037
"C:/24CI0412MP/Content/KTP_Effect/Particles/Fly/Expolison_09_08.uasset" 9038
"C:/24CI0412MP/Content/KTP_Effect/Particles/Fly/Expolison_09_07.uasset" 9039
"C:/24CI0412MP/Content/KTP_Effect/Particles/Fly/Expolison_09_06.uasset" 9040
"C:/24CI0412MP/Content/KTP_Effect/Particles/Fly/Expolison_09_05.uasset" 9041
"C:/24CI0412MP/Content/KTP_Effect/Particles/Fly/Expolison_09_04.uasset" 9042
"C:/24CI0412MP/Content/KTP_Effect/Particles/Fly/Expolison_09_03.uasset" 9043
"C:/24CI0412MP/Content/KTP_Effect/Particles/Fly/Expolison_09_02.uasset" 9044
"C:/24CI0412MP/Content/KTP_Effect/Particles/Fly/Expolison_09_01.uasset" 9045
"C:/24CI0412MP/Content/KTP_Effect/Particles/Fly/Expolison_08_09.uasset" 9046
"C:/24CI0412MP/Content/KTP_Effect/Particles/Fly/Expolison_08_08.uasset" 9047
"C:/24CI0412MP/Content/KTP_Effect/Particles/Fly/Expolison_08_07.uasset" 9048
"C:/24CI0412MP/Content/KTP_Effect/Particles/Fly/Expolison_08_06.uasset" 9049
"C:/24CI0412MP/Content/KTP_Effect/Particles/Fly/Expolison_08_05.uasset" 9050
"C:/24CI0412MP/Content/KTP_Effect/Particles/Fly/Expolison_08_04.uasset" 9051
"C:/24CI0412MP/Content/KTP_Effect/Particles/Fly/Expolison_08_03.uasset" 9052
"C:/24CI0412MP/Content/KTP_Effect/Particles/Fly/Expolison_08_02.uasset" 9053
"C:/24CI0412MP/Content/KTP_Effect/Particles/Fly/Expolison_08_01.uasset" 9054
"C:/24CI0412MP/Content/KTP_Effect/Particles/Fly/Expolison_07_09.uasset" 9055
"C:/24CI0412MP/Content/KTP_Effect/Particles/Fly/Expolison_07_08.uasset" 9056
"C:/24CI0412MP/Content/KTP_Effect/Particles/Fly/Expolison_07_07.uasset" 9057
"C:/24CI0412MP/Content/KTP_Effect/Particles/Fly/Expolison_07_06.uasset" 9058
"C:/24CI0412MP/Content/KTP_Effect/Particles/Fly/Expolison_07_05.uasset" 9059
"C:/24CI0412MP/Content/KTP_Effect/Particles/Fly/Expolison_07_04.uasset" 9060
"C:/24CI0412MP/Content/KTP_Effect/Particles/Fly/Expolison_07_03.uasset" 9061
"C:/24CI0412MP/Content/KTP_Effect/Particles/Fly/Expolison_07_02.uasset" 9062
"C:/24CI0412MP/Content/KTP_Effect/Particles/Fly/Expolison_07_01.uasset" 9063
"C:/24CI0412MP/Content/KTP_Effect/Particles/Fly/Expolison_06_09.uasset" 9064
"C:/24CI0412MP/Content/KTP_Effect/Particles/Fly/Expolison_06_08.uasset" 9065
"C:/24CI0412MP/Content/KTP_Effect/Particles/Fly/Expolison_06_07.uasset" 9066
"C:/24CI0412MP/Content/KTP_Effect/Particles/Fly/Expolison_06_06.uasset" 9067
"C:/24CI0412MP/Content/KTP_Effect/Particles/Fly/Expolison_06_05.uasset" 9068
"C:/24CI0412MP/Content/KTP_Effect/Particles/Fly/Expolison_06_04.uasset" 9069
"C:/24CI0412MP/Content/KTP_Effect/Particles/Fly/Expolison_06_03.uasset" 9070
"C:/24CI0412MP/Content/KTP_Effect/Particles/Fly/Expolison_06_02.uasset" 9071
"C:/24CI0412MP/Content/KTP_Effect/Particles/Fly/Expolison_06_01.uasset" 9072
"C:/24CI0412MP/Content/KTP_Effect/Particles/Fly/Expolison_05_09.uasset" 9073
"C:/24CI0412MP/Content/KTP_Effect/Particles/Fly/Expolison_05_08.uasset" 9074
"C:/24CI0412MP/Content/KTP_Effect/Particles/Fly/Expolison_05_07.uasset" 9075
"C:/24CI0412MP/Content/KTP_Effect/Particles/Fly/Expolison_05_06.uasset" 9076
"C:/24CI0412MP/Content/KTP_Effect/Particles/Fly/Expolison_05_05.uasset" 9077
"C:/24CI0412MP/Content/KTP_Effect/Particles/Fly/Expolison_05_04.uasset" 9078
"C:/24CI0412MP/Content/KTP_Effect/Particles/Fly/Expolison_05_03.uasset" 9079
"C:/24CI0412MP/Content/KTP_Effect/Particles/Fly/Expolison_05_02.uasset" 9080
"C:/24CI0412MP/Content/KTP_Effect/Particles/Fly/Expolison_05_01.uasset" 9081
"C:/24CI0412MP/Content/KTP_Effect/Particles/Fly/Expolison_04_09.uasset" 9082
"C:/24CI0412MP/Content/KTP_Effect/Particles/Fly/Expolison_04_08.uasset" 9083
"C:/24CI0412MP/Content/KTP_Effect/Particles/Fly/Expolison_04_07.uasset" 9084
"C:/24CI0412MP/Content/KTP_Effect/Particles/Fly/Expolison_04_06.uasset" 9085
"C:/24CI0412MP/Content/KTP_Effect/Particles/Fly/Expolison_04_05.uasset" 9086
"C:/24CI0412MP/Content/KTP_Effect/Particles/Fly/Expolison_04_04.uasset" 9087
"C:/24CI0412MP/Content/KTP_Effect/Particles/Fly/Expolison_04_03.uasset" 9088
"C:/24CI0412MP/Content/KTP_Effect/Particles/Fly/Expolison_04_02.uasset" 9089
"C:/24CI0412MP/Content/KTP_Effect/Particles/Fly/Expolison_04_01.uasset" 9090
"C:/24CI0412MP/Content/KTP_Effect/Particles/Fly/Expolison_03_09.uasset" 9091
"C:/24CI0412MP/Content/KTP_Effect/Particles/Fly/Expolison_03_07.uasset" 9092
"C:/24CI0412MP/Content/KTP_Effect/Particles/Fly/Expolison_03_06.uasset" 9093
"C:/24CI0412MP/Content/KTP_Effect/Particles/Fly/Expolison_03_05.uasset" 9094
"C:/24CI0412MP/Content/KTP_Effect/Particles/Fly/Expolison_03_04.uasset" 9095
"C:/24CI0412MP/Content/KTP_Effect/Particles/Fly/Expolison_03_03.uasset" 9096
"C:/24CI0412MP/Content/KTP_Effect/Particles/Fly/Expolison_03_02.uasset" 9097
"C:/24CI0412MP/Content/KTP_Effect/Particles/Fly/Expolison_03_01.uasset" 9098
"C:/24CI0412MP/Content/KTP_Effect/Particles/Fly/Expolison_02_09.uasset" 9099
"C:/24CI0412MP/Content/KTP_Effect/Particles/Fly/Expolison_02_08.uasset" 9100
"C:/24CI0412MP/Content/KTP_Effect/Particles/Fly/Expolison_02_07.uasset" 9101
"C:/24CI0412MP/Content/KTP_Effect/Particles/Fly/Expolison_02_06.uasset" 9102
"C:/24CI0412MP/Content/KTP_Effect/Particles/Fly/Expolison_02_05.uasset" 9103
"C:/24CI0412MP/Content/KTP_Effect/Particles/Fly/Expolison_02_04.uasset" 9104
"C:/24CI0412MP/Content/KTP_Effect/Particles/Fly/Expolison_02_03.uasset" 9105
"C:/24CI0412MP/Content/KTP_Effect/Particles/Fly/Expolison_02_02.uasset" 9106
"C:/24CI0412MP/Content/KTP_Effect/Particles/Fly/Expolison_02_01.uasset" 9107
"C:/24CI0412MP/Content/KTP_Effect/Particles/Fly/Explosion_01_09.uasset" 9108
"C:/24CI0412MP/Content/KTP_Effect/Particles/Fly/Explosion_01_08.uasset" 9109
"C:/24CI0412MP/Content/KTP_Effect/Particles/Fly/Explosion_01_07.uasset" 9110
"C:/24CI0412MP/Content/KTP_Effect/Particles/Fly/Explosion_01_06.uasset" 9111
"C:/24CI0412MP/Content/KTP_Effect/Particles/Fly/Explosion_01_05.uasset" 9112
"C:/24CI0412MP/Content/KTP_Effect/Particles/Fly/Explosion_01_04.uasset" 9113
"C:/24CI0412MP/Content/KTP_Effect/Particles/Fly/Explosion_01_03.uasset" 9114
"C:/24CI0412MP/Content/KTP_Effect/Particles/Fly/Explosion_01_02.uasset" 9115
"C:/24CI0412MP/Content/KTP_Effect/Particles/Fly/Explosion_01_01.uasset" 9116
"C:/24CI0412MP/Content/Oonishi/Effect/EF_FireFlower.uasset" 9117
"C:/24CI0412MP/Content/Oonishi/TestMagicCircle.uasset" 9118
"C:/24CI0412MP/Content/Oonishi/Effect/EF_FlowerPetal.uasset" 9119
"C:/24CI0412MP/Content/Satou/KTP_Effect/Particles/Bottom/Bottom20-08.uasset" 9120
"C:/24CI0412MP/Content/Satou/KTP_Effect/Particles/Bottom/Bottom20-07.uasset" 9121
"C:/24CI0412MP/Content/Satou/KTP_Effect/Particles/Bottom/Bottom20-06.uasset" 9122
"C:/24CI0412MP/Content/Satou/KTP_Effect/Particles/Bottom/Bottom20-05.uasset" 9123
"C:/24CI0412MP/Content/Satou/KTP_Effect/Particles/Bottom/Bottom20-04.uasset" 9124
"C:/24CI0412MP/Content/Satou/KTP_Effect/Particles/Bottom/Bottom20-03.uasset" 9125
"C:/24CI0412MP/Content/Satou/KTP_Effect/Particles/Bottom/Bottom20-02.uasset" 9126
"C:/24CI0412MP/Content/Satou/KTP_Effect/Particles/Bottom/Bottom20-01.uasset" 9127
"C:/24CI0412MP/Content/Satou/KTP_Effect/Particles/Bottom/Bottom19-08.uasset" 9128
"C:/24CI0412MP/Content/Satou/KTP_Effect/Particles/Bottom/Bottom19-07.uasset" 9129
"C:/24CI0412MP/Content/Satou/KTP_Effect/Particles/Bottom/Bottom19-06.uasset" 9130
"C:/24CI0412MP/Content/Satou/KTP_Effect/Particles/Bottom/Bottom19-05.uasset" 9131
"C:/24CI0412MP/Content/Satou/KTP_Effect/Particles/Bottom/Bottom19-04.uasset" 9132
"C:/24CI0412MP/Content/Satou/KTP_Effect/Particles/Bottom/Bottom19-03.uasset" 9133
"C:/24CI0412MP/Content/Satou/KTP_Effect/Particles/Bottom/Bottom19-02.uasset" 9134
"C:/24CI0412MP/Content/Satou/KTP_Effect/Particles/Bottom/Bottom19-01.uasset" 9135
"C:/24CI0412MP/Content/Satou/KTP_Effect/Particles/Bottom/Bottom17-08.uasset" 9136
"C:/24CI0412MP/Content/Satou/KTP_Effect/Particles/Bottom/Bottom17-07.uasset" 9137
"C:/24CI0412MP/Content/Satou/KTP_Effect/Particles/Bottom/Bottom17-06.uasset" 9138
"C:/24CI0412MP/Content/Satou/KTP_Effect/Particles/Bottom/Bottom17-05.uasset" 9139
"C:/24CI0412MP/Content/Satou/KTP_Effect/Particles/Bottom/Bottom17-04.uasset" 9140
"C:/24CI0412MP/Content/Satou/KTP_Effect/Particles/Bottom/Bottom17-03.uasset" 9141
"C:/24CI0412MP/Content/Satou/KTP_Effect/Particles/Bottom/Bottom17-02.uasset" 9142
"C:/24CI0412MP/Content/Satou/KTP_Effect/Particles/Bottom/Bottom17-01.uasset" 9143
"C:/24CI0412MP/Content/Satou/KTP_Effect/Particles/Bottom/Bottom15-08.uasset" 9144
"C:/24CI0412MP/Content/Satou/KTP_Effect/Particles/Bottom/Bottom15-07.uasset" 9145
"C:/24CI0412MP/Content/Satou/KTP_Effect/Particles/Bottom/Bottom15-06.uasset" 9146
"C:/24CI0412MP/Content/Satou/KTP_Effect/Particles/Bottom/Bottom15-05.uasset" 9147
"C:/24CI0412MP/Content/Satou/KTP_Effect/Particles/Bottom/Bottom15-04.uasset" 9148
"C:/24CI0412MP/Content/Satou/KTP_Effect/Particles/Bottom/Bottom15-03.uasset" 9149
"C:/24CI0412MP/Content/Satou/KTP_Effect/Particles/Bottom/Bottom15-02.uasset" 9150
"../../Plugins/FX/Niagara/Content/Modules/Collision/Collision.uasset" 9151
"../../Plugins/FX/Niagara/Content/Functions/CalculateRadiusFromSpriteSize.uasset" 9152
"../../Plugins/FX/Niagara/Content/Modules/Collision/CollisionQueryAndResponse.uasset" 9153
"C:/24CI0412MP/Content/Satou/KTP_Effect/Particles/Bottom/Bottom15-01.uasset" 9154
"../../Plugins/FX/Niagara/Content/Functions/Collision/PlaneSphereCollisionDetection.uasset" 9155
"../../Plugins/FX/Niagara/Content/Functions/Collision/RandomizeCollisionNormals.uasset" 9156
"../../Plugins/FX/Niagara/Content/Functions/ReflectVector.uasset" 9157
"../../Plugins/FX/Niagara/Content/Functions/Textures/CalculateA_VolumeTexturesDistanceFieldGradient.uasset" 9158
"../../Plugins/FX/Niagara/Content/Enums/ENiagara_Float4Channel.uasset" 9159
"../../Plugins/FX/Niagara/Content/Modules/Collision/NiagaraDistanceFieldCollisions.uasset" 9160
"../../Plugins/FX/Niagara/Content/Modules/Collision/SceneDepthTest.uasset" 9161
"../../Plugins/FX/Niagara/Content/Enums/Collision/SceneDepthCollisionQueryMethod.uasset" 9162
"../../Plugins/FX/Niagara/Content/Enums/ENiagara_CPUCollisionType.uasset" 9163
"../../Plugins/FX/Niagara/Content/Enums/ENiagara_GPUCollisionType.uasset" 9164
"../../Plugins/FX/Niagara/Content/Enums/ENiagaraFrictionMergeType.uasset" 9165
"../../Plugins/FX/Niagara/Content/Enums/ENiagaraRestitutionMergeType.uasset" 9166
"../../Plugins/FX/Niagara/Content/Enums/ENiagaraCollisionRadiusOptions.uasset" 9167
"C:/24CI0412MP/Content/Satou/KTP_Effect/Particles/Bottom/Bottom10-08.uasset" 9168
"C:/24CI0412MP/Content/Satou/KTP_Effect/Particles/Bottom/Bottom10-07.uasset" 9169
"C:/24CI0412MP/Content/Satou/KTP_Effect/Particles/Bottom/Bottom10-06.uasset" 9170
"C:/24CI0412MP/Content/Satou/KTP_Effect/Particles/Bottom/Bottom10-05.uasset" 9171
"C:/24CI0412MP/Content/Satou/KTP_Effect/Particles/Bottom/Bottom10-04.uasset" 9172
"C:/24CI0412MP/Content/Satou/KTP_Effect/Particles/Bottom/Bottom10-03.uasset" 9173
"C:/24CI0412MP/Content/Satou/KTP_Effect/Particles/Bottom/Bottom10-02.uasset" 9174
"C:/24CI0412MP/Content/Satou/KTP_Effect/Particles/Bottom/Bottom10-01.uasset" 9175
"C:/24CI0412MP/Content/Satou/KTP_Effect/Particles/Bottom/Bottom09-08.uasset" 9176
"C:/24CI0412MP/Content/Satou/KTP_Effect/Particles/Bottom/Bottom09-07.uasset" 9177
"C:/24CI0412MP/Content/Satou/KTP_Effect/Particles/Bottom/Bottom09-06.uasset" 9178
"C:/24CI0412MP/Content/Satou/KTP_Effect/Particles/Bottom/Bottom09-05.uasset" 9179
"C:/24CI0412MP/Content/Satou/KTP_Effect/Particles/Bottom/Bottom09-04.uasset" 9180
"C:/24CI0412MP/Content/Satou/KTP_Effect/Particles/Bottom/Bottom09-03.uasset" 9181
"C:/24CI0412MP/Content/Satou/KTP_Effect/Particles/Bottom/Bottom09-02.uasset" 9182
"C:/24CI0412MP/Content/Satou/KTP_Effect/Particles/Bottom/Bottom09-01.uasset" 9183
"C:/24CI0412MP/Content/Satou/KTP_Effect/Particles/Bottom/Bottom08-08.uasset" 9184
"C:/24CI0412MP/Content/Satou/KTP_Effect/Particles/Bottom/Bottom08-07.uasset" 9185
"C:/24CI0412MP/Content/Satou/KTP_Effect/Particles/Bottom/Bottom08-06.uasset" 9186
"C:/24CI0412MP/Content/Satou/KTP_Effect/Particles/Bottom/Bottom08-05.uasset" 9187
"C:/24CI0412MP/Content/Satou/KTP_Effect/Particles/Bottom/Bottom08-04.uasset" 9188
"C:/24CI0412MP/Content/Satou/KTP_Effect/Particles/Bottom/Bottom08-03.uasset" 9189
"C:/24CI0412MP/Content/Satou/KTP_Effect/Particles/Bottom/Bottom08-02.uasset" 9190
"C:/24CI0412MP/Content/Satou/KTP_Effect/Particles/Bottom/Bottom08-01.uasset" 9191
"C:/24CI0412MP/Content/Satou/KTP_Effect/Particles/Bottom/Bottom07-08.uasset" 9192
"C:/24CI0412MP/Content/Satou/KTP_Effect/Particles/Bottom/Bottom07-07.uasset" 9193
"C:/24CI0412MP/Content/Satou/KTP_Effect/Particles/Bottom/Bottom07-06.uasset" 9194
"C:/24CI0412MP/Content/Satou/KTP_Effect/Particles/Bottom/Bottom07-05.uasset" 9195
"C:/24CI0412MP/Content/Satou/KTP_Effect/Particles/Bottom/Bottom07-04.uasset" 9196
"C:/24CI0412MP/Content/Satou/KTP_Effect/Particles/Bottom/Bottom07-03.uasset" 9197
"C:/24CI0412MP/Content/Satou/KTP_Effect/Particles/Bottom/Bottom07-02.uasset" 9198
"C:/24CI0412MP/Content/Satou/KTP_Effect/Particles/Bottom/Bottom07-01.uasset" 9199
"C:/24CI0412MP/Content/Satou/KTP_Effect/Particles/Bottom/Bottom06-08.uasset" 9200
"C:/24CI0412MP/Content/Satou/KTP_Effect/Particles/Bottom/Bottom06-07.uasset" 9201
"C:/24CI0412MP/Content/Satou/KTP_Effect/Particles/Bottom/Bottom06-06.uasset" 9202
"C:/24CI0412MP/Content/Satou/KTP_Effect/Particles/Bottom/Bottom06-05.uasset" 9203
"C:/24CI0412MP/Content/Satou/KTP_Effect/Particles/Bottom/Bottom06-04.uasset" 9204
"C:/24CI0412MP/Content/Satou/KTP_Effect/Particles/Bottom/Bottom06-03.uasset" 9205
"C:/24CI0412MP/Content/Satou/KTP_Effect/Particles/Bottom/Bottom06-02.uasset" 9206
"C:/24CI0412MP/Content/Satou/KTP_Effect/Particles/Bottom/Bottom06-01.uasset" 9207
"C:/24CI0412MP/Content/Satou/KTP_Effect/Particles/Bottom/Bottom05-08.uasset" 9208
"C:/24CI0412MP/Content/Satou/KTP_Effect/Particles/Bottom/Bottom05-07.uasset" 9209
"C:/24CI0412MP/Content/Satou/KTP_Effect/Particles/Bottom/Bottom05-06.uasset" 9210
"C:/24CI0412MP/Content/Satou/KTP_Effect/Particles/Bottom/Bottom05-05.uasset" 9211
"C:/24CI0412MP/Content/Satou/KTP_Effect/Particles/Bottom/Bottom05-04.uasset" 9212
"C:/24CI0412MP/Content/Satou/KTP_Effect/Particles/Bottom/Bottom05-03.uasset" 9213
"C:/24CI0412MP/Content/Satou/KTP_Effect/Particles/Bottom/Bottom05-02.uasset" 9214
"C:/24CI0412MP/Content/Satou/KTP_Effect/Particles/Bottom/Bottom05-01.uasset" 9215
"C:/24CI0412MP/Content/Satou/KTP_Effect/Particles/Bottom/Bottom04-08.uasset" 9216
"C:/24CI0412MP/Content/Satou/KTP_Effect/Particles/Bottom/Bottom04-07.uasset" 9217
"C:/24CI0412MP/Content/Satou/KTP_Effect/Particles/Bottom/Bottom04-06.uasset" 9218
"C:/24CI0412MP/Content/Satou/KTP_Effect/Particles/Bottom/Bottom04-05.uasset" 9219
"C:/24CI0412MP/Content/Satou/KTP_Effect/Particles/Bottom/Bottom04-04.uasset" 9220
"C:/24CI0412MP/Content/Satou/KTP_Effect/Particles/Bottom/Bottom04-03.uasset" 9221
"C:/24CI0412MP/Content/Satou/KTP_Effect/Particles/Bottom/Bottom04-02.uasset" 9222
"C:/24CI0412MP/Content/Satou/KTP_Effect/Particles/Bottom/Bottom04-01.uasset" 9223
"C:/24CI0412MP/Content/Satou/KTP_Effect/Particles/Bottom/Bottom03-08.uasset" 9224
"C:/24CI0412MP/Content/Satou/KTP_Effect/Particles/Bottom/Bottom03-07.uasset" 9225
"C:/24CI0412MP/Content/Satou/KTP_Effect/Particles/Bottom/Bottom03-06.uasset" 9226
"C:/24CI0412MP/Content/Satou/KTP_Effect/Particles/Bottom/Bottom03-05.uasset" 9227
"C:/24CI0412MP/Content/Satou/KTP_Effect/Particles/Bottom/Bottom03-04.uasset" 9228
"C:/24CI0412MP/Content/Satou/KTP_Effect/Particles/Bottom/Bottom03-03.uasset" 9229
"C:/24CI0412MP/Content/Satou/KTP_Effect/Particles/Bottom/Bottom03-02.uasset" 9230
"C:/24CI0412MP/Content/Satou/KTP_Effect/Particles/Bottom/Bottom03-01.uasset" 9231
"C:/24CI0412MP/Content/Satou/KTP_Effect/Particles/Bottom/Bottom02-05.uasset" 9232
"C:/24CI0412MP/Content/Satou/KTP_Effect/Particles/Bottom/Bottom02-01.uasset" 9233
"C:/24CI0412MP/Content/Satou/KTP_Effect/Particles/Bottom/Bottom01-08.uasset" 9234
"C:/24CI0412MP/Content/Satou/KTP_Effect/Particles/Bottom/Bottom01-07.uasset" 9235
"C:/24CI0412MP/Content/Satou/KTP_Effect/Particles/Bottom/Bottom01-06.uasset" 9236
"C:/24CI0412MP/Content/Satou/KTP_Effect/Particles/Bottom/Bottom01-05.uasset" 9237
"C:/24CI0412MP/Content/Satou/KTP_Effect/Particles/Bottom/Bottom01-04.uasset" 9238
"C:/24CI0412MP/Content/Satou/KTP_Effect/Particles/Bottom/Bottom01-03.uasset" 9239
"C:/24CI0412MP/Content/Satou/KTP_Effect/Particles/Bottom/Bottom01-02.uasset" 9240
"C:/24CI0412MP/Content/Satou/KTP_Effect/Particles/Bottom/Bottom01-01.uasset" 9241
"C:/24CI0412MP/Content/KTP_Effect/Particles/Bottom/Bottom20-08.uasset" 9242
"C:/24CI0412MP/Content/KTP_Effect/Particles/Bottom/Bottom20-07.uasset" 9243
"C:/24CI0412MP/Content/KTP_Effect/Particles/Bottom/Bottom20-06.uasset" 9244
"C:/24CI0412MP/Content/KTP_Effect/Particles/Bottom/Bottom20-05.uasset" 9245
"C:/24CI0412MP/Content/KTP_Effect/Particles/Bottom/Bottom20-04.uasset" 9246
"C:/24CI0412MP/Content/KTP_Effect/Particles/Bottom/Bottom20-03.uasset" 9247
"C:/24CI0412MP/Content/KTP_Effect/Particles/Bottom/Bottom20-02.uasset" 9248
"C:/24CI0412MP/Content/KTP_Effect/Particles/Bottom/Bottom20-01.uasset" 9249
"C:/24CI0412MP/Content/KTP_Effect/Particles/Bottom/Bottom19-08.uasset" 9250
"C:/24CI0412MP/Content/KTP_Effect/Particles/Bottom/Bottom19-07.uasset" 9251
"C:/24CI0412MP/Content/KTP_Effect/Particles/Bottom/Bottom19-06.uasset" 9252
"C:/24CI0412MP/Content/KTP_Effect/Particles/Bottom/Bottom19-05.uasset" 9253
"C:/24CI0412MP/Content/KTP_Effect/Particles/Bottom/Bottom19-04.uasset" 9254
"C:/24CI0412MP/Content/KTP_Effect/Particles/Bottom/Bottom19-03.uasset" 9255
"C:/24CI0412MP/Content/KTP_Effect/Particles/Bottom/Bottom19-02.uasset" 9256
"C:/24CI0412MP/Content/KTP_Effect/Particles/Bottom/Bottom19-01.uasset" 9257
"C:/24CI0412MP/Content/KTP_Effect/Particles/Bottom/Bottom17-08.uasset" 9258
"C:/24CI0412MP/Content/KTP_Effect/Particles/Bottom/Bottom17-07.uasset" 9259
"C:/24CI0412MP/Content/KTP_Effect/Particles/Bottom/Bottom17-06.uasset" 9260
"C:/24CI0412MP/Content/KTP_Effect/Particles/Bottom/Bottom17-05.uasset" 9261
"C:/24CI0412MP/Content/KTP_Effect/Particles/Bottom/Bottom17-04.uasset" 9262
"C:/24CI0412MP/Content/KTP_Effect/Particles/Bottom/Bottom17-03.uasset" 9263
"C:/24CI0412MP/Content/KTP_Effect/Particles/Bottom/Bottom17-02.uasset" 9264
"C:/24CI0412MP/Content/KTP_Effect/Particles/Bottom/Bottom17-01.uasset" 9265
"C:/24CI0412MP/Content/KTP_Effect/Particles/Bottom/Bottom15-08.uasset" 9266
"C:/24CI0412MP/Content/KTP_Effect/Particles/Bottom/Bottom15-07.uasset" 9267
"C:/24CI0412MP/Content/KTP_Effect/Particles/Bottom/Bottom15-06.uasset" 9268
"C:/24CI0412MP/Content/KTP_Effect/Particles/Bottom/Bottom15-05.uasset" 9269
"C:/24CI0412MP/Content/KTP_Effect/Particles/Bottom/Bottom15-04.uasset" 9270
"C:/24CI0412MP/Content/KTP_Effect/Particles/Bottom/Bottom15-03.uasset" 9271
"C:/24CI0412MP/Content/KTP_Effect/Particles/Bottom/Bottom15-02.uasset" 9272
"C:/24CI0412MP/Content/KTP_Effect/Particles/Bottom/Bottom15-01.uasset" 9273
"C:/24CI0412MP/Content/KTP_Effect/Particles/Bottom/Bottom10-08.uasset" 9274
"C:/24CI0412MP/Content/KTP_Effect/Particles/Bottom/Bottom10-07.uasset" 9275
"C:/24CI0412MP/Content/KTP_Effect/Particles/Bottom/Bottom10-06.uasset" 9276
"C:/24CI0412MP/Content/KTP_Effect/Particles/Bottom/Bottom10-05.uasset" 9277
"C:/24CI0412MP/Content/KTP_Effect/Particles/Bottom/Bottom10-04.uasset" 9278
"C:/24CI0412MP/Content/KTP_Effect/Particles/Bottom/Bottom10-03.uasset" 9279
"C:/24CI0412MP/Content/KTP_Effect/Particles/Bottom/Bottom10-02.uasset" 9280
"C:/24CI0412MP/Content/KTP_Effect/Particles/Bottom/Bottom10-01.uasset" 9281
"C:/24CI0412MP/Content/KTP_Effect/Particles/Bottom/Bottom09-08.uasset" 9282
"C:/24CI0412MP/Content/KTP_Effect/Particles/Bottom/Bottom09-07.uasset" 9283
"C:/24CI0412MP/Content/KTP_Effect/Particles/Bottom/Bottom09-06.uasset" 9284
"C:/24CI0412MP/Content/KTP_Effect/Particles/Bottom/Bottom09-05.uasset" 9285
"C:/24CI0412MP/Content/KTP_Effect/Particles/Bottom/Bottom09-04.uasset" 9286
"C:/24CI0412MP/Content/KTP_Effect/Particles/Bottom/Bottom09-03.uasset" 9287
"C:/24CI0412MP/Content/KTP_Effect/Particles/Bottom/Bottom09-02.uasset" 9288
"C:/24CI0412MP/Content/KTP_Effect/Particles/Bottom/Bottom09-01.uasset" 9289
"C:/24CI0412MP/Content/KTP_Effect/Particles/Bottom/Bottom08-08.uasset" 9290
"C:/24CI0412MP/Content/KTP_Effect/Particles/Bottom/Bottom08-07.uasset" 9291
"C:/24CI0412MP/Content/KTP_Effect/Particles/Bottom/Bottom08-06.uasset" 9292
"C:/24CI0412MP/Content/KTP_Effect/Particles/Bottom/Bottom08-05.uasset" 9293
"C:/24CI0412MP/Content/KTP_Effect/Particles/Bottom/Bottom08-04.uasset" 9294
"C:/24CI0412MP/Content/KTP_Effect/Particles/Bottom/Bottom08-03.uasset" 9295
"C:/24CI0412MP/Content/KTP_Effect/Particles/Bottom/Bottom08-02.uasset" 9296
"C:/24CI0412MP/Content/KTP_Effect/Particles/Bottom/Bottom08-01.uasset" 9297
"C:/24CI0412MP/Content/KTP_Effect/Particles/Bottom/Bottom07-08.uasset" 9298
"C:/24CI0412MP/Content/KTP_Effect/Particles/Bottom/Bottom07-07.uasset" 9299
"C:/24CI0412MP/Content/KTP_Effect/Particles/Bottom/Bottom07-06.uasset" 9300
"C:/24CI0412MP/Content/KTP_Effect/Particles/Bottom/Bottom07-05.uasset" 9301
"C:/24CI0412MP/Content/KTP_Effect/Particles/Bottom/Bottom07-04.uasset" 9302
"C:/24CI0412MP/Content/KTP_Effect/Particles/Bottom/Bottom07-03.uasset" 9303
"C:/24CI0412MP/Content/KTP_Effect/Particles/Bottom/Bottom07-02.uasset" 9304
"C:/24CI0412MP/Content/KTP_Effect/Particles/Bottom/Bottom07-01.uasset" 9305
"C:/24CI0412MP/Content/KTP_Effect/Particles/Bottom/Bottom06-08.uasset" 9306
"C:/24CI0412MP/Content/KTP_Effect/Particles/Bottom/Bottom06-07.uasset" 9307
"C:/24CI0412MP/Content/KTP_Effect/Particles/Bottom/Bottom06-06.uasset" 9308
"C:/24CI0412MP/Content/KTP_Effect/Particles/Bottom/Bottom06-05.uasset" 9309
"C:/24CI0412MP/Content/KTP_Effect/Particles/Bottom/Bottom06-04.uasset" 9310
"C:/24CI0412MP/Content/KTP_Effect/Particles/Bottom/Bottom06-03.uasset" 9311
"C:/24CI0412MP/Content/KTP_Effect/Particles/Bottom/Bottom06-02.uasset" 9312
"C:/24CI0412MP/Content/KTP_Effect/Particles/Bottom/Bottom06-01.uasset" 9313
"C:/24CI0412MP/Content/KTP_Effect/Particles/Bottom/Bottom05-08.uasset" 9314
"C:/24CI0412MP/Content/KTP_Effect/Particles/Bottom/Bottom05-07.uasset" 9315
"C:/24CI0412MP/Content/KTP_Effect/Particles/Bottom/Bottom05-06.uasset" 9316
"C:/24CI0412MP/Content/KTP_Effect/Particles/Bottom/Bottom05-05.uasset" 9317
"C:/24CI0412MP/Content/KTP_Effect/Particles/Bottom/Bottom05-04.uasset" 9318
"C:/24CI0412MP/Content/KTP_Effect/Particles/Bottom/Bottom05-03.uasset" 9319
"C:/24CI0412MP/Content/KTP_Effect/Particles/Bottom/Bottom05-02.uasset" 9320
"C:/24CI0412MP/Content/KTP_Effect/Particles/Bottom/Bottom05-01.uasset" 9321
"C:/24CI0412MP/Content/KTP_Effect/Particles/Bottom/Bottom04-08.uasset" 9322
"C:/24CI0412MP/Content/KTP_Effect/Particles/Bottom/Bottom04-07.uasset" 9323
"C:/24CI0412MP/Content/KTP_Effect/Particles/Bottom/Bottom04-06.uasset" 9324
"C:/24CI0412MP/Content/KTP_Effect/Particles/Bottom/Bottom04-05.uasset" 9325
"C:/24CI0412MP/Content/KTP_Effect/Particles/Bottom/Bottom04-04.uasset" 9326
"C:/24CI0412MP/Content/KTP_Effect/Particles/Bottom/Bottom04-03.uasset" 9327
"C:/24CI0412MP/Content/KTP_Effect/Particles/Bottom/Bottom04-02.uasset" 9328
"C:/24CI0412MP/Content/KTP_Effect/Particles/Bottom/Bottom04-01.uasset" 9329
"C:/24CI0412MP/Content/KTP_Effect/Particles/Bottom/Bottom03-08.uasset" 9330
"C:/24CI0412MP/Content/KTP_Effect/Particles/Bottom/Bottom03-07.uasset" 9331
"C:/24CI0412MP/Content/KTP_Effect/Particles/Bottom/Bottom03-06.uasset" 9332
"C:/24CI0412MP/Content/KTP_Effect/Particles/Bottom/Bottom03-05.uasset" 9333
"C:/24CI0412MP/Content/KTP_Effect/Particles/Bottom/Bottom03-04.uasset" 9334
"C:/24CI0412MP/Content/KTP_Effect/Particles/Bottom/Bottom03-03.uasset" 9335
"C:/24CI0412MP/Content/KTP_Effect/Particles/Bottom/Bottom03-02.uasset" 9336
"C:/24CI0412MP/Content/KTP_Effect/Particles/Bottom/Bottom03-01.uasset" 9337
"C:/24CI0412MP/Content/KTP_Effect/Particles/Bottom/Bottom02-05.uasset" 9338
"C:/24CI0412MP/Content/KTP_Effect/Particles/Bottom/Bottom02-01.uasset" 9339
"C:/24CI0412MP/Content/KTP_Effect/Particles/Bottom/Bottom01-08.uasset" 9340
"C:/24CI0412MP/Content/KTP_Effect/Particles/Bottom/Bottom01-07.uasset" 9341
"C:/24CI0412MP/Content/KTP_Effect/Particles/Bottom/Bottom01-06.uasset" 9342
"C:/24CI0412MP/Content/KTP_Effect/Particles/Bottom/Bottom01-05.uasset" 9343
"C:/24CI0412MP/Content/KTP_Effect/Particles/Bottom/Bottom01-04.uasset" 9344
"C:/24CI0412MP/Content/KTP_Effect/Particles/Bottom/Bottom01-03.uasset" 9345
"C:/24CI0412MP/Content/KTP_Effect/Particles/Bottom/Bottom01-02.uasset" 9346
"C:/24CI0412MP/Content/KTP_Effect/Particles/Bottom/Bottom01-01.uasset" 9347
"../../../Engine/Plugins/Interchange/Runtime/Content/gltf/MaterialInstances/MI_SpecularGlossiness_Blend_DS.uasset" 9348
"../../../Engine/Plugins/Interchange/Runtime/Content/gltf/MaterialInstances/MI_SpecularGlossiness_Mask_DS.uasset" 9349
"../../../Engine/Plugins/Interchange/Runtime/Content/gltf/MaterialInstances/MI_SpecularGlossiness_Opaque_DS.uasset" 9350
"../../../Engine/Plugins/Interchange/Runtime/Content/gltf/MaterialInstances/MI_SpecularGlossiness_Blend.uasset" 9351
"../../../Engine/Plugins/Interchange/Runtime/Content/gltf/MaterialInstances/MI_SpecularGlossiness_Mask.uasset" 9352
"../../../Engine/Plugins/Interchange/Runtime/Content/gltf/MaterialInstances/MI_SpecularGlossiness_Opaque.uasset" 9353
"../../../Engine/Plugins/Interchange/Runtime/Content/gltf/MaterialInstances/MI_Transmission_DS.uasset" 9354
"../../../Engine/Plugins/Interchange/Runtime/Content/gltf/MaterialInstances/MI_Transmission.uasset" 9355
"../../../Engine/Plugins/Interchange/Runtime/Content/gltf/MaterialInstances/MI_Sheen_Blend_DS.uasset" 9356
"../../../Engine/Plugins/Interchange/Runtime/Content/gltf/MaterialInstances/MI_Sheen_Mask_DS.uasset" 9357
"../../../Engine/Plugins/Interchange/Runtime/Content/gltf/MaterialInstances/MI_Sheen_Opaque_DS.uasset" 9358
"../../../Engine/Plugins/Interchange/Runtime/Content/gltf/MaterialInstances/MI_Sheen_Blend.uasset" 9359
"../../../Engine/Plugins/Interchange/Runtime/Content/gltf/MaterialInstances/MI_Sheen_Mask.uasset" 9360
"../../../Engine/Plugins/Interchange/Runtime/Content/gltf/MaterialInstances/MI_Sheen_Opaque.uasset" 9361
"../../../Engine/Plugins/Interchange/Runtime/Content/gltf/MaterialInstances/MI_ClearCoat_Blend_DS.uasset" 9362
"../../../Engine/Plugins/Interchange/Runtime/Content/gltf/MaterialInstances/MI_ClearCoat_Mask_DS.uasset" 9363
"../../../Engine/Plugins/Interchange/Runtime/Content/gltf/MaterialInstances/MI_ClearCoat_Opaque_DS.uasset" 9364
"../../../Engine/Plugins/Interchange/Runtime/Content/gltf/MaterialInstances/MI_ClearCoat_Blend.uasset" 9365
"../../../Engine/Plugins/Interchange/Runtime/Content/gltf/MaterialInstances/MI_ClearCoat_Mask.uasset" 9366
"../../../Engine/Plugins/Interchange/Runtime/Content/gltf/MaterialInstances/MI_ClearCoat_Opaque.uasset" 9367
"../../../Engine/Plugins/Interchange/Runtime/Content/gltf/MaterialInstances/MI_Default_Blend_DS.uasset" 9368
"../../../Engine/Plugins/Interchange/Runtime/Content/gltf/MaterialInstances/MI_Default_Mask_DS.uasset" 9369
"../../../Engine/Plugins/Interchange/Runtime/Content/gltf/MaterialInstances/MI_Default_Opaque_DS.uasset" 9370
"../../../Engine/Plugins/Interchange/Runtime/Content/gltf/MaterialInstances/MI_Default_Blend.uasset" 9371
"../../../Engine/Plugins/Interchange/Runtime/Content/gltf/MaterialInstances/MI_Default_Mask.uasset" 9372
"../../../Engine/Plugins/Interchange/Runtime/Content/gltf/MaterialInstances/MI_Default_Opaque.uasset" 9373
"C:/24CI0412MP/Content/StarterContent/Maps/Advanced_Lighting.umap" 9374
"C:/24CI0412MP/Content/Characters/MannequinsXR/Meshes/SKM_QuinnXR_right.uasset" 9375
"C:/24CI0412MP/Content/Characters/MannequinsXR/Meshes/SKM_QuinnXR_left.uasset" 9376
"C:/24CI0412MP/Content/Characters/MannequinsXR/Meshes/SKM_MannyXR_right.uasset" 9377
"C:/24CI0412MP/Content/Characters/MannequinsXR/Meshes/SKM_MannyXR_left.uasset" 9378
"C:/24CI0412MP/Content/Mediterranean_Coast/Meshes/SM_Veg_D.uasset" 9379
"C:/24CI0412MP/Content/Mediterranean_Coast/Meshes/SM_Vines.uasset" 9380
"C:/24CI0412MP/Content/Mediterranean_Coast/Meshes/SM_Veg_C.uasset" 9381
"C:/24CI0412MP/Content/Mediterranean_Coast/Meshes/SM_Veg_B.uasset" 9382
"C:/24CI0412MP/Content/Mediterranean_Coast/Meshes/SM_Veg_A.uasset" 9383
"C:/24CI0412MP/Content/Mediterranean_Coast/Meshes/SM_Pinus_Parts_02.uasset" 9384
"C:/24CI0412MP/Content/Mediterranean_Coast/Meshes/SM_Pinus_Brutia_07.uasset" 9385
"C:/24CI0412MP/Content/Mediterranean_Coast/Meshes/SM_GroundVeg_C.uasset" 9386
"C:/24CI0412MP/Content/Mediterranean_Coast/Meshes/SM_Pinus_Parts_01.uasset" 9387
"C:/24CI0412MP/Content/Mediterranean_Coast/Meshes/SM_GroundVeg_B.uasset" 9388
"../../../../../../24CI0412MP/Content/StarterContent/Maps/Advanced_Lighting.umap" 9389
"../../../../../../24CI0412MP/Content/Characters/MannequinsXR/Meshes/SKM_QuinnXR_right.uasset" 9390
"../../../../../../24CI0412MP/Content/Characters/MannequinsXR/Meshes/SKM_QuinnXR_left.uasset" 9391
"../../../../../../24CI0412MP/Content/Characters/MannequinsXR/Meshes/SKM_MannyXR_right.uasset" 9392
"../../../../../../24CI0412MP/Content/Characters/MannequinsXR/Meshes/SKM_MannyXR_left.uasset" 9393
"C:/24CI0412MP/Content/Mediterranean_Coast/Meshes/SM_Grass_G.uasset" 9394
"C:/24CI0412MP/Content/Mediterranean_Coast/Meshes/SM_Grass_F.uasset" 9395
"C:/24CI0412MP/Content/Mediterranean_Coast/Meshes/SM_GroundVeg_A.uasset" 9396
"C:/24CI0412MP/Content/Mediterranean_Coast/Meshes/SM_Grass_E.uasset" 9397
"C:/24CI0412MP/Content/Mediterranean_Coast/Meshes/SM_Flower_D.uasset" 9398
"C:/24CI0412MP/Content/Mediterranean_Coast/Meshes/SM_Grass_D.uasset" 9399
"C:/24CI0412MP/Content/Mediterranean_Coast/Meshes/SM_Flower_C.uasset" 9400
"C:/24CI0412MP/Content/Mediterranean_Coast/Meshes/SM_Grass_A.uasset" 9401
"C:/24CI0412MP/Content/Mediterranean_Coast/Meshes/SM_Flower_B.uasset" 9402
"C:/24CI0412MP/Content/Mediterranean_Coast/Meshes/SM_Grass_B.uasset" 9403
"C:/24CI0412MP/Content/Mediterranean_Coast/Meshes/SM_Grass_C.uasset" 9404
"C:/24CI0412MP/Content/Mediterranean_Coast/World_Settings/PFS_Rocks.uasset" 9405
"C:/24CI0412MP/Content/Mediterranean_Coast/Meshes/SM_Pinus_Brutia_Bush.uasset" 9406
"C:/24CI0412MP/Content/Mediterranean_Coast/Meshes/SM_Pinus_Brutia_06.uasset" 9407
"C:/24CI0412MP/Content/Mediterranean_Coast/Meshes/SM_Flower_A.uasset" 9408
"C:/24CI0412MP/Content/Mediterranean_Coast/World_Settings/PFS_Cliffs.uasset" 9409
"C:/24CI0412MP/Content/Mediterranean_Coast/Meshes/SM_Pinus_Brutia_05.uasset" 9410
"C:/24CI0412MP/Content/Mediterranean_Coast/Meshes/SM_Pinus_Brutia_00.uasset" 9411
"C:/24CI0412MP/Content/Mediterranean_Coast/Meshes/SM_Pinus_Brutia_01.uasset" 9412
"C:/24CI0412MP/Content/Mediterranean_Coast/Materials/MI_OliveBill_02.uasset" 9413
"C:/24CI0412MP/Content/Mediterranean_Coast/Materials/MI_OliveBill_04.uasset" 9414
"C:/24CI0412MP/Content/Mediterranean_Coast/Materials/MI_OliveBill_03.uasset" 9415
"C:/24CI0412MP/Content/Mediterranean_Coast/Materials/MI_OliveBill_01.uasset" 9416
"C:/24CI0412MP/Content/Kanda/VRActor_2.uasset" 9417
"C:/24CI0412MP/Content/KTP_Effect/Maps/Preview_Fly.umap" 9418
"C:/24CI0412MP/Content/Mediterranean_Coast/World_Settings/PFS_BigRocks.uasset" 9419
"C:/24CI0412MP/Content/Mediterranean_Coast/Meshes/SM_Pinus_Brutia_02.uasset" 9420
"C:/24CI0412MP/Content/Satou/Mesh/Mat_6.uasset" 9421
"../../../Engine/Content/EditorResources/LightIcons/S_LightError.uasset" 9422
"C:/24CI0412MP/Content/Mediterranean_Coast/Meshes/SM_Pinus_Brutia_04.uasset" 9423
"C:/24CI0412MP/Content/KTP_Effect/Maps/Preview_Bottom.umap" 9424
"C:/24CI0412MP/Content/Oonishi/Oonishi.umap" 9425
"C:/24CI0412MP/Content/Mediterranean_Coast/Meshes/SM_Pinus_Brutia_03.uasset" 9426
"../../../../../../24CI0412MP/Content/Mediterranean_Coast/Meshes/SM_Pinus_Brutia_07.uasset" 9427
"../../../../../../24CI0412MP/Content/Mediterranean_Coast/Meshes/SM_Pinus_Parts_02.uasset" 9428
"../../../../../../24CI0412MP/Content/Mediterranean_Coast/Meshes/SM_Pinus_Parts_01.uasset" 9429
"../../../../../../24CI0412MP/Content/KTP_Effect/Maps/Preview_Fly.umap" 9430
"../../../../../../24CI0412MP/Content/Oonishi/Oonishi.umap" 9431
"../../../../../../24CI0412MP/Content/KTP_Effect/Maps/Preview_Bottom.umap" 9432
"C:/24CI0412MP/Content/Satou/Mesh/Mat_4.uasset" 9433
"C:/24CI0412MP/Content/Satou/Mesh/Mat_3.uasset" 9434
"C:/24CI0412MP/Content/Satou/Mesh/Mat_2.uasset" 9435
"C:/24CI0412MP/Content/Satou/Mesh/Mat_1.uasset" 9436
"C:/24CI0412MP/Content/Satou/Mesh/Mat.uasset" 9437
"C:/24CI0412MP/Content/Mediterranean_Coast/World_Settings/StaticMeshFoliages/SMF_Vines.uasset" 9438
"C:/24CI0412MP/Content/Mediterranean_Coast/World_Settings/GrassTypes/ForestLayer/LGT_Forest_B.uasset" 9439
"C:/24CI0412MP/Content/Mediterranean_Coast/World_Settings/StaticMeshFoliages/SMF_Pine_07.uasset" 9440
"C:/24CI0412MP/Content/Mediterranean_Coast/World_Settings/StaticMeshFoliages/SMF_PineParts_02.uasset" 9441
"C:/24CI0412MP/Content/Mediterranean_Coast/World_Settings/GrassTypes/ForestLayer/LGT_Forest_D.uasset" 9442
"C:/24CI0412MP/Content/Mediterranean_Coast/World_Settings/GrassTypes/ForestLayer/LGT_Forest_A.uasset" 9443
"C:/24CI0412MP/Content/Mediterranean_Coast/World_Settings/GrassTypes/ForestLayer/LGT_Forest_C.uasset" 9444
"C:/24CI0412MP/Content/Mediterranean_Coast/World_Settings/StaticMeshFoliages/SMF_PineParts_01.uasset" 9445
"C:/24CI0412MP/Content/Mediterranean_Coast/World_Settings/GrassTypes/GrassLayer/LGT_Grass_D.uasset" 9446
"C:/24CI0412MP/Content/Mediterranean_Coast/World_Settings/GrassTypes/GrassLayer/LGT_Grass_C.uasset" 9447
"C:/24CI0412MP/Content/Mediterranean_Coast/World_Settings/GrassTypes/GrassLayer/LGT_Grass_B.uasset" 9448
"C:/24CI0412MP/Content/Mediterranean_Coast/World_Settings/StaticMeshFoliages/SMF_Pine_05.uasset" 9449
"C:/24CI0412MP/Content/Mediterranean_Coast/World_Settings/StaticMeshFoliages/SMF_Bush.uasset" 9450
"C:/24CI0412MP/Content/Mediterranean_Coast/World_Settings/StaticMeshFoliages/SMF_Pine_03.uasset" 9451
"C:/24CI0412MP/Content/Mediterranean_Coast/World_Settings/GrassTypes/GrassLayer/LGT_Grass_A.uasset" 9452
"C:/24CI0412MP/Content/Mediterranean_Coast/World_Settings/StaticMeshFoliages/SMF_Pine_04.uasset" 9453
"C:/24CI0412MP/Content/Mediterranean_Coast/World_Settings/StaticMeshFoliages/SMF_Pine_01.uasset" 9454
"C:/24CI0412MP/Content/Mediterranean_Coast/World_Settings/StaticMeshFoliages/SMF_Pine_02.uasset" 9455
"C:/24CI0412MP/Content/Mediterranean_Coast/World_Settings/StaticMeshFoliages/SMF_Pine_00.uasset" 9456
"C:/24CI0412MP/Content/Satou/Mesh/Castle.uasset" 9457
"C:/24CI0412MP/Content/Mediterranean_Coast/World_Settings/StaticMeshFoliages/SMF_Pine_06.uasset" 9458
"C:/24CI0412MP/Content/Mediterranean_Coast/Meshes/SM_Olive_01.uasset" 9459
"C:/24CI0412MP/Content/Mediterranean_Coast/Meshes/SM_Olive_02.uasset" 9460
"C:/24CI0412MP/Content/Mediterranean_Coast/Materials/Master_Materials/M_Landscape.uasset" 9461
"C:/24CI0412MP/Content/Mediterranean_Coast/Meshes/SM_Olive_03.uasset" 9462
"C:/24CI0412MP/Content/Mediterranean_Coast/Meshes/SM_Olive_Small_01.uasset" 9463
"../../../../../../24CI0412MP/Content/Mediterranean_Coast/Meshes/SM_Pinus_Brutia_06.uasset" 9464
"../../../../../../24CI0412MP/Content/Mediterranean_Coast/Meshes/SM_Pinus_Brutia_Bush.uasset" 9465
"../../../../../../24CI0412MP/Content/Mediterranean_Coast/Meshes/SM_Pinus_Brutia_03.uasset" 9466
"../../../../../../24CI0412MP/Content/Mediterranean_Coast/Meshes/SM_Pinus_Brutia_02.uasset" 9467
"C:/24CI0412MP/Content/Mediterranean_Coast/World_Settings/StaticMeshFoliages/SMF_Olive_04.uasset" 9468
"C:/24CI0412MP/Content/Mediterranean_Coast/World_Settings/PFS_Pines.uasset" 9469
"C:/24CI0412MP/Content/Mediterranean_Coast/World_Settings/StaticMeshFoliages/SMF_Olive_03.uasset" 9470
"C:/24CI0412MP/Content/Mediterranean_Coast/World_Settings/StaticMeshFoliages/SMF_Olive_01.uasset" 9471
"C:/24CI0412MP/Content/Mediterranean_Coast/World_Settings/StaticMeshFoliages/SMF_Olive_02.uasset" 9472
"../../../Engine/Content/EngineSounds/Submixes/MasterEQSubmixDefault.uasset" 9473
"../../../Engine/Content/EngineSounds/Submixes/MasterSubmixDefault.uasset" 9474
"../../../Engine/Content/EngineSounds/Submixes/MasterReverbSubmixDefault.uasset" 9475
"C:/24CI0412MP/Content/Han/Han.umap" 9476
"C:/24CI0412MP/Content/Mediterranean_Coast/Materials/MI_Landscape_WestCoast.uasset" 9477
"../../../Engine/Content/EngineSounds/Normal_Attack.uasset" 9478
"C:/24CI0412MP/Content/Mediterranean_Coast/World_Settings/PFS_Olives.uasset" 9479
"C:/24CI0412MP/Content/Li/WG_Title.uasset" 9480
"../../../Engine/Content/EngineSounds/Special_Attack_PSM.uasset" 9481
"../../../Engine/Content/EngineSounds/SFX.uasset" 9482
"../../../Engine/Content/EngineSounds/Duck_Normal_Attack_MixMod.uasset" 9483
"C:/24CI0412MP/Content/Li/TitleLevel.umap" 9484
"C:/24CI0412MP/Content/Characters/MannequinsXR/Meshes/ABP_MannequinsXR.uasset" 9485
"C:/24CI0412MP/Content/Characters/MannequinsXR/B_MannequinsXR.uasset" 9486
"C:/24CI0412MP/Content/VRTemplate/Blueprints/VRPawn.uasset" 9487
"C:/24CI0412MP/Content/VRTemplate/Blueprints/VRGameMode.uasset" 9488
"C:/24CI0412MP/Content/VRTemplate/Maps/VRTemplateMap.umap" 9489
"C:/24CI0412MP/Content/Satou/SplineTest.umap" 9490
"C:/24CI0412MP/Content/Satou/satou01.umap" 9491
"C:/24CI0412MP/Content/Li/Tutorial.umap" 9492
"C:/24CI0412MP/Content/__ExternalObjects__/Satou/satou01/B/A1/CTM9WGRS0O5FB63AQFH4BK.uasset" 9493
"C:/24CI0412MP/Content/__ExternalObjects__/Satou/satou01/9/P9/8LJ49I66ZADG8J6OHL783J.uasset" 9494
"C:/24CI0412MP/Content/__ExternalObjects__/Satou/satou01/9/JR/RWYLHOB9IY7FCRY2BQR2HD.uasset" 9495
"C:/24CI0412MP/Content/__ExternalObjects__/Satou/satou01/7/YX/JYGUEZNFK38X9WIVWP384D.uasset" 9496
"C:/24CI0412MP/Content/__ExternalObjects__/Satou/satou01/7/WD/6KHB62MJV8F8K8Y01Z6FDU.uasset" 9497
"C:/24CI0412MP/Content/Kanda/Kanda.umap" 9498
"C:/24CI0412MP/Content/__ExternalObjects__/Satou/satou01/7/MS/3IK4ALR8E1WU3Y8ASXQGSU.uasset" 9499
"C:/24CI0412MP/Content/__ExternalObjects__/Satou/satou01/7/14/NZMQNBWG3MOG0J96LRYD0N.uasset" 9500
"C:/24CI0412MP/Content/__ExternalObjects__/Li/Tutorial/C/WH/5HP0HNYBKOPNYEXCWOXO7G.uasset" 9501
"C:/24CI0412MP/Content/__ExternalObjects__/Li/Tutorial/7/L4/9YJKSGBJU7KXDFN4DSUNT4.uasset" 9502
"C:/24CI0412MP/Content/__ExternalObjects__/Li/Tutorial/6/WQ/OSWNXUG0IQ8JT17SUZNHCD.uasset" 9503
"C:/24CI0412MP/Content/__ExternalObjects__/Li/Tutorial/1/92/DT65TZ62MZARN4W81RPDJB.uasset" 9504
"../../../../../../24CI0412MP/Content/Han/Han.umap" 9505
"../../../../../../24CI0412MP/Content/Mediterranean_Coast/Meshes/SM_Olive_Small_01.uasset" 9506
"C:/24CI0412MP/Content/__ExternalObjects__/Li/Tutorial/1/0R/17IXWH1DFL4D1BISZ3RJUQ.uasset" 9507
"C:/24CI0412MP/Content/__ExternalObjects__/Li/Tutorial/0/J1/L4NNUB9DX7GO34HB584JO4.uasset" 9508
"C:/24CI0412MP/Content/__ExternalObjects__/Li/Tutorial/0/IU/LWZQTG92PLSTPRAMIZ8I73.uasset" 9509
"../../../../../../24CI0412MP/Content/Li/TitleLevel.umap" 9510
"../../../../../../24CI0412MP/Content/Mediterranean_Coast/Meshes/SM_Olive_03.uasset" 9511
"../../../../../../24CI0412MP/Content/Mediterranean_Coast/Meshes/SM_Olive_02.uasset" 9512
"../../../../../../24CI0412MP/Content/Mediterranean_Coast/Meshes/SM_Olive_01.uasset" 9513
"../../../../../../24CI0412MP/Content/VRTemplate/Maps/VRTemplateMap.umap" 9514
"../../../../../../24CI0412MP/Content/Satou/SplineTest.umap" 9515
"../../../../../../24CI0412MP/Content/__ExternalActors__/Satou/satou01/4/YH/MV2DU9HCB8Z7TW24QKSYP1.uasset" 9516
"../../../../../../24CI0412MP/Content/__ExternalActors__/Li/Tutorial/1/2L/7JNEJZQBBOK6Q9UBPT2LGQ.uasset" 9517
"../../../../../../24CI0412MP/Content/Kanda/Kanda.umap" 9518
"../../../../../../24CI0412MP/Content/__ExternalActors__/Satou/satou01/0/10/NYC2ZYNWFV98V3Z77UOQBH.uasset" 9519
"../../../../../../24CI0412MP/Content/__ExternalActors__/Satou/satou01/0/GM/L69ZIX7ZKTK7NCK8S2ZK1H.uasset" 9520
"../../../../../../24CI0412MP/Content/Satou/Satou_sharedassets/dirt_LayerInfo.uasset" 9521
"../../../../../../24CI0412MP/Content/Satou/Satou_sharedassets/Grass_01_LayerInfo.uasset" 9522
"../../../../../../24CI0412MP/Content/Satou/Satou_sharedassets/Grass_02_LayerInfo.uasset" 9523
"../../../../../../24CI0412MP/Content/Satou/Satou_sharedassets/Rock_LayerInfo.uasset" 9524
"../../../../../../24CI0412MP/Content/__ExternalActors__/Satou/satou01/1/1R/R633LFI01PINFETGLKTXU0.uasset" 9525
"../../../../../../24CI0412MP/Content/__ExternalActors__/Satou/satou01/B/5G/KWRBO2XPELK3AP3J5OKBS0.uasset" 9526
"../../../../../../24CI0412MP/Content/__ExternalActors__/Satou/satou01/1/YL/RC9QUFGHPDHUV2X0XEXXW9.uasset" 9527
"../../../../../../24CI0412MP/Content/__ExternalActors__/Satou/satou01/2/18/9AHFPR941XHETOGJJK8ZYD.uasset" 9528
"../../../../../../24CI0412MP/Content/__ExternalActors__/Satou/satou01/2/1R/GOLR2JUTFYTBX4IK9MO8AZ.uasset" 9529
"../../../../../../24CI0412MP/Content/__ExternalActors__/Satou/satou01/2/G7/HVJ3O9MH4VGSTIZ7TEQ83Z.uasset" 9530
"../../../../../../24CI0412MP/Content/__ExternalActors__/Satou/satou01/2/HX/LB1HEX25KDELGMOVP8A8BC.uasset" 9531
"../../../../../../24CI0412MP/Content/__ExternalActors__/Satou/satou01/2/LE/LGZLHZJGD92I8364CHJ53Q.uasset" 9532
"../../../../../../24CI0412MP/Content/__ExternalActors__/Satou/satou01/2/TN/CKGZOES4QPB06GCFJGIZUU.uasset" 9533
"../../Plugins/FX/Niagara/Content/DefaultAssets/Templates/Systems/AttributeReaderTrails.uasset" 9534
"../../Plugins/FX/Niagara/Content/DynamicInputs/UniformRange/UniformRangedFloat.uasset" 9535
"../../Plugins/FX/Niagara/Content/DynamicInputs/UniformRange/V2/RandomRangeInt.uasset" 9536
"../../Plugins/FX/Niagara/Content/Modules/AttributeReader/SampleParticlesFromOtherEmitter.uasset" 9537
"../../Plugins/FX/Niagara/Content/Enums/ENiagara_DirectReadApplicationMode.uasset" 9538
"../../Plugins/FX/Niagara/Content/Enums/ENiagara_DirectReadParticleIDSampling.uasset" 9539
"../../Plugins/FX/Niagara/Content/Enums/ENiagara_DirectReadSamplingMode.uasset" 9540
"../../Plugins/FX/Niagara/Content/Enums/ENiagara_EmitterLocSamplingMode.uasset" 9541
"../../Plugins/FX/Niagara/Content/Enums/ENiagara_LifetimeInheritanceOptions.uasset" 9542
"../../Plugins/FX/Niagara/Content/Modules/AttributeReader/SpawnParticlesFromOtherEmitter.uasset" 9543
"../../../../../../24CI0412MP/Content/__ExternalActors__/Satou/satou01/3/I4/MZSKMJ18W2748OXBQNR3ST.uasset" 9544
"../../../../../../24CI0412MP/Content/__ExternalActors__/Satou/satou01/3/KI/9FGAAKBSVSM1CE3SQSOB0M.uasset" 9545
"../../../../../../24CI0412MP/Content/__ExternalActors__/Satou/satou01/3/WE/95YWGEJLH0ZL70JDB8IA7W.uasset" 9546
"../../../../../../24CI0412MP/Content/__ExternalActors__/Satou/satou01/4/HQ/NBLIU9RP3YT6L69JIJRSAO.uasset" 9547
"../../../../../../24CI0412MP/Content/__ExternalActors__/Satou/satou01/4/ZH/SHDOE7G03UP15X0VJJAGZ8.uasset" 9548
"../../../../../../24CI0412MP/Content/__ExternalActors__/Satou/satou01/5/G0/ZYYZXIMOCXTNFSB62FLDME.uasset" 9549
"../../../../../../24CI0412MP/Content/__ExternalActors__/Satou/satou01/5/N6/YJ9VZP09AXYS3FAXUCNIAI.uasset" 9550
"../../../../../../24CI0412MP/Content/__ExternalActors__/Satou/satou01/6/UF/QJ8RXTR9SAQHY3NQ0SZMDD.uasset" 9551
"../../../../../../24CI0412MP/Content/__ExternalActors__/Satou/satou01/8/E3/USDT3RVQI2Y2G5EBNYZORQ.uasset" 9552
"../../../../../../24CI0412MP/Content/__ExternalActors__/Satou/satou01/8/S2/KK7MMW8EX54E4AR9TY7HC8.uasset" 9553
"../../../../../../24CI0412MP/Content/__ExternalActors__/Satou/satou01/8/UJ/RQMLXB3MW2MFLZZU736PGQ.uasset" 9554
"../../../../../../24CI0412MP/Content/__ExternalActors__/Satou/satou01/8/X0/E6KS8U8SSUNKSGU2BSGFKC.uasset" 9555
"../../../../../../24CI0412MP/Content/__ExternalActors__/Satou/satou01/A/V7/32MJRWTUAH6YKWD9YY5BFS.uasset" 9556
"../../../../../../24CI0412MP/Content/__ExternalActors__/Satou/satou01/B/4L/F7Q3FTEW1RR4I1U9ZSOWEC.uasset" 9557
"../../../../../../24CI0412MP/Content/__ExternalActors__/Satou/satou01/B/KJ/1V4OU7D9FGDMGY31YS7VKS.uasset" 9558
"../../../../../../24CI0412MP/Content/__ExternalActors__/Satou/satou01/C/9A/H9559478NW5GXR66SF1T30.uasset" 9559
"../../../../../../24CI0412MP/Content/__ExternalActors__/Satou/satou01/C/AD/UU7AIL1ZYN6WQYX3OR8112.uasset" 9560
"../../../../../../24CI0412MP/Content/CreateAsetts_CG/UE5_File/Magic/SK_Magic.uasset" 9561
"../../../../../../24CI0412MP/Content/__ExternalActors__/Satou/satou01/D/2H/TSSISD414PK8Z5NCUJ2J08.uasset" 9562
"../../../../../../24CI0412MP/Content/__ExternalActors__/Satou/satou01/D/74/PZF8HVCTS23MOX0E9B02V3.uasset" 9563
"../../../../../../24CI0412MP/Content/__ExternalActors__/Satou/satou01/D/C1/M69K8C0GNOMPNLKMFBKEGR.uasset" 9564
"../../../../../../24CI0412MP/Content/__ExternalActors__/Satou/satou01/D/RN/D3HYT08UGILJFP5UAESA1C.uasset" 9565
"../../../../../../24CI0412MP/Content/__ExternalActors__/Satou/satou01/E/HC/IC37Z1896WDS5ABIID4C23.uasset" 9566
"../../../../../../24CI0412MP/Content/__ExternalActors__/Satou/satou01/F/0M/DJED9XBV0POFSKSCV0VXMM.uasset" 9567
"../../../../../../24CI0412MP/Content/Satou/satou01.umap" 9568
"../../../../../../24CI0412MP/Content/__ExternalActors__/Li/Tutorial/2/GY/Y9G1ZX4CM1ILMZO8XZVB7F.uasset" 9569
"../../../../../../24CI0412MP/Content/__ExternalActors__/Li/Tutorial/2/IS/1MWCM34RZB249PXFFQLOBS.uasset" 9570
"../../../../../../24CI0412MP/Content/__ExternalActors__/Li/Tutorial/5/6R/1F0MW2EB1DTOYVJ8Q1MF7M.uasset" 9571
"../../../../../../24CI0412MP/Content/__ExternalActors__/Li/Tutorial/6/EM/XJIBPNQS8YB5XDRE5MGS8D.uasset" 9572
"../../../../../../24CI0412MP/Content/__ExternalActors__/Li/Tutorial/6/KB/EFDUAHRSVVQ6VD9E94A0E5.uasset" 9573
"../../../../../../24CI0412MP/Content/__ExternalActors__/Li/Tutorial/8/AV/EIA6WURFTL2T6VHHLSAQMX.uasset" 9574
"../../../../../../24CI0412MP/Content/__ExternalActors__/Li/Tutorial/8/WL/2LSM488AQ4WCIYPE7QNA0H.uasset" 9575
"../../../../../../24CI0412MP/Content/__ExternalActors__/Li/Tutorial/C/VR/MNNC4KTWRJY94ZFKZ2CYT6.uasset" 9576
"../../../../../../24CI0412MP/Content/__ExternalActors__/Li/Tutorial/D/5Q/5ZAUWNFB9YF6YRN2QYVTTW.uasset" 9577
"../../../../../../24CI0412MP/Content/__ExternalActors__/Li/Tutorial/D/WI/WBF0Z4CG531PPKHTQYFHZ9.uasset" 9578
"../../../../../../24CI0412MP/Content/__ExternalActors__/Li/Tutorial/E/UL/2801E676PZ5S4AYRTUXGQB.uasset" 9579
"../../../../../../24CI0412MP/Content/Li/Tutorial.umap" 9580
